Data;Horário;Torneio;Mandante;Visitante;Timestamp Open;Odd Open (BTTS);Timestamp Close;Odd Close (BTTS);Fixture ID
16/04/2026;21:00;Serie B;CD El Nacional;Atletico Rojiblanco;N/A;;N/A;;id1001502770350948
16/04/2026;21:30;Copa Sudamericana;Red Bull Bragantino SP;Blooming Santa Cruz;08/04/2026 23:20;2.62;16/04/2026 21:38;2.37;id1000048070075282
16/04/2026;21:30;U20 Campeonato Brasileiro;SC Corinthians SP;Santos FC SP;N/A;;N/A;;id1001368568751664
16/04/2026;21:30;Copa Sudamericana;CA San Lorenzo de Almagro;CD Cuenca;08/04/2026 23:20;2.62;16/04/2026 20:06;2.5;id1000048070075186
16/04/2026;21:30;Copa Libertadores;CA Penarol Montevideo;CA Platense;20/03/2026 11:27;2.5;16/04/2026 22:20;2.5;id1000038470075772
16/04/2026;21:30;Copa Libertadores;CR Flamengo RJ;Independiente Medellin;20/03/2026 11:27;2.1;16/04/2026 15:05;2.37;id1000038470075644
16/04/2026;22:00;Liga Prom;SD Atletico Nacional;Udelas FC;N/A;;N/A;;id1001949070839472
16/04/2026;22:00;Liga Nacional. Clausura;CD Malacateco;CSD Coban Imperial;N/A;;N/A;;id1002739867524748
16/04/2026;22:30;Liga Nacional. Clausura;CD Victoria La Ceiba;FC Motagua Tegucigalpa;N/A;;N/A;;id1002741670758470
16/04/2026;23:00;Primera Division;AFF Guatemala;Chichicasteco FC;N/A;;N/A;;id1004800070809896
16/04/2026;23:00;Copa Sudamericana;CS Cienciano;Academia Puerto Cabello;08/04/2026 23:20;1.83;16/04/2026 22:08;1.83;id1000048070075134
17/04/2026;00:00;Liga Nacional. Clausura;CSD Xelaju MC;Deportivo Achuapa;N/A;;N/A;;id1002739867524754
17/04/2026;02:00;China Super League SRL;Qingdao Hainiu FC Srl;Qingdao West Coast FC Srl;N/A;;N/A;;id1003622770750454
17/04/2026;02:00;China Super League SRL;Yunnan Yukun Srl;Tianjin Jinmen Tiger SRL;N/A;;N/A;;id1003622770750462
17/04/2026;02:00;China Super League SRL;Zhejiang Professional Srl;Beijing Guoan FC SRL;N/A;;N/A;;id1003622770750464
17/04/2026;02:00;China Super League SRL;Shandong Taishan SRL;Shanghai Port SRL;N/A;;N/A;;id1003622770750458
17/04/2026;02:00;China Super League SRL;Wuhan Three Towns FC Srl;Chengdu Rongcheng FC Srl;N/A;;N/A;;id1003622770750460
17/04/2026;02:00;China Super League SRL;Chongqing Tonglianglong FC Srl;Shenzhen Peng City Srl;N/A;;N/A;;id1003622770750456
17/04/2026;04:00;Turkey Super Lig SRL;Fenerbahce SRL;Caykur Rizespor SRL;N/A;;N/A;;id1003222570750440
17/04/2026;04:00;Turkey Super Lig SRL;Antalyaspor SRL;Konyaspor KIF SRL;N/A;;N/A;;id1003222570750438
17/04/2026;05:00;Northern NSW NPL, Reserves;Broadmeadow Magic FC Reserve;Cooks Hill United FC Reserve;N/A;;N/A;;id1004577167808408
17/04/2026;05:00;U20 NSW Premier League 2;Bankstown City FC;Hills United FC;N/A;;N/A;;id1003330767693482
17/04/2026;05:00;Serie A SRL;Sassuolo Calcio SRL;Como 1907 Srl;N/A;;N/A;;id1003222170750410
17/04/2026;05:00;Serie A SRL;FC Inter Milan SRL;Cagliari SRL;N/A;;N/A;;id1003222170750412
17/04/2026;05:00;U20 NSW Premier League 2;Blacktown Spartans FC;Prospect United;N/A;;N/A;;id1003330767693470
17/04/2026;05:15;U20 Victoria NPL, Women;Spring Hills FC U20;Boroondara-Carey Eagles U20;N/A;;N/A;;id1004568168159748
17/04/2026;05:15;U23 Victoria Premier League 1;Melbourne Knights FC;Manningham United Blues FC;N/A;;N/A;;id1004567568160866
17/04/2026;05:15;U23 Victoria Premier League 1;Northcote City FC;Port Melbourne Sharks SC;N/A;;N/A;;id1004567568160868
17/04/2026;05:30;Northern NSW Premier League, Women;New Lambton FC;Charlestown Azzurri FC;N/A;;N/A;;id1003236367807804
17/04/2026;05:30;Liga 1;Bhayangkara Presisi Indonesia FC;Psim Yogyakarta;N/A;;N/A;;id1000101562083082
17/04/2026;05:30;U23 Queensland Premier League 1;Holland Park Hawks;Capalaba FC;N/A;;N/A;;id1004553567905630
17/04/2026;05:45;Liga A1;Bunga Raya FC;Perlis Gsa FC;N/A;;N/A;;id1004312563150621
17/04/2026;05:45;South Australia NPL, Women;Adelaide Comets FC;Flinders United Wfc;N/A;;N/A;;id1001834068049776
17/04/2026;05:45;South Australia NPL, Reserves, Women;Salisbury Inter Reserve;West Torrens Birkalla Reserves;N/A;;N/A;;id1004566368050962
17/04/2026;06:00;U19 Elit A;Fenerbahce;Caykur Rizespor;N/A;;N/A;;id1002991263039237
17/04/2026;06:00;V-League 2;DH van Hien;Ho Chi Minh City FC;N/A;;N/A;;id1000077168663996
17/04/2026;06:00;U19 National;Gyori ETO FC;Diosgyori VTK;N/A;;N/A;;id1004818367343072
17/04/2026;06:00;U19 1. Liga;FC DAC 1904 Dunajska Streda;Tatran Presov;N/A;;N/A;;id1000132761683700
17/04/2026;06:00;Youth League;FC Fakel Voronezh Youth;FK Nizhny Novgorod;N/A;;N/A;;id1000087968849474
17/04/2026;06:00;Northern Territory Premier League, Women;Mindil Aces;Port Darwin FC;N/A;;N/A;;id1004994670058192
17/04/2026;06:15;Queensland Pro Series, Women;North Lakes United;Peninsula Power FC;N/A;;N/A;;id1004991870423426
17/04/2026;06:30;Victoria Premier League 2;Box Hill United FC;Eastern Lions SC;N/A;;N/A;;id1000176068161638
17/04/2026;06:30;Premier League;Bangladesh Police FC;Abahani Limited Dhaka;N/A;;N/A;;id1002782170821312
17/04/2026;06:30;Victoria, NPL;Bentleigh Greens;Preston Lions FC;14/04/2026 02:24;1.8;16/04/2026 09:18;1.83;id1000127568160030
17/04/2026;06:30;Premier League;Mohammedan SC Dhaka;Fakirapool Young Men;N/A;;N/A;;id1002782170821404
17/04/2026;06:30;Premier League;Fortis FC;Arambagh KS;N/A;;N/A;;id1002782170821216
17/04/2026;06:30;Premier League;Rahmatganj MFS;Bashundhara Kings;N/A;;N/A;;id1002782170821314
17/04/2026;06:30;Queensland Pro Series, Women;Moreton City Excelsior;Logan Lightning;N/A;;N/A;;id1004991870423428
17/04/2026;06:30;Queensland NPL;Wynnum Wolves FC;Gold Coast Knights;14/04/2026 02:24;1.33;17/04/2026 04:06;1.4;id1000126867878192
17/04/2026;06:30;Victoria Premier League 1;Langwarrin SC;FC Bulleen Lions;N/A;;N/A;;id1003236768160494
17/04/2026;06:35;A-League;Melbourne Victory;Newcastle United Jets;11/04/2026 20:37;1.44;11/04/2026 21:11;1.36;id1000013663684723
17/04/2026;06:45;Victoria, NPL;Dandenong City SC;Green Gully SC;14/04/2026 02:24;1.57;17/04/2026 06:05;1.66;id1000127568160026
17/04/2026;06:45;Victoria Premier League 2;Kingston City FC;Essendon Royals SC;N/A;;N/A;;id1000176068161640
17/04/2026;07:00;Pervaya Liga;Aktobe Reserve;FK Taraz;N/A;;N/A;;id1000078569854578
17/04/2026;07:00;South Australia NPL;Croydon FC;West Torrens Birkalla;14/04/2026 02:24;1.5;17/04/2026 02:10;1.36;id1000125868048822
17/04/2026;07:00;U23 Friendly Games, Women;England;Sweden;N/A;;N/A;;id1004759070805866
17/04/2026;07:00;U19;Kolos Kovalivka;LNZ Cherkasy;N/A;;N/A;;id1000130761941430
17/04/2026;07:00;WK-League;Seoul City WFC;Sejong Sportstoto WFC;N/A;;N/A;;id1000177269976220
17/04/2026;07:00;South Australia State League 1;Adelaide Olympic FC;Adelaide Atletico VSC;N/A;;N/A;;id1003395468051562
17/04/2026;07:00;WK-League;Incheon Hyundai Steel Red Angels;Suwon WFC;N/A;;N/A;;id1000177269976226
17/04/2026;07:00;Pervaya Liga;FC Yelimay Reserve;Khan Tengri FC;N/A;;N/A;;id1000078569854584
17/04/2026;07:00;Pervaya Liga;Shakhtar Karagandy;Botyr Ekibastuz;N/A;;N/A;;id1000078569854586
17/04/2026;07:00;Ligue 1 SRL;RC Lens Srl;Toulouse FC SRL;N/A;;N/A;;id1003222370750390
17/04/2026;07:00;U19 European Championship, Women, Qualification;Czechia;Croatia;N/A;;N/A;;id1000074666708106
17/04/2026;07:00;J.League 2;FC Osaka;Ehime FC;15/04/2026 00:39;2.0;17/04/2026 07:07;1.83;id1000040267648242
17/04/2026;07:00;Northern NSW NPL;Broadmeadow Magic FC;Cooks Hill United;N/A;;N/A;;id1000163867807332
17/04/2026;07:00;U19;FC Metalist 1925 Kharkiv U19;FK Kudrivka U19;N/A;;N/A;;id1000130761941426
17/04/2026;07:00;Youth League;Football Academy Of Konoplev;Dinamo Moscow;N/A;;N/A;;id1000087968849478
17/04/2026;07:00;U19 European Championship, Women, Qualification;Azerbaijan;Georgia;N/A;;N/A;;id1000074666708108
17/04/2026;07:00;NSW League Two;Hawkesbury City SC;Camden Tigers FC;N/A;;N/A;;id1003235767692178
17/04/2026;07:00;V-League 2;K. Khanh Hoa;Cong An Tp Ho Chi Minh City FC;N/A;;N/A;;id1000077168663998
17/04/2026;07:00;NSW League One;Bankstown City FC;Hills United FC Brumbies;N/A;;N/A;;id1003235567691536
17/04/2026;07:00;Youth League;Chertanovo Moscow;Lokomotiv Moscow;N/A;;N/A;;id1000087968849470
17/04/2026;07:00;South Australia NPL, Women;Campbelltown City SC;Adelaide University;N/A;;N/A;;id1001834068049778
17/04/2026;07:15;South Australia State League 1;Eastern United;Adelaide Croatia Raiders SC;N/A;;N/A;;id1003395468051564
17/04/2026;07:15;NSW League One;Blacktown Spartans;Prospect United;N/A;;N/A;;id1003235567691528
17/04/2026;07:15;Tasmania Southern Championship;Olympia Warriors Hobart;Glenorchy Knights FC 2;N/A;;N/A;;id1004671868686502
17/04/2026;07:30;Victoria Premier League 1;Melbourne Knights;Manningham United Blues;N/A;;N/A;;id1003236768160496
17/04/2026;07:30;I-League;Namdhari FC;Chanmari FC;16/04/2026 06:59;1.57;17/04/2026 00:02;1.66;id1000084869024404
17/04/2026;07:30;Victoria Premier League 1;Northcote City;Port Melbourne Sharks;N/A;;N/A;;id1003236768160498
17/04/2026;07:30;Queensland Premier League 2;Brisbane Knights;Virginia United;N/A;;N/A;;id1003395067904106
17/04/2026;07:30;Victoria Premier League 2;Whittlesea United SC;Altona City SC;N/A;;N/A;;id1000176068161642
17/04/2026;07:30;Victoria Premier League, Women;Bundoora United FC;Eltham Redbacks;N/A;;N/A;;id1004567168161950
17/04/2026;07:30;Victoria NPL, Women;Spring Hills FC;Boroondara Eagles;N/A;;N/A;;id1001690468162316
17/04/2026;07:30;Bundesliga SRL;FC St Pauli Srl;1. FC Cologne SRL;N/A;;N/A;;id1003221770750350
17/04/2026;07:30;Queensland Premier League 1;Holland Park Hawks;Capalaba Bulldogs;N/A;;N/A;;id1003234167903636
17/04/2026;07:30;Victoria Premier League, Women;Ringwood City FC;Bayside Argonauts FC;N/A;;N/A;;id1004567168161952
17/04/2026;07:30;Queensland Premier League 3 Metro;North Pine;Redcliffe Dolphins;N/A;;N/A;;id1004552567904382
17/04/2026;07:45;South Australia NPL, Women;Salisbury Inter;West Torrens Birkalla;N/A;;N/A;;id1001834068049780
17/04/2026;07:45;South Australia State League, Women;Cove FC;Western Strikes;N/A;;N/A;;id1004564768049574
17/04/2026;08:00;Pervaya Liga;Akademia Ontustyk;FC Tobol Kostanay Reserve;N/A;;N/A;;id1000078569854582
17/04/2026;08:00;U19 1st Division;FC Zbrojovka Brno;FC Vysocina Jihlava;N/A;;N/A;;id1000082266601812
17/04/2026;08:00;Club Friendly Games;Young Boys Bern;Neuchatel Xamax;N/A;;N/A;;id1000085370430160
17/04/2026;08:00;U19 National;Budapest Honved;Illes Akademia;N/A;;N/A;;id1004818370820700
17/04/2026;08:00;U23 Friendly Games, Women;Netherlands;Norway;N/A;;N/A;;id1004759070805864
17/04/2026;08:00;Chinese Super League;Qingdao Hainiu FC;Qingdao West Coast FC;13/04/2026 08:49;1.57;17/04/2026 08:09;1.8;id1000064968995044
17/04/2026;08:00;1. MFL;FK Sileks Kratovo;FK AP Brera Strumica;N/A;;N/A;;id1000019970023812
17/04/2026;08:00;NPL Western Australia, Women;Perth Azzurri;Balcatta FC;N/A;;N/A;;id1003236969767336
17/04/2026;08:00;South Australia NPL;Adelaide Comets FC;Playford City;14/04/2026 02:24;1.57;15/04/2026 17:11;1.5;id1000125868048824
17/04/2026;08:00;Northern Territory Premier League;Mindil Aces;Palmerston Rovers;N/A;;N/A;;id1004994070057562
17/04/2026;08:00;South Australia State League, Women;Sturt Lions;South Adelaide FC;N/A;;N/A;;id1004564768049576
17/04/2026;08:00;Persha Liga;FC Metalist Kharkiv;FSC Bukovyna Chernivtsi;N/A;;N/A;;id1000069161840724
17/04/2026;08:30;Indian Super League;Chennaiyin FC;Sporting Club Delhi;15/04/2026 10:29;1.72;15/04/2026 10:29;1.72;id1000190068746444
17/04/2026;08:30;Premier League;BG Tampines Rovers;Balestier Khalsa FC;16/04/2026 10:14;1.53;17/04/2026 06:15;1.53;id1000063462509630
17/04/2026;08:35;Chinese Super League;Shandong Taishan FC;Shanghai Port FC;13/04/2026 08:49;1.36;17/04/2026 02:09;1.44;id1000064968995046
17/04/2026;08:35;Chinese Super League;Chongqing Tonglianglong FC;Shenzhen Peng City;13/04/2026 08:49;1.8;17/04/2026 09:03;1.9;id1000064968995048
17/04/2026;09:00;1. Liga;FC Yenisey Krasnoyarsk;FC Chelyabinsk;N/A;;N/A;;id1000020470629758
17/04/2026;09:00;National League;Hapoel Rishon Lezion FC;Maccabi Petah Tikva FC;16/04/2026 11:26;1.72;16/04/2026 15:05;1.72;id1000072770154290
17/04/2026;09:00;Premier League;Al-Horiyah;Omaya SC;16/04/2026 08:00;2.1;17/04/2026 08:07;1.9;id1002692270796892
17/04/2026;09:00;Premier League;Al-Wahda SC (Syr);Al-Karamah SC;N/A;;N/A;;id1002692270796890
17/04/2026;09:00;Premier League;Al Futuwa;Taliya SC;N/A;;N/A;;id1002692270796896
17/04/2026;09:00;Premier League;Jableh SC;Al-Sholla;N/A;;N/A;;id1002692270796902
17/04/2026;09:00;Premier League;Khan Shaykhun SC;Al Ittihad Ahli of Aleppo;N/A;;N/A;;id1002692270796898
17/04/2026;09:00;Premier League;Homs Al-Fidaa SC;Damascus Al-Ahli;N/A;;N/A;;id1002692270796900
17/04/2026;09:00;Chinese Super League;Wuhan Three Towns FC;Chengdu Rongcheng;13/04/2026 08:49;1.9;17/04/2026 04:58;1.75;id1000064968995052
17/04/2026;09:00;UEFA Youth League;SL Benfica;Club Brugge;16/04/2026 11:26;1.66;17/04/2026 06:15;1.5;id1000232470038056
17/04/2026;09:00;Vtoraya Liga;Neman 2;Isloch 2;N/A;;N/A;;id1003231170877156
17/04/2026;09:00;National League;Hapoel Nof Hagalil FC;Hapoel Ra`anana FC;16/04/2026 11:26;1.83;17/04/2026 08:08;1.83;id1000072770154470
17/04/2026;09:00;National League;Hapoel Kfar Saba FC;Hapoel Acre FC;16/04/2026 11:26;1.83;17/04/2026 08:08;1.8;id1000072770154198
17/04/2026;09:00;Premier League;Hutteen SC;Al-Shorta SC;N/A;;N/A;;id1002692270796894
17/04/2026;09:00;Youth League;CSKA Moscow;Almaz Antey Youth;N/A;;N/A;;id1000087968849472
17/04/2026;09:00;National League;MS Football Hapoel Kiryat Yam;Hapoel Afula FC;16/04/2026 11:26;1.9;17/04/2026 09:01;1.66;id1000072770154466
17/04/2026;09:00;Chinese Super League;Zhejiang FC;Beijing Guoan;13/04/2026 08:53;1.44;17/04/2026 08:03;1.5;id1000064968995050
17/04/2026;09:00;Chinese Super League;Yunnan Yukun;Tianjin Jinmen Tiger;13/04/2026 08:49;1.66;17/04/2026 04:52;1.61;id1000064968995054
17/04/2026;09:00;Liga 1;Persebaya Surabaya;Madura United;N/A;;N/A;;id1000101562083084
17/04/2026;09:00;Youth League;FK Rostov;Dinamo-Makhachkala Youth;N/A;;N/A;;id1000087968849476
17/04/2026;09:00;Youth League;FC Rodina Youth;FK Spartak Moscow;N/A;;N/A;;id1000087968849482
17/04/2026;09:00;U21 Professional Development League;Charlton Athletic;Colchester United;N/A;;N/A;;id1002984268405186
17/04/2026;09:00;U21 Professional Development League;Coventry City;Crewe Alexandra Reserve;N/A;;N/A;;id1002984267512884
17/04/2026;09:00;National League;Maccabi Herzliya;Bnei Yehuda Tel Aviv FC;16/04/2026 11:26;1.8;17/04/2026 08:08;1.66;id1000072770154378
17/04/2026;09:00;Youth League;FC Krasnodar;Rubin Kazan;N/A;;N/A;;id1000087968849480
17/04/2026;09:00;National League;Hapoel Ramat Gan Givatayim FC;Hapoel Hadera FC;16/04/2026 11:26;1.72;16/04/2026 11:26;1.72;id1000072770154194
17/04/2026;09:00;National League;Hapoel Kfar Shalem FC;Maccabi Kabilio Jaffa;16/04/2026 11:26;1.5;17/04/2026 10:26;1.61;id1000072770154200
17/04/2026;09:00;National League;Ironi Modiin;FC Kafr Qasim;16/04/2026 11:26;1.83;16/04/2026 15:12;2.0;id1000072770154106
17/04/2026;09:15;V-League 1;Hanoi FC;Becamex Ho Chi Minh City;16/04/2026 10:14;1.9;16/04/2026 22:13;2.0;id1000062668663358
17/04/2026;09:30;Premier League;FC Dynamo Kyiv;FC Zorya Luhansk;N/A;;N/A;;id1000021861651600
17/04/2026;09:30;Pro Liga;Pfk Aral;Olimpik Mobiuz;N/A;;N/A;;id1002347770314396
17/04/2026;10:00;Championship;Casric Stars FC;Black Leopards;N/A;;N/A;;id1000190663157179
17/04/2026;10:00;Liga 1;FC Zimbru Chisinau 2;FC Oguz;N/A;;N/A;;id1000071069902108
17/04/2026;10:00;Superliga;Lokomotiv Tashkent;Navbahor;N/A;;N/A;;id1000077268380338
17/04/2026;10:00;2. Division A;Baladiyyat AL Mehalla;Raya Ghazl SC;N/A;;N/A;;id1001949262384172
17/04/2026;10:00;Premier League;TRA United;Pamba Jiji SC;N/A;;N/A;;id1000243669447318
17/04/2026;10:00;2. Division A;Asyut Petroleum;La Viena FC;N/A;;N/A;;id1001949262384168
17/04/2026;10:00;III Liga, Group 4;Korona II Kielce SA;KS Naprzod Jedrzejow;N/A;;N/A;;id1002584162036186
17/04/2026;10:00;Int. Friendly Games W;South Africa;Algeria;16/04/2026 13:48;2.25;16/04/2026 19:03;2.1;id1000085270840548
17/04/2026;10:00;Championship;Pretoria University FC;Gomora United;N/A;;N/A;;id1000190663157193
17/04/2026;10:00;Premier League;Araz Nakhchivan PFK;Turan Tovuz;N/A;;N/A;;id1000070963185727
17/04/2026;10:00;Liga e Pare;KF Tefik Canga;KF Trepca Mitrovice;N/A;;N/A;;id1001423170867946
17/04/2026;10:00;1. MFL;GFK Tikvesh 1930;Shkendija Tetovo;N/A;;N/A;;id1000019970023808
17/04/2026;10:00;Liga 1;Univer Comrat;Fcm Ungheni;N/A;;N/A;;id1000071069902106
17/04/2026;10:00;Liga 1;FC Politehnica Chisinau;FC Stauceni;N/A;;N/A;;id1000071069948654
17/04/2026;10:00;2. Division A;El Mansurah;El Terasanah;N/A;;N/A;;id1001949262384170
17/04/2026;10:00;U20 Mineiro, 1. Divisao;Itabirito FC MG;Boston City FC MG;N/A;;N/A;;id1004665168901996
17/04/2026;10:00;Premier League;Musanze FC;Amagaju;N/A;;N/A;;id1002016267782828
17/04/2026;10:00;Premier League;Marines FC Gisenyi;AS Kigali;N/A;;N/A;;id1002016267782826
17/04/2026;10:00;Liga 1;FC Falesti;FC Sheriff Tiraspol 2;N/A;;N/A;;id1000071069902110
17/04/2026;10:00;Liga 1;FC Iskra Ribnita;FC Floresti;N/A;;N/A;;id1000071069948652
17/04/2026;10:00;Liga 3;CS Gloria Baneasa;Fotbal Club FCSB 2;N/A;;N/A;;id1003953370385018
17/04/2026;10:30;2nd Division;Asil Lysis;MEAP Pera Choriou Nisou;N/A;;N/A;;id1000069267799004
17/04/2026;10:30;III Liga, Group 3;KS Sleza Wroclaw;Warta Gorzow Wielkopolski;N/A;;N/A;;id1002583962036808
17/04/2026;10:30;3rd Division;Ethnikos Ashias FC;Ermis Aradippou FC;N/A;;N/A;;id1000146067765770
17/04/2026;10:30;HNL;HNK Gorica;NK Lokomotiva Zagreb;15/04/2026 10:29;1.8;15/04/2026 10:29;1.8;id1000017061286547
17/04/2026;10:50;Omani League;Ibri;Samail SC;16/04/2026 08:18;1.83;17/04/2026 11:12;1.83;id1000096570040640
17/04/2026;11:00;Ligue 2;NR Beni Oulbene;CA Batna;N/A;;N/A;;id1001432170520882
17/04/2026;11:00;Youth League;FK Zenit St. Petersburg;Ural Ekaterinburg;N/A;;N/A;;id1000087968849484
17/04/2026;11:00;Ligue 2;Js Bordj Menaiel;MO Bejaia;N/A;;N/A;;id1001432170520874
17/04/2026;11:00;Iraqi League;Al Kahrabaa SC;AL Naft Maysan;N/A;;N/A;;id1002697470767944
17/04/2026;11:00;Ligue 2;MSP Batna;US Biskra;N/A;;N/A;;id1001432170520878
17/04/2026;11:00;Ligue 2;US Chaouia;Ib Khemis El Khechna;N/A;;N/A;;id1001432170520888
17/04/2026;11:00;U19 Ligaen;Lyngby;FC Copenhagen;N/A;;N/A;;id1004818162640949
17/04/2026;11:00;Vtora Liga;PFC Belasitsa Petrich;SFC Etar Veliko Tarnovo;N/A;;N/A;;id1000113563465131
17/04/2026;11:00;Prva Liga;FK Dinamo Jug;FK Trayal Krusevac;N/A;;N/A;;id1000072170681906
17/04/2026;11:00;Liga 3;Universitatea Alba Iulia;CS Timisul Sag;N/A;;N/A;;id1003953370893334
17/04/2026;11:00;Vtora Liga;PFC CSKA SOFIA II;FK Sevlievo;N/A;;N/A;;id1000113563465137
17/04/2026;11:00;Top League;FC Kyrgyzaltyn;FC Alga;N/A;;N/A;;id1002662270855606
17/04/2026;11:00;Ligue 2;NC Magra;Nrb Teleghma;N/A;;N/A;;id1001432170520886
17/04/2026;11:00;Srpska Liga;FK Bask;FK Buducnost Dobanovci;N/A;;N/A;;id1004821366053408
17/04/2026;11:00;Treta Liga;Lokomotiv Plovdiv II;PFC Neftochimic 1962 Burgas;N/A;;N/A;;id1004765666988500
17/04/2026;11:00;Liga 3;AS Usv Iasi;Csm Adjud 1946;N/A;;N/A;;id1003953370384896
17/04/2026;11:00;Treta Liga;FK Yambol 1915;FK Atletik Kuklen;N/A;;N/A;;id1004765666988484
17/04/2026;11:00;Treta Liga;Sozopol;Zagorets Nova Zagora;N/A;;N/A;;id1004765666988494
17/04/2026;11:00;Treta Liga;Levski Karlovo;FC Maritsa Plovdiv;N/A;;N/A;;id1004765666988490
17/04/2026;11:00;Treta Liga;OFK Haskovo;Dimitrovgrad 1947;N/A;;N/A;;id1004765666988498
17/04/2026;11:00;Treta Liga;PFC Rodopa Smolyan;Spartak Plovdiv;N/A;;N/A;;id1004765666988492
17/04/2026;11:00;Divize D;1. SC Znojmo FK;FC Velke Mezirici;N/A;;N/A;;id1004073366053944
17/04/2026;11:00;Indian Super League;Odisha FC;Mohammedan SC;15/04/2026 10:29;1.83;15/04/2026 10:29;1.83;id1000190068746446
17/04/2026;11:00;Superliga;AGMK FC;FK Buxoro;N/A;;N/A;;id1000077268380344
17/04/2026;11:00;Iraqi League;AL Mosul SC;Amanat Baghdad SC;N/A;;N/A;;id1002697470767942
17/04/2026;11:00;Ligue 2;AS Khroub;JS Djidjel;N/A;;N/A;;id1001432170520880
17/04/2026;11:00;Ligue 2;HB Chelghoum Laid;CR Beni Thour;N/A;;N/A;;id1001432170520884
17/04/2026;11:00;Ligue 2;USM Annaba;MO Constantine;N/A;;N/A;;id1001432170520876
17/04/2026;11:00;Liga 3;ACS Academica Bals;Scm Ramnicu Valcea;N/A;;N/A;;id1003953370384620
17/04/2026;11:00;Liga 3;CS Metalurgistul Cugir;Sanatatea Cluj;N/A;;N/A;;id1003953370384692
17/04/2026;11:00;Prva Liga;RFK Graficar Beograd;FK Usce Novi Beograd;N/A;;N/A;;id1000072170681902
17/04/2026;11:00;Prva Liga;FK Smederevo 1924;FK Fap;N/A;;N/A;;id1000072170681900
17/04/2026;11:00;Prva Liga;FK Borac Cacak;Gfk Dubocica;N/A;;N/A;;id1000072170681904
17/04/2026;11:00;Liga 3;ACS LPS HD Clinceni;CS Minerul Lupeni;N/A;;N/A;;id1003953370384614
17/04/2026;11:00;Liga 3;ACS Inainte Modelu;Csm Flacara Moreni;N/A;;N/A;;id1003953370384548
17/04/2026;11:00;Liga 3;ACS Viitorul Arad;FCM Baia Mare;N/A;;N/A;;id1003953370384698
17/04/2026;11:00;Liga 3;AFC Inter Stars Sibiu;ACS Medias 2022;N/A;;N/A;;id1003953370385564
17/04/2026;11:00;Liga 3;Acad Viitorul Cluj;Sc Olimpia Mcmxxi Satu Mare;N/A;;N/A;;id1003953370386102
17/04/2026;11:00;Liga 3;CSM Cetatea Turnu Magurele;CSM Jiul Petrosani;N/A;;N/A;;id1003953370384616
17/04/2026;11:00;Liga 3;SC Popesti Leordeni;CS Tricolorul Breaza;N/A;;N/A;;id1003953370384544
17/04/2026;11:00;Liga 3;FC Cetate Suceava;CS Blejoi;N/A;;N/A;;id1003953370384458
17/04/2026;11:00;Liga 3;ACS Axi Arena;Acso Filiasi;N/A;;N/A;;id1003953370385226
17/04/2026;11:00;Liga 3;AFC Odorheiu Secuiesc;ACS FC Bacau II;N/A;;N/A;;id1003953370384900
17/04/2026;11:00;Liga 3;CS Aerostar Bacau;CS Gheorgheni;N/A;;N/A;;id1003953370384894
17/04/2026;11:00;Liga 3;ACS Petrolul 52 2;AFC 1919 Dacia Unirea Braila;N/A;;N/A;;id1003953370384956
17/04/2026;11:00;Liga 3;Scm Dunarea Giurgiu;Csl Nanov;N/A;;N/A;;id1003953370385228
17/04/2026;11:00;Liga 3;FC Unirea Dej;CS Bihorul Beius;N/A;;N/A;;id1003953370386100
17/04/2026;11:00;Liga 3;ACS Cil Blaj;ACS Unirea Dmo;N/A;;N/A;;id1003953370385764
17/04/2026;11:00;Liga 3;CS Lotus Baile Felix;CS Crisul Santandrei;N/A;;N/A;;id1003953370386104
17/04/2026;11:25;Premier League;AL Bahrain;Al-Ahli SC Manama;15/04/2026 22:35;2.0;15/04/2026 22:35;2.0;id1000084670065968
17/04/2026;11:30;Treta Liga;FC Marica Milevo;OFC Nesebar;N/A;;N/A;;id1004765666988488
17/04/2026;11:30;Druga NL;NK Solin;NK Varteks;N/A;;N/A;;id1003861370480562
17/04/2026;11:30;Superliga;ASC Otelul Galati;FC Uta Arad;15/04/2026 09:17;1.8;17/04/2026 11:59;1.8;id1000015269744612
17/04/2026;11:30;Treta Liga;Rakovski 2011;Asenovets Asenovgrad;N/A;;N/A;;id1004765666988496
17/04/2026;11:30;Pro Liga;FK Gazalkent;FC Kattaqorgon;N/A;;N/A;;id1002347770314394
17/04/2026;11:30;Druga NL;NK Kustosija Zagreb;NK Uskok;N/A;;N/A;;id1003861370480552
17/04/2026;11:30;Druga NL;NK Mladost Zdralovi;NK Jadran LP;N/A;;N/A;;id1003861370480550
17/04/2026;11:30;Virsliga;FK Tukums 2000/TSS;FK Liepaja;14/04/2026 13:58;1.8;17/04/2026 04:04;1.66;id1000019768492462
17/04/2026;11:45;AFC Champions League Elite;Al Ahli Saudi FC;Johor Darul Ta'zim;15/04/2026 19:21;1.72;16/04/2026 09:28;1.83;id1000046368213768
17/04/2026;12:00;Girabola;Luanda City FC;1º de Maio de Benguela;N/A;;N/A;;id1000217170826090
17/04/2026;12:00;Erovnuli Liga;FC Samgurali Tskaltubo;FC Dila Gori;N/A;;N/A;;id1000070470224264
17/04/2026;12:00;III Liga, Group 3;LZS Starowice;MKS Kluczbork;N/A;;N/A;;id1002583962036796
17/04/2026;12:00;Vtora Liga;Gorna Oryahovitsa;FC Yantra Gabrovo;N/A;;N/A;;id1000113563465141
17/04/2026;12:00;3. Liga;KFC Komarno B;FC Petrzalka B;N/A;;N/A;;id1004753661940204
17/04/2026;12:00;Ligue 1;MB Rouissat;JS Kabylie;16/04/2026 09:04;2.2;17/04/2026 04:56;2.1;id1000084170684498
17/04/2026;12:00;1. Liga;Torpedo Moscow;FC Kamaz Naberezhnye Chelny;N/A;;N/A;;id1000020470629760
17/04/2026;12:00;FA Cup;Aduana FC;Nations FC;N/A;;N/A;;id1000217770636032
17/04/2026;12:00;CFL;Sokol Hostoun;SK Slavia Prague C;N/A;;N/A;;id1001415166613676
17/04/2026;12:00;Erovnuli Liga 2;FC Gori;FC Telavi;N/A;;N/A;;id1000072670527922
17/04/2026;12:00;Jordan League;AL Salt;AL Faisaly (Jor);16/04/2026 10:14;1.83;17/04/2026 10:17;1.83;id1000092970270638
17/04/2026;12:00;2. Liga;Ilirija Ljubljana;NK Bistrica Slovenska Bistrica;N/A;;N/A;;id1000053261454605
17/04/2026;12:00;Erovnuli Liga;FC Dinamo Tbilisi;FC Meshakhte Tkibuli;N/A;;N/A;;id1000070470224260
17/04/2026;12:00;III Liga, Group 3;KS Gornik Polkowice;LKS Goczalkowice-Zdroj;N/A;;N/A;;id1002583962036794
17/04/2026;12:00;U21 Liga MX;Atletico San Luis;Universidad Nacional;N/A;;N/A;;id1004805667149960
17/04/2026;12:00;2. Liga;MFk Dukla Banska Bystrica;MFK Stara Lubovna;N/A;;N/A;;id1000022461677828
17/04/2026;12:00;U19 Campeonato Nacional;FC Porto;Gil Vicente;N/A;;N/A;;id1000113367802888
17/04/2026;12:00;II Lyga;Dfk Dainava B;FK Sirvena Birzai;N/A;;N/A;;id1003406670161964
17/04/2026;12:00;Premier League;FC Obolon Kyiv;SC Poltava;N/A;;N/A;;id1000021861651588
17/04/2026;12:00;Kolmonen;Nups;Mps;N/A;;N/A;;id1004667170654936
17/04/2026;12:00;Super D2;Garde;AS Armee;N/A;;N/A;;id1004842570751990
17/04/2026;12:15;Superliga;FK Termez Surkhon;Qizilqum Zarafshon;N/A;;N/A;;id1000077268380342
17/04/2026;12:30;Kakkonen Playoffs;FF Jaro Akademia;Narpes Kraft;16/04/2026 00:57;1.36;17/04/2026 09:05;1.3;id1002691069108956
17/04/2026;12:30;2. Liga;Krka Novo Mesto;NK Rudar Velenje;N/A;;N/A;;id1000053261454619
17/04/2026;12:30;Salzburg, Salzburger Liga;UFV Thalgau;SV Schwarzach;N/A;;N/A;;id1000127961906296
17/04/2026;12:30;Premier League;Zira FK;Neftchi Baku PFC;N/A;;N/A;;id1000070963185729
17/04/2026;12:30;Kakkonen Playoffs;Grankulla IFK;Espoon Palloseura;16/04/2026 15:09;1.33;17/04/2026 12:12;1.4;id1002691069108772
17/04/2026;12:30;Treta Liga;FK Gigant Saedinenie;FK Rozova Dolina Kazanlak;N/A;;N/A;;id1004765666988486
17/04/2026;12:30;Kolmonen;Masku;Jyty Turku;N/A;;N/A;;id1004667170807682
17/04/2026;12:30;Kolmonen;EIF Akademi;PPJ/Ruoholahti;N/A;;N/A;;id1004667169920580
17/04/2026;12:30;1. Liga, Women;Luks Sportowa Czworka Radom;Unia Lublin;N/A;;N/A;;id1004823368083300
17/04/2026;12:30;Kolmonen;Riihimaen Palloseura;FC Futura;N/A;;N/A;;id1004667169921712
17/04/2026;12:30;Divize B;FC Viktoria Marianske Lazne;FK Banik Sokolov;N/A;;N/A;;id1004072966606238
17/04/2026;12:45;HNL;NK Slaven Belupo;HNK Hajduk Split;15/04/2026 10:29;1.83;15/04/2026 10:29;1.83;id1000017061286545
17/04/2026;13:00;Ligue 1;Zoman FC;Sol FC;N/A;;N/A;;id1000121170825416
17/04/2026;13:00;1st Division;AEL Limassol;Enosis Neon Paralimni FC;13/04/2026 10:54;2.5;17/04/2026 09:12;2.25;id1000017170235564
17/04/2026;13:00;2. Liga;FC Vion Zlate Moravce - Vrable;FC STK 1914 Samorin;N/A;;N/A;;id1000022461677830
17/04/2026;13:00;Kakkonen Playoffs;PPJ Helsinki;PEPO Lappeenranta;16/04/2026 02:11;1.44;17/04/2026 04:13;1.44;id1002691069108592
17/04/2026;13:00;Bayernliga South;FC Pipinsried;TSV 1874 Kottern;N/A;;N/A;;id1000109161555986
17/04/2026;13:00;II Liiga;Paide Linnameeskond;Harju JK Laagri;N/A;;N/A;;id1004664570590836
17/04/2026;13:00;Premijer Liga;NK Siroki Brijeg;FK Rudar Prijedor;N/A;;N/A;;id1000022261737282
17/04/2026;13:00;U21 Liga MX;Mazatlan FC;Gallos Blancos de Queretaro;N/A;;N/A;;id1004805667149964
17/04/2026;13:00;Karnten, Karntner Liga;ATUS Ferlach;SV Spittal/Drau;N/A;;N/A;;id1004378161898528
17/04/2026;13:00;Esiliiga;Tartu JK Welco;FCI Levadia Tallinn;N/A;;N/A;;id1000067868774096
17/04/2026;13:00;Ligue 1;AS Douanes Ouagadougou;Ajeb FC;N/A;;N/A;;id1005119070855052
17/04/2026;13:00;1 Lyga;FC Neptunas Klaipeda;Baltijos Futbolo Akademija;N/A;;N/A;;id1000067669670640
17/04/2026;13:00;MSFL;FC Hlucin;TJ Unie Hlubina;N/A;;N/A;;id1001414766053646
17/04/2026;13:00;CAF Confederations Cup;Zamalek SC;CR Belouizdad;15/04/2026 18:02;2.5;17/04/2026 13:04;2.5;id1000111570229158
17/04/2026;13:00;2. Liga;FAC Wien;SKU Amstetten;12/04/2026 14:06;1.83;17/04/2026 10:18;1.83;id1000013561591296
17/04/2026;13:00;Virsliga;Ogre United;FK Auda Riga;14/04/2026 13:57;1.83;17/04/2026 10:11;2.0;id1000019768492464
17/04/2026;13:00;I Liga;Chrobry Glogow;FKS Stal Mielec;14/04/2026 13:58;1.66;17/04/2026 13:31;1.72;id1000022961398989
17/04/2026;13:00;Premier League;Azam FC;Jkt Tanzania;N/A;;N/A;;id1000243663353467
17/04/2026;13:00;Srpska Liga;FK Kolubara Lazarevac;FK Teleoptik;N/A;;N/A;;id1004821366053402
17/04/2026;13:00;A Lyga;FC Hegelmann Kaunas;FK Riteriai;14/04/2026 16:19;2.0;17/04/2026 13:05;2.1;id1000019868954782
17/04/2026;13:00;MSFL;SK Hranice;FK Hodonin;N/A;;N/A;;id1001414766053642
17/04/2026;13:00;U19 European Championship, Women, Qualification;Sweden;Italy;N/A;;N/A;;id1000074666708506
17/04/2026;13:00;Kolmonen;Komeetat;Keupa;N/A;;N/A;;id1004667170711896
17/04/2026;13:00;Kakkonen Playoffs;FC Vaajakoski;SJK Akatemia/2;16/04/2026 00:57;1.4;17/04/2026 01:35;1.28;id1002691069108958
17/04/2026;13:00;Kakkonen Playoffs;HIFK;Union Plaani;16/04/2026 02:21;1.44;17/04/2026 08:05;1.5;id1002691069108594
17/04/2026;13:00;2. Liga;Austria Lustenau;Rapid Wien II;12/04/2026 14:06;1.66;16/04/2026 23:03;1.72;id1000013561591294
17/04/2026;13:00;U19 European Championship, Women, Qualification;Ukraine;Netherlands;N/A;;N/A;;id1000074666708508
17/04/2026;13:00;2. Liga;Kapfenberger SV;Schwarz-Weiss Bregenz;12/04/2026 16:44;1.61;17/04/2026 08:08;1.53;id1000013561591306
17/04/2026;13:00;II Liga;Sandecja Nowy Sacz;KKS 1925 Kalisz;14/04/2026 16:22;1.83;16/04/2026 16:16;1.9;id1000051561467209
17/04/2026;13:00;Ekstraklasa;GKS Katowice;LKP Motor Lublin;14/04/2026 13:58;1.61;17/04/2026 12:33;1.57;id1000020261062261
17/04/2026;13:00;Kolmonen;LTU;Eupa;N/A;;N/A;;id1004667170683934
17/04/2026;13:00;Regionalliga Bavaria;SpVgg Hankofen-Hailing;FC Augsburg II;14/04/2026 10:37;1.57;17/04/2026 04:20;1.61;id1000108561854672
17/04/2026;13:00;3. SNL;NK Sencur;NK Sobec Lesce;N/A;;N/A;;id1004799862252120
17/04/2026;13:15;Kolmonen;Etela-Espoon Pallo;Lohjan Pallo;N/A;;N/A;;id1004667169920582
17/04/2026;13:15;Bayernliga North;FC Coburg;TSV Neudrossenfeld;N/A;;N/A;;id1000108961555446
17/04/2026;13:15;Hessenliga;Hunfelder SV 1919;Eintracht Frankfurt II;N/A;;N/A;;id1000018461556556
17/04/2026;13:20;Omani League;Sohar;Al Nahda;16/04/2026 11:19;2.1;17/04/2026 10:10;2.1;id1000096570040634
17/04/2026;13:30;Kakkonen Playoffs;Nurmijarven Jalkapalloseura;HJS;N/A;;N/A;;id1002691069108774
17/04/2026;13:30;1. Division;Esbjerg FB;Hillerod Fodbold;14/04/2026 13:57;1.61;17/04/2026 12:08;1.66;id1000004770317862
17/04/2026;13:30;Vtora Liga;FC Dunav Ruse;Marek Dupnica;N/A;;N/A;;id1000113563465133
17/04/2026;13:30;Oberosterreich, OO Liga;Ufc Stampfl-Bau Ostermiething;Union Mondsee;N/A;;N/A;;id1004378961910790
17/04/2026;13:30;Serie A;Sassuolo Calcio;Como 1907;06/04/2026 08:04;1.75;17/04/2026 15:24;1.75;id1000002361061599
17/04/2026;13:30;Copa Proyeccion Final, Reserves;Estudiantes de LP Reserve;Estudiantes de Rio Cuarto Reserve;N/A;;N/A;;id1003694568158640
17/04/2026;13:30;Danmarksserien;GVI;Naestved IF;N/A;;N/A;;id1003719570663476
17/04/2026;13:30;2. Bundesliga;SV 07 Elversberg;Karlsruher SC;12/04/2026 14:06;1.57;17/04/2026 13:48;1.53;id1000004461515172
17/04/2026;13:30;Danmarksserien;Skovshoved IF;Saaby Fodbold;N/A;;N/A;;id1003719570663474
17/04/2026;13:30;Besta deild;Valur Reykjavik;IBV Vestmannaeyjar;15/04/2026 10:29;1.44;17/04/2026 07:11;1.44;id1000018868194582
17/04/2026;13:30;Karnten, Karntner Liga;SAK Celovec/Klagenfurt;SVG Bleiburg;N/A;;N/A;;id1004378161898534
17/04/2026;13:30;Divize E;SK Batov 1930;FC Brumov;N/A;;N/A;;id1004073566054164
17/04/2026;13:30;2. Bundesliga;Holstein Kiel;1 FC Kaiserslautern;12/04/2026 14:06;1.57;16/04/2026 13:15;1.57;id1000004461515170
17/04/2026;13:30;Premier League;FK Rostov;FK Sochi;N/A;;N/A;;id1000020361376691
17/04/2026;13:30;II Lyga;Klaipedos Fsm;FK Utenos Utenis;N/A;;N/A;;id1003406670161954
17/04/2026;13:30;Iraqi League;AL Karma;Al Shorta SC;N/A;;N/A;;id1002697470767948
17/04/2026;13:30;Iraqi League;AL Najaf;Newroz SC;N/A;;N/A;;id1002697470767946
17/04/2026;13:30;Danmarksserien;Taarnby FF;BK Skjold;N/A;;N/A;;id1003719570663680
17/04/2026;13:30;Danmarksserien;BK Avarta;Alleroed FK;N/A;;N/A;;id1003719570663682
17/04/2026;13:35;Premier League;Al Riffa;Aali;15/04/2026 22:35;2.5;17/04/2026 02:04;2.37;id1000084670065970
17/04/2026;13:45;Ligue 1;ES Setif;MC Oran;15/04/2026 10:29;2.1;16/04/2026 07:23;2.25;id1000084170684502
17/04/2026;13:45;Ligue 1;ASO Chlef;Olympique Akbou;15/04/2026 10:29;2.2;17/04/2026 06:03;2.5;id1000084170684500
17/04/2026;13:45;Ligue 1;JS Saoura;USM Khenchela;N/A;;N/A;;id1000084170684504
17/04/2026;13:45;UEFA Youth League;Real Madrid;Paris Saint-Germain FC;16/04/2026 11:26;1.66;17/04/2026 13:06;1.44;id1000232470038060
17/04/2026;13:45;Ligue 1;El Bayadh;Paradou AC;15/04/2026 10:29;2.2;17/04/2026 12:16;2.25;id1000084170684506
17/04/2026;13:45;Kolmonen;SC Zulimanit;Niemisen Urheilijat;N/A;;N/A;;id1004667169924454
17/04/2026;13:45;Suomen Cup;FC Lasten;FC Haka Valkeakoski;15/04/2026 23:52;1.8;17/04/2026 02:10;1.83;id1000022070658904
17/04/2026;13:45;Kolmonen;Pakkalan Palloseura;MPS/Atletico Malmi;N/A;;N/A;;id1004667170684136
17/04/2026;14:00;Premier League;Kampala Capital City Authority FC;Kitara FC;N/A;;N/A;;id1001486469909136
17/04/2026;14:00;Bayernliga South;TSV 1860 Munich II;SV Kirchanschoring;N/A;;N/A;;id1000109161555984
17/04/2026;14:00;Regionalliga Centre;FC Gleisdorf 09;LASK Amateure OO;N/A;;N/A;;id1000016861466301
17/04/2026;14:00;Steiermark, Landesliga;FC Schladming;USV Gnas;N/A;;N/A;;id1004380361901956
17/04/2026;14:00;Oberosterreich, OO Liga;SPG Weisskirchen Allhaming;SPG Pregarten;N/A;;N/A;;id1004378961910784
17/04/2026;14:00;Regionalliga Centre;SPG Wallern/ASV St. Marienkirchen;ASK Voitsberg;N/A;;N/A;;id1000016861466305
17/04/2026;14:00;Wien, Wiener Stadtliga;SV Schwechat;SK Slovan HAC;N/A;;N/A;;id1004383161911488
17/04/2026;14:00;Regionalliga Bavaria;Bayern Munich II;SpVgg Ansbach;14/04/2026 10:37;1.5;17/04/2026 12:23;1.4;id1000108561854658
17/04/2026;14:00;Karnten, Karntner Liga;ATSV Wolfsberg;SV Dellach/Gail;N/A;;N/A;;id1004378161898524
17/04/2026;14:00;Kolmonen;Salon Palloilijat 2;Peimari Utd;N/A;;N/A;;id1004667170872778
17/04/2026;14:00;Steiermark, Landesliga;Ilzer SV;SV Lebring;N/A;;N/A;;id1004380361901960
17/04/2026;14:00;Niederosterreich, 1. Landesliga;SG Ardagger/Neustadtl;ASK Ybbs;N/A;;N/A;;id1004377161909580
17/04/2026;14:00;National 2;Andrezieux-Boutheon FC;RC Pays De Grasse;N/A;;N/A;;id1004798662214690
17/04/2026;14:00;Bayernliga North;TSV Kornburg;SV Fortuna Regensburg;N/A;;N/A;;id1000108961555438
17/04/2026;14:00;Oberosterreich, OO Liga;Sedda Bad Schallerbach;SU Sankt Martin;N/A;;N/A;;id1004378961910788
17/04/2026;14:00;Superliga;Broendby IF;Soenderjyske;13/04/2026 01:08;1.53;17/04/2026 10:19;1.53;id1000003969653734
17/04/2026;14:00;National 2;La Roche Vendee Football;Angouleme Charente FC;N/A;;N/A;;id1004798662213896
17/04/2026;14:00;Oberliga BW;FC Nottingen;1. CfR Pforzheim;N/A;;N/A;;id1000014261856980
17/04/2026;14:00;Oberliga BW;FSV 08 Bietigheim-Bissingen;Turkspor Neckarsulm;N/A;;N/A;;id1000014261856986
17/04/2026;14:00;Bayernliga North;ASV Cham;ASV Neumarkt;N/A;;N/A;;id1000108961555440
17/04/2026;14:00;Karnten, Karntner Liga;SC St. Veit;TSV Grafenstein;N/A;;N/A;;id1004378161898536
17/04/2026;14:00;Division 2, Promotion Playoffs;Lilla Torg FF;IFK Trelleborg;16/04/2026 08:18;1.4;17/04/2026 05:26;1.5;id1002078268344596
17/04/2026;14:00;Bayernliga North;SC Eltersdorf;FC Ingolstadt II;N/A;;N/A;;id1000108961555436
17/04/2026;14:00;Regionalliga Ost;FCM Traiskirchen;SR Donaufeld;N/A;;N/A;;id1000016662274150
17/04/2026;14:00;Regionalliga Centre;Atus Velden;SV Ried II;N/A;;N/A;;id1000016861466309
17/04/2026;14:00;Regionalliga Centre;Deutschlandsberger SC;Wohnbau Dietach;N/A;;N/A;;id1000016861466299
17/04/2026;14:00;1. Division;B93 Copenhagen;HB Koege;14/04/2026 13:57;1.5;14/04/2026 13:57;1.5;id1000004770318090
17/04/2026;14:00;Danmarksserien;ASA Aarhus;OKS;N/A;;N/A;;id1003719570663684
17/04/2026;14:00;Steiermark, Landesliga;SV Tillmitsch;Fehring 1947;N/A;;N/A;;id1004380361901968
17/04/2026;14:00;Regionalliga Northeast;SV Babelsberg;FSV Luckenwalde;14/04/2026 11:53;1.66;14/04/2026 11:53;1.66;id1000108361712314
17/04/2026;14:00;Regionalliga Bavaria;SpVgg Bayreuth;DJK Vilzing;14/04/2026 10:37;1.72;17/04/2026 06:08;1.8;id1000108561854656
17/04/2026;14:00;Tercera Federacion, Group 4;Club Portugalete;SD Eibar C;N/A;;N/A;;id1002602463137603
17/04/2026;14:00;Division 2, Promotion Playoffs;Staffanstorp United;Torns IF;16/04/2026 08:18;1.53;17/04/2026 05:20;1.57;id1002078268344588
17/04/2026;14:00;1. Division;Kolding IF;AC Horsens;14/04/2026 13:57;1.9;14/04/2026 13:57;1.9;id1000004770317864
17/04/2026;14:00;1st Division;Ranheim;Raufoss IL;14/04/2026 13:57;1.57;14/04/2026 13:57;1.57;id1000002267017858
17/04/2026;14:00;Oberosterreich, OO Liga;Edelweiss Linz;Asko Oedt II;N/A;;N/A;;id1004378961946048
17/04/2026;14:00;Regionalliga Northeast;FC Hertha 03 Zehlendorf;Chemnitzer FC;14/04/2026 11:42;1.66;17/04/2026 04:56;1.61;id1000108361712318
17/04/2026;14:00;Regionalliga Bavaria;TSV Buchbach;FV Illertissen;14/04/2026 10:37;1.53;17/04/2026 05:20;1.61;id1000108561854660
17/04/2026;14:00;3. Liga;Jahn Regensburg;Alemannia Aachen;14/04/2026 07:06;1.5;17/04/2026 13:08;1.5;id1000049161709632
17/04/2026;14:00;Regionalliga Southwest;FSV Frankfurt 1899;FC 08 Homburg-Saar;14/04/2026 10:48;1.5;17/04/2026 04:56;1.44;id1000107961859442
17/04/2026;14:00;A Lyga;Vilnius FK Zalgiris;FK Banga Gargzdai;14/04/2026 13:58;2.0;17/04/2026 13:39;1.61;id1000019868954784
17/04/2026;14:00;Super Lig;Antalyaspor;Konyaspor;13/04/2026 01:08;1.8;17/04/2026 14:06;1.66;id1000005261730168
17/04/2026;14:00;Regionalliga Ost;Union Mauer;FC Marchfeld Donauauen;N/A;;N/A;;id1000016662274156
17/04/2026;14:00;U19 DFB Nachwuchsliga;VfB Stuttgart;SSV Ulm 1846;N/A;;N/A;;id1002470267207152
17/04/2026;14:00;Regionalliga Centre;SC Weiz;Wolfsberger AC (A);N/A;;N/A;;id1000016861466311
17/04/2026;14:00;Regionalliga Ost;SV Leobendorf;SC Neusiedl am See 1919;N/A;;N/A;;id1000016662274160
17/04/2026;14:00;Int. Friendly Games W;Senegal;Burkina Faso;N/A;;N/A;;id1000085270703274
17/04/2026;14:00;Kolmonen;Tampereen Peli-Toverit;TPV/2;N/A;;N/A;;id1004667169923624
17/04/2026;14:00;Oberosterreich, OO Liga;Union Vocklamarkt;SV Bad Ischl;N/A;;N/A;;id1004378961910794
17/04/2026;14:00;Steiermark, Landesliga;SV Allerheiligen;TUS Bad Waltersdorf;N/A;;N/A;;id1004380361901954
17/04/2026;14:00;Oberosterreich, OO Liga;Vorwarts Steyr;DSG Union Perg;N/A;;N/A;;id1004378961910780
17/04/2026;14:00;Primera Federacion;RC Celta Fortuna;CP Cacereno SAD;15/04/2026 11:30;1.83;16/04/2026 16:19;1.83;id1003483461685648
17/04/2026;14:00;Regionalliga Northeast;FSV Zwickau;BFC Preussen Berlin;14/04/2026 11:42;1.66;14/04/2026 11:42;1.66;id1000108361712308
17/04/2026;14:00;Super Lig;Fenerbahce Istanbul;Caykur Rizespor;13/04/2026 12:17;1.72;17/04/2026 12:30;1.72;id1000005261730180
17/04/2026;14:00;Premier League;Gasogi United;Gorilla FC;N/A;;N/A;;id1002016267782824
17/04/2026;14:00;Ettan, Relegation/Promotion;Hassleholms IF;BK Olympic;16/04/2026 07:16;1.57;17/04/2026 03:15;1.61;id1002741268311516
17/04/2026;14:00;Regionalliga Ost;SV Gloggnitz;SV Oberwart;N/A;;N/A;;id1000016662274148
17/04/2026;14:00;Division 2, Promotion Playoffs;Qviding FIF;Vastra Frolunda IF;N/A;;N/A;;id1002078268377550
17/04/2026;14:00;Steiermark, Landesliga;SV Pachern;ASK Koflach;N/A;;N/A;;id1004380361901964
17/04/2026;14:00;Erovnuli Liga;FC Gagra;FC Torpedo Kutaisi;N/A;;N/A;;id1000070470224268
17/04/2026;14:00;Regionalliga Centre;Union Gurten;USV St. Anna am Aigen;N/A;;N/A;;id1000016861466307
17/04/2026;14:00;Kolmonen;MK United;FC Lahti 69;N/A;;N/A;;id1004667169921714
17/04/2026;14:00;Regionalliga Bavaria;Viktoria Aschaffenburg;TSV Aubstadt;14/04/2026 10:37;1.72;17/04/2026 14:11;1.8;id1000108561854662
17/04/2026;14:00;Division 2, Promotion Playoffs;Jonsereds IF;IF Boljan Falkenberg;16/04/2026 08:18;1.44;16/04/2026 08:18;1.44;id1002078268377542
17/04/2026;14:00;Steiermark, Landesliga;FC Union RB Weinland Gamlitz;SV Wildon;N/A;;N/A;;id1004380361901958
17/04/2026;14:00;Regionalliga Centre;SC Kalsdorf;SV Lafnitz;N/A;;N/A;;id1000016861466303
17/04/2026;14:00;Regionalliga Northeast;FC Carl Zeiss Jena;Greifswalder FC;14/04/2026 11:42;1.72;17/04/2026 05:20;1.66;id1000108361712306
17/04/2026;14:00;Allsvenskan;Degerfors IF;IF Elfsborg;13/04/2026 01:08;1.75;17/04/2026 06:10;1.95;id1000004067126480
17/04/2026;14:00;Kolmonen;Abo Club de Futbol;Vg-62;N/A;;N/A;;id1004667170683936
17/04/2026;14:00;Allsvenskan;Djurgardens IF;Malmo FF;13/04/2026 01:08;1.7;17/04/2026 09:10;1.61;id1000004067126472
17/04/2026;14:00;Bayernliga North;ATSV Erlangen;SC Grosschwarzenlohe;N/A;;N/A;;id1000108961555442
17/04/2026;14:00;Danmarksserien;Horsens FS;Vri;N/A;;N/A;;id1003719570663478
17/04/2026;14:00;Liga 3;Csm Targu Jiu;Unirea Bascov;N/A;;N/A;;id1003953370385560
17/04/2026;14:00;Super D2;C. Moulaye M Barek;FC Amitie;N/A;;N/A;;id1004842570752064
17/04/2026;14:00;2nd Division;Naestved BK;FC Roskilde;17/04/2026 10:26;1.83;17/04/2026 10:26;1.83;id1000006570730286
17/04/2026;14:10;Regionalliga Ost;Favoritner AC;TWL Elektra;N/A;;N/A;;id1000016662274154
17/04/2026;14:15;Division 2, Promotion Playoffs;Vanersborgs FK;Lidkopings FK;16/04/2026 07:05;1.57;17/04/2026 09:13;1.66;id1002078268320104
17/04/2026;14:15;Tirol, Regionalliga Tirol;SV Worgl;Volser SV;N/A;;N/A;;id1002968261915010
17/04/2026;14:15;Schleswig-Holstein-Liga;FC Kilia Kiel;1 FC Phonix Lubeck II;N/A;;N/A;;id1000051262127444
17/04/2026;14:15;Kolmonen;Atlantis FC/Akatemia;Tips;N/A;;N/A;;id1004667169921718
17/04/2026;14:15;Kolmonen;Sexypoxyt;Hoogee;N/A;;N/A;;id1004667169920584
17/04/2026;14:15;Kolmonen;IF Gnistan/Ogeli;Japs 47;N/A;;N/A;;id1004667169921716
17/04/2026;14:15;Kolmonen;FC Kontu;Atlantis FC/2;N/A;;N/A;;id1004667170684140
17/04/2026;14:15;Danmarksserien;FC Gladsaxe;AB Taarnby;N/A;;N/A;;id1003719570663472
17/04/2026;14:30;Tirol, Regionalliga Tirol;SC Kundl;SPG Silz / Moetz;N/A;;N/A;;id1002968261915002
17/04/2026;14:30;Premiership;Stellenbosch FC;Sekhukhune United;14/04/2026 13:58;2.62;17/04/2026 05:27;2.5;id1000035862670341
17/04/2026;14:30;Bremen Liga;Leher TS;KSV Vatan Sport;N/A;;N/A;;id1000050862280132
17/04/2026;14:30;Burgenland, Burgenlandliga;Bad Sauerbrunn;St. Margarethen/Burgenland;N/A;;N/A;;id1004377361893992
17/04/2026;14:30;Mittelrheinliga;FC Wegberg-Beeck;1. FC Duren;N/A;;N/A;;id1000110562604578
17/04/2026;14:30;Oberliga Hamburg;Tura Harksheide;HEBC Hamburg;N/A;;N/A;;id1000050961734986
17/04/2026;14:30;Oberliga Niedersachsen;Heeslinger SC;BSV SW Rehden;N/A;;N/A;;id1000081362279576
17/04/2026;14:30;Oberliga Hamburg;SC Victoria Hamburg 1895;Ht 16 Hamburg;N/A;;N/A;;id1000050961734984
17/04/2026;14:30;National;Football Bourg-En-Bresse Peronnas 01;SM Caen;15/04/2026 11:42;2.0;17/04/2026 08:08;1.9;id1000018362117296
17/04/2026;14:30;Burgenland, Burgenlandliga;ASKO Kohfidisch;ASK Royal Sped Klingenbach;N/A;;N/A;;id1004377361893990
17/04/2026;14:30;Regionalliga Ost;Wiener Sport-Club;SV Horn;N/A;;N/A;;id1000016662274152
17/04/2026;14:30;National 2;Istres FC;FC 93 Bobigny BG;N/A;;N/A;;id1004798662214700
17/04/2026;14:30;National;Quevilly-Rouen Metropole;Le Puy Foot 43 Auvergne;15/04/2026 11:42;1.9;17/04/2026 05:03;1.9;id1000018362117300
17/04/2026;14:30;Regionalliga West;SC Imst 1933;FC Pinzgau Saalfelden;N/A;;N/A;;id1000016761541354
17/04/2026;14:30;National;FC Versailles 78;LB Chateauroux;17/04/2026 01:23;2.0;17/04/2026 11:03;2.1;id1000018362117302
17/04/2026;14:30;Regionalliga West;1. FC Cologne II;Fortuna Cologne;14/04/2026 11:52;1.66;17/04/2026 06:14;1.66;id1000049361853376
17/04/2026;14:30;Division 2, Promotion Playoffs;Lindome GIF;Dalstorps IF;16/04/2026 08:18;1.44;17/04/2026 16:32;1.44;id1002078268377546
17/04/2026;14:30;Int. Friendly Games W;Morocco;Mali;N/A;;N/A;;id1000085270868052
17/04/2026;14:30;Besta deild;KR Reykjavik;Thor Akureyri;N/A;;N/A;;id1000018868194578
17/04/2026;14:30;National;Dijon FCO;Sochaux-Montbeliard;15/04/2026 11:42;1.8;17/04/2026 14:04;1.8;id1000018362117294
17/04/2026;14:30;National;FC Fleury 91;Valenciennes FC;15/04/2026 11:42;1.72;17/04/2026 04:57;1.66;id1000018362117298
17/04/2026;14:30;Bundesliga;Grazer AK 1902;SV Ried;06/04/2026 14:42;1.9;17/04/2026 09:02;1.95;id1000004569751664
17/04/2026;14:30;Niederosterreich, 1. Landesliga;ASV Schrems;ASK Ebreichsdorf;N/A;;N/A;;id1004377161909582
17/04/2026;14:30;Schleswig-Holstein-Liga;SV Eutin 08;Heider SV;N/A;;N/A;;id1000051262127446
17/04/2026;14:30;Burgenland, Burgenlandliga;ASV Siegendorf;SPG Neudorf / Parndorf Juniors;N/A;;N/A;;id1004377361893984
17/04/2026;14:30;Besta deild;KA Akureyri;Vikingur Reykjavik;16/04/2026 06:59;1.44;17/04/2026 13:03;1.5;id1000018868194580
17/04/2026;14:30;Bayernliga South;FC Sportfreunde Schwaig 1913;FC Deisenhofen;N/A;;N/A;;id1000109161555982
17/04/2026;14:30;National;SC Aubagne Air Bel;US Orleans;15/04/2026 11:42;1.83;17/04/2026 06:03;1.83;id1000018362117288
17/04/2026;14:30;Oberliga Westfalen;SC Preussen Munster II;FC Eintracht Rheine;N/A;;N/A;;id1000014662117964
17/04/2026;14:30;National 2;FC Chauray;US Saint-Malo;N/A;;N/A;;id1004798662213892
17/04/2026;14:30;National 2;Aviron Bayonnais FC;Les Herbiers;N/A;;N/A;;id1004798662213904
17/04/2026;14:30;Oberliga NOFV North;TSG Neustrelitz;FC Anker Wismar 1997;N/A;;N/A;;id1000014561705326
17/04/2026;14:30;Burgenland, Burgenlandliga;SPG Edelserpentin;SC Oberpullendorf;N/A;;N/A;;id1004377361893998
17/04/2026;14:30;Superliga;ACS Champions FC Arges;FC CFR 1907 Cluj;15/04/2026 09:17;2.1;17/04/2026 15:19;2.2;id1000015269785228
17/04/2026;14:30;National;US Concarneau;FC Rouen;15/04/2026 11:42;2.0;17/04/2026 09:15;2.0;id1000018362117292
17/04/2026;14:30;National;FC Villefranche Beaujolais;Paris 13 Atletico;15/04/2026 11:42;1.83;17/04/2026 08:28;2.0;id1000018362117304
17/04/2026;14:30;Danmarksserien;Ringkoebing IF;Noerresundby FB;N/A;;N/A;;id1003719570663480
17/04/2026;14:30;Bremen Liga;OSC Bremerhaven;Brinkumer SV;N/A;;N/A;;id1000050862280118
17/04/2026;14:30;National 2;AS Cannes;US Creteil-Lusitanos;N/A;;N/A;;id1004798662214692
17/04/2026;14:45;Liga Portugal 2;Academico de Viseu FC;CD Feirense;15/04/2026 11:42;2.0;15/04/2026 11:42;2.0;id1000023961732238
17/04/2026;15:00;U21 Premier League 2;FC Everton;Ipswich Town;N/A;;N/A;;id1000112969369096
17/04/2026;15:00;U21 Premier League 2;Blackburn Rovers;Tottenham Hotspur FC;N/A;;N/A;;id1000112970819478
17/04/2026;15:00;Oberosterreich, OO Liga;Su Vortuna Bad Leonfelden;SV Friedburg/Pondorf;N/A;;N/A;;id1004378961910786
17/04/2026;15:00;Niederosterreich, 1. Landesliga;SV Stockerau;SKN St Polten Juniors;N/A;;N/A;;id1004377161909586
17/04/2026;15:00;Oberliga Niederrhein;VfL Juchen Garzweiler;TSV Meerbusch;N/A;;N/A;;id1000110362200788
17/04/2026;15:00;AFC Champions League Elite;Machida Zelvia;Al-Ittihad Club;15/04/2026 11:42;2.1;17/04/2026 14:13;2.0;id1000046368213770
17/04/2026;15:00;Eerste Divisie;Vitesse Arnhem;MVV Maastricht;14/04/2026 13:57;1.53;16/04/2026 14:12;1.57;id1000013161380601
17/04/2026;15:00;Challenger Pro League;RSC Anderlecht Futures;Olympic Club De Charleroi;15/04/2026 10:28;1.5;15/04/2026 10:28;1.5;id1000000961755256
17/04/2026;15:00;Eerste Divisie;Almere City FC;FC Dordrecht;14/04/2026 13:57;1.44;14/04/2026 13:57;1.44;id1000013161380571
17/04/2026;15:00;Eerste Divisie;Jong FC Utrecht;FC Eindhoven;14/04/2026 13:57;1.4;17/04/2026 13:05;1.44;id1000013161380595
17/04/2026;15:00;U21 Pro League;RFC Seraing;Olympic Club De Charleroi;N/A;;N/A;;id1000111763311739
17/04/2026;15:00;Challenger Pro League;KV Kortrijk;RWDM Brussels;15/04/2026 10:28;1.72;17/04/2026 03:11;1.66;id1000000961755264
17/04/2026;15:00;Ligue 2;Le Mans FC;Clermont Foot 63;12/04/2026 13:05;1.66;17/04/2026 09:21;1.83;id1000018261527964
17/04/2026;15:00;Challenger Pro League;Jong KRC Genk;Jeugd KAA Gent B;15/04/2026 10:28;1.44;15/04/2026 10:28;1.44;id1000000961755260
17/04/2026;15:00;Besta deild;Fram Reykjavik;Keflavik IF;16/04/2026 06:59;1.53;17/04/2026 02:52;1.4;id1000018868194584
17/04/2026;15:00;Ligue 2;Rodez Aveyron Football;Amiens SC;13/04/2026 10:54;1.66;17/04/2026 09:12;1.72;id1000018261527970
17/04/2026;15:00;Challenger Pro League;Koninklijke Lierse Sportkring;KSC Lokeren-Temse;17/04/2026 03:56;1.61;17/04/2026 03:56;1.61;id1000000961755262
17/04/2026;15:00;Eerste Divisie;ADO Den Haag;RKC Waalwijk;14/04/2026 13:58;1.53;17/04/2026 10:24;1.57;id1000013161380569
17/04/2026;15:00;Challenger Pro League;K Beerschot VA;Lommel SK;15/04/2026 10:28;1.61;17/04/2026 04:10;1.61;id1000000961755258
17/04/2026;15:00;Eerste Divisie;De Graafschap;SC Cambuur;14/04/2026 13:57;1.36;14/04/2026 13:57;1.36;id1000013161380587
17/04/2026;15:00;Eerste Divisie;Helmond Sport;VVV Venlo;14/04/2026 13:58;1.53;15/04/2026 23:28;1.53;id1000013161380575
17/04/2026;15:00;Eerste Divisie;Jong PSV Eindhoven;Jong Ajax Amsterdam;N/A;;N/A;;id1000013161380579
17/04/2026;15:00;Eerste Divisie;TOP Oss;FC Den Bosch;14/04/2026 13:57;1.44;15/04/2026 22:01;1.44;id1000013161380591
17/04/2026;15:00;Niederosterreich, 1. Landesliga;SCU Kilb;SC Zwettl;N/A;;N/A;;id1004377161909578
17/04/2026;15:00;Eerste Divisie;Roda JC Kerkrade;FC Emmen;14/04/2026 13:58;1.44;17/04/2026 05:21;1.53;id1000013161380597
17/04/2026;15:00;Challenger Pro League;RFC Seraing;SK Beveren;15/04/2026 10:29;1.8;17/04/2026 11:06;1.66;id1000000961755270
17/04/2026;15:00;NB I;Ujpest FC Budapest;Nyiregyhaza Spartacus FC;15/04/2026 10:29;1.66;15/04/2026 10:29;1.66;id1000018761272891
17/04/2026;15:00;U20 Mineiro, 1. Divisao;Atletico Mineiro MG;Minas Boca Futebol MG;N/A;;N/A;;id1004665168901998
17/04/2026;15:00;U20 Mineiro, 1. Divisao;Coimbra Sports MG;Athletic Club MG;N/A;;N/A;;id1004665168901994
17/04/2026;15:00;Brasileiro A3, Women;Araguari MG;Heips RJ;N/A;;N/A;;id1004694569855676
17/04/2026;15:00;U20 Paranaense, 1. Divisao;Operario Ferroviario EC PR;Galo Maringa PR U20;N/A;;N/A;;id1004688368643346
17/04/2026;15:00;Brasileiro A3, Women;Mauaense GE SP;Criciuma EC SC;N/A;;N/A;;id1004694569855698
17/04/2026;15:00;Challenger Pro League;RFC Liege;KAS Eupen;15/04/2026 10:28;1.66;17/04/2026 14:05;1.57;id1000000961755268
17/04/2026;15:00;Ligue 2;Montpellier HSC;Grenoble Foot;12/04/2026 13:05;1.72;17/04/2026 12:15;1.83;id1000018261527978
17/04/2026;15:00;Eerste Divisie;Willem II Tilburg;Jong AZ Alkmaar;N/A;;N/A;;id1000013161380583
17/04/2026;15:00;U21 Premier League 2;Stoke City;Aston Villa FC;N/A;;N/A;;id1000112969368658
17/04/2026;15:00;Ligue 2;Nancy-Lorraine;FC Annecy;12/04/2026 13:05;1.83;17/04/2026 11:12;1.9;id1000018261527968
17/04/2026;15:00;U21 Pro League;Jeugd RWDM Brussels;RFC Liege;N/A;;N/A;;id1000111762759085
17/04/2026;15:00;Niederosterreich, 1. Landesliga;SC Wieselburg;Scheiblingkirchen-Warth Usv;N/A;;N/A;;id1004377161909588
17/04/2026;15:00;Ligue 2;Pau FC;EA Guingamp;12/04/2026 13:05;1.57;17/04/2026 13:05;1.66;id1000018261527966
17/04/2026;15:00;Challenger Pro League;Patro Eisden Maasmechelen;Royal Francs Borains;15/04/2026 10:28;2.0;15/04/2026 10:28;2.0;id1000000961755266
17/04/2026;15:00;2. Liga;Tabor Sezana;Nafta 1903 Lendava;N/A;;N/A;;id1000053261454607
17/04/2026;15:00;Besta deild;Breidablik Kopavogur;IA Akranes;16/04/2026 08:18;1.36;16/04/2026 08:18;1.36;id1000018868194586
17/04/2026;15:00;Serie D, Group C;AC Este;Union Clodiense;N/A;;N/A;;id1000137862735775
17/04/2026;15:15;Challenge League;Etoile Carouge FC;FC Wil 1900;15/04/2026 14:07;1.72;15/04/2026 14:07;1.72;id1000021666626768
17/04/2026;15:15;HNL;NK Osijek;NK Varazdin;15/04/2026 10:29;1.83;15/04/2026 10:29;1.83;id1000017061286543
17/04/2026;15:30;Primera C;CA General Lamadrid;CA Victoriano Arenas;16/04/2026 10:14;2.5;16/04/2026 10:14;2.5;id1002617467122722
17/04/2026;15:30;Bundesliga;FC St. Pauli;1. FC Cologne;06/04/2026 07:12;1.9;17/04/2026 17:51;1.8;id1000003561514144
17/04/2026;15:30;U20 Goiano, 1. Divisao;Royal GO;Vila Nova FC GO;N/A;;N/A;;id1004664769279744
17/04/2026;15:30;U21 Pro League;RAAL La Louviere;KV RS Waasland Beveren;N/A;;N/A;;id1000111762759093
17/04/2026;15:30;LaLiga 2;Real Sociedad San Sebastian B;Racing Santander;13/04/2026 03:22;1.5;17/04/2026 14:07;1.44;id1000005461623822
17/04/2026;15:30;2. Liga;FC Admira Wacker Modling;First Vienna FC 1894;12/04/2026 14:06;2.1;17/04/2026 16:17;1.83;id1000013561591298
17/04/2026;15:30;Premijer Liga;FK Zeljeznicar Sarajevo;HSK Posusje;N/A;;N/A;;id1000022261737280
17/04/2026;15:30;Ekstraklasa;Legia Warszawa;Zaglebie Lubin;14/04/2026 13:58;1.95;17/04/2026 15:03;2.05;id1000020261062251
17/04/2026;15:30;I Liga;ZKS Stal Rzeszow;Polonia Warszawa;14/04/2026 15:48;1.44;17/04/2026 07:23;1.36;id1000022961398987
17/04/2026;15:30;2. Liga;Young Violets Wien;Austria Salzburg;12/04/2026 14:06;1.8;12/04/2026 14:06;1.8;id1000013561591304
17/04/2026;15:30;Primera C;Sacachispas FC;CSDC Espanol;16/04/2026 10:14;2.37;16/04/2026 10:14;2.37;id1002617467122738
17/04/2026;15:30;Serie B;Sampdoria Genoa;AC Monza;08/04/2026 05:00;1.9;17/04/2026 02:38;1.95;id1000005362484332
17/04/2026;15:45;First Division;Athlone Town AFC;Bray Wanderers AFC;14/04/2026 05:59;1.72;14/04/2026 05:59;1.72;id1000019366854706
17/04/2026;15:45;First Division;Cobh Ramblers;Longford Town FC;14/04/2026 05:59;1.8;14/04/2026 05:59;1.8;id1000019366854708
17/04/2026;15:45;First Division;Cork City FC;Wexford FC;14/04/2026 05:59;2.2;17/04/2026 15:17;2.2;id1000019366854710
17/04/2026;15:45;Premier Division;Dundalk FC;Galway United FC;13/04/2026 04:24;1.8;17/04/2026 15:23;1.7;id1000019266853998
17/04/2026;15:45;Premiership;Glentoran FC;Larne FC;12/04/2026 09:42;2.0;17/04/2026 06:12;2.0;id1000020070178650
17/04/2026;15:45;Serie A;Inter Milano;Cagliari Calcio;06/04/2026 09:07;2.2;17/04/2026 14:00;2.05;id1000002361061587
17/04/2026;15:45;First Division;Kerry FC;Treaty United;14/04/2026 05:59;1.83;17/04/2026 08:13;1.9;id1000019366854712
17/04/2026;15:45;Premier Division;Drogheda United FC;Saint Patrick´s Athletic FC;13/04/2026 04:24;2.05;17/04/2026 04:18;2.0;id1000019266853996
17/04/2026;15:45;First Division;University College Dublin;Finn Harps FC;14/04/2026 05:59;1.72;14/04/2026 05:59;1.72;id1000019366854714
17/04/2026;15:45;Ligue 1;Racing Club De Lens;Toulouse FC;06/04/2026 08:04;1.75;17/04/2026 05:27;1.8;id1000003461526522
17/04/2026;15:45;Premier Division;Shelbourne FC;Derry City FC;13/04/2026 04:24;1.9;17/04/2026 05:05;2.0;id1000019266854000
17/04/2026;16:00;Premier Division;Shamrock Rovers;Bohemians Dublin FC;13/04/2026 04:24;1.75;17/04/2026 16:04;2.05;id1000019266854002
17/04/2026;16:00;LaLiga 2;UD Las Palmas;CD Leganes;13/04/2026 03:22;1.83;17/04/2026 13:09;1.8;id1000005461623820
17/04/2026;16:00;Championship;Blackburn Rovers;Coventry City;11/04/2026 16:08;1.8;17/04/2026 02:38;1.83;id1000001861491313
17/04/2026;16:15;Primera Federacion;Real Murcia CF;Antequera CF;15/04/2026 12:00;2.1;17/04/2026 16:17;2.0;id1003483461687546
17/04/2026;16:45;Liga Portugal;Rio Ave FC;AVS Futebol SAD;13/04/2026 02:09;1.8;13/04/2026 07:48;1.9;id1000023861731466
17/04/2026;17:00;Segunda Division;Resistencia SC;Independiente Campo Grande;N/A;;N/A;;id1000125470806148
17/04/2026;17:00;Liga Prom;Potros del Este;Alianza FC II;N/A;;N/A;;id1001949070839336
17/04/2026;17:00;Division de Honor, Apertura;Sportivo Trinidense;Sportivo San Lorenzo;13/04/2026 15:30;2.0;13/04/2026 15:30;2.0;id1002709868042440
17/04/2026;17:00;Liga 1;Los Chankas CYC;Atletico Grau;08/04/2026 19:07;1.9;17/04/2026 16:02;2.1;id1000040670317660
17/04/2026;17:00;Brasileiro A3, Women;R4 CE;Ipojuca Atletico Clube PE;N/A;;N/A;;id1004694569855770
17/04/2026;17:15;Besta deild;Stjarnan Gardabae;FH Hafnarfjordur;16/04/2026 06:59;1.4;16/04/2026 06:59;1.4;id1000018868194588
17/04/2026;17:30;Serie B;22 de Julio;Cumbaya FC;N/A;;N/A;;id1001502770350942
17/04/2026;18:00;Segunda Division;Plaza Colonia;Paysandu FC;N/A;;N/A;;id1000190870819220
17/04/2026;18:00;Liga Prom;Rayados De Chiriqui;Veraguas United FC B;N/A;;N/A;;id1001949070839474
17/04/2026;18:00;Primera A, Apertura;Boyaca Chico FC;Deportivo Cali;13/04/2026 15:30;2.0;17/04/2026 19:43;2.2;id1002707067698080
17/04/2026;18:00;Primera A, Apertura;Jaguares de Cordoba;AD Pasto;13/04/2026 15:30;1.83;17/04/2026 18:08;1.9;id1002707067698078
17/04/2026;18:00;U20 Catarinense, Serie A;Concordia SC;Criciuma EC SC;N/A;;N/A;;id1004688169688476
17/04/2026;19:00;LigaPro Primera A;Leones Futbol Club;SD Aucas;14/04/2026 18:37;2.1;17/04/2026 21:11;2.1;id1000024068687568
17/04/2026;19:30;Segunda Division;Paraguari AC;Encarnacion FC;N/A;;N/A;;id1000125470806150
17/04/2026;20:00;Segunda Division;Barquisimeto SC;Academia Puerto Cabello B;N/A;;N/A;;id1001730270817516
17/04/2026;20:00;Paranaense, 2. Divisao;Araucaria EC PR;Parana Clube PR;N/A;;N/A;;id1003943968641224
17/04/2026;20:00;Brasileiro Serie A2, Women;Rio Negro RR;Itacoatiara FC AM;N/A;;N/A;;id1003203968971676
17/04/2026;20:00;MLS Next Pro;Toronto FC II;Philadelphia Union II;N/A;;N/A;;id1003647968156496
17/04/2026;20:00;Liga de Expansion MX, Clausura;Atlante FC;Club Atletico La Paz;N/A;;N/A;;id1002738466919554
17/04/2026;20:00;Primera B;CA Excursionistas;Arsenal de Sarandi;17/04/2026 03:56;2.25;17/04/2026 10:22;2.1;id1000134767119242
17/04/2026;20:00;Primera Division;Albion FC;Central Espanol FC;12/04/2026 16:21;2.1;17/04/2026 20:03;1.83;id1000027870629740
17/04/2026;20:30;National League;Cashmere Technical;Northern AFC;N/A;;N/A;;id1000059469463234
17/04/2026;20:30;Liga Profesional;Union de Santa Fe;Newell's Old Boys;05/04/2026 19:28;2.2;17/04/2026 20:03;2.2;id1000015567091934
17/04/2026;20:35;Torneo Federal A;CS Belgrano;Douglas Haig;17/04/2026 13:04;2.37;17/04/2026 15:19;2.25;id1003010669614134
17/04/2026;21:00;Primera B;CSD Rangers;Union Espanola;N/A;;N/A;;id1000124068097840
17/04/2026;21:00;Primera B;Internacional FC De Palmira;Boca Juniors de Cali;N/A;;N/A;;id1000123868129106
17/04/2026;21:00;Primera Division;Deportes Limache;Universidad de Concepcion;N/A;;N/A;;id1002766567681832
17/04/2026;21:30;Segunda Division;CA Atenas de San Carlos;Tacuarembo FC;N/A;;N/A;;id1000190870802192
17/04/2026;21:30;South Australia NPL, Reserves, Women;Metrostars Reserve;Ffsa Ntc Reserve;N/A;;N/A;;id1004566368050960
17/04/2026;21:30;National League;Tauranga City AFC;Auckland City FC;N/A;;N/A;;id1000059469460530
17/04/2026;21:30;LigaPro Primera A;CS Emelec;Guayaquil City FC;N/A;;N/A;;id1000024068687564
17/04/2026;21:45;National League;Dunedin City Royals FC;Nomads United AFC;N/A;;N/A;;id1000059469463232
17/04/2026;22:00;Liga de Expansion MX, Clausura;CF Correcaminos UAT;Alebrijes de Oaxaca FC;N/A;;N/A;;id1002738466919558
17/04/2026;22:00;Liga MX, Clausura;Atletico San Luis;Pumas UNAM;N/A;;N/A;;id1002746666856136
17/04/2026;22:00;Torneo Federal A;Juventud Antoniana;CA Bartolome Mitre;N/A;;N/A;;id1003010669614626
17/04/2026;22:00;Liga MX, Clausura;Mazatlan FC;Queretaro FC;N/A;;N/A;;id1002746666856138
17/04/2026;22:00;Int. Friendly Games W;USA;Japan;N/A;;N/A;;id1000085268849270
17/04/2026;22:15;Liga Prom;Panama City FC;Champions FC Academy;N/A;;N/A;;id1001949070839410
17/04/2026;22:15;U23 Victoria Premier League 1;North Sunshine Eagles FC;Melbourne Victory FC;N/A;;N/A;;id1004567568160870
17/04/2026;22:45;South Australia NPL, Reserves, Women;Adelaide Comets FC Reserves;Flinders United Wfc Reserves;N/A;;N/A;;id1004566368050956
17/04/2026;23:00;Northern NSW NPL, Reserves;Edgeworth FC Reserve;Charlestown Azzurri FC Reserve;N/A;;N/A;;id1004577167808410
17/04/2026;23:00;Northern NSW League One, Reserves;New Lambton FC Reserves;West Wallsend SFC Reserve;N/A;;N/A;;id1004577367808628
17/04/2026;23:00;MLS Next Pro;Tacoma Defiance;Saint Louis City SC 2;N/A;;N/A;;id1003647968156500
17/04/2026;23:00;Primera Division, Women;Chorotega FC;ADFF Pococi;N/A;;N/A;;id1004242168126782
17/04/2026;23:00;Victoria NPL, Women;Avondale FC;Heidelberg United FC;N/A;;N/A;;id1001690468162318
17/04/2026;23:00;Primera Division, Women;CS Herediano;Dimas Escazu;N/A;;N/A;;id1004242168126786
17/04/2026;23:00;National League;Christchurch United FC;Wanaka AFC;N/A;;N/A;;id1000059469463236
17/04/2026;23:00;Primera Division, Clausura;Municipal Liberia;CS Cartagines;N/A;;N/A;;id1002709466443288
17/04/2026;23:00;National League;Upper Hutt City FC;Napier City Rovers AFC;N/A;;N/A;;id1000059469462564
17/04/2026;23:15;South Australia NPL, Reserves, Women;Modbury Vista Reserves;West Adelaide Reserve;N/A;;N/A;;id1004566368050958
17/04/2026;23:15;Tasmania Northern Championship;Riverside Olympic FC 2;Launceston United SC 2;N/A;;N/A;;id1004671668683178
17/04/2026;23:30;U23 NSW NPL, Women;NWS Spirit FC;Illawarra Stingrays;N/A;;N/A;;id1003331367694186
17/04/2026;23:30;K-League 1 SRL;Gangwon FC SRL;Jeonbuk Hyundai Motors SRL;N/A;;N/A;;id1003622570750502
17/04/2026;23:30;MLS;Vancouver Whitecaps FC;Sporting Kansas City;N/A;;N/A;;id1000024266299006
17/04/2026;23:30;U23 Capital NPL;O'Connor Knights SC;Canberra Juventus FC;N/A;;N/A;;id1004990869195766
17/04/2026;23:30;K-League 1 SRL;Bucheon FC Srl;Incheon United FC SRL;N/A;;N/A;;id1003622570750506
17/04/2026;23:30;U23 Victoria Premier League 1;Langwarrin SC;FC Bulleen Lions;N/A;;N/A;;id1004567568160872
17/04/2026;23:30;K-League 1 SRL;FC Seoul SRL;Daejeon Citizen FC (Srl);N/A;;N/A;;id1003622570750504
17/04/2026;23:30;K-League 1 SRL;Jeju United FC (Srl);Gimcheon Sangmu (Srl);N/A;;N/A;;id1003622570750508
17/04/2026;23:30;U20 Victoria NPL, Women;Melbourne City U20;Bentleigh Greens SC U20;N/A;;N/A;;id1004568168159752
17/04/2026;23:30;U20 Victoria NPL, Women;Alamein FC U20;Box Hill United FC U20;N/A;;N/A;;id1004568168159750
17/04/2026;23:30;South Australia State League 1, Reserves;Eastern United Reserve;Adelaide Croatia Raiders SC Reserve;N/A;;N/A;;id1004565370673438
17/04/2026;23:45;U23 Capital NPL;Canberra White Eagles FC;Canberra Olympic FC;N/A;;N/A;;id1004990869195768
17/04/2026;23:45;U23 Capital NPL;Queanbeyan City FC;Tigers FC;N/A;;N/A;;id1004990869195770
17/04/2026;23:45;U20 Victoria NPL, Women;Keilor Park SC U20;Preston Lions FC U20;N/A;;N/A;;id1004568168159754
17/04/2026;23:45;U23 Capital NPL;Brindabella Blues FC;Canberra Croatia FC;N/A;;N/A;;id1004990869195772
17/04/2026;23:45;South Australia NPL, Reserves;Croydon Kings FC Reserve;West Torrens Birkalla Reserve;N/A;;N/A;;id1004564968049986
18/04/2026;00:00;National League;Wellington Phoenix FC Reserve;Miramar Rangers;N/A;;N/A;;id1000059469462568
18/04/2026;00:00;Liga de Expansion MX, Clausura;CSD Dorados Sinaloa;CD Tapatio;N/A;;N/A;;id1002738466919550
18/04/2026;00:00;National League;Bay Olympic;East Coast Bays;N/A;;N/A;;id1000059469460788
18/04/2026;00:00;U23 Queensland NPL;Magic United TFA;Eastern Suburbs;N/A;;N/A;;id1004553367905152
18/04/2026;00:00;National League;Melville United AFC;Birkenhead United AFC;N/A;;N/A;;id1000059469460536
18/04/2026;00:00;South Australia State League 2, Reserves;Adelaide Titans FC Reserve;Noarlunga United Reserve;N/A;;N/A;;id1004565568050668
18/04/2026;00:00;U23 Victoria NPL;Bentleigh Greens SC;Preston Lions FC;N/A;;N/A;;id1004567368161258
18/04/2026;00:00;NSW League One;South Coast Flame FC;Newcastle Jet U23;N/A;;N/A;;id1003331567694550
18/04/2026;00:00;South Australia NPL, Reserves;Sturt Lions Reserve;Adelaide City FC Reserve;N/A;;N/A;;id1004564968049988
18/04/2026;00:15;National League;Petone FC;Waterside Karori;N/A;;N/A;;id1000059469462566
18/04/2026;00:15;South Australia State League 1, Reserves;Modbury Jets SC Reserve;Salisbury United Reserve;N/A;;N/A;;id1004565368050258
18/04/2026;00:15;South Australia State League 1, Reserves;Cumberland United Reserve;Fulham United FC Reserve;N/A;;N/A;;id1004565368050260
18/04/2026;00:15;South Australia State League 2, Reserves;Gawler Easgles SC;Salisbury United Reserve 2;N/A;;N/A;;id1004565568050490
18/04/2026;00:15;South Australia State League 2, Reserves;Mount Barker United SC Reserve;Ghan United Reserves;N/A;;N/A;;id1004565568050672
18/04/2026;00:15;South Australia State League 2, Reserves;Adelaide Hills Reserves;Western Strikers Reserve;N/A;;N/A;;id1004565568050670
18/04/2026;00:15;South Australia State League 2, Reserves;Elizabeth Grove Reserve;Elizabeth Downs SC Reserve;N/A;;N/A;;id1004565568050488
18/04/2026;00:15;South Australia State League 2, Reserves;Vipers FC Reserves;Adelaide University SC Reserves;N/A;;N/A;;id1004565568050674
18/04/2026;00:15;South Australia NPL, Reserves;Para Hills Knights SC Reserve;Campbelltown City SC Reserve;N/A;;N/A;;id1004564968049990
18/04/2026;00:30;South Australia State League 1, Reserves;Adelaide Olympic FC Reserve;Adelaide Atletico Victory Reserves;N/A;;N/A;;id1004565368050262
18/04/2026;00:30;South Australia NPL, Reserves, Women;Campbelltown City SC Reserves;Adelaide University FC Reserve;N/A;;N/A;;id1004566368050964
18/04/2026;00:45;National League;Island Bay United;Western Suburbs FC;N/A;;N/A;;id1000059469462570
18/04/2026;00:45;U20 Victoria NPL, Women;FC Bulleen Lions U20;South Melbourne FC U20;N/A;;N/A;;id1004568168159756
18/04/2026;00:45;South Australia State League 2, Reserves;Pontian Eagles SC Reserve;Northern Demons Reserve;N/A;;N/A;;id1004565568050494
18/04/2026;00:45;South Australia State League 2, Reserves;Modbury Vista Reserve;Port Adelaide Reserve;N/A;;N/A;;id1004565568050492
18/04/2026;01:00;J.League 2;Hokkaido Consadole Sapporo;Matsumoto Yamaga FC;N/A;;N/A;;id1000040267648082
18/04/2026;01:00;Northern NSW League One;New Lambton FC;West Wallsend SFC;N/A;;N/A;;id1003234367807554
18/04/2026;01:00;J.League;Yokohama F Marinos;Kawasaki Frontale;N/A;;N/A;;id1000019667645494
18/04/2026;01:00;Northern NSW NPL;Edgeworth FC;Charlestown Azzurri FC;N/A;;N/A;;id1000163867807334
18/04/2026;01:00;Victoria, NPL;Hume City;ST Albans Saints Dinamo SC;N/A;;N/A;;id1000127568160034
18/04/2026;01:00;Nadeshiko League, Div. 1, Women;AS Harima Albion;Okayama Yunogo Belle;N/A;;N/A;;id1000252968728588
18/04/2026;01:30;Northern NSW NPL, Reserves;Maitland FC Reserve;Lambton Jaffas FC Reserve;N/A;;N/A;;id1004577167808412
18/04/2026;01:30;Northern NSW League One, Reserves;South Cardiff FC Reserve;Singleton Strikers FC Reserves;N/A;;N/A;;id1004577367808632
18/04/2026;01:30;Northern NSW League One, Reserves, Women;Adamstown Rosebud Jfc Reserve;Broadmeadow Magic FC Reserve;N/A;;N/A;;id1004577567808870
18/04/2026;01:30;U23 Western Australia NPL;Perth Glory FC;Sorrento FC;N/A;;N/A;;id1004992669115696
18/04/2026;01:30;Northern NSW League One, Reserves;Lake Macquarie City FC Reserve;Newcastle Croatia FC Reserve;N/A;;N/A;;id1004577367808630
18/04/2026;01:30;Northern NSW NPL, Reserves;Valentine FC Reserve;Adamstown Rosebud FC Reserve;N/A;;N/A;;id1004577167808414
18/04/2026;01:30;Tasmania Southern Championship;South East United 2;University of Tasmania;N/A;;N/A;;id1004671870068062
18/04/2026;01:30;Tasmania Northern Championship;Northern Rangers;Burnie United;N/A;;N/A;;id1004671668683172
18/04/2026;01:30;Tasmania Southern Championship;Taroona;Clarence Zebras FC 2;N/A;;N/A;;id1004671868686506
18/04/2026;01:30;Tasmania Southern Championship;Hobart City FC;Hobart United FC;N/A;;N/A;;id1004671868686508
18/04/2026;01:30;Tasmania NPL;Kingborough Lions United FC;Glenorchy Knights FC;N/A;;N/A;;id1000162668680038
18/04/2026;01:30;Tasmania Super League, Women;Launceston City;Devonport City SC;N/A;;N/A;;id1003236568686904
18/04/2026;01:30;Tasmania NPL;Ulverstone SC;South Hobart FC;N/A;;N/A;;id1000162668680036
18/04/2026;01:30;Tasmania NPL;Riverside Olympic FC;Launceston United SC;N/A;;N/A;;id1000162668680034
18/04/2026;01:40;J.League 2;Renofa Yamaguchi;Kagoshima United;N/A;;N/A;;id1000040267648400
18/04/2026;02:00;Victoria NPL, Women;Melbourne City Youth;Bentleigh Greens SC;N/A;;N/A;;id1001690468162324
18/04/2026;02:00;Western Australia State League 2, Reserves;Morley Windmills SC Reserves;Kalamunda City FC Reserves;N/A;;N/A;;id1004993070913880
18/04/2026;02:00;Victoria Premier League, Women;Manningham United Blues FC;FC Clifton Hill;N/A;;N/A;;id1004567168161956
18/04/2026;02:00;WK-League;Hwacheon KSPO FC;Mungyeong Sangmu Wfc;N/A;;N/A;;id1000177269976230
18/04/2026;02:00;K3 League;Jeonbuk FC II;FC Gangneung;N/A;;N/A;;id1001512368916236
18/04/2026;02:00;U23 Western Australia NPL;Balcatta Etna FC;Bayswater City SC;N/A;;N/A;;id1004992669115704
18/04/2026;02:00;U23 Western Australia NPL;Olympic Kingsway SC;Perth SC;N/A;;N/A;;id1004992669115698
18/04/2026;02:00;Nadeshiko League, Div. 1, Women;Sfida Setagaya FC;NGU Loveledge Nagoya;N/A;;N/A;;id1000252968728590
18/04/2026;02:00;Western Australia State League 2, Reserves;Carramar Shamrock Rovers Reserves;Wembley Downs SC Reserves;N/A;;N/A;;id1004993069768530
18/04/2026;02:00;Western Australia State League 2, Reserves;Ashfield SC Reserves;Forrestfield United SC Reserve;N/A;;N/A;;id1004993069768528
18/04/2026;02:00;Western Australia State League 1, Reserves;Gwelup Croatia SC Reserves;Mandurah City FC Reserves;N/A;;N/A;;id1004992869768124
18/04/2026;02:00;Western Australia State League 1, Reserves;Uwa Nedlands FC Reserves;Kingsley Westside FC;N/A;;N/A;;id1004992869768128
18/04/2026;02:00;U23 Victoria Premier League 1;North Geelong Warriors FC;Brunswick Juventus FC;N/A;;N/A;;id1004567568160876
18/04/2026;02:00;China Super League SRL;Dalian Young Boy FC SRL;Henan Jianye SRL;N/A;;N/A;;id1003622770750466
18/04/2026;02:00;NPL Western Australia, Women;Hyundai NTC;Subiaco AFC;N/A;;N/A;;id1003236969767338
18/04/2026;02:00;U23 Western Australia NPL;Western Knights SC;Armadale SC;N/A;;N/A;;id1004992669115706
18/04/2026;02:00;NSW League One, Women;South Coast Flame FC;Newcastle Jets Youth;N/A;;N/A;;id1003248367693874
18/04/2026;02:00;U23 Victoria NPL;Dandenong City SC;Green Gully SC;N/A;;N/A;;id1004567368161260
18/04/2026;02:00;Victoria Premier League 2;Werribee City FC;Moreland City FC;N/A;;N/A;;id1000176068161646
18/04/2026;02:00;U23 Queensland Premier League 1;Caboolture Sports FC;St George Willawong;N/A;;N/A;;id1004553567905766
18/04/2026;02:00;Victoria Premier League 1;North Sunshine Eagles FC;Melbourne Victory;N/A;;N/A;;id1003236768160500
18/04/2026;02:00;NSW Premier League, Women;NWS Spirit FC;Illawarra Stingrays;N/A;;N/A;;id1003235167692542
18/04/2026;02:00;U23 Western Australia NPL;Stirling Macedonia FC;Fremantle City FC;N/A;;N/A;;id1004992669115702
18/04/2026;02:00;Victoria Premier League 2;Bayside Argonauts FC;Keilor Park SC;N/A;;N/A;;id1000176068161644
18/04/2026;02:00;China Super League SRL;Shanghai Shenhua SRL;Liaoning Tieren FC Srl;N/A;;N/A;;id1003622770750468
18/04/2026;02:00;Western Australia State League 1, Reserves;Cockburn City SC Reserves;Curtin University SC Reserves;N/A;;N/A;;id1004992869768120
18/04/2026;02:00;Capital NPL 1;Brindabella Blues FC;Canberra Croatia FC;N/A;;N/A;;id1000126069194870
18/04/2026;02:00;Victoria NPL, Women;Alamein FC;Box Hill United;N/A;;N/A;;id1001690468162320
18/04/2026;02:00;U23 Victoria Premier League 1;FC Melbourne Srbija;Eltham Redbacks FC;N/A;;N/A;;id1004567568160874
18/04/2026;02:00;Western Australia State League 1, Reserves;Subiaco AFC Reserve;Inglewood United Reserves;N/A;;N/A;;id1004992869768122
18/04/2026;02:00;Western Australia State League 2, Reserves;East Perth FC Reserve;Canning City FC Reserves;N/A;;N/A;;id1004993069768534
18/04/2026;02:00;WK-League;Gyeongju FC;Gangjin Swans WFC;N/A;;N/A;;id1000177269976228
18/04/2026;02:00;Western Australia State League 2, Reserves;Balga SC Reserve;Rockingham City FC Reserves;N/A;;N/A;;id1004993069768536
18/04/2026;02:00;Western Australia State League 1, Reserves;Floreat Athena FC Reserves;Murdoch University Melville FC Reserves;N/A;;N/A;;id1004992869768126
18/04/2026;02:00;J.League 2;Tokushima Vortis;Zweigen Kanazawa;N/A;;N/A;;id1000040267648248
18/04/2026;02:00;J.League 2;Nara Club;Kamatamare Sanuki;N/A;;N/A;;id1000040267648246
18/04/2026;02:00;Victoria, NPL;Avondale FC;Melbourne City FC 2;N/A;;N/A;;id1000127568160038
18/04/2026;02:00;Capital NPL 1;Canberra White Eagles FC;Canberra Olympic;N/A;;N/A;;id1000126069194872
18/04/2026;02:00;South Australia NPL, Reserves;North Eastern Metrostars SC Reserves;FK Beograd Reserve;N/A;;N/A;;id1004564968049992
18/04/2026;02:00;Victoria Premier League, Women;Brunswick Juventus FC;Banyule City SC;N/A;;N/A;;id1004567168161954
18/04/2026;02:00;K-League 1;FC Seoul;Daejeon Citizen FC;N/A;;N/A;;id1000041067817620
18/04/2026;02:00;South Australia State League 1, Reserves;The Cove FC Reserves;South Adelaide Reserve;N/A;;N/A;;id1004565368050264
18/04/2026;02:00;J.League 2;Shonan Bellmare;Thespakusatsu;N/A;;N/A;;id1000040267647922
18/04/2026;02:00;K-League 1;Gangwon FC;Jeonbuk FC;N/A;;N/A;;id1000041067817618
18/04/2026;02:00;J.League 2;Ventforet Kofu;Fujieda MYFC;N/A;;N/A;;id1000040267648084
18/04/2026;02:00;Queensland NPL;Magic United Tfa;Eastern Suburbs FC;N/A;;N/A;;id1000126867878194
18/04/2026;02:00;J.League;Kashima Antlers;Urawa Red Diamonds;N/A;;N/A;;id1000019667645498
18/04/2026;02:00;J.League 2;Albirex Niigata;FC Imabari;N/A;;N/A;;id1000040267648244
18/04/2026;02:00;Capital NPL 1;O'Connor Knights FC;Canberra Juventus FC;N/A;;N/A;;id1000126069194874
18/04/2026;02:00;K-League 2;Busan I Park;Suwon FC;N/A;;N/A;;id1000077768046444
18/04/2026;02:00;Capital NPL 1;Queanbeyan City FC;Tigers FC;N/A;;N/A;;id1000126069194876
18/04/2026;02:00;A-League;Wellington Phoenix FC;Western Sydney Wanderers;N/A;;N/A;;id1000013663684725
18/04/2026;02:00;J.League 2;Vegalta Sendai;Tochigi City FC;N/A;;N/A;;id1000040267647920
18/04/2026;02:00;Victoria NPL, Women;Keilor Park SC;Preston Lions;N/A;;N/A;;id1001690468162322
18/04/2026;02:00;J.League;Sanfrecce Hiroshima;V-Varen Nagasaki;N/A;;N/A;;id1000019667644924
18/04/2026;02:00;J.League 2;RB Omiya Ardija;Jubilo Iwata;N/A;;N/A;;id1000040267648086
18/04/2026;02:00;K-League 2;Gyeongnam FC;Suwon Bluewings;N/A;;N/A;;id1000077768046446
18/04/2026;02:15;South Australia State League 2, Reserves;Angle Vale Reserve;Barossa United Reserve;N/A;;N/A;;id1004565568050496
18/04/2026;02:15;Victoria Premier League 2;Springvale White Eagles;Goulburn Valley Suns;N/A;;N/A;;id1000176068161648
18/04/2026;02:15;South Australia State League 2, Reserves;Seaford Rangers FC Reserves;Plympton FC Reserve;N/A;;N/A;;id1004565568050676
18/04/2026;02:30;South Australia State League 2;Vipers FC;Adelaide University SC;N/A;;N/A;;id1004564168049384
18/04/2026;02:30;South Australia State League 2;Mount Barker United SC;Ghan Kilburn SC;N/A;;N/A;;id1004564168049382
18/04/2026;02:30;South Australia State League 2;Adelaide Titans FC;Noarlunga United;N/A;;N/A;;id1004564168049380
18/04/2026;02:30;South Australia State League 2;Gawler Eagles SC;Salisbury International SC;N/A;;N/A;;id1004564168049150
18/04/2026;02:30;South Australia State League 2;Elizabeth Grove;Elizabeth Downs SC;N/A;;N/A;;id1004564168049148
18/04/2026;02:30;South Australia State League 2;Adelaide Hills;Western Strikers;N/A;;N/A;;id1004564168049378
18/04/2026;02:30;South Australia NPL;Sturt Lions;Adelaide City FC;N/A;;N/A;;id1000125868048826
18/04/2026;02:30;South Australia NPL;Para Hills Knights SC;Campbelltown City SC;N/A;;N/A;;id1000125868048828
18/04/2026;02:30;South Australia State League 1;Modbury Jets SC;Salisbury United;N/A;;N/A;;id1003395468051566
18/04/2026;02:30;U23 Queensland Premier League 1;North Star;Ipswich FC;N/A;;N/A;;id1004553567905632
18/04/2026;02:30;South Australia State League 1;Cumberland United;Fulham United FC;N/A;;N/A;;id1003395468051568
18/04/2026;02:30;National League;Western Springs AFC;Auckland United FC;N/A;;N/A;;id1000059469460540
18/04/2026;02:45;U23 Queensland Premier League 1;Broadbeach United;Brisbane Strikers;N/A;;N/A;;id1004553567905636
18/04/2026;02:45;U23 Queensland Premier League 1;Redlands United;Robina City;N/A;;N/A;;id1004553567905638
18/04/2026;02:45;U23 Victoria NPL;Caroline Springs George Cross FC;Heidelberg United FC;N/A;;N/A;;id1004567368161262
18/04/2026;02:45;South Australia NPL, Women;Modbury Vista;West Adelaide;N/A;;N/A;;id1001834068049782
18/04/2026;03:00;South Australia State League 2;Pontian Eagles SC;Northern Demons;N/A;;N/A;;id1004564168049156
18/04/2026;03:00;U23 Victoria NPL;Altona Magic SC;Dandenong Thunder FC;N/A;;N/A;;id1004567368161264
18/04/2026;03:00;U23 Queensland NPL;Wynnum Wolves FC;Gold Coast Knights FC;N/A;;N/A;;id1004553367905154
18/04/2026;03:00;Victoria NPL, Women;FC Bulleen Lions;South Melbourne FC;N/A;;N/A;;id1001690468162326
18/04/2026;03:00;J.League;Tokyo Verdy;JEF United Chiba;N/A;;N/A;;id1000019667645500
18/04/2026;03:15;U23 Victoria NPL;Hume City FC;ST Albans Saints Dinamo SC;N/A;;N/A;;id1004567368161266
18/04/2026;03:15;South Australia NPL, Reserves;Adelaide Comets Reserves;Playford City Reserve;N/A;;N/A;;id1004564968049994
18/04/2026;03:30;National League;Fencibles United FC;Auckland FC Reserves;N/A;;N/A;;id1000059469460546
18/04/2026;03:30;Northern Territory Premier League, Reserves;Casuarina FC Reserves;Port Darwin FC Reserves;N/A;;N/A;;id1004994470549408
18/04/2026;03:30;National League;Manukau United FC;Eastern Suburbs AFC;N/A;;N/A;;id1000059469460550
18/04/2026;03:30;NSW League One;Macarthur Rams;Bull FC Academy;N/A;;N/A;;id1003235567691532
18/04/2026;03:30;Northern NSW League One;Lake Macquarie City FC;Newcastle Croatia FC;N/A;;N/A;;id1003234367807556
18/04/2026;03:30;Northern NSW League One;South Cardiff FC;Singleton Strikers FC;N/A;;N/A;;id1003234367807558
18/04/2026;03:30;Northern NSW Premier League, Women;Adamstown Rosebud JFC;Broadmeadow Magic FC;N/A;;N/A;;id1003236367807806
18/04/2026;03:30;NSW League One;Northern Tigers;Hurstville FC;N/A;;N/A;;id1003235567691534
18/04/2026;03:30;Northern Territory Premier League;Garuda FC;Darwin Olympic SC;N/A;;N/A;;id1004994070057564
18/04/2026;03:30;Western Australia State League 2, Reserves;North Beach SC Reserves;Gosnells City FC Reserves;N/A;;N/A;;id1004993069768538
18/04/2026;03:30;Northern NSW NPL;Maitland FC;Lambton Jaffas FC;N/A;;N/A;;id1000163867807336
18/04/2026;03:30;FA Cup;Shanghai Zetian;Changchun Xidu;N/A;;N/A;;id1000088269970958
18/04/2026;03:30;NSW League One;Hakoah;Western City Rangers FC;N/A;;N/A;;id1003235567691530
18/04/2026;03:30;Northern NSW NPL;Valentine FC;Adamstown Rosebud FC;N/A;;N/A;;id1000163867807338
18/04/2026;03:45;Tasmania Northern Championship;Ulverstone SC 2;Somerset;N/A;;N/A;;id1004671670395770
18/04/2026;03:45;Tasmania Super League, Women;Riverside Olympic;Launceston United;N/A;;N/A;;id1003236568686908
18/04/2026;03:45;Tasmania Super League, Women;Kingborough Lions United FC;South Hobart FC;N/A;;N/A;;id1003236568686906
18/04/2026;03:45;Tasmania NPL;Launceston City FC;Clarence Zebras FC;N/A;;N/A;;id1000162668680040
18/04/2026;04:00;NSW League One;Newcastle Jets Youth;Rydalmere Lions FC;N/A;;N/A;;id1003235567691538
18/04/2026;04:00;Western Australia State League 1;Floreat Athena;Murdoch University Melville FC;N/A;;N/A;;id1004672069767556
18/04/2026;04:00;NSW League One;Dulwich Hill;Canterbury Bankstown FC;N/A;;N/A;;id1003235567691540
18/04/2026;04:00;NSW NPL 1;University of Nsw;Western Sydney Youth;N/A;;N/A;;id1000127467690790
18/04/2026;04:00;Western Australia State League 2;Morley Windmills SC;Kalamunda City FC;N/A;;N/A;;id1004992470913884
18/04/2026;04:00;Queensland Premier League 2;Caloundra FC;SWQ Thunder FC;N/A;;N/A;;id1003395067904110
18/04/2026;04:00;U23 Western Australia NPL;Dianella White Eagles SC U23;Perth Redstar FC;N/A;;N/A;;id1004992669115700
18/04/2026;04:00;FA Cup;Wuhan Lianzhen FC;Xiamen Feilu;N/A;;N/A;;id1000088269971136
18/04/2026;04:00;Western Australia State League 2;Ashfield SC;Forrestfield United;N/A;;N/A;;id1004992469767856
18/04/2026;04:00;FA Cup;Beijing Pengrui;Guizhou Guiyang Athletic;N/A;;N/A;;id1000088269971042
18/04/2026;04:00;U20 NSW NPL;St George City FA;Marconi Stallions FC;N/A;;N/A;;id1003235367692982
18/04/2026;04:00;Queensland NPL;Peninsula Power FC;Moreton City Excelsior FC;N/A;;N/A;;id1000126867878196
18/04/2026;04:00;China League 1;Yanbian Longding;Ningbo Professional FC;N/A;;N/A;;id1000078269455194
18/04/2026;04:00;NSW League Two;Sydney University SFC;Central Coast United FC;N/A;;N/A;;id1003235767692184
18/04/2026;04:00;NSW League One;Inter Lions FC;Central Coast Mariners Academy;N/A;;N/A;;id1003235567691542
18/04/2026;04:00;NSW League Two;South Coast Flame FC;Fraser Park FC;N/A;;N/A;;id1003235767692180
18/04/2026;04:00;Western Australia State League 2;North Beach SC;Gosnells City FC;N/A;;N/A;;id1004992469767866
18/04/2026;04:00;Queensland Premier League 2;Samford Rangers;Southside Eagles;N/A;;N/A;;id1003395067904108
18/04/2026;04:00;NSW League Two;Bankstown United FC;Parramatta FC Eagles;N/A;;N/A;;id1003235767692182
18/04/2026;04:00;Western Australia State League 1;Gwelup Croatia SC;Mandurah City;N/A;;N/A;;id1004672069767554
18/04/2026;04:00;Western Australia State League 1, Reserves;Quinns FC Reserve;Joondalop City FC Reserve;N/A;;N/A;;id1004992869768130
18/04/2026;04:00;Victoria Premier League 1;North Geelong Warriors FC;Brunswick Juventus FC;N/A;;N/A;;id1003236768160502
18/04/2026;04:00;Western Australia State League 1;Cockburn City;Curtin University SC;N/A;;N/A;;id1004672069767550
18/04/2026;04:00;Western Australia State League 1;UWA Nedlands FC;Kingsley Westside FC;N/A;;N/A;;id1004672069767558
18/04/2026;04:00;Western Australia NPL;Stirling Macedonia FC;Fremantle City;N/A;;N/A;;id1000127069115164
18/04/2026;04:00;Western Australia State League 2;East Perth FC;Canning City;N/A;;N/A;;id1004992469767862
18/04/2026;04:00;Western Australia State League 2;Balga SC;Rockingham City;N/A;;N/A;;id1004992469767864
18/04/2026;04:00;Western Australia State League 1;Subiaco AFC;Inglewood United;N/A;;N/A;;id1004672069767552
18/04/2026;04:00;Queensland Premier League 1;Caboolture FC;St George Willawong FC;N/A;;N/A;;id1003234167903774
18/04/2026;04:00;J.League;Cerezo Osaka;Kyoto Sanga FC;N/A;;N/A;;id1000019667644926
18/04/2026;04:00;Victoria Premier League 2;Malvern City FC;Nunawading City;N/A;;N/A;;id1000176068161650
18/04/2026;04:00;Turkey Super Lig SRL;Fatih Karagumruk SK Srl;Eyupspor Srl;N/A;;N/A;;id1003222570750442
18/04/2026;04:00;FA Cup;Yulin Mobei Miners FC;Ganzhou Ruishi FC;N/A;;N/A;;id1000088269971128
18/04/2026;04:00;Turkey Super Lig SRL;Kocaelispor Srl;Goztepe SRL;N/A;;N/A;;id1003222570750444
18/04/2026;04:00;Western Australia NPL;Perth Glory FC;Sorrento FC;N/A;;N/A;;id1000127069115170
18/04/2026;04:00;Western Australia NPL;Olympic Kingsway SC;Perth Azzurri;N/A;;N/A;;id1000127069115160
18/04/2026;04:00;NSW NPL 1;SD Raiders FC;St George Saints FC;N/A;;N/A;;id1000127467690792
18/04/2026;04:00;Western Australia NPL;Western Knights SC;Armadale SC;N/A;;N/A;;id1000127069115168
18/04/2026;04:00;Western Australia NPL;Balcatta;Bayswater City;N/A;;N/A;;id1000127069115166
18/04/2026;04:00;1. Liga;FC Ska-Khabarovsk;SK Rotor Volgograd;N/A;;N/A;;id1000020470629762
18/04/2026;04:00;Turkey Super Lig SRL;Genclerbirligi SK SRL;Galatasaray SK SRL;N/A;;N/A;;id1003222570750446
18/04/2026;04:00;J.League 2;FC Ryukyu;Giravanz Kitakyushu;N/A;;N/A;;id1000040267648402
18/04/2026;04:00;Premier League;Tai Po FC;North District FC;N/A;;N/A;;id1000094770813602
18/04/2026;04:00;A-League;Brisbane Roar FC;Melbourne City FC;N/A;;N/A;;id1000013663684727
18/04/2026;04:15;South Australia State League 1, Reserves;Adelaide Cobras Reserves;Adelaide Blue Eagles Reserves;N/A;;N/A;;id1004565368050266
18/04/2026;04:30;China League 1;Shaanxi Union FC;Nantong Zhiyun;N/A;;N/A;;id1000078269455200
18/04/2026;04:30;K-League 1;Jeju SK FC;Gimcheon Sangmu FC;N/A;;N/A;;id1000041067817624
18/04/2026;04:30;South Australia State League 2;Angle Vale;Barossa United;N/A;;N/A;;id1004564168049158
18/04/2026;04:30;South Australia State League 2;Seaford Rangers;Plympton FC;N/A;;N/A;;id1004564168049386
18/04/2026;04:30;NSW NPL 1;NWS Spirit;Sydney United 58 FC;N/A;;N/A;;id1000127467690794
18/04/2026;04:30;Northern Territory Premier League, Women;Litchfield FC;Darwin Olympic SC;N/A;;N/A;;id1004994670058196
18/04/2026;04:30;China League 1;Foshan Nanshi FC;Changchun Yatai;N/A;;N/A;;id1000078269455196
18/04/2026;04:30;South Australia State League, Women;Adelaide City;Adelaide Jaguars;N/A;;N/A;;id1004564768049578
18/04/2026;04:30;K-League 1;Bucheon FC 1995;Incheon United FC;N/A;;N/A;;id1000041067817622
18/04/2026;04:30;K-League 2;Chungbuk Cheongju FC;Gimhae FC;N/A;;N/A;;id1000077768046450
18/04/2026;04:30;K-League 2;Daegu FC;Cheonan City FC;N/A;;N/A;;id1000077768046448
18/04/2026;04:45;South Australia NPL;North Eastern Metrostars SC;FK Beograd;N/A;;N/A;;id1000125868048830
18/04/2026;04:45;Queensland Premier League 1;North Star FC;Ipswich FC;N/A;;N/A;;id1003234167903638
18/04/2026;04:45;South Australia State League 2;Modbury Vista;Port Adelaide Pirates;N/A;;N/A;;id1004564168049160
18/04/2026;05:00;Diski Challenge, Reserves;Stellenbosch FC;Sekhukhune United;N/A;;N/A;;id1004866363514593
18/04/2026;05:00;U19 Premier League;Hapoel Raanana;Hapoel Ako;N/A;;N/A;;id1003619570867716
18/04/2026;05:00;U19 Premier League;Hapoel Rishon Letzion;MS Ashdod;N/A;;N/A;;id1003619570867720
18/04/2026;05:00;U19 Premier League;Maccabi Herzliya;Bnei Yehuda Tel Aviv;N/A;;N/A;;id1003619570867726
18/04/2026;05:00;Queensland Premier League 1;Redlands United FC;Robina City;N/A;;N/A;;id1003234167903644
18/04/2026;05:00;Serie A SRL;Udinese Calcio SRL;Parma Calcio 1913 SRL;N/A;;N/A;;id1003222170750414
18/04/2026;05:00;Diski Challenge, Reserves;TS Galaxy FC;Durban City;N/A;;N/A;;id1004866363514595
18/04/2026;05:00;U19 1st Division;FC Slovan Liberec;FC Zlin;N/A;;N/A;;id1000082266601810
18/04/2026;05:00;Liga 2;CS Dinamo Bucuresti;CSM Slatina;N/A;;N/A;;id1000056269910354
18/04/2026;05:00;U19 DFB Nachwuchsliga;Holstein Kiel;1. FC Heidenheim;N/A;;N/A;;id1002470267206352
18/04/2026;05:00;Queensland Premier League 2;Pine Hills;Taringa Rovers SFC;N/A;;N/A;;id1003395067904114
18/04/2026;05:00;Queensland Premier League 2;Moreton City Excelsior FC 2;Grange Thistle;N/A;;N/A;;id1003395067904112
18/04/2026;05:00;Queensland Premier League 3 Metro;Moggill FC;Springfield United;N/A;;N/A;;id1004552567904386
18/04/2026;05:00;Queensland Premier League 3 Metro;Yeronga Eagles FC;AC Carina;N/A;;N/A;;id1004552567904384
18/04/2026;05:00;Serie A SRL;SSC Napoli SRL;SS Lazio SRL;N/A;;N/A;;id1003222170750416
18/04/2026;05:00;Divize A;FK Tachov;FC Rokycany;N/A;;N/A;;id1004072766605568
18/04/2026;05:00;Queensland Premier League 1;Broadbeach United;Brisbane Strikers FC;N/A;;N/A;;id1003234167903642
18/04/2026;05:00;Victoria, NPL;Caroline Springs George Cross FC;Heidelberg United FC;N/A;;N/A;;id1000127568160042
18/04/2026;05:00;U19 Premier League;Beitar Jerusalem;Hapoel Petah Tikva Nahum;N/A;;N/A;;id1003619570867718
18/04/2026;05:00;Liga 2;AFC Campulung Muscel 2022;CSM Ceahlaul Piatra Neamt;N/A;;N/A;;id1000056269910356
18/04/2026;05:00;U19 Prva NL Juniori;NK Slaven Belupo;NK Samobor;N/A;;N/A;;id1004806062415590
18/04/2026;05:00;Philippines Footb. League;Don Bosco Garelli United;Tuloy FC;N/A;;N/A;;id1000165469796828
18/04/2026;05:00;Diski Challenge, Reserves;Orlando Pirates;AmaZulu;N/A;;N/A;;id1004866363514591
18/04/2026;05:00;Diski Challenge, Reserves;Mamelodi Sundowns;Chippa United FC;N/A;;N/A;;id1004866363514589
18/04/2026;05:00;Liga 2;Asa Targu Mures;CS Gloria 2018 Bistrita-Nasaud;N/A;;N/A;;id1000056269910358
18/04/2026;05:00;U19 Prva NL Juniori;NK Osijek;HNK Sibenik;N/A;;N/A;;id1004806062415584
18/04/2026;05:00;Liga 2;CS Tunari;CSC Dumbravita;N/A;;N/A;;id1000056269910412
18/04/2026;05:00;Liga 2;AFC Metalul Buzau;CSM Politehnica Iasi;N/A;;N/A;;id1000056269910360
18/04/2026;05:00;Serie A SRL;AS Roma SRL;Atalanta BC SRL;N/A;;N/A;;id1003222170750418
18/04/2026;05:00;Liga 2;ACSM Resita;CS Concordia Chiajna;N/A;;N/A;;id1000056269910416
18/04/2026;05:00;Liga 2;ACS FC Bacau;CS Afumati;N/A;;N/A;;id1000056269910418
18/04/2026;05:00;Liga 2;Csm Olimpia Satu Mare;CSC 1599 Selimbar;N/A;;N/A;;id1000056269910414
18/04/2026;05:15;Divize D;FC Kurim;FC Slovan Havlickuv Brod;N/A;;N/A;;id1004073366053942
18/04/2026;05:15;FNL;MFK Chrudim;FC Vlasim;N/A;;N/A;;id1000020561326559
18/04/2026;05:15;CFL;N. Byskovice;FK Teplice B;N/A;;N/A;;id1001415166614010
18/04/2026;05:15;Divize B;SK Ujezd Praha 4;SK Steti;N/A;;N/A;;id1004072966606248
18/04/2026;05:15;Divize A;FK Krimice;SK Petrin Plzen B;N/A;;N/A;;id1004072766605560
18/04/2026;05:15;Divize B;Tj Spoje Praha;FC Chomutov;N/A;;N/A;;id1004072966606246
18/04/2026;05:15;Divize C;Horni Redice;FK Prepere;N/A;;N/A;;id1004073166606482
18/04/2026;05:15;Divize C;Brandys Nad Labem;Vysoke Myto;N/A;;N/A;;id1004073166606480
18/04/2026;05:15;Divize F;FC Irp Cesky Tesin;FC Vratimov;N/A;;N/A;;id1004073766054406
18/04/2026;05:15;CFL;SK Aritma Prague;Dukla Prague B;N/A;;N/A;;id1001415166613680
18/04/2026;05:15;Queensland Premier League 3 Metro;Newmarket SFC;North Brisbane FC;N/A;;N/A;;id1004552567904388
18/04/2026;05:15;Victoria, NPL;Altona Magic SC;Dandenong Thunder;N/A;;N/A;;id1000127568160046
18/04/2026;05:15;Victoria Premier League 1;FC Melbourne Srbija;Eltham Redbacks FC;N/A;;N/A;;id1003236768160504
18/04/2026;05:30;Divize B;FK Usti Nad Labem II;FC Slavia Karlovy Vary;N/A;;N/A;;id1004072966606242
18/04/2026;05:30;U20 NSW Premier League 2;Hakoah Sydney City East FC;Western City Rangers FC;N/A;;N/A;;id1003330767693476
18/04/2026;05:30;Divize D;FC Sparta Brno;TJ Dalnice Sperice;N/A;;N/A;;id1004073366053938
18/04/2026;05:30;Divize C;FC Hlinsko;FK Dobrovice;N/A;;N/A;;id1004073166606494
18/04/2026;05:30;CFL;FK Velke Hamry;FK Banik Most-Sous;N/A;;N/A;;id1001415166614006
18/04/2026;05:30;CFL;SK Dynamo Ceske Budejovice B;SK Kladno;N/A;;N/A;;id1001415166613678
18/04/2026;05:30;Divize A;FK Komarov;FA Povltavska;N/A;;N/A;;id1004072766605554
18/04/2026;05:30;Liga 2;FC Bekasi City;Adhyaksa Farmel FC;N/A;;N/A;;id1002056068646358
18/04/2026;05:30;Liga 2;Persela Lamongan;Persipal FC;N/A;;N/A;;id1002056068646768
18/04/2026;05:30;Divize A;Tj Ligmet Milin;SK Horovice;N/A;;N/A;;id1004072766605558
18/04/2026;05:30;Northern Territory Premier League, Reserves;Azzurri United FC Reserves;Darwin Olympic SC Reserves;N/A;;N/A;;id1004994470549410
18/04/2026;05:30;Divize C;SK Kosmonosy;FK Nachod;N/A;;N/A;;id1004073166606490
18/04/2026;05:30;U20 NSW Premier League 2;Northern Tigers FC;Hurstville FC;N/A;;N/A;;id1003330767693480
18/04/2026;05:30;Northern Territory Premier League;Port Darwin FC;Darwin Hearts FC;N/A;;N/A;;id1004994070057566
18/04/2026;05:30;U20 NSW Premier League 2;Macarthur Rams FC;Bulls FC Academy;N/A;;N/A;;id1003330767693474
18/04/2026;05:30;Liga 1;Arema FC;Persis Solo;N/A;;N/A;;id1000101562083086
18/04/2026;05:30;Divize A;TJ Prestice;FK Slavoj Cesky Krumlov;N/A;;N/A;;id1004072766605556
18/04/2026;05:45;Liga A1;Armed Forces FC;Johor Darul Takzim FC II;N/A;;N/A;;id1004312562204894
18/04/2026;05:45;Liga A1;Kedah Darul Aman;Perak FA;N/A;;N/A;;id1004312567731406
18/04/2026;05:45;South Australia State League, Women;Elizabeth Grove;Modbury Jets;N/A;;N/A;;id1004564768049580
18/04/2026;06:00;U19 Super League;AE Larissa FC;Atromitos Athinon;N/A;;N/A;;id1002638470822056
18/04/2026;06:00;Premier League SRL;Tottenham Hotspur SRL;Brighton & Hove Albion SRL;N/A;;N/A;;id1003221570750378
18/04/2026;06:00;U19 Premier League;Hapoel Kfar Saba;Hapoel Ironi Kiryat Shmona;N/A;;N/A;;id1003619570867732
18/04/2026;06:00;U19 1. Liga;Slovan Bratislava;MSK Zilina;N/A;;N/A;;id1000132761683698
18/04/2026;06:00;Premier League SRL;Newcastle United SRL;AFC Bournemouth SRL;N/A;;N/A;;id1003221570750376
18/04/2026;06:00;U19 1st Division;FK Mlada Boleslav;FC Viktoria Plzen;N/A;;N/A;;id1000082266601820
18/04/2026;06:00;U19 DFB Nachwuchsliga;SG Unterrath;Werder Bremen;N/A;;N/A;;id1002470267208078
18/04/2026;06:00;Primavera 1;Juventus Turin;ACF Fiorentina;N/A;;N/A;;id1000234061537576
18/04/2026;06:00;Srpska Liga;FK Gsp Polet Dorcol;FK T6 Nika;N/A;;N/A;;id1004821366053400
18/04/2026;06:00;U20 NSW Premier League 2;Dulwich Hill;Canterbury Bankstown Berries;N/A;;N/A;;id1003330767693484
18/04/2026;06:00;Queensland Premier League 3 Metro;MT Gravatt Hawks;UQ FC;N/A;;N/A;;id1004552567904390
18/04/2026;06:00;NSW League Two;Bonnyrigg W. E.;Nepean FC;N/A;;N/A;;id1003235767692186
18/04/2026;06:00;Premier League SRL;Leeds United SRL;Wolverhampton Wanderers SRL;N/A;;N/A;;id1003221570750374
18/04/2026;06:00;U19 Super League;AEK Athens;OFI;N/A;;N/A;;id1002638470822054
18/04/2026;06:00;CLJ;Resovia;Stal Rzeszow;N/A;;N/A;;id1000136565310964
18/04/2026;06:00;Premier League;FC Orenburg;Lokomotiv Moscow;N/A;;N/A;;id1000020361952222
18/04/2026;06:00;NSW League Two;Granville Rage;Gladesville Ryde Magic;N/A;;N/A;;id1003235767692188
18/04/2026;06:00;U19 Prva NL Juniori;NK Varazdin;HNK Hajduk Split;N/A;;N/A;;id1004806062415594
18/04/2026;06:00;U19 Division de Honor Juvenil;Elche CF U19;CF Jove Espanol San Vicente U19;N/A;;N/A;;id1004834362941777
18/04/2026;06:00;U19 Prva NL Juniori;NK Rudes;HNK Gorica;N/A;;N/A;;id1004806062415586
18/04/2026;06:00;U19 1. Liga;ZP Sport Podbrezova;MSK Fomat Martin U19;N/A;;N/A;;id1000132761683694
18/04/2026;06:00;Liga 2;AFC Chindia Targoviste;ACS Sepsi OSK Sfantu Gheorghe;N/A;;N/A;;id1000056269910254
18/04/2026;06:00;Primavera 2;Sampdoria Genoa;Calcio Padova;N/A;;N/A;;id1001920262901327
18/04/2026;06:00;Premier League SRL;Chelsea FC SRL;Manchester United FC SRL;N/A;;N/A;;id1003221570750380
18/04/2026;06:00;U19 DFB Nachwuchsliga;TSG Hoffenheim;Bayer 04 Leverkusen;N/A;;N/A;;id1002470267150098
18/04/2026;06:00;U19 DFB Nachwuchsliga;SV Rot-Weiss Walldorf;SC Freiburg;N/A;;N/A;;id1002470267207708
18/04/2026;06:00;U19 DFB Nachwuchsliga;Wacker Burghausen;FC Erzgebirge Aue;N/A;;N/A;;id1002470267207608
18/04/2026;06:00;WE League Cup, Women;Tokyo Verdy Beleza;Sanfrecce Hiroshima Regina;N/A;;N/A;;id1004890570220278
18/04/2026;06:00;U19 1. Liga;MFK Ruzomberok;Spartak Trnava;N/A;;N/A;;id1000132761683696
18/04/2026;06:00;Vorarlberg, Eliteliga;Austria Lustenau II;SV Ludesch;N/A;;N/A;;id1002968461927830
18/04/2026;06:00;U19 DFB Nachwuchsliga;Energie Cottbus;1. FC Cologne;N/A;;N/A;;id1002470267207148
18/04/2026;06:00;U19 European Championship, Women, Qualification;Faroe Islands;Kosovo;N/A;;N/A;;id1000074666708010
18/04/2026;06:00;Primavera 2;Cosenza Calcio;Ternana Calcio;N/A;;N/A;;id1001920262901807
18/04/2026;06:00;1. League Women;MFK Ruzomberok;AS Trencin;N/A;;N/A;;id1001924670745316
18/04/2026;06:00;U19 1. Liga;AS Trencin;FC Kosice;N/A;;N/A;;id1000132761683702
18/04/2026;06:00;U19;FC Kryvbas Kriviy Rih;FC Rukh LVIV;N/A;;N/A;;id1000130761941438
18/04/2026;06:00;U19 DFB Nachwuchsliga;Dynamo Dresden;Chemnitzer FC;N/A;;N/A;;id1002470267207500
18/04/2026;06:00;U19 DFB Nachwuchsliga;Borussia Monchengladbach;Bayern Munich;N/A;;N/A;;id1002470267206554
18/04/2026;06:00;U20 NSW Premier League 2;Inter Lions FC;Central Coast Mariners;N/A;;N/A;;id1003330767693472
18/04/2026;06:00;Premier League SRL;Brentford FC;Fulham FC;N/A;;N/A;;id1003221570750372
18/04/2026;06:00;Primavera 2;Udinese Calcio;Pro Vercelli 1892;N/A;;N/A;;id1001920262901331
18/04/2026;06:00;V-League 2;Bac Ninh;CS. Dong Thap;N/A;;N/A;;id1000077168664000
18/04/2026;06:00;U19 European Championship, Women, Qualification;Romania;Belgium;N/A;;N/A;;id1000074666708658
18/04/2026;06:00;NSW League Two;Dunbar Rovers FC;Inner West Hawks FC;N/A;;N/A;;id1003235767692190
18/04/2026;06:00;U20 NSW NPL;SD Raiders FC;St George FC;N/A;;N/A;;id1003235367692986
18/04/2026;06:00;U20 NSW NPL;University of NSW;Western Sydney Wanderers;N/A;;N/A;;id1003235367692984
18/04/2026;06:00;Western Australia NPL;Dianella White Eagles SC;Perth Redstar FC;N/A;;N/A;;id1000127069115162
18/04/2026;06:00;U20 NSW Premier League 2;Newcastle Jets FC;Rydalmere Lions FC;N/A;;N/A;;id1003330767693478
18/04/2026;06:00;Queensland Premier League 3 Metro;North Lakes United;Ipswich Knights;N/A;;N/A;;id1004552567904392
18/04/2026;06:00;Tasmania Northern Championship;Launceston City FC 2;Devonport City SC 2;N/A;;N/A;;id1004671668683176
18/04/2026;06:00;Western Australia State League 1;Quinns FC;Joondalup City;N/A;;N/A;;id1004672069767560
18/04/2026;06:00;Queensland Pro Series, Women;Caboolture FC;The Gap FC;N/A;;N/A;;id1004991870423432
18/04/2026;06:00;U19 European Championship, Women, Qualification;Greece;Poland;N/A;;N/A;;id1000074666708656
18/04/2026;06:00;Persha Liga;FC Vorskla Poltava;FC Prykarpattya Ivano-Frankivsk;N/A;;N/A;;id1000069161840716
18/04/2026;06:15;U23 Queensland NPL;Peninsula Power;Moreton City Excelsior U23;N/A;;N/A;;id1004553367905156
18/04/2026;06:15;NSW NPL 1;St George City FA;Marconi Stallions;N/A;;N/A;;id1000127467690796
18/04/2026;06:30;Primavera 2;Benevento Calcio;Pisa Calcio;N/A;;N/A;;id1001920262901803
18/04/2026;06:30;U19 1st Division;FC Pardubice;SK Dynamo Ceske Budejovice;N/A;;N/A;;id1000082266601808
18/04/2026;06:30;Esiliiga;Nomme Kalju FC;Maardu Linnameeskond;N/A;;N/A;;id1000067868774098
18/04/2026;06:30;U19 Division de Honor Juvenil;Real Zaragoza;UD Montecarlo;N/A;;N/A;;id1004834362940375
18/04/2026;06:30;South Australia State League 1;Adelaide Cobras;Adelaide Blue Eagles;N/A;;N/A;;id1003395468051572
18/04/2026;06:30;Premier League;Brothers Union;Pwd SC;N/A;;N/A;;id1002782170821406
18/04/2026;06:35;A-League;Sydney FC;Perth Glory FC;N/A;;N/A;;id1000013663684729
18/04/2026;06:45;U20 NSW NPL;NWS Spirit FC;Sydney United 58 FC;N/A;;N/A;;id1003235367692988
18/04/2026;07:00;III Liga, Group 3;BKS Sparta Katowice;Karkonosze Jelenia Gora;N/A;;N/A;;id1002583962036804
18/04/2026;07:00;II Liiga;Viimsi JK II;FC Hiiumaa;N/A;;N/A;;id1004664570590838
18/04/2026;07:00;Tercera Federacion, Group 12;Real Union de Tenerife Santa Cruz;UD Las Palmas C;N/A;;N/A;;id1002604063145939
18/04/2026;07:00;U19 Division de Honor Juvenil;AD Huracan;CD Longuera Toscal;N/A;;N/A;;id1004834362941299
18/04/2026;07:00;II Liiga;FA Tartu Kalev II;Tartu FC Helios;N/A;;N/A;;id1004664570773686
18/04/2026;07:00;III Liga, Group 3;Zaglebie Lubin II;Gornik Zabrze II;N/A;;N/A;;id1002583962036810
18/04/2026;07:00;Premier League;Kolos Kovalivka;LNZ Cherkasy;N/A;;N/A;;id1000021861651594
18/04/2026;07:00;Ligue 1 SRL;Lille OSC SRL;OGC Nice SRL;N/A;;N/A;;id1003222370750396
18/04/2026;07:00;III Liga, Group 4;Cracovia Krakow II;Sokol Kolbuszowa Dolna;N/A;;N/A;;id1002584162036184
18/04/2026;07:00;U19 Division de Honor Juvenil;Cordoba CF;Calavera CF;N/A;;N/A;;id1004834362943499
18/04/2026;07:00;Ligue 1 SRL;Angers SCO SRL;Le Havre AC Srl;N/A;;N/A;;id1003222370750394
18/04/2026;07:00;III Liga, Group 1;Wisla Plock II;GKS Wikielec;N/A;;N/A;;id1002583562038034
18/04/2026;07:00;U19 Elit A;Kocaelispor;Goztepe;N/A;;N/A;;id1002991263039233
18/04/2026;07:00;Premier League;Kitchee;Lee Man FC;N/A;;N/A;;id1000094770813604
18/04/2026;07:00;U19 Division de Honor Juvenil;SD Eibar;Danok Bat;N/A;;N/A;;id1004834362939793
18/04/2026;07:00;CLJ;Wisla Krakow;Slask Wroclaw;N/A;;N/A;;id1000136565310956
18/04/2026;07:00;III Liga, Group 4;Wisla II Krakow;Swidniczanka Swidnik;N/A;;N/A;;id1002584162036198
18/04/2026;07:00;U19 Elit A;Antalyaspor;Konyaspor;N/A;;N/A;;id1002991263039225
18/04/2026;07:00;U19 Elit A;Fatih Karagumruk;Eyupspor;N/A;;N/A;;id1002991263039223
18/04/2026;07:00;Ligue 1 SRL;FC Lorient Srl;Olympique Marseille SRL;N/A;;N/A;;id1003222370750392
18/04/2026;07:00;U19 DFB Nachwuchsliga;Hallescher FC;SV Babelsberg 03;N/A;;N/A;;id1002470267150174
18/04/2026;07:00;CLJ;Polonia Warszawa;Bialystok;N/A;;N/A;;id1000136565310968
18/04/2026;07:00;III Liga, Group 3;Miedz Legnica II;KS Lechia Zielona Gora;N/A;;N/A;;id1002583962036798
18/04/2026;07:00;U19 DFB Nachwuchsliga;RB Leipzig;1. FC Kaiserslautern;N/A;;N/A;;id1002470267206556
18/04/2026;07:00;U19 Allsvenskan;IFK Norrkoping FK;Djurgardens IF;N/A;;N/A;;id1000253968309416
18/04/2026;07:00;U19 Allsvenskan;Malmo FF;Halmstads BK;N/A;;N/A;;id1000253968309420
18/04/2026;07:00;CLJ;Gornik Zabrze;Legia Warszawa;N/A;;N/A;;id1000136565310958
18/04/2026;07:00;U19 Campeonato Nacional;Vitoria Guimaraes;SC Braga;N/A;;N/A;;id1000113367803082
18/04/2026;07:00;U19 Campeonato Nacional;FC Famalicao;Sporting CP;N/A;;N/A;;id1000113367802886
18/04/2026;07:00;U19 Division de Honor Juvenil;CD San Francisco;CF Damm;N/A;;N/A;;id1004834362940395
18/04/2026;07:00;1. Liga, Women;Sleza Wroclaw;Kkp Warszawa;N/A;;N/A;;id1004823368083302
18/04/2026;07:00;2. Liga, Division B, Group 3;FC Avangard Kursk;Arsenal-2 Tula;N/A;;N/A;;id1000109570228188
18/04/2026;07:00;Liga 2;Persipura Jayapura;PSIS Semarang;N/A;;N/A;;id1002056068646770
18/04/2026;07:00;2. Liga, Division B, Group 3;Shumbrat Saransk;Ska-Khabarovsk-2;N/A;;N/A;;id1000109570228178
18/04/2026;07:00;II Lyga;FK Silute;Vilnius Football Academy;N/A;;N/A;;id1003406670161956
18/04/2026;07:00;Kolmonen;IF Sibbo Vargarna;Helsingin Ponnistus;N/A;;N/A;;id1004667169921720
18/04/2026;07:00;Premier League;Kariobangi Sharks;Mara Sugar FC;N/A;;N/A;;id1000164470378346
18/04/2026;07:00;Premier League;FC Irtysh Pavlodar;Zhetysu Taldykorgan;N/A;;N/A;;id1000068269342786
18/04/2026;07:00;Liga Portugal 2;FC Pacos Ferreira;GD Chaves;N/A;;N/A;;id1000023961732226
18/04/2026;07:00;Danmarksserien;Glostrup FK;Fredensborg BI;N/A;;N/A;;id1003719570663686
18/04/2026;07:00;U19 1st Division;FC Hradec Kralove;FC Banik Ostrava;N/A;;N/A;;id1000082266601818
18/04/2026;07:00;2nd Division Group 1;SK Traeff;Sotra SK;N/A;;N/A;;id1002463867915714
18/04/2026;07:15;U21, Divisie 1;Feyenoord Rotterdam;ADO Den Haag;N/A;;N/A;;id1003499068197590
18/04/2026;07:15;CLJ;Escola Varsovia Warszawa;Odra Opole;N/A;;N/A;;id1000136565310966
18/04/2026;07:30;Bundesliga SRL;TSG 1899 Hoffenheim SRL;Borussia Dortmund SRL;N/A;;N/A;;id1003221770750358
18/04/2026;07:30;Primera Division Reserve, Apertura;Deportivo Recoleta Reserve;Sportivo 2 de Mayo;N/A;;N/A;;id1002721470826992
18/04/2026;07:30;Goa Pro League;Clube de Salgaocar;Dempo SC;N/A;;N/A;;id1003197770888786
18/04/2026;07:30;U19 Prva NL Juniori;NK Mladost Zdralovi;HNK Rijeka;N/A;;N/A;;id1004806062415592
18/04/2026;07:30;Primera Division Reserve, Apertura;Sportivo Trinidense;Sportivo San Lorenzo;N/A;;N/A;;id1002721470826988
18/04/2026;07:30;Bundesliga SRL;Werder Bremen SRL;Hamburger SV Srl;N/A;;N/A;;id1003221770750354
18/04/2026;07:30;Bundesliga SRL;Eintracht Frankfurt SRL;RB Leipzig SRL;N/A;;N/A;;id1003221770750360
18/04/2026;07:30;I-League;Diamond Harbour FC;Gokulam Kerala FC;N/A;;N/A;;id1000084869024408
18/04/2026;07:30;Northern Territory Premier League;Azzurri United FC;Hellenic Athletic Club;N/A;;N/A;;id1004994070057568
18/04/2026;07:30;Persha Liga;FC Podillya Khmelnytskyi;FC Chernigiv;N/A;;N/A;;id1000069161840728
18/04/2026;07:30;1. Liga;FC Sokol Saratov;FK Ural Yekaterinburg;N/A;;N/A;;id1000020470629764
18/04/2026;07:30;Bundesliga SRL;Bayer 04 Leverkusen SRL;FC Augsburg SRL;N/A;;N/A;;id1003221770750352
18/04/2026;07:30;U21, Divisie 1;FC Twente Heracles;de Graafschap;N/A;;N/A;;id1003499068197586
18/04/2026;07:30;Bundesliga SRL;Union Berlin SRL;VfL Wolfsburg SRL;N/A;;N/A;;id1003221770750356
18/04/2026;07:30;U19 DFB Nachwuchsliga;Greuther Furth;1. FC Saarbrucken;N/A;;N/A;;id1002470267207792
18/04/2026;07:30;1. Lig;Hatayspor Antakya;Sakaryaspor;N/A;;N/A;;id1000009861834274
18/04/2026;08:00;Vysshaya Liga;FC Vitebsk;FC Minsk;N/A;;N/A;;id1000016970766450
18/04/2026;08:00;Philippines Footb. League;Davao Aguilas;Taguig FC;N/A;;N/A;;id1000165469796830
18/04/2026;08:00;Oberliga NOFV North;Berliner AK 07;FSV Optik Rathenow;N/A;;N/A;;id1000014561705322
18/04/2026;08:00;Division 2, Promotion Playoffs;IK Tord;IFK Skovde FK;N/A;;N/A;;id1002078268320106
18/04/2026;08:00;2. Bundesliga;Dynamo Dresden;VfL Bochum;N/A;;N/A;;id1000004461515186
18/04/2026;08:00;3. Lig, Group 2;Malatya Yesilyurt Belediyespor;Kilis Bld Spor;N/A;;N/A;;id1002638862041902
18/04/2026;08:00;3. Lig, Group 2;Kirsehir FSK;Osmaniyespor FK;N/A;;N/A;;id1002638862041906
18/04/2026;08:00;Thai League 2;Police Tero FC;Phrae United;N/A;;N/A;;id1001923266882888
18/04/2026;08:00;Regionalliga North;Hannover 96 II;SV Drochtersen/Assel;N/A;;N/A;;id1000004262284524
18/04/2026;08:00;2. Liga, Division B, Group 3;Saturn Ramenskoye;FK Salyut Belgorod;N/A;;N/A;;id1000109570228190
18/04/2026;08:00;Primavera 1;Cagliari Calcio;Cesena FC;N/A;;N/A;;id1000234061537592
18/04/2026;08:00;3rd Division Group 1;Nordstrand;Baerum SK;N/A;;N/A;;id1002464267919202
18/04/2026;08:00;Premier League;Mathare United FC;Bidco United;N/A;;N/A;;id1000164470635258
18/04/2026;08:00;Ettan, Relegation/Promotion;Ariana FC;FC Rosengaard 1917;N/A;;N/A;;id1002741268311518
18/04/2026;08:00;Veikkausliiga;IF Gnistan;HJK Helsinki;N/A;;N/A;;id1000004167091256
18/04/2026;08:00;Superettan;Varbergs BoIS;Nordic United FC;N/A;;N/A;;id1000004667126034
18/04/2026;08:00;U19 Division de Honor Juvenil;Cef Puertos de Las Palmas U19;CD Mensajero;N/A;;N/A;;id1004834362941301
18/04/2026;08:00;Bremen Liga;BTS Neustadt;TV Eiche Horn;N/A;;N/A;;id1000050862280120
18/04/2026;08:00;3. Lig, Group 3;Artvin Hopaspor;1926 Bulancakspor;N/A;;N/A;;id1002639062042444
18/04/2026;08:00;Danmarksserien;Aarhus Fremad 2;BK Marienlyst;N/A;;N/A;;id1003719570663692
18/04/2026;08:00;3. Lig, Group 2;12 Bingol Spor;Silifke Belediyespor;N/A;;N/A;;id1002638862041908
18/04/2026;08:00;2. Liga, Division A;Dinamo Kirov;Dynamo Vladivostok;N/A;;N/A;;id1004030569280740
18/04/2026;08:00;U19 Ligaen;Silkeborg IF;Soenderjyske;N/A;;N/A;;id1004818162640943
18/04/2026;08:00;Prva Liga;FK Zemun;OFK Vrsac;N/A;;N/A;;id1000072170681870
18/04/2026;08:00;Virsliga;Grobinas SC/LFS;Riga FC;N/A;;N/A;;id1000019768492466
18/04/2026;08:00;China League 1;Suzhou Dongwu;Guangxi Hengchen FC;N/A;;N/A;;id1000078269455198
18/04/2026;08:00;Thai League 2;Pattani FC;Chanthaburi;N/A;;N/A;;id1001923266882884
18/04/2026;08:00;1. Division;Lyngby BK;Hvidovre IF;N/A;;N/A;;id1000004770317866
18/04/2026;08:00;Primavera 2;Palermo FC;FC Crotone;N/A;;N/A;;id1001920262901811
18/04/2026;08:00;Tercera Federacion, Group 12;Arucas CF;San Bartolome CF;N/A;;N/A;;id1002604063145937
18/04/2026;08:00;FA Cup;Ningxia Pingluo Hengli;Hangzhou Linping Wuyue;N/A;;N/A;;id1000088269971132
18/04/2026;08:00;3rd Division Group 4;FK Mandalskameratene;FK Haugesund 2;N/A;;N/A;;id1002464867920284
18/04/2026;08:00;U19 Division de Honor Juvenil;CD Tenerife;UD Villa Santa Brigida U19;N/A;;N/A;;id1004834362941293
18/04/2026;08:00;Championnat National U19;Olympique Lyon;Clermont Foot;N/A;;N/A;;id1002627662275220
18/04/2026;08:00;3. Lig, Group 3;Pazarspor;Amasyaspor 1968 FK;N/A;;N/A;;id1002639062042442
18/04/2026;08:00;Ettan, Relegation/Promotion;Enkopings SK;FBK Karlstad;N/A;;N/A;;id1002741268310812
18/04/2026;08:00;Thai League 1;Prachuap FC;Chonburi FC;N/A;;N/A;;id1000103268543792
18/04/2026;08:00;U19 Ligaen;FC Midtjylland;AC Horsens;N/A;;N/A;;id1004818162640951
18/04/2026;08:00;Thai League 2;Rasisalai United;Mahasarakham United FC;N/A;;N/A;;id1001923266882882
18/04/2026;08:00;Ykkonen, Women;Pallokerho Keski-Uusimaa;Ons Oulu;N/A;;N/A;;id1001831870859708
18/04/2026;08:00;3rd Division Group 1;Heming;Konnerud;N/A;;N/A;;id1002464267919208
18/04/2026;08:00;U19 1st Division;Sparta Prague;1. FC Slovacko;N/A;;N/A;;id1000082266601806
18/04/2026;08:00;2. Bundesliga;1. FC Magdeburg;Fortuna Dusseldorf;N/A;;N/A;;id1000004461515174
18/04/2026;08:00;Thai League 1;Bangkok United FC;Ratchaburi FC;N/A;;N/A;;id1000103268543802
18/04/2026;08:00;Division 2, Promotion Playoffs;Angby IF;Falu BS FK;N/A;;N/A;;id1002078268320728
18/04/2026;08:00;Division 2, Promotion Playoffs;Smedby AIS;Nacka FC;N/A;;N/A;;id1002078268377444
18/04/2026;08:00;U19 Elit A;Genclerbirligi Ankara;Galatasaray SK;N/A;;N/A;;id1002991263039235
18/04/2026;08:00;U19 Ligaen;Broendby IF;Randers Freja;N/A;;N/A;;id1004818170773752
18/04/2026;08:00;V-League 1;Ninh Binh FC;PVF Cong An Nhan Dan FC;N/A;;N/A;;id1000062668663362
18/04/2026;08:00;2. Bundesliga;Arminia Bielefeld;1 FC Nuremberg;N/A;;N/A;;id1000004461515184
18/04/2026;08:00;V-League 1;Ha Tinh FC;Haiphong FC;N/A;;N/A;;id1000062668663360
18/04/2026;08:00;Chinese Super League;Dalian Yingbo FC;Henan;N/A;;N/A;;id1000064968995056
18/04/2026;08:00;2nd Division Group 1;Bjarg;Kvik Halden FK;N/A;;N/A;;id1002463867915720
18/04/2026;08:00;Premier League;Shabana FC;Kakamega Homeboyz;N/A;;N/A;;id1000164463097441
18/04/2026;08:00;3rd Division Group 1;Ullern;Lokomotiv Oslo;N/A;;N/A;;id1002464267919204
18/04/2026;08:00;3. Lig, Group 3;Tokat Belediye Plevne Spor;Duzcespor;N/A;;N/A;;id1002639062042436
18/04/2026;08:00;U19 DFB Nachwuchsliga;SC Borea Dresden U19;FC Viktoria 1889 Berlin;N/A;;N/A;;id1002470267207504
18/04/2026;08:00;U19 DFB Nachwuchsliga;Hansa Rostock;Jfv Lubeck U19;N/A;;N/A;;id1002470267150172
18/04/2026;08:00;U19 DFB Nachwuchsliga;Eintracht Frankfurt;Karlsruher SC;N/A;;N/A;;id1002470267207704
18/04/2026;08:00;U19 1st Division;Dukla Prague;Karvina;N/A;;N/A;;id1000082266601816
18/04/2026;08:00;Tercera Federacion, Group 12;UD Tamaraceite;CD Herbania;N/A;;N/A;;id1002604063145941
18/04/2026;08:00;3. Lig, Group 2;Kirikkale FK;Karakopru Belediye SK;N/A;;N/A;;id1002638862041910
18/04/2026;08:00;3. Lig, Group 3;Giresunspor;Karabuk Idmanyurdu Spor;N/A;;N/A;;id1002639062042450
18/04/2026;08:00;3. Lig, Group 3;52 Orduspor FK;Zonguldak Komurspor;N/A;;N/A;;id1002639062042440
18/04/2026;08:00;2nd Division Group 1;FK Eik Toensberg 871;Brattvaag;N/A;;N/A;;id1002463867915716
18/04/2026;08:00;2. Liga, Division A;FC Amkar Perm;FC Alania Vladikavkaz;N/A;;N/A;;id1004030569280742
18/04/2026;08:00;3. Lig, Group 3;Karadeniz Eregli Belediye SK;Orduspor 1967;N/A;;N/A;;id1002639062042446
18/04/2026;08:00;Soccer.International Youth.U20 AFC Asian Cup, Women;Japan;DPR Korea;N/A;;N/A;;id1003368866807126
18/04/2026;08:00;1. MFL;Shkupi Cair;FK Vardar Skopje;N/A;;N/A;;id1000019970023806
18/04/2026;08:00;Ettan, Relegation/Promotion;Trelleborgs FF;Tvaakers IF;N/A;;N/A;;id1002741268311520
18/04/2026;08:00;Primavera 1;SSC Napoli;Bologna FC;N/A;;N/A;;id1000234061537580
18/04/2026;08:00;3. Lig, Group 2;Erciyes 38 FK;Nigde Belediyesi Spor;N/A;;N/A;;id1002638862041912
18/04/2026;08:00;3. Lig, Group 3;Sebat Genclik Spor;Yozgat Bld Bozokspor;N/A;;N/A;;id1002639062042448
18/04/2026;08:00;3. Lig, Group 2;Mazidagi Fosfat Spor;Turk Metal 1963;N/A;;N/A;;id1002638862041904
18/04/2026;08:00;3. Lig, Group 2;Suvermez Kapadokyaspor;Agrispor 1970 SK;N/A;;N/A;;id1002638862041914
18/04/2026;08:00;3. Lig, Group 2;Diyarbekirspor AS;Kahramanmarasspor;N/A;;N/A;;id1002638862041900
18/04/2026;08:00;U19 Elite;FC Thun Berner Oberland;BSC Young Boys;N/A;;N/A;;id1004828962877319
18/04/2026;08:00;3rd Division Group 2;Volda TI Football;Melhus;N/A;;N/A;;id1002464467919494
18/04/2026;08:00;Division 2, Promotion Playoffs;Karlslunds IF HFK;Nykopings BIS;N/A;;N/A;;id1002078268377440
18/04/2026;08:00;1 Lyga;FK Tauras Taurage;FK Babrungas Plunge;N/A;;N/A;;id1000067669670642
18/04/2026;08:00;U19 Ligaen;Aalborg BK;Vejle;N/A;;N/A;;id1004818162640945
18/04/2026;08:00;U19 Division de Honor Juvenil;CF Juventud Laguna;CD Marino;N/A;;N/A;;id1004834362941295
18/04/2026;08:00;Thai League 2;Chiangmai United;Nongbua Pitchaya FC;N/A;;N/A;;id1001923266882886
18/04/2026;08:00;U19 1st Division;Slavia Prague;Sigma Olomouc;N/A;;N/A;;id1000082266601814
18/04/2026;08:00;V-League 2;PVF Cand B;Quy Nhon Binh Dinh;N/A;;N/A;;id1000077168664002
18/04/2026;08:00;2. Liga, Division B, Group 1;Psk Dinskaya;Neftyanik Izberbash;N/A;;N/A;;id1000109370249452
18/04/2026;08:00;3rd Division Group 1;Frigg Oslo FK;Valerenga IF 2;N/A;;N/A;;id1002464267919206
18/04/2026;08:00;2. Liga, Division B, Group 3;FC Kvant Obninsk;FK Orel;N/A;;N/A;;id1000109570228180
18/04/2026;08:00;Division 2, Promotion Playoffs;Bodens BK FF;Umeaa FC Akademi;N/A;;N/A;;id1002078269539656
18/04/2026;08:00;2. Liga, Division B, Group 2;Iskra Smolensk;Kosmos Dolgoprudny;N/A;;N/A;;id1000109970250580
18/04/2026;08:00;Division 2, Promotion Playoffs;IFK Umea;IFK Luleaa;N/A;;N/A;;id1002078269539654
18/04/2026;08:00;2. Liga, Division B, Group 2;Zvezda St Petersburg;Baltika-2 Kaliningrad;N/A;;N/A;;id1000109970250578
18/04/2026;08:00;Kolmonen;Saaksjaerven Loiske;FC LeKi;N/A;;N/A;;id1004667169923626
18/04/2026;08:00;2. Liga, Division B, Group 1;PFC Kiziltash Bakhchisaray;FC Astrakhan;N/A;;N/A;;id1000109370249450
18/04/2026;08:00;II Lyga;FK Sirijus;FK Viltis Vilnius;N/A;;N/A;;id1003406670161962
18/04/2026;08:00;I Liga;WKS Slask Wroclaw;MKS Znicz Pruszkow;N/A;;N/A;;id1000022961398993
18/04/2026;08:00;Pervaya Liga;FK Bumprom;FC Ostrovets;N/A;;N/A;;id1000077670730860
18/04/2026;08:00;3rd Division;Odder IGF;Sundby BK;N/A;;N/A;;id1003482270730754
18/04/2026;08:00;Pervaya Liga;FC Orsha;Uni Iks Labs;N/A;;N/A;;id1000077670730858
18/04/2026;08:00;1 Lyga;FK Garliava;Be1 Nfa;N/A;;N/A;;id1000067669670644
18/04/2026;08:00;3. Lig, Group 3;Fatsa Belediyespor;Cayelispor;N/A;;N/A;;id1002639062042438
18/04/2026;08:00;Danmarksserien;Oestre Boldklub;Viby IF;N/A;;N/A;;id1003719570663482
18/04/2026;08:00;Danmarksserien;Hedensted IF;Aalborg Freja;N/A;;N/A;;id1003719570663484
18/04/2026;08:00;Danmarksserien;Vorup FB;Tarup-Paarup IF;N/A;;N/A;;id1003719570663690
18/04/2026;08:00;Danmarksserien;Frederikssund;Ringsted IF;N/A;;N/A;;id1003719570663688
18/04/2026;08:00;Danmarksserien;FC Sydkysten;Herlev IF;N/A;;N/A;;id1003719570663486
18/04/2026;08:00;Bremen Liga;Blumenthaler SV;Atsv Sebaldsbruck;N/A;;N/A;;id1000050862280122
18/04/2026;08:00;2nd Division;AB Gladsaxe;Vendsyssel FF;N/A;;N/A;;id1000006570730288
18/04/2026;08:15;A Lyga;FK Kauno Zalgiris;FK Transinvest;N/A;;N/A;;id1000019868954786
18/04/2026;08:15;Prva NL;NK Sesvete;NK Croatia Zmijavci;N/A;;N/A;;id1000072469972672
18/04/2026;08:30;Premier League;PFK Krylia Sovetov Samara;CSKA Moscow;N/A;;N/A;;id1000020361376695
18/04/2026;08:30;U19 Ligaen;FC Nordsjaelland;AGF Aarhus;N/A;;N/A;;id1004818162640953
18/04/2026;08:30;Cymru Championship South;Treowen Stars;Carmarthen Town;N/A;;N/A;;id1002924261641014
18/04/2026;08:30;Cymru Championship, North;Holyhead Hotspur;Buckley Town;N/A;;N/A;;id1002924461640128
18/04/2026;08:30;Cymru Championship, North;Ruthin Town;Newtown AFC;N/A;;N/A;;id1002924461640134
18/04/2026;08:30;Cymru Championship South;Baglan Dragons;Trethomas Bluebirds;N/A;;N/A;;id1002924261641002
18/04/2026;08:30;Championship;Millwall FC;Queens Park Rangers;N/A;;N/A;;id1000001861491327
18/04/2026;08:30;League Two;Swindon Town;Accrington Stanley;N/A;;N/A;;id1000002561494991
18/04/2026;08:30;Challenge League;Vittoriosa Stars;Gudja United;N/A;;N/A;;id1000063070711764
18/04/2026;08:30;Cymru Championship South;Pontypridd Town;Caerau Ely FC;N/A;;N/A;;id1002924261641012
18/04/2026;08:30;Cymru Championship, North;Penrhyncoch;CPD Y Rhyl 1879;N/A;;N/A;;id1002924461640132
18/04/2026;08:30;Cymru Championship South;Ynyshir Albions;Aberystwyth Town FC;N/A;;N/A;;id1002924261641016
18/04/2026;08:30;Scottish Cup;Dunfermline Athletic FC;Falkirk FC;N/A;;N/A;;id1000034769756520
18/04/2026;08:30;National League;FC Halifax Town;Southend United;N/A;;N/A;;id1000017361916218
18/04/2026;08:30;Championship;Derby County;Oxford United;N/A;;N/A;;id1000001861491333
18/04/2026;08:30;Super Lig;Fatih Karagumruk Istanbul;Eyupspor;N/A;;N/A;;id1000005261730166
18/04/2026;08:30;Tercera Federacion, Group 12;UD Villa Santa Brigida;CD Tenerife C;N/A;;N/A;;id1002604063145943
18/04/2026;08:30;Cymru Championship, North;Guilsfield FC;Gresford Athletic;N/A;;N/A;;id1002924461640126
18/04/2026;08:30;Championnat National U19;Valenciennes FC;USL Dunkerque;N/A;;N/A;;id1002627662274826
18/04/2026;08:30;Cymru Championship, North;Caersws;Denbigh Town;N/A;;N/A;;id1002924461640136
18/04/2026;08:30;Cymru Championship South;Llantwit Major;Cambrian United;N/A;;N/A;;id1002924261641008
18/04/2026;08:30;Premier League;Hougang United FC;Albirex Niigata (S);N/A;;N/A;;id1000063462486624
18/04/2026;08:30;Cymru Championship South;Cardiff Draconians;Afan Lido;N/A;;N/A;;id1002924261641004
18/04/2026;08:30;Superliga;AFK Csikszereda Miercurea Ciuc;FC Unirea 2004 Slobozia;N/A;;N/A;;id1000015269744604
18/04/2026;08:30;2. Liga;OFK Banik Lehota Pod Vtacnikom;MSK Puchov;N/A;;N/A;;id1000022461677836
18/04/2026;08:30;League One;Bolton Wanderers;Huddersfield Town;N/A;;N/A;;id1000002461493899
18/04/2026;08:30;Championship;Portsmouth FC;Leicester City;N/A;;N/A;;id1000001861491325
18/04/2026;08:30;Cymru Championship, North;Airbus UK Broughton;Llandudno FC;N/A;;N/A;;id1002924461640122
18/04/2026;08:30;Premier League;Brentford FC;Fulham FC;N/A;;N/A;;id1000001761301163
18/04/2026;08:30;Premium Liiga;JK Narva Trans;FC Kuressaare;N/A;;N/A;;id1000017868214598
18/04/2026;08:30;Indian Super League;Kerala Blasters FC;Jamshedpur FC;N/A;;N/A;;id1000190068746448
18/04/2026;08:30;Thai League 1;Muang Thong United;Nakhon Ratchasima FC;N/A;;N/A;;id1000103268425932
18/04/2026;08:30;U19 Elite;FC Winterthur;Grasshopper Club Zurich;N/A;;N/A;;id1004828965168906
18/04/2026;08:30;Cymru Championship South;Cwmbran Celtic;Ammanford;N/A;;N/A;;id1002924261641006
18/04/2026;08:30;Cymru Championship, North;Mold Alexandra FC;Flint Mountain;N/A;;N/A;;id1002924461640130
18/04/2026;08:30;Premier League;FK Karvan Yevlakh;Shamakhi FK;N/A;;N/A;;id1000070963185733
18/04/2026;08:30;Kolmonen;Ylojarvi United FC;Toip-49;N/A;;N/A;;id1004667169923628
18/04/2026;08:30;League Two;Barrow AFC;Walsall FC;N/A;;N/A;;id1000002561495011
18/04/2026;08:30;3rd Division;IF Lyseng;Holbaek B&I;N/A;;N/A;;id1003482270730756
18/04/2026;08:30;China League 1;Nanjing City;Shenzhen Juniors FC;N/A;;N/A;;id1000078269455202
18/04/2026;08:30;Cymru Championship South;Newport City FC;Trefelin BGC;N/A;;N/A;;id1002924261641010
18/04/2026;08:30;Cymru Championship, North;Brickfield Rangers;Holywell Town;N/A;;N/A;;id1002924461640124
18/04/2026;08:30;League One;Barnsley FC;Bradford City FC;N/A;;N/A;;id1000002461493901
18/04/2026;08:30;2nd Division;Vsk Aarhus;Skive IK;N/A;;N/A;;id1000006570730340
18/04/2026;08:35;FA Cup;Guangzhou Red Treasure;Lanzhou Longyuan Athletic;N/A;;N/A;;id1000088269971134
18/04/2026;08:35;FA Cup;Chongqing Han Da;Qingdao Red Lions;N/A;;N/A;;id1000088269971148
18/04/2026;09:00;Division 2, Promotion Playoffs;Ahlafors IF;Vanersborgs IF;N/A;;N/A;;id1002078268320112
18/04/2026;09:00;Bayernliga South;FC Ismaning;TSV Landsberg am Lech;N/A;;N/A;;id1000109161555990
18/04/2026;09:00;World Championship Qualification Women, Europe;Belarus;Kazakhstan;N/A;;N/A;;id1000078065806524
18/04/2026;09:00;Eliteserien;Bodoe/Glimt;Aalesunds FK;N/A;;N/A;;id1000002067015114
18/04/2026;09:00;Regionalliga Southwest;SV Sandhausen;SG Barockstadt Fulda-Lehnerz;N/A;;N/A;;id1000107961859438
18/04/2026;09:00;Super League 2;PAS Giannina;AO Kavala 1965;N/A;;N/A;;id1000018668536122
18/04/2026;09:00;1st Division;Stroemsgodset IF;Sogndal Fotball;N/A;;N/A;;id1000002267017860
18/04/2026;09:00;1. CFL;FK Bokelj Kotor;FK Jezero Plav;N/A;;N/A;;id1000015467148478
18/04/2026;09:00;3rd Division Group 1;Gamle Oslo FK;Ready Fotball;N/A;;N/A;;id1002464267919210
18/04/2026;09:00;3rd Division Group 6;Oppsal IF;FK Gjoevik-Lyn;N/A;;N/A;;id1002465267920942
18/04/2026;09:00;Ligue 2;Stade Reims;Red Star FC;N/A;;N/A;;id1000018261527976
18/04/2026;09:00;Persha Liga;FC Niva Ternopil;FC Livyi Bereh Kyiv;N/A;;N/A;;id1000069161840726
18/04/2026;09:00;Regionalliga Southwest;TSG Balingen 1848;FSV Mainz II;N/A;;N/A;;id1000107961859456
18/04/2026;09:00;Regionalliga Southwest;FC Bayern Alzenau;SG Sonnenhof Grossaspach;N/A;;N/A;;id1000107961859454
18/04/2026;09:00;Regionalliga Bavaria;VfB Eichstatt;1 FC Nuremberg II;N/A;;N/A;;id1000108561854666
18/04/2026;09:00;Division 2, Promotion Playoffs;Grebbestads IF;Herrestads AIF;N/A;;N/A;;id1002078268320108
18/04/2026;09:00;Division 2, Promotion Playoffs;Nosaby IF;Vaxjo Norra;N/A;;N/A;;id1002078268344590
18/04/2026;09:00;1st Division;Hoedd IL;FK Haugesund;N/A;;N/A;;id1000002267017862
18/04/2026;09:00;Schleswig-Holstein-Liga;TuS Rotenhof;Kaltenkirchener Turnerschaft;N/A;;N/A;;id1000051262127452
18/04/2026;09:00;1 Lyga;FK Atmosfera;Dfk Dainava Alytus;N/A;;N/A;;id1000067670887268
18/04/2026;09:00;3rd Division;Vanloese IF;Bronshoj BK;N/A;;N/A;;id1003482270730704
18/04/2026;09:00;Premier League;Leopards SC;Kenya Police FC;N/A;;N/A;;id1000164470716612
18/04/2026;09:00;Kakkonen Playoffs;Atlantis FC;Myllykosken Pallo -47;N/A;;N/A;;id1002691069108596
18/04/2026;09:00;Premier League;Tusker Football Club;Sofapaka FC;N/A;;N/A;;id1000164463097439
18/04/2026;09:00;Bremen Liga;TS Woltmershausen;FC Oberneuland;N/A;;N/A;;id1000050862280124
18/04/2026;09:00;Bremen Liga;SG Aumund-Vegesack;ESC Geestemunde;N/A;;N/A;;id1000050862280126
18/04/2026;09:00;Schleswig-Holstein-Liga;TSV Nordmark Satrup;MTSV Hohenwestedt;N/A;;N/A;;id1000051262127448
18/04/2026;09:00;Chinese Super League;Shanghai Shenhua FC;Liaoning Tieren FC;N/A;;N/A;;id1000064968995058
18/04/2026;09:00;3. Liga;1. FC Saarbrucken;TSV 1860 Munich;N/A;;N/A;;id1000049161709620
18/04/2026;09:00;1. Liga;Chayka Peschanokopskoye;FC Fakel Voronezh;N/A;;N/A;;id1000020470629768
18/04/2026;09:00;Regionalliga West;Sportfreunde Siegen 1899;FC Gutersloh 2000;N/A;;N/A;;id1000049361853382
18/04/2026;09:00;Super League;Mwatate United;Vihiga United;N/A;;N/A;;id1004893570840608
18/04/2026;09:00;Super League;Equity;Mofa;N/A;;N/A;;id1004893570840622
18/04/2026;09:00;Premier League;Al-Jaish SC (Syr);Teshreen SC;N/A;;N/A;;id1002692270796904
18/04/2026;09:00;III Liga, Group 2;Sks Unia Swarzedz;Cartusia Kartuzy;N/A;;N/A;;id1002583762037414
18/04/2026;09:00;U19 Elite;FC Sion;FC Luzern;N/A;;N/A;;id1004828962877315
18/04/2026;09:00;Oberliga NOFV South;VfB 1921 Krieschow;VfB Germania Halberstadt;N/A;;N/A;;id1000015061706106
18/04/2026;09:00;Hessenliga;SV Adler Weidenhausen;FC Giessen;N/A;;N/A;;id1000018461556560
18/04/2026;09:00;Oberliga BW;VfR Aalen;Turkischer SV Singen;N/A;;N/A;;id1000014261856982
18/04/2026;09:00;NB II;Mezokovesd Zsory SE;Budapest Honved FC;N/A;;N/A;;id1000133961690468
18/04/2026;09:00;III Liga, Group 2;WDA Swiecie;Blekitni Stargard;N/A;;N/A;;id1002583762037418
18/04/2026;09:00;Premier League;Hibernians FC Paola;Birkirkara FC;N/A;;N/A;;id1000062969997900
18/04/2026;09:00;2nd Division Group 2;Skeid Fotball;Loerenskog IF;N/A;;N/A;;id1002463667915514
18/04/2026;09:00;Primavera 2;AC Reggiana 1919;Union Brescia U19;N/A;;N/A;;id1001920262901323
18/04/2026;09:00;1st Division;Kongsvinger IL Toppfotball;Moss FK;N/A;;N/A;;id1000002267017864
18/04/2026;09:00;1. Division;Middelfart BK;Hobro IK;N/A;;N/A;;id1000004770318092
18/04/2026;09:00;Oberliga Rheinland-Pfalz;VfR Wormatia 08 Worms;Arminia Ludwigshafen;N/A;;N/A;;id1000110962118890
18/04/2026;09:00;3rd Division Group 1;Asker Fotball;SF Grei;N/A;;N/A;;id1002464267919212
18/04/2026;09:00;U19 DFB Nachwuchsliga;Preussen Munster;Rot-Weiss Essen;N/A;;N/A;;id1002470267208074
18/04/2026;09:00;Oberliga BW;1. Goppinger SV;SSV Reutlingen 1905;N/A;;N/A;;id1000014261856976
18/04/2026;09:00;Oberliga BW;FC Denzlingen;TSG Backnang;N/A;;N/A;;id1000014261856974
18/04/2026;09:00;Oberliga BW;1. FC Normannia Gmund;FC 08 Villingen;N/A;;N/A;;id1000014261856978
18/04/2026;09:00;Hessenliga;Eintracht Stadtallendorf;SV Rot-Weiss Walldorf;N/A;;N/A;;id1000018461556558
18/04/2026;09:00;Oberliga NOFV South;SG Union Sandersdorf;VfB Auerbach 1906;N/A;;N/A;;id1000015061706112
18/04/2026;09:00;Oberliga NOFV South;1. SC 1911 Heiligenstadt;SC Freital;N/A;;N/A;;id1000015061706110
18/04/2026;09:00;Regionalliga West;SC Wiedenbruck;Bonner SC;N/A;;N/A;;id1000049361853378
18/04/2026;09:00;Regionalliga Northeast;1. FC Lokomotive Leipzig;Hallescher FC;N/A;;N/A;;id1000108361712304
18/04/2026;09:00;Oberliga Rheinland-Pfalz;Sportfreunde Eisbachtal;TUS Koblenz 1911;N/A;;N/A;;id1000110963831333
18/04/2026;09:00;Regionalliga Bavaria;FC Memmingen;FC Wurzburger Kickers;N/A;;N/A;;id1000108561854664
18/04/2026;09:00;Oberliga Niedersachsen;SV Wilhelmshaven;MTV Wolfenbuttel;N/A;;N/A;;id1000081362279566
18/04/2026;09:00;2nd Division Group 1;Mjoendalen IF;Lysekloster;N/A;;N/A;;id1002463867915736
18/04/2026;09:00;Regionalliga West;Borussia Dortmund II;SV Rodinghausen;N/A;;N/A;;id1000049361853372
18/04/2026;09:00;Wien, Wiener Stadtliga;SV Dinamo Helfort 15;WAF Vorwarts Brigittenau;N/A;;N/A;;id1004383161911486
18/04/2026;09:00;Kolmonen;Pargas Idrottsforening;KaaPo;N/A;;N/A;;id1004667170872780
18/04/2026;09:00;III Liga, Group 2;Zks Kluczevia Stargard;MKS Notec Czarnkow;N/A;;N/A;;id1002583762037406
18/04/2026;09:00;Division 2, Promotion Playoffs;Oskarshamns AIK;Solvesborgs GIF;N/A;;N/A;;id1002078268344600
18/04/2026;09:00;Regionalliga Southwest;SGV Freiberg;TSV Steinbach Haiger;N/A;;N/A;;id1000107961859440
18/04/2026;09:00;1. Liga;FK Ufa;FC Chernomorets Novorossiysk;N/A;;N/A;;id1000020470629772
18/04/2026;09:00;Regionalliga West;VfL Sportfreunde Lotte 1929;RW Oberhausen;N/A;;N/A;;id1000049361853384
18/04/2026;09:00;Regionalliga West;VfL Bochum II;1. FC Bocholt;N/A;;N/A;;id1000049361853368
18/04/2026;09:00;Super League;Kabati Youth FC;Migori Youth FC;N/A;;N/A;;id1004893570840614
18/04/2026;09:00;Premier League;Fasil Kenema SC;Mekelle 70 Enderta FC;N/A;;N/A;;id1003365669950514
18/04/2026;09:00;Liga 2;Barito Putera;Persiba Balikpapan;N/A;;N/A;;id1002056068646772
18/04/2026;09:00;Division 2, Promotion Playoffs;IFK Kumla;Stenungsunds IF;N/A;;N/A;;id1002078268320110
18/04/2026;09:00;Thai League 1;Uthai Thani FC;Rayong FC;N/A;;N/A;;id1000103268543794
18/04/2026;09:00;Super League;Naivas;3K FC;N/A;;N/A;;id1004893570840610
18/04/2026;09:00;U19 DFB Nachwuchsliga;Stuttgarter Kickers;FC Ingolstadt 04;N/A;;N/A;;id1002470267207606
18/04/2026;09:00;Division 2, Promotion Playoffs;Bollstanas SK;Helges IF;N/A;;N/A;;id1002078268320730
18/04/2026;09:00;MSFL;FC Vsetin;FK Blansko;N/A;;N/A;;id1001414766053638
18/04/2026;09:00;Super League 2;Makedonikos FC;Kampaniakos;N/A;;N/A;;id1000018668536126
18/04/2026;09:00;Oberliga Westfalen;SG Wattenscheid 09;Arminia Bielefeld II;N/A;;N/A;;id1000014662118074
18/04/2026;09:00;Oberliga NOFV North;SG Dynamo Schwerin;BSV Eintracht Mahlsdorf;N/A;;N/A;;id1000014561705314
18/04/2026;09:00;Regionalliga North;SV Meppen 1912;SC Weiche Flensburg 08;N/A;;N/A;;id1000004262284518
18/04/2026;09:00;Regionalliga Southwest;Bahlinger SC;Stuttgarter Kickers;N/A;;N/A;;id1000107961859448
18/04/2026;09:00;Kolmonen;Savon Pallo;FC Metso;N/A;;N/A;;id1004667170711898
18/04/2026;09:00;Regionalliga Bavaria;Greuther Furth II;SpVgg Unterhaching;N/A;;N/A;;id1000108561854668
18/04/2026;09:00;Super League 2;PAOK Thessaloniki B;Nestos Chrysoupoli FC;N/A;;N/A;;id1000018668536124
18/04/2026;09:00;III Liga, Group 1;KS Ck Troszyn;ZKS Olimpia Elblag;N/A;;N/A;;id1002583562038022
18/04/2026;09:00;Primera Federacion;Atletico Sanluqueno;CE Europa;N/A;;N/A;;id1003483461687544
18/04/2026;09:00;Regionalliga West;FC Schalke 04 II;SSVg Velbert;N/A;;N/A;;id1000049361853374
18/04/2026;09:00;U21, Divisie 1;FC Groningen;SC Cambuur;N/A;;N/A;;id1003499068197588
18/04/2026;09:00;U19 DFB Nachwuchsliga;FC Carl Zeiss Jena;Kickers Offenbach;N/A;;N/A;;id1002470267207604
18/04/2026;09:00;U19 DFB Nachwuchsliga;TSV 1860 Munich;SGV Freiberg Fussball U19;N/A;;N/A;;id1002470267207706
18/04/2026;09:00;U19 DFB Nachwuchsliga;FSV Mainz;1. FC Nurnberg;N/A;;N/A;;id1002470267150096
18/04/2026;09:00;U20 Cearense;Tiangua EC CE U20;Quixada FC CE;N/A;;N/A;;id1003978170587638
18/04/2026;09:00;U19 Allsvenskan;BK Hacken;IF Brommapojkarna;N/A;;N/A;;id1000253968309410
18/04/2026;09:00;U19 Allsvenskan;GAIS;AIK;N/A;;N/A;;id1000253968309412
18/04/2026;09:00;3rd Division Group 4;Staal Joerpeland IL;Madla;N/A;;N/A;;id1002464867920288
18/04/2026;09:00;3rd Division Group 3;Gneist;Stord FK;N/A;;N/A;;id1002464667919770
18/04/2026;09:00;Regionalliga Northeast;VSG Altglienicke;FC Magdeburg II;N/A;;N/A;;id1000108361712312
18/04/2026;09:00;3rd Division;BK Frem;Vejgaard BK;N/A;;N/A;;id1003482270730758
18/04/2026;09:00;Regionalliga West;SC Paderborn 07 II;Fortuna Dusseldorf II;N/A;;N/A;;id1000049361853380
18/04/2026;09:00;Liga 1;PSBS Biak;Persija Jakarta;N/A;;N/A;;id1000101562083090
18/04/2026;09:00;Schleswig-Holstein-Liga;PSV Union Neumunster;SV Todesfelde;N/A;;N/A;;id1000051262127450
18/04/2026;09:00;2. Lig;Adanaspor;Arnavutkoy Belediyesi Genclik Ve Spor;N/A;;N/A;;id1000009761939124
18/04/2026;09:00;2nd Division Group 2;Follo;Grorud IL;N/A;;N/A;;id1002463667915516
18/04/2026;09:00;Liga 2;Sumsel United;Persikad Depok;N/A;;N/A;;id1002056068646360
18/04/2026;09:00;3. Liga;MSV Duisburg;TSG Hoffenheim II;N/A;;N/A;;id1000049161709634
18/04/2026;09:00;Bayernliga South;SV Heimstetten;SV Erlbach;N/A;;N/A;;id1000109161555992
18/04/2026;09:00;3. Liga;FC Ingolstadt 04;VfL 1899 Osnabruck;N/A;;N/A;;id1000049161709622
18/04/2026;09:00;Ligue 2;ESTAC Troyes;US Boulogne;N/A;;N/A;;id1000018262716775
18/04/2026;09:00;Bayernliga South;Schalding-Heining Passau;Turkgucu Munich;N/A;;N/A;;id1000109161555988
18/04/2026;09:00;Oberliga NOFV South;FC Einheit Wernigerode;RSV Eintracht Stahnsdorf 1949;N/A;;N/A;;id1000015061706104
18/04/2026;09:00;Regionalliga Southwest;KSV Hessen Kassel;SC Freiburg II;N/A;;N/A;;id1000107961859444
18/04/2026;09:00;Vorarlberg, Eliteliga;FC BW Feldkirch;FC Hard;N/A;;N/A;;id1002968463563877
18/04/2026;09:00;U19 DFB Nachwuchsliga;FC Rot-Weiss Erfurt;Eintracht Braunschweig;N/A;;N/A;;id1002470267207498
18/04/2026;09:00;Oberliga Rheinland-Pfalz;FC Rot-Weiss Koblenz;SV Gonsenheim;N/A;;N/A;;id1000110962118904
18/04/2026;09:00;U19 DFB Nachwuchsliga;1 FC Magdeburg;Arminia Bielefeld;N/A;;N/A;;id1002470267150170
18/04/2026;09:00;U19 DFB Nachwuchsliga;SV Elversberg;SV Sandhausen;N/A;;N/A;;id1002470267207794
18/04/2026;09:00;U19 Elite;FC Basel;FC Zurich;N/A;;N/A;;id1004828962877317
18/04/2026;09:00;U19 Elite;FC Lausanne Sport;Servette FC;N/A;;N/A;;id1004828962877313
18/04/2026;09:00;3rd Division Group 3;Varegg;FK Fyllingsdalen;N/A;;N/A;;id1002464667919778
18/04/2026;09:00;3rd Division Group 2;Orkla;Byaasen;N/A;;N/A;;id1002464467919498
18/04/2026;09:00;Division 2, Promotion Playoffs;Enskede IK;FC Gute;N/A;;N/A;;id1002078268320732
18/04/2026;09:00;Division 2, Promotion Playoffs;Galtabacks BK;Landvetter IS;N/A;;N/A;;id1002078268377554
18/04/2026;09:00;Division 2, Promotion Playoffs;Sunnersta AIF;IK Franke;N/A;;N/A;;id1002078268320734
18/04/2026;09:00;Division 2, Promotion Playoffs;Fittja IF;FOC Farsta;N/A;;N/A;;id1002078268377442
18/04/2026;09:00;Division 2, Promotion Playoffs;Rappe GOIF;Linero IF;N/A;;N/A;;id1002078268344592
18/04/2026;09:00;Liga 1;PSM Makassar;Borneo Samarinda;N/A;;N/A;;id1000101562083088
18/04/2026;09:00;2nd Division Group 2;Ullensaker/Kisa;Hoenefoss BK;N/A;;N/A;;id1002463667915518
18/04/2026;09:00;Premier League;FC Yelimai;FC Astana;N/A;;N/A;;id1000068269342784
18/04/2026;09:00;Erovnuli Liga 2;FC Merani Martvili;Aragvi Dusheti;N/A;;N/A;;id1000072670223772
18/04/2026;09:00;3rd Division Group 3;Fana IL;Vard Haugesund;N/A;;N/A;;id1002464667919774
18/04/2026;09:00;Erovnuli Liga 2;Sioni Bolnisi;FC Kolkheti-1913 Poti;N/A;;N/A;;id1000072670515820
18/04/2026;09:00;3. Liga;SC Verl;FC Viktoria Cologne;N/A;;N/A;;id1000049161709636
18/04/2026;09:00;Division 2, Promotion Playoffs;Friska Viljor FC;Fransta IK;N/A;;N/A;;id1002078269539844
18/04/2026;09:00;2. Liga, Division B, Group 3;FC Volna Nizhny Novgorod Oblast;Zenit Penza;N/A;;N/A;;id1000109570228186
18/04/2026;09:00;2. Liga, Division B, Group 1;FC Rubin Yalta;FC Pobeda Khasavyurt;N/A;;N/A;;id1000109370249448
18/04/2026;09:00;Kolmonen;Yllatys;Kings SC Kuopio;N/A;;N/A;;id1004667169924456
18/04/2026;09:00;Cup, Women;Haukar Hafnarfjordur;Smari;N/A;;N/A;;id1001927668645004
18/04/2026;09:00;2. Liga, Division B, Group 3;Rotor II Volgograd;Rodina-3 Moscow;N/A;;N/A;;id1000109570228182
18/04/2026;09:00;Regionalliga Southwest;Eintracht Trier;FC Astoria Walldorf;N/A;;N/A;;id1000107961859446
18/04/2026;09:00;3. Liga;1. FC Schweinfurt 05;Hansa Rostock;N/A;;N/A;;id1000049161709638
18/04/2026;09:00;3rd Division;Naesby BK;Nykoebing FC;N/A;;N/A;;id1003482270730702
18/04/2026;09:00;Regionalliga Bavaria;Schwaben Augsburg;Wacker Burghausen;N/A;;N/A;;id1000108561854670
18/04/2026;09:00;3rd Division;FA 2000;Hoersholm-Usseroed IK;N/A;;N/A;;id1003482270730700
18/04/2026;09:00;Cup, Women;Keflavik IF;KR Reykjavik;N/A;;N/A;;id1001927668645014
18/04/2026;09:00;Danmarksserien;Espergaerde IF;Goerslev IF;N/A;;N/A;;id1003719570663696
18/04/2026;09:00;Danmarksserien;Young Boys FD Silkeborg;Fuglebakken KFUM;N/A;;N/A;;id1003719570663488
18/04/2026;09:00;Danmarksserien;Hobro IK 2;Esbjerg FB 2;N/A;;N/A;;id1003719570663694
18/04/2026;09:00;Erovnuli Liga 2;FC Samtredia;FC Gareji Sagarejo;N/A;;N/A;;id1000072670223856
18/04/2026;09:00;1. CFL;FK Jedinstvo Bijelo Polje;OFK Mladost DG;N/A;;N/A;;id1000015467148472
18/04/2026;09:00;1 Lyga;Dfk Dainava Alytus;FK Atmosfera;N/A;;N/A;;id1000067669670638
18/04/2026;09:00;2nd Division;Brabrand IF;Ishoej IF;N/A;;N/A;;id1000006570730342
18/04/2026;09:15;Oberliga Rheinland-Pfalz;SC Idar-Oberstein;FC Emmelshausen-Karbach;N/A;;N/A;;id1000110962118898
18/04/2026;09:15;NB I;Zalaegerszeg TE;Kazincbarcikai SC;N/A;;N/A;;id1000018761272889
18/04/2026;09:15;Piala Malaysia;Kuching City FC;Selangor FC;N/A;;N/A;;id1004051369441376
18/04/2026;09:30;2. Liga;SK Sturm Graz II;SK Austria Klagenfurt;N/A;;N/A;;id1000013561591308
18/04/2026;09:30;U19 Elite;Neuchatel Xamax;FC Aarau;N/A;;N/A;;id1004828962877325
18/04/2026;09:30;Derde Divisie;VV Scherpenzeel;VV Eemdijk;N/A;;N/A;;id1004798862227442
18/04/2026;09:30;Derde Divisie;Harkemase Boys;HSC 21;N/A;;N/A;;id1004798862227440
18/04/2026;09:30;Derde Divisie;VV Zwaluwen Vlaardingen;Stedoco;N/A;;N/A;;id1004798862229140
18/04/2026;09:30;Derde Divisie;Staphorst;SC Genemuiden;N/A;;N/A;;id1004798862227444
18/04/2026;09:30;Derde Divisie;Dovo Veenendaal;VV Sparta Nijkerk;N/A;;N/A;;id1004798862227438
18/04/2026;09:30;U19 Elite;FC St. Gallen 1879;FC Ticino;N/A;;N/A;;id1004828962877321
18/04/2026;09:30;Tweede Divisie;Rijnsburgse Boys;Koninklijke HFC;N/A;;N/A;;id1002627861967556
18/04/2026;09:30;Derde Divisie;FC Rijnvogels;Blauw Geel 38;N/A;;N/A;;id1004798862229136
18/04/2026;09:30;Schleswig-Holstein-Liga;SV Preussen 09 Reinfeld;SV Eichede;N/A;;N/A;;id1000051262127454
18/04/2026;09:30;Derde Divisie;SSV Scheveningen;VV Kloetinge;N/A;;N/A;;id1004798862229138
18/04/2026;09:30;Hessenliga;KSV Baunatal;SV Darmstadt 98 2;N/A;;N/A;;id1000018461556554
18/04/2026;09:30;U20 Goiano, 1. Divisao;AC Goianiense GO;Trindade AC GO;N/A;;N/A;;id1004664769279738
18/04/2026;09:30;U20 Goiano, 1. Divisao;Anapolis FC GO;Guanabara City FC GO;N/A;;N/A;;id1004664769279746
18/04/2026;09:30;Tweede Divisie;BVV Barendrecht;SV Spakenburg;N/A;;N/A;;id1002627861967560
18/04/2026;09:30;U20 Goiano, 1. Divisao;Goiania EC GO;Cerrado EC GO;N/A;;N/A;;id1004664769279748
18/04/2026;09:30;Tweede Divisie;ACV Assen;HHC Hardenberg;N/A;;N/A;;id1002627861967558
18/04/2026;09:30;2. Liga, Division B, Group 1;FK Angusht Nazran;Chayka M Peschanokopskoe;N/A;;N/A;;id1000109370249442
18/04/2026;09:30;Danmarksserien;Holstebro BK;SfB-Oure FA;N/A;;N/A;;id1003719570663698
18/04/2026;09:30;Premier League;FC Metalist 1925 Kharkiv;FK Kudrivka;N/A;;N/A;;id1000021861651598
18/04/2026;09:45;Liga A1;Wan Tendong Stable;Um Damansara United;N/A;;N/A;;id1004312562204896
18/04/2026;09:45;Ekstraklasa;RKS Radomiak Radom;Widzew Lodz;N/A;;N/A;;id1000020261062257
18/04/2026;10:00;Championship;Venda FC;The Bees FC;N/A;;N/A;;id1000190663157187
18/04/2026;10:00;Serie B;SSC Bari;Venezia FC;N/A;;N/A;;id1000005362484316
18/04/2026;10:00;Segunda Division;Sol de America Villa Elisa;Deportivo Capiata;N/A;;N/A;;id1000125470806152
18/04/2026;10:00;Campionato Sammarinese;SS Murata;FC Fiorentino;N/A;;N/A;;id1000073870786456
18/04/2026;10:00;Campionato Sammarinese;SS San Giovanni;FC Domagnano;N/A;;N/A;;id1000073870786460
18/04/2026;10:00;Superliga;KF Ferizaj;KF Prishtina E Re;N/A;;N/A;;id1001418970827034
18/04/2026;10:00;Premier League;Mukura VS;Al-Merrikh SC (SDN);N/A;;N/A;;id1002016267782834
18/04/2026;10:00;3rd Division Group 5;Alta IF;IL Ulfstind;N/A;;N/A;;id1002465067920462
18/04/2026;10:00;Bayernliga South;FC Gundelfingen;Turkspor Augsburg;N/A;;N/A;;id1000109161555994
18/04/2026;10:00;1. CFL;FK Buducnost;FK Arsenal Tivat;N/A;;N/A;;id1000015467148470
18/04/2026;10:00;Derde Divisie;Tec;ADO 20 Heemskerk;N/A;;N/A;;id1004798862227448
18/04/2026;10:00;Erste Liga;FC Sion;Stade Payerne;N/A;;N/A;;id1003705162216402
18/04/2026;10:00;3. Lig, Group 4;Tire 2021 FK;Karsiyaka;N/A;;N/A;;id1003313362042968
18/04/2026;10:00;Primavera 2;Perugia;US Salernitana;N/A;;N/A;;id1001920262901813
18/04/2026;10:00;3. Lig, Group 4;Eskisehirspor;Alanya 1221 FSK;N/A;;N/A;;id1003313362042970
18/04/2026;10:00;Veikkausliiga;FF Jaro;Kuopion Palloseura;N/A;;N/A;;id1000004167091258
18/04/2026;10:00;Primavera 1;Sassuolo Calcio;AC Milan;N/A;;N/A;;id1000234061537578
18/04/2026;10:00;Tunisian Cup;US Ajim Djerba;JS Omrane;N/A;;N/A;;id1000168270417290
18/04/2026;10:00;Kakkonen Playoffs;FC Honka;Abo IFK Turku;N/A;;N/A;;id1002691069108776
18/04/2026;10:00;Premier League;Gicumbi FC;AS Muhanga;N/A;;N/A;;id1002016267782830
18/04/2026;10:00;2nd Division Group 1;Pors Grenland;FK Jerv;N/A;;N/A;;id1002463867915724
18/04/2026;10:00;Super League;AE Kifisia FC;Asteras Tripolis;N/A;;N/A;;id1000018570232036
18/04/2026;10:00;3. Lig, Group 4;Bornova 1877 SY;Balikesirspor;N/A;;N/A;;id1003313362042964
18/04/2026;10:00;Tunisian Cup;BS Bouhajla;AS Soliman;N/A;;N/A;;id1000168270417296
18/04/2026;10:00;Championnat National U19;Stade Poitevin FC U19;Angers SCO;N/A;;N/A;;id1002627662276426
18/04/2026;10:00;Super League;Nairobi City Stars FC;Gucha Stars FC;N/A;;N/A;;id1004893570840626
18/04/2026;10:00;Primavera 2;US Avellino;SSC Bari;N/A;;N/A;;id1001920262901801
18/04/2026;10:00;Liga e Pare;KF Feronikeli;KF Trepca 89;N/A;;N/A;;id1001423170869196
18/04/2026;10:00;Liga e Pare;KF Kek-U;KF Istogu;N/A;;N/A;;id1001423170869198
18/04/2026;10:00;II Liiga;Tabasalu Ulasabat CF;Keila JK;N/A;;N/A;;id1004664570773688
18/04/2026;10:00;Vorarlberg, Eliteliga;SV Lochau;FC Egg;N/A;;N/A;;id1002968461927834
18/04/2026;10:00;3. Lig, Group 1;Bursa Nilufer FK;Kestel Cilek SK;N/A;;N/A;;id1002638662041406
18/04/2026;10:00;Primavera 1;AC Monza;Frosinone Calcio U20;N/A;;N/A;;id1000234061537582
18/04/2026;10:00;Derde Divisie;ZSV Sportlust 46;Rohda Raalte;N/A;;N/A;;id1004798862227446
18/04/2026;10:00;Championnat National U19;SC Air Bel;AS Monaco;N/A;;N/A;;id1002627662276802
18/04/2026;10:00;3. Lig, Group 4;Ayvalikgucu Belediyespor;Izmir Coruhlu FK;N/A;;N/A;;id1003313362042958
18/04/2026;10:00;III Liga, Group 4;Pogon Sokol Lubaczow;KS Wisloka Debica;N/A;;N/A;;id1002584162036188
18/04/2026;10:00;Primavera 2;FC Sudtirol Bolzano;Modena;N/A;;N/A;;id1001920262901329
18/04/2026;10:00;Tercera Federacion, Group 15;Beti Kozkor KE;CD Avance Ezcabarte;N/A;;N/A;;id1002604663148101
18/04/2026;10:00;World Championship Qualification Women, Europe;Azerbaijan;Andorra;N/A;;N/A;;id1000078065806196
18/04/2026;10:00;III Liga, Group 1;Swit Nowy Dwor Mazowiecki;Zabkovia Zabki;N/A;;N/A;;id1002583562038030
18/04/2026;10:00;1. Liga;FC Banik Ostrava;Bohemians Prague 1905;N/A;;N/A;;id1000017261324723
18/04/2026;10:00;3. Lig, Group 4;Denizli Idman Yurdu;Eskisehir Anadolu Spor Faaliyetleri AS;N/A;;N/A;;id1003313362042972
18/04/2026;10:00;3. Lig, Group 1;Corluspor 1947;Kucukcekmece Sinop Spor;N/A;;N/A;;id1002638662041408
18/04/2026;10:00;3. Lig, Group 1;Inegol Kafkas Genclikspor;Bursa Yildirim SK;N/A;;N/A;;id1002638662041416
18/04/2026;10:00;Regionalliga West;FC Lauterach;FC Kitzbuhel;N/A;;N/A;;id1000016761541360
18/04/2026;10:00;Hessenliga;FSV Fernwald;SV 1960 Hummetroth;N/A;;N/A;;id1000018461556550
18/04/2026;10:00;3. Lig, Group 1;Inkilap Fsk;Yalova FK 77 Spor Kulubu;N/A;;N/A;;id1002638662041412
18/04/2026;10:00;Premier League;Etincelles FC;Apr FC;N/A;;N/A;;id1002016267782832
18/04/2026;10:00;Hessenliga;Hanauer FC 1893;FC 1931 Eddersheim;N/A;;N/A;;id1000018461556552
18/04/2026;10:00;Hessenliga;VfB Marburg;Turk Gucu Friedberg;N/A;;N/A;;id1000018461556562
18/04/2026;10:00;Serie A;Udinese Calcio;Parma Calcio;N/A;;N/A;;id1000002361061601
18/04/2026;10:00;Primavera 2;Catanzaro Calcio 2011 U19;Ascoli Calcio 1898 FC;N/A;;N/A;;id1001920262901805
18/04/2026;10:00;U21, Divisie 1;Fortuna Sittard;Willem II Tilburg;N/A;;N/A;;id1003499068197592
18/04/2026;10:00;3rd Division Group 2;Ranheim 2;Spjelkavik IL;N/A;;N/A;;id1002464467919502
18/04/2026;10:00;3. Lig, Group 4;Altay Izmir;Afjet Afyonspor;N/A;;N/A;;id1003313362042966
18/04/2026;10:00;Oberliga Rheinland-Pfalz;1. FC Kaiserslautern II;FV Dudenhofen;N/A;;N/A;;id1000110962118900
18/04/2026;10:00;Championship;Cape Town City FC;Hungry Lion;N/A;;N/A;;id1000190663157189
18/04/2026;10:00;II Liga;Sokol Kleczew;Olimpia Grudziadz;N/A;;N/A;;id1000051561467211
18/04/2026;10:00;3. Lig, Group 1;Beykoz Ishakli SF;Edirnespor;N/A;;N/A;;id1002638662041402
18/04/2026;10:00;Primavera 2;Pescara Calcio;SS Monopoli;N/A;;N/A;;id1001920262901815
18/04/2026;10:00;2. Liga, Division A;FC Tyumen;PFC Kuban Krasnodar;N/A;;N/A;;id1004030569280744
18/04/2026;10:00;Primavera 2;Como 1907;Venezia FC;N/A;;N/A;;id1001920262901321
18/04/2026;10:00;1. Liga;Dukla Prague;MFK Karvina;N/A;;N/A;;id1000017261324733
18/04/2026;10:00;World Championship Qualification Women, Europe;Hungary;North Macedonia;N/A;;N/A;;id1000078065806194
18/04/2026;10:00;Regionalliga West;SK Bischofshofen;SV Wals-Grunau;N/A;;N/A;;id1000016761541346
18/04/2026;10:00;U19 DFB Nachwuchsliga;TSV Havelse;FC St. Pauli;N/A;;N/A;;id1002470267207502
18/04/2026;10:00;Championship;Highbury FC;Leicesterford City;N/A;;N/A;;id1000190663157181
18/04/2026;10:00;Superliga;KF Llapi;FC Prishtina;N/A;;N/A;;id1001418970827032
18/04/2026;10:00;Serie D, Group G;SSD Albalonga;Monastir;N/A;;N/A;;id1000138662752653
18/04/2026;10:00;Allsvenskan;Mjallby AIF;IF Brommapojkarna;N/A;;N/A;;id1000004067126478
18/04/2026;10:00;Tweede Divisie;IJsselmeervogels;Excelsior Maassluis;N/A;;N/A;;id1002627861967566
18/04/2026;10:00;Superliga;FK Cukaricki Belgrade;FK Radnik Surdulica;N/A;;N/A;;id1000021070708836
18/04/2026;10:00;Wien, Wiener Stadtliga;Simmeringer SC;Vienna Amateure;N/A;;N/A;;id1004383161911476
18/04/2026;10:00;Serie B;Modena FC;Frosinone Calcio;N/A;;N/A;;id1000005362484326
18/04/2026;10:00;Pervaya Liga;FC Volna Pinsk;FC Bate Borisov 2;N/A;;N/A;;id1000077670730866
18/04/2026;10:00;1. Liga;FC Slovan Liberec;FK Mlada Boleslav;N/A;;N/A;;id1000017261324737
18/04/2026;10:00;Segunda Division;Guairena FC;Tacuary Asuncion;N/A;;N/A;;id1000125470806154
18/04/2026;10:00;I-League;Shillong Lajong FC;Aizawl FC;N/A;;N/A;;id1000084869024406
18/04/2026;10:00;Allsvenskan;IK Sirius;Vasteraas SK;N/A;;N/A;;id1000004067126482
18/04/2026;10:00;Tweede Divisie;K.v.v. Quick Boys;GVVV Veenendaal;N/A;;N/A;;id1002627861967562
18/04/2026;10:00;2. CFL;FK Berane;FK Otrant-Olympic Ulcinj;N/A;;N/A;;id1000071767148302
18/04/2026;10:00;3rd Division Group 6;Brumunddal Fotball;Fram IF;N/A;;N/A;;id1002465267920950
18/04/2026;10:00;1. MFL;Pelister Bitola;FK Makedonija Gjorce Petrov;N/A;;N/A;;id1000019970023802
18/04/2026;10:00;3. Lig, Group 1;Etimesgut Belediyespor;Bulvarspor;N/A;;N/A;;id1002638662041414
18/04/2026;10:00;1st Division, Women;Grei Kvinner Elite FK;Viking FK;N/A;;N/A;;id1001927267018336
18/04/2026;10:00;Super Liga;Dacia Buiucani;Petrocub Hincesti;N/A;;N/A;;id1000068568870956
18/04/2026;10:00;Virsliga;FC RFS;SK Super Nova;N/A;;N/A;;id1000019768492468
18/04/2026;10:00;3. Lig, Group 1;Galata SK;Cankaya FK;N/A;;N/A;;id1002638662041410
18/04/2026;10:00;Tweede Divisie;Kozakken Boys Werkendam;Rkav Volendam;N/A;;N/A;;id1002627861967564
18/04/2026;10:00;Liga Portugal 2;UD Leiria;FC Penafiel;N/A;;N/A;;id1000023961732240
18/04/2026;10:00;Primavera 2;Empoli FC;Spezia Calcio;N/A;;N/A;;id1001920262901809
18/04/2026;10:00;Premiership;Orbit College FC;Lamontville Golden Arrows;N/A;;N/A;;id1000035862670345
18/04/2026;10:00;Segunda Division;Miramar Misiones;Colon FC;N/A;;N/A;;id1000190870802202
18/04/2026;10:00;Serie B;Spezia Calcio;FC Sudtirol Bolzano;N/A;;N/A;;id1000005362484334
18/04/2026;10:00;Championnat National U19;Vertou Ussa;Stade Brestois 29;N/A;;N/A;;id1002627662276428
18/04/2026;10:00;Bayernliga North;Wurzburger FV;Eintracht Bamberg;N/A;;N/A;;id1000108961555448
18/04/2026;10:00;Premier Soccer League;Herentals FC;FC Hunters;N/A;;N/A;;id1002347970715436
18/04/2026;10:00;World Championship Qualification Women, Europe;Denmark;Italy;N/A;;N/A;;id1000078065804886
18/04/2026;10:00;Erste Liga;FC Black Stars;FC Bassecourt;N/A;;N/A;;id1003705162215958
18/04/2026;10:00;Championship;Milford FC;Upington City FC;N/A;;N/A;;id1000190663157185
18/04/2026;10:00;3. Lig, Group 1;1926 Polatli Belediyespor;Silivrispor;N/A;;N/A;;id1002638662041404
18/04/2026;10:00;Ykkosliiga;JIPPO;FC KTP Kotka;N/A;;N/A;;id1000005567604768
18/04/2026;10:00;Oberliga Niedersachsen;TSV Wetschen;SV Atlas Delmenhorst;N/A;;N/A;;id1000081362279564
18/04/2026;10:00;Serie B;Mantova 1911;US Avellino;N/A;;N/A;;id1000005362484324
18/04/2026;10:00;Campionato Sammarinese;SS Pennarossa;AC Juvenes/Dogana;N/A;;N/A;;id1000073870786458
18/04/2026;10:00;2. Liga, Division A;FC Dynamo Bryansk;Dinamo Moscow Res.;N/A;;N/A;;id1004030569280738
18/04/2026;10:00;3rd Division Group 3;SK Djerv 1919;Os;N/A;;N/A;;id1002464667919782
18/04/2026;10:00;3rd Division Group 3;Askoey FK;Austevoll;N/A;;N/A;;id1002464667919786
18/04/2026;10:00;2nd Division Group 1;FK Vidar;IL Sandviken;N/A;;N/A;;id1002463867915728
18/04/2026;10:00;Premiership;Orlando Pirates FC;AmaZulu FC;N/A;;N/A;;id1000035862670347
18/04/2026;10:00;Premier League;FC Kairat Almaty;FC Kaspiy Aktau;N/A;;N/A;;id1000068269343092
18/04/2026;10:00;1. CFL;FK Mornar Bar;FK Decic Tuzi;N/A;;N/A;;id1000015467148474
18/04/2026;10:00;Championship;Kruger United;Midlands Wanderers FC;N/A;;N/A;;id1000190663157183
18/04/2026;10:00;III Liga, Group 3;Slowianin Woliborz;Mkp Carina Gubin;N/A;;N/A;;id1002583962036802
18/04/2026;10:00;World Championship Qualification Women, Europe;Romania;Cyprus;N/A;;N/A;;id1000078065806440
18/04/2026;10:00;Derde Divisie;Urk;SV Huizen;N/A;;N/A;;id1004798862227450
18/04/2026;10:00;Erste Liga;FC Courtetelle;FC Schotz;N/A;;N/A;;id1003705162215984
18/04/2026;10:00;Prva Liga, Rep of Srpska;FK Drina Zvornik;FK BSK Banja Luka;N/A;;N/A;;id1000071569574924
18/04/2026;10:00;CAF Champions League;Mamelodi Sundowns;Esperance Sportive de Tunis;N/A;;N/A;;id1000105470229144
18/04/2026;10:00;Primavera 2;US Albinoleffe;Virtus Entella;N/A;;N/A;;id1001920262901317
18/04/2026;10:00;3rd Division Group 4;Brodd;Flekkeroy IL;N/A;;N/A;;id1002464867920292
18/04/2026;10:00;1. Liga;FC Zlin;FK Teplice;N/A;;N/A;;id1000017261324727
18/04/2026;10:00;Primavera 2;AC Renate;Calcio Lecco 1912 U19;N/A;;N/A;;id1001920262901325
18/04/2026;10:00;Primavera 2;AS Cittadella;LR Vicenza;N/A;;N/A;;id1001920262901319
18/04/2026;10:00;Premier League;Kenya Commercial Bank;Ulinzi Stars FC;N/A;;N/A;;id1000164470378348
18/04/2026;10:00;3rd Division Group 2;Ntnui;Strindheim TF;N/A;;N/A;;id1002464467919506
18/04/2026;10:00;3rd Division Group 4;Varhaug;Vindbjart FK;N/A;;N/A;;id1002464867920296
18/04/2026;10:00;3rd Division Group 6;Elverum;Drobak-Frogn;N/A;;N/A;;id1002465267920954
18/04/2026;10:00;3rd Division Group 6;Bjoerkelangen;Raade IL;N/A;;N/A;;id1002465267920946
18/04/2026;10:00;3rd Division Group 4;Vaag IK;Hinna;N/A;;N/A;;id1002464867920300
18/04/2026;10:00;Superliga;FK Neftchi Fargona;PFC Nasaf;N/A;;N/A;;id1000077268380334
18/04/2026;10:00;2. Liga, Division B, Group 1;FC Nart Cherkessk;Zarya Lugansk;N/A;;N/A;;id1000109370249444
18/04/2026;10:00;2. Liga, Division B, Group 1;FC Sevastopol;FC Dynamo-2 Makhachkala;N/A;;N/A;;id1000109370249454
18/04/2026;10:00;2. Liga, Division B, Group 3;FK Ryazan;FC Metallurg Lipetsk;N/A;;N/A;;id1000109570228184
18/04/2026;10:00;2. Liga, Division B, Group 1;FC Druzhba Maykop;FK Rostov 2;N/A;;N/A;;id1000109370249446
18/04/2026;10:00;2. Liga, Division B, Group 1;FC Spartak Nalchik;Shakhtar Donetsk Taganrog;N/A;;N/A;;id1000109370249440
18/04/2026;10:00;Championship League;African Sports Club;Barberian FC;N/A;;N/A;;id1004893370119798
18/04/2026;10:00;Allsvenskan;Hammarby IF;Orgryte IS;N/A;;N/A;;id1000004067126474
18/04/2026;10:00;Pervaya Liga;FC Lida;FC SKA-1938;N/A;;N/A;;id1000077670730864
18/04/2026;10:00;Pervaya Liga;FC Osipovichi;FC Slutsk;N/A;;N/A;;id1000077670730862
18/04/2026;10:00;Superettan;Sandvikens IF;IFK Varnamo;N/A;;N/A;;id1000004667126032
18/04/2026;10:00;Championship League;Songea United;Bigman FC;N/A;;N/A;;id1004893370118930
18/04/2026;10:00;Allsvenskan;Halmstads BK;IFK Goteborg;N/A;;N/A;;id1000004067126484
18/04/2026;10:00;Tunisian Cup;A Sakiet Edayer;Olympique de Beja;N/A;;N/A;;id1000168270417292
18/04/2026;10:00;Liga 1;FC Real Sireti;CSF Spartanii Selemet;N/A;;N/A;;id1000071069948656
18/04/2026;10:00;Liga 1;FC Olimp Comrat;FC Victoria Chisinau;N/A;;N/A;;id1000071069902112
18/04/2026;10:00;2. CFL;FK Igalo 1929;FK Iskra Danilovgrad;N/A;;N/A;;id1000071767148304
18/04/2026;10:00;Premier League;Fountain Gate FC;Mtibwa Sugar FC;N/A;;N/A;;id1000243670478038
18/04/2026;10:00;Premiership;Marumo Gallants FC;Siwelele FC;N/A;;N/A;;id1000035862670343
18/04/2026;10:15;Tweede Divisie;Amsterdamsche FC;Hoek;N/A;;N/A;;id1002627861967568
18/04/2026;10:30;Superliga;MFK Ruzomberok;KFC Komarno;N/A;;N/A;;id1000021169463386
18/04/2026;10:30;A Lyga;FA Siauliai;FK Panevezys;N/A;;N/A;;id1000019868954788
18/04/2026;10:30;2. MFL;FK Skopje;FK Kamenica Sasa;N/A;;N/A;;id1000071870480758
18/04/2026;10:30;Derde Divisie;USV Hercules;Excelsior ´31;N/A;;N/A;;id1004798862227452
18/04/2026;10:30;Oberliga BW;VfR Mannheim;Karlsruher SC II;N/A;;N/A;;id1000014261856988
18/04/2026;10:30;2. MFL;KF Shkendija Haracine;FK Pobeda AD Prilep;N/A;;N/A;;id1000071870480750
18/04/2026;10:30;Oberliga BW;FV Ravensburg;SV Oberachern;N/A;;N/A;;id1000014261856972
18/04/2026;10:30;Niederosterreich, 1. Landesliga;UFC Sankt Peter Au;SK Sparkasse Korneuburg;N/A;;N/A;;id1004377161909584
18/04/2026;10:30;Promotion League;FC Schaffhausen;FC Paradiso;N/A;;N/A;;id1000110161711704
18/04/2026;10:30;Tweede Divisie;Jong Almere City FC;Jong Sparta Rotterdam;N/A;;N/A;;id1002627861967570
18/04/2026;10:30;Hessenliga;SC 1929 Waldgirmes;Hanauer SC 1960;N/A;;N/A;;id1000018461556564
18/04/2026;10:30;Bundesliga;TSG Hoffenheim;Borussia Dortmund;N/A;;N/A;;id1000003561514146
18/04/2026;10:30;Bundesliga;Bayer Leverkusen;FC Augsburg;N/A;;N/A;;id1000003561514132
18/04/2026;10:30;2. MFL;GFK Osogovo Kocani;FK Teteks 1953;N/A;;N/A;;id1000071870480748
18/04/2026;10:30;2. MFL;FK Detonit Plackovica;FC Bregalnica 2008 AD;N/A;;N/A;;id1000071870480756
18/04/2026;10:30;Oberliga Rheinland-Pfalz;FV Eppelborn;FV Engers 07;N/A;;N/A;;id1000110962118892
18/04/2026;10:30;Regionalliga North;Altona 93;Blau-Weiss Lohne;N/A;;N/A;;id1000004262284526
18/04/2026;10:30;2. MFL;FK Sloga Vinica 1934;FK Vardar Negotino;N/A;;N/A;;id1000071870480754
18/04/2026;10:30;2. MFL;GFK Ohrid Lihnidos;FK Prespa Resen;N/A;;N/A;;id1000071870480760
18/04/2026;10:30;Bayernliga South;TSV 1861 Nordlingen;FC Sturm Hauzenberg;N/A;;N/A;;id1000109161555996
18/04/2026;10:30;Oberliga BW;FSV Hollenbach;TSV Essingen;N/A;;N/A;;id1000014261856984
18/04/2026;10:30;Persha Liga;FC Chernomorets Odessa;Probiy Gorodenka;N/A;;N/A;;id1000069161840720
18/04/2026;10:30;Bundesliga;Union Berlin;VFL Wolfsburg;N/A;;N/A;;id1000003561514142
18/04/2026;10:30;Superliga;FK Zeleziarne Podbrezova;DAC 1904 Dunajska Streda;N/A;;N/A;;id1000021169463446
18/04/2026;10:30;2. MFL;FK Belasica Strumica;FK Kozuf Gevgelija;N/A;;N/A;;id1000071870480752
18/04/2026;10:30;Bundesliga;Werder Bremen;Hamburger SV;N/A;;N/A;;id1000003561514138
18/04/2026;10:30;Superliga;FC Spartak Trnava;MFK Zemplin Michalovce;N/A;;N/A;;id1000021169463448
18/04/2026;10:45;Tercera Federacion, Group 15;CD Valle de Egues;AD San Juan Pamplona;N/A;;N/A;;id1002604663148113
18/04/2026;10:45;Tercera Federacion, Group 15;CD Huarte;CD Subiza;N/A;;N/A;;id1002604663148107
18/04/2026;10:50;First Division;Al-Dhaid;Dubai City Football Club;N/A;;N/A;;id1001923862067390
18/04/2026;10:50;Omani League;Al-Khaboora;Bahla Club;N/A;;N/A;;id1000096570040638
18/04/2026;10:55;First Division;AL Ittifaq;AL Jazira AL Hamra;N/A;;N/A;;id1001923862067392
18/04/2026;10:55;First Division;Al-Hamriyah;Majd FC;N/A;;N/A;;id1001923862067394
18/04/2026;10:55;Liga 3;AFC Progresul 1944 Spartac;CSM Alexandria;N/A;;N/A;;id1003953370385230
18/04/2026;10:55;Liga 3;ACS Progresul Mogosoaia;ACS Kids Tampa Brasov;N/A;;N/A;;id1003953370385164
18/04/2026;11:00;Tercera Federacion, Group 18;CD Guadalajara B;CD Pedroneras;N/A;;N/A;;id1002605263150181
18/04/2026;11:00;Kakkonen Playoffs;HPS;Puistolan Urheilijat;N/A;;N/A;;id1002691069108598
18/04/2026;11:00;Ligue 2;SA Menzel Bourguiba;OC Kerkennah;N/A;;N/A;;id1002057870784088
18/04/2026;11:00;Ligue 2;Sfax Railways;US Bousalem;N/A;;N/A;;id1002057870784208
18/04/2026;11:00;Ligue 2;CS Chebba;Sporting Ben Arous;N/A;;N/A;;id1002057870784148
18/04/2026;11:00;Veikkausliiga;AC Oulu;Vaasan Palloseura;N/A;;N/A;;id1000004167091260
18/04/2026;11:00;Isthmian League, Pr. Div;Lewes FC;Wingate & Finchley;N/A;;N/A;;id1000113162159232
18/04/2026;11:00;Oberosterreich, OO Liga;Union Gschwandt;SV Grun-Weiss Micheldorf;N/A;;N/A;;id1004378961910792
18/04/2026;11:00;Northern Premier League Premier;Leek Town FC;Whitby Town;N/A;;N/A;;id1000111162153058
18/04/2026;11:00;Northern Premier League Premier;Bamber Bridge;Hebburn Town;N/A;;N/A;;id1000111162153050
18/04/2026;11:00;National League North;Hereford FC;Radcliffe FC;N/A;;N/A;;id1000017661945328
18/04/2026;11:00;Isthmian League, Pr. Div;Ramsgate FC;Hashtag United;N/A;;N/A;;id1000113162159236
18/04/2026;11:00;Isthmian League, Pr. Div;Billericay Town;Whitehawk FC;N/A;;N/A;;id1000113162159220
18/04/2026;11:00;Isthmian League, Pr. Div;Aveley FC;Carshalton Athletic FC;N/A;;N/A;;id1000113162159218
18/04/2026;11:00;Isthmian League, Pr. Div;Cheshunt FC;Brentwood Town FC;N/A;;N/A;;id1000113162159222
18/04/2026;11:00;Division 2, Promotion Playoffs;IFK Haninge;Raagsveds IF;N/A;;N/A;;id1002078268377450
18/04/2026;11:00;National League North;South Shields;Bedford Town Football Club;N/A;;N/A;;id1000017661945318
18/04/2026;11:00;National League South;Dorking Wanderers;Bath City FC;N/A;;N/A;;id1000017461914664
18/04/2026;11:00;Kakkonen Playoffs;Esbo Bollklubb;Tampereen Ilves 2;N/A;;N/A;;id1002691069108780
18/04/2026;11:00;1. Liga;FC Shinnik Yaroslavl;PFK Arsenal Tula;N/A;;N/A;;id1000020470629770
18/04/2026;11:00;Isthmian League, Pr. Div;Chichester City FC;Dartford FC;N/A;;N/A;;id1000113162159224
18/04/2026;11:00;Southern League Premier Central;Leiston FC;Spalding United;N/A;;N/A;;id1002605662157932
18/04/2026;11:00;Southern League Premier Central;Worcester City;St. Ives Town;N/A;;N/A;;id1002605662157942
18/04/2026;11:00;Erste Liga;USV Eschen-Mauren;FC Collina D Oro;N/A;;N/A;;id1003705162215450
18/04/2026;11:00;Championship;Greenock Morton FC;Queens Park FC;N/A;;N/A;;id1000020661353179
18/04/2026;11:00;Regionalliga Northeast;Hertha BSC II;BSG Chemie Leipzig;N/A;;N/A;;id1000108361712310
18/04/2026;11:00;Southern League Premier Central;Stratford Town;Bromsgrove Sporting;N/A;;N/A;;id1002605662157940
18/04/2026;11:00;Tercera Federacion, Group 8;CD Villaralbo;CD Guijuelo;N/A;;N/A;;id1002603263142477
18/04/2026;11:00;Erste Liga;BSC Old Boys;SV Muttenz;N/A;;N/A;;id1003705162215970
18/04/2026;11:00;Isthmian League, Pr. Div;Potters Bar Town FC;Chatham Town;N/A;;N/A;;id1000113162159234
18/04/2026;11:00;Srpska Liga;FK Takovo;FK Napredak Markovac;N/A;;N/A;;id1004821362700107
18/04/2026;11:00;League 2;Stranraer FC;Forfar Athletic FC;N/A;;N/A;;id1000020961357691
18/04/2026;11:00;Wien, Wiener Stadtliga;A-Xiii Auhof Center;SV Wienerberg 1921;N/A;;N/A;;id1004383161911480
18/04/2026;11:00;Wien, Wiener Stadtliga;FC 1980 Wien;Gerasd. Stammersd.;N/A;;N/A;;id1004383161911478
18/04/2026;11:00;Southern League Premier South;Plymouth Parkway;Hanwell Town FC;N/A;;N/A;;id1002605862157004
18/04/2026;11:00;Liga 3;AS FC Agricola Borcea;Asc Olimpic Zarnesti;N/A;;N/A;;id1003953370384546
18/04/2026;11:00;National League South;Torquay United;Hemel Hempstead Town;N/A;;N/A;;id1000017461914652
18/04/2026;11:00;Southern League Premier Central;AFC Sudbury;Stourbridge FC;N/A;;N/A;;id1002605662157922
18/04/2026;11:00;National League North;Oxford City;Chester FC;N/A;;N/A;;id1000017661945320
18/04/2026;11:00;Southern League Premier Central;Quorn FC;Needham Market;N/A;;N/A;;id1002605662157934
18/04/2026;11:00;Vorarlberg, Eliteliga;Admira Dornbirn;FC Rotenberg;N/A;;N/A;;id1002968461927828
18/04/2026;11:00;Divize E;FK Nove Sady;SK Hs Kromeriz B;N/A;;N/A;;id1004073566054168
18/04/2026;11:00;Northern Premier League Premier;Gainsborough Trinity;Prescot Cables;N/A;;N/A;;id1000111162153056
18/04/2026;11:00;National League North;AFC Telford United;Darlington FC;N/A;;N/A;;id1000017661945332
18/04/2026;11:00;Southern League Premier Central;Banbury United;Redditch United;N/A;;N/A;;id1002605662157924
18/04/2026;11:00;Southern League Premier Central;Royston Town;Stamford AFC;N/A;;N/A;;id1002605662157938
18/04/2026;11:00;Southern League Premier Central;Barwell FC;Bury Town FC;N/A;;N/A;;id1002605662157926
18/04/2026;11:00;National League North;AFC Fylde;Southport FC;N/A;;N/A;;id1000017661945334
18/04/2026;11:00;Isthmian League, Pr. Div;Cray Valley Paper Mills FC;Folkestone Invicta;N/A;;N/A;;id1000113162159226
18/04/2026;11:00;Erste Liga;FC Tuggen;FC Freienbach;N/A;;N/A;;id1003705162215440
18/04/2026;11:00;Erste Liga;FC Winterthur II;FC Baden;N/A;;N/A;;id1003705162215444
18/04/2026;11:00;Promotion League;FC Breitenrain;SC Bruhl St Gallen;N/A;;N/A;;id1000110161711716
18/04/2026;11:00;Southern League Premier South;Yate Town;Gloucester City;N/A;;N/A;;id1002605862157014
18/04/2026;11:00;Liga Prom;Arabe Unido B;Umecit II;N/A;;N/A;;id1001949070839412
18/04/2026;11:00;Liga Prom;CA Independiente B;San Francisco FC B;N/A;;N/A;;id1001949070839476
18/04/2026;11:00;Promotion League;FC Grand-Saconnex;Vevey-Sports;N/A;;N/A;;id1000110161711718
18/04/2026;11:00;Erste Liga;FC Martigny Sports;FC Echallens Region;N/A;;N/A;;id1003705162216404
18/04/2026;11:00;Southern League Premier South;Walton and Hersham FC;Uxbridge FC;N/A;;N/A;;id1002605862157010
18/04/2026;11:00;Southern League Premier South;Sholing FC;Wimborne Town;N/A;;N/A;;id1002605862157008
18/04/2026;11:00;Northern Premier League Premier;Stockton Town;Lancaster City;N/A;;N/A;;id1000111162153064
18/04/2026;11:00;Southern League Premier South;Weymouth FC;Chertsey Town FC;N/A;;N/A;;id1002605862157012
18/04/2026;11:00;Southern League Premier Central;Kettering Town;Halesowen Town FC;N/A;;N/A;;id1002605662157930
18/04/2026;11:00;Southern League Premier Central;Harborough Town FC;Bishop's Stortford;N/A;;N/A;;id1002605662157928
18/04/2026;11:00;National League North;King's Lynn Town;Chorley FC;N/A;;N/A;;id1000017661945326
18/04/2026;11:00;III Liga, Group 4;Avia Swidnik;MKS Podlasie Biala Podlaska;N/A;;N/A;;id1002584162036182
18/04/2026;11:00;Premiership;Glenavon FC;Crusaders FC;N/A;;N/A;;id1000020070178744
18/04/2026;11:00;Tercera Federacion, Group 15;FC Bidezarra;UDC Chantrea;N/A;;N/A;;id1002604663148103
18/04/2026;11:00;Veikkausliiga;Turun Palloseura;Seinajoen JK;N/A;;N/A;;id1000004167091264
18/04/2026;11:00;U19 Division de Honor Juvenil;Hercules CF;CF Talavera;N/A;;N/A;;id1004834362941779
18/04/2026;11:00;Bayernliga North;DJK Gebenbach;SpVgg SV Weiden;N/A;;N/A;;id1000108961555444
18/04/2026;11:00;3. SNL;NK Skofja Loka;NK Vipava;N/A;;N/A;;id1004799862252108
18/04/2026;11:00;3. SNL;NK IB Ljubljana;NK Idrija;N/A;;N/A;;id1004799862252110
18/04/2026;11:00;League Two;Crawley Town;Shrewsbury Town;N/A;;N/A;;id1000002561495005
18/04/2026;11:00;2. CFL;FK Kom Podgorica;FK Podgorica;N/A;;N/A;;id1000071767148306
18/04/2026;11:00;World Championship Qualification Women, Europe;Sweden;Serbia;N/A;;N/A;;id1000078065804884
18/04/2026;11:00;3. SNL;Fuzinar Ravne;NK Race;N/A;;N/A;;id1004799862252474
18/04/2026;11:00;Isthmian League, Pr. Div;St. Albans City;Canvey Island;N/A;;N/A;;id1000113162159238
18/04/2026;11:00;National League South;Enfield Town;Slough Town;N/A;;N/A;;id1000017461914660
18/04/2026;11:00;National League South;Salisbury FC;Horsham FC;N/A;;N/A;;id1000017461914654
18/04/2026;11:00;National League South;Farnborough FC;Tonbridge Angels;N/A;;N/A;;id1000017461914658
18/04/2026;11:00;National League North;Scarborough Athletic;Merthyr Town;N/A;;N/A;;id1000017661945314
18/04/2026;11:00;1 Lyga;FK Ekranas;Hegelmann Litauen B;N/A;;N/A;;id1000067669670646
18/04/2026;11:00;Southern League Premier Central;Real Bedford;Alvechurch;N/A;;N/A;;id1002605662157936
18/04/2026;11:00;Southern League Premier South;Evesham United;Gosport Borough;N/A;;N/A;;id1002605862156998
18/04/2026;11:00;Southern League Premier South;Basingstoke Town FC;Tiverton Town;N/A;;N/A;;id1002605862156994
18/04/2026;11:00;Promotion League;SC Cham;FC Zurich;N/A;;N/A;;id1000110161711694
18/04/2026;11:00;Liga Prom;Aguilas de la Universidad de Panama;Union Cocle FC B;N/A;;N/A;;id1001949070839478
18/04/2026;11:00;Regionalliga Centre;ASKO Oedt;SK Treibach;N/A;;N/A;;id1000016861466297
18/04/2026;11:00;Prva Liga;FK Tekstilac Odzaci;FK Kabel Novi Sad;N/A;;N/A;;id1000072170681908
18/04/2026;11:00;Segunda Federacion;CD Castellon B;Valencia CF Mestalla;N/A;;N/A;;id1000054461697968
18/04/2026;11:00;III Liga, Group 1;LKS 1926 Lomza;Lechia Tomaszow Mazowiecki;N/A;;N/A;;id1002583562038026
18/04/2026;11:00;League One;Exeter City;Stockport County FC;N/A;;N/A;;id1000002461493897
18/04/2026;11:00;Premiership;Ballymena United;Portadown FC;N/A;;N/A;;id1000020070178740
18/04/2026;11:00;2. CFL;FK Rudar Pljevlja;FK Internacional Podgorica;N/A;;N/A;;id1000071767148300
18/04/2026;11:00;Erste Liga;FC Dietikon;FC Kosova Zurich;N/A;;N/A;;id1003705162215438
18/04/2026;11:00;World Championship Qualification Women, Europe;Montenegro;Czechia;N/A;;N/A;;id1000078065454454
18/04/2026;11:00;League 2;East Kilbride FC;Edinburgh City FC;N/A;;N/A;;id1000020961357687
18/04/2026;11:00;League 1;Peterhead FC;Queen of the South FC;N/A;;N/A;;id1000020761357123
18/04/2026;11:00;League One;Leyton Orient London;Rotherham United;N/A;;N/A;;id1000002461493895
18/04/2026;11:00;U19 Division de Honor Juvenil;Real Sporting de Gijon;SD Compostela;N/A;;N/A;;id1004834362939303
18/04/2026;11:00;Championship;Institute FC;Ards FC;N/A;;N/A;;id1000070170183376
18/04/2026;11:00;Divize F;SK Jiskra Rymarov;Opava B;N/A;;N/A;;id1004073766054412
18/04/2026;11:00;National League North;Macclesfield FC;Spennymoor Town FC;N/A;;N/A;;id1000017661945324
18/04/2026;11:00;Championship;Ballinamallard United;Warrenpoint Town FC;N/A;;N/A;;id1000070170183372
18/04/2026;11:00;Kakkonen Playoffs;JS Hercules;GBK Kokkola;N/A;;N/A;;id1002691069108960
18/04/2026;11:00;Divize F;Tj Valasske Mezirici;FK Petrvald Na Morave;N/A;;N/A;;id1004073766054418
18/04/2026;11:00;Ykkonen;PK Keski-Uusimaa;Rovaniemen Palloseura;N/A;;N/A;;id1004229168538204
18/04/2026;11:00;U19 Division de Honor Juvenil;Patacona CF;CD Castellon SAD;N/A;;N/A;;id1004834362941781
18/04/2026;11:00;Wien, Wiener Stadtliga;LAC Inter;SC Red Star Penzing;N/A;;N/A;;id1004383161911484
18/04/2026;11:00;2nd Division Group 1;Arendal FK;Notodden FK;N/A;;N/A;;id1002463867915732
18/04/2026;11:00;League 1;Alloa Athletic FC;East Fife FC;N/A;;N/A;;id1000020761357115
18/04/2026;11:00;Super Lig;Kocaelispor;Goztepe Izmir;N/A;;N/A;;id1000005261730176
18/04/2026;11:00;1. Liga, Women;Legia Ladies;RESOVIA RZESZOW;N/A;;N/A;;id1004823368083298
18/04/2026;11:00;Wien, Wiener Stadtliga;FC Stadlau;Hellas Kagran;N/A;;N/A;;id1004383161911482
18/04/2026;11:00;Liga Portugal 3;Uniao SC Paredes;SC Sao Joao de Ver;N/A;;N/A;;id1003490068351472
18/04/2026;11:00;World Championship Qualification Women, Europe;Estonia;Lithuania;N/A;;N/A;;id1000078065806130
18/04/2026;11:00;Championship;Ross County FC;Ayr United FC;N/A;;N/A;;id1000020661353181
18/04/2026;11:00;Ettan, Relegation/Promotion;Eskilsminne IF;Jonkopings Sodra IF;N/A;;N/A;;id1002741268311524
18/04/2026;11:00;U19 Campeonato Nacional;Uniao de Leiria;Santa Clara SAD;N/A;;N/A;;id1000113367802892
18/04/2026;11:00;League One;Northampton Town;Doncaster Rovers;N/A;;N/A;;id1000002461493893
18/04/2026;11:00;2. Liga, Division A;FC Zenit-2 St Petersburg;Dinamo Stavropol;N/A;;N/A;;id1004030569280746
18/04/2026;11:00;Northern Premier League Premier;Warrington Town;Workington AFC;N/A;;N/A;;id1000111162153066
18/04/2026;11:00;League Two;Gillingham FC;Grimsby Town;N/A;;N/A;;id1000002561495001
18/04/2026;11:00;Ligue 2;RC Arbaa;Crb Adrar;N/A;;N/A;;id1001432170520920
18/04/2026;11:00;Championship;Queens University;Loughgall FC;N/A;;N/A;;id1000070170183346
18/04/2026;11:00;Ettan, Relegation/Promotion;FC Arlanda;FC Stockholm Internazionale;N/A;;N/A;;id1002741268310814
18/04/2026;11:00;Premier League;Leeds United;Wolverhampton Wanderers;N/A;;N/A;;id1000001761301171
18/04/2026;11:00;Ettan, Relegation/Promotion;IF Karlstad Fotbol;FC Jarfalla;N/A;;N/A;;id1002741268310818
18/04/2026;11:00;Steiermark, Landesliga;Fsc Eggendorf Hartberg II;DSV Leoben;N/A;;N/A;;id1004380361901966
18/04/2026;11:00;Northern Premier League Premier;FC United of Manchester;Hyde United FC;N/A;;N/A;;id1000111162153054
18/04/2026;11:00;League 1;Montrose FC;Hamilton Academical FC;N/A;;N/A;;id1000020761357121
18/04/2026;11:00;League 2;Stirling Albion FC;Elgin City FC;N/A;;N/A;;id1000020961357689
18/04/2026;11:00;League 2;Clyde FC;Dumbarton FC;N/A;;N/A;;id1000020961357685
18/04/2026;11:00;World Championship Qualification Women, Europe;Spain;Ukraine;N/A;;N/A;;id1000078065621318
18/04/2026;11:00;Ligue 2;JSM Tiaret;RC Kouba;N/A;;N/A;;id1001432170520916
18/04/2026;11:00;Srpska Liga;FK Omladinac Zablace;FK Real Podunavci;N/A;;N/A;;id1004821362700097
18/04/2026;11:00;League 2;Annan Athletic FC;Spartans FC;N/A;;N/A;;id1000020961357683
18/04/2026;11:00;Tirol, Regionalliga Tirol;FC Raika Volders;SK St. Johann;N/A;;N/A;;id1002968261914998
18/04/2026;11:00;Regionalliga North;SSV Jeddeloh II;HSC Hannover;N/A;;N/A;;id1000004262284522
18/04/2026;11:00;World Championship Qualification Women, Europe;Ireland;Poland;N/A;;N/A;;id1000078065805508
18/04/2026;11:00;Tercera Federacion, Group 13;Atletico Santa Cruz;SFC Minerva;N/A;;N/A;;id1002604263146691
18/04/2026;11:00;Liga Portugal 3;AD Marco 09;AD Fafe;N/A;;N/A;;id1003490068351468
18/04/2026;11:00;National League;Solihull Moors FC;Boston United FC;N/A;;N/A;;id1000017361916212
18/04/2026;11:00;National League South;Ebbsfleet United FC;Hampton & Richmond Borough;N/A;;N/A;;id1000017461914672
18/04/2026;11:00;League Two;Cheltenham Town;Newport County;N/A;;N/A;;id1000002561495007
18/04/2026;11:00;Regionalliga Ost;SC Retz;SV Donau;N/A;;N/A;;id1000016662274162
18/04/2026;11:00;Championship;Wrexham AFC;Stoke City;N/A;;N/A;;id1000001861491315
18/04/2026;11:00;National League;Wealdstone FC;Scunthorpe United;N/A;;N/A;;id1000017361916208
18/04/2026;11:00;National League;Hartlepool United;Forest Green Rovers;N/A;;N/A;;id1000017361916226
18/04/2026;11:00;Championship;Bristol City;Norwich City;N/A;;N/A;;id1000001861491335
18/04/2026;11:00;Northern Premier League Premier;Ashton United FC;Guiseley FC;N/A;;N/A;;id1000111162153048
18/04/2026;11:00;League Two;Fleetwood Town;Chesterfield FC;N/A;;N/A;;id1000002561495013
18/04/2026;11:00;World Championship Qualification Women, Europe;Slovakia;Portugal;N/A;;N/A;;id1000078065805622
18/04/2026;11:00;League Two;Oldham Athletic;Salford City;N/A;;N/A;;id1000002561494995
18/04/2026;11:00;National League North;Leamington FC;Kidderminster Harriers FC;N/A;;N/A;;id1000017661945336
18/04/2026;11:00;Kakkonen Playoffs;P-Iirot;Musan Salama;N/A;;N/A;;id1002691069108778
18/04/2026;11:00;National League;Brackley Town FC;Aldershot Town FC;N/A;;N/A;;id1000017361916224
18/04/2026;11:00;Championship;Watford FC;Sheffield United;N/A;;N/A;;id1000001861491317
18/04/2026;11:00;Championship;Swansea City;Southampton FC;N/A;;N/A;;id1000001861491319
18/04/2026;11:00;National League North;Marine FC;Alfreton Town FC;N/A;;N/A;;id1000017661945322
18/04/2026;11:00;Ykkonen;VJS;SalPa;N/A;;N/A;;id1004229168538198
18/04/2026;11:00;National League South;Chippenham Town FC;Hornchurch FC;N/A;;N/A;;id1000017461914668
18/04/2026;11:00;Championship;Sheffield Wednesday;Charlton Athletic;N/A;;N/A;;id1000001861491321
18/04/2026;11:00;National League South;Maidstone United FC;Worthing FC;N/A;;N/A;;id1000017461914650
18/04/2026;11:00;National League South;Eastbourne Borough;AFC Totton;N/A;;N/A;;id1000017461914662
18/04/2026;11:00;National League South;Chesham United;Chelmsford City;N/A;;N/A;;id1000017461914670
18/04/2026;11:00;Ligue 2;GC Mascara;Wa Mostaganem;N/A;;N/A;;id1001432170520910
18/04/2026;11:00;Northern Premier League Premier;Rushall Olympic;Morpeth Town;N/A;;N/A;;id1000111162153060
18/04/2026;11:00;Girabola;Recreativo Do Libolo;Sagrada Esperanca;N/A;;N/A;;id1000217170868484
18/04/2026;11:00;Karnten, Karntner Liga;KAC 1909;ASKO Kottmannsdorf;N/A;;N/A;;id1004378161898530
18/04/2026;11:00;National League South;Maidenhead United FC;Dover Athletic FC;N/A;;N/A;;id1000017461914656
18/04/2026;11:00;1.Liga;FK Smiltene/Bjss;Leevon Ppk;N/A;;N/A;;id1000067769501806
18/04/2026;11:00;Super League;Atromitos Athinon;AE Larissa FC;N/A;;N/A;;id1000018570232018
18/04/2026;11:00;National League;Morecambe FC;Boreham Wood FC;N/A;;N/A;;id1000017361916214
18/04/2026;11:00;National League;Eastleigh FC;Tamworth FC;N/A;;N/A;;id1000017361916220
18/04/2026;11:00;Premium Liiga;Parnu JK Vaprus;Tartu JK Tammeka;N/A;;N/A;;id1000017868214600
18/04/2026;11:00;Kategoria Superiore;KF Egnatia Rrogozhine;Flamurtari Vlore;N/A;;N/A;;id1000072062155410
18/04/2026;11:00;Premier League;Ararat Yerevan FC;FC Pyunik Yerevan;N/A;;N/A;;id1000067170629818
18/04/2026;11:00;II Liga;GKS Jastrzebie;Zaglebie Sosnowiec;N/A;;N/A;;id1000051561467223
18/04/2026;11:00;Ligue 2;ASM Oran;MC Saida;N/A;;N/A;;id1001432170520912
18/04/2026;11:00;Kategoria Superiore;FK Vora;Vllaznia Shkoder;N/A;;N/A;;id1000072062155402
18/04/2026;11:00;Erste Liga;FC Solothurn;Zug 94;N/A;;N/A;;id1003705162215962
18/04/2026;11:00;Prva Liga, Rep of Srpska;FK Famos Vojkovici;FK Slavija Sarajevo;N/A;;N/A;;id1000071569574928
18/04/2026;11:00;Iraqi League;Al Zawraa;AL Karkh;N/A;;N/A;;id1002697470767954
18/04/2026;11:00;Premijer Liga;FK Radnik Bijeljina;FK Sarajevo;N/A;;N/A;;id1000022261737278
18/04/2026;11:00;Championship;Hull City;Birmingham City;N/A;;N/A;;id1000001861491331
18/04/2026;11:00;Ligue 2;JS Tixeraine;USM EL Harrach;N/A;;N/A;;id1001432170520918
18/04/2026;11:00;League Two;Notts County;Barnet FC;N/A;;N/A;;id1000002561494997
18/04/2026;11:00;League One;Stevenage FC;Lincoln City;N/A;;N/A;;id1000002461493883
18/04/2026;11:00;3. SNL;Mnk Izola;NK Tolmin;N/A;;N/A;;id1004799862252112
18/04/2026;11:00;Regionalliga West;FC Kufstein;SCR Altach;N/A;;N/A;;id1000016761541348
18/04/2026;11:00;Erste Liga;SC Buochs;Grasshopper Club Zurich II;N/A;;N/A;;id1003705162215966
18/04/2026;11:00;III Liga, Group 3;MKS Stal Jasien;SKRA Czestochowa;N/A;;N/A;;id1002583962036806
18/04/2026;11:00;Erste Liga;Juventus Zurich;SV Hongg;N/A;;N/A;;id1003705162215452
18/04/2026;11:00;Southern League Premier South;Taunton Town;Bracknell Town FC;N/A;;N/A;;id1002605866491062
18/04/2026;11:00;Srpska Liga;FK Jedinstvo Surcin;FK Torlak;N/A;;N/A;;id1004821366053398
18/04/2026;11:00;3. SNL;NK Dob;ND Bistrc;N/A;;N/A;;id1004799862252116
18/04/2026;11:00;Northern Premier League Premier;Stocksbridge Park Steels FC;Ilkeston Town FC;N/A;;N/A;;id1000111162153062
18/04/2026;11:00;U19 Allsvenskan;Västeras SK FK;Helsingborgs IF;N/A;;N/A;;id1000253968309424
18/04/2026;11:00;Ykkonen;Tampere United;KuPS Akatemia;N/A;;N/A;;id1004229168538202
18/04/2026;11:00;3rd Division Group 5;Skjervoey;Finnsnes IL;N/A;;N/A;;id1002465067920466
18/04/2026;11:00;2. CFL;FK Lovcen;OFK Grbalj;N/A;;N/A;;id1000071767148298
18/04/2026;11:00;Divize E;Sfk Elko Holesov;Tj Sokol Lanzhot;N/A;;N/A;;id1004073566054174
18/04/2026;11:00;World Championship Qualification Women, Europe;Liechtenstein;Bosnia and Herzegovina;N/A;;N/A;;id1000078065806132
18/04/2026;11:00;Championship;Arbroath FC;Raith Rovers FC;N/A;;N/A;;id1000020661353175
18/04/2026;11:00;League Two;Tranmere Rovers FC;Bristol Rovers;N/A;;N/A;;id1000002561494993
18/04/2026;11:00;Premier League;FK Rubin Kazan;FK Akron Tolyatti;N/A;;N/A;;id1000020361376699
18/04/2026;11:00;Southern League Premier South;Farnham Town;Berkhamsted FC;N/A;;N/A;;id1002605862157000
18/04/2026;11:00;Southern League Premier South;Poole Town;Havant & Waterlooville;N/A;;N/A;;id1002605862157006
18/04/2026;11:00;Tirol, Regionalliga Tirol;SV Oberperfuss;SV Fugen;N/A;;N/A;;id1002968261915008
18/04/2026;11:00;Northern Premier League Premier;Cleethorpes Town FC;Hednesford Town;N/A;;N/A;;id1000111162153052
18/04/2026;11:00;Premiership;Linfield FC;Coleraine FC;N/A;;N/A;;id1000020070178654
18/04/2026;11:00;Southern League Premier South;Hungerford Town FC;Dorchester Town;N/A;;N/A;;id1002605862157002
18/04/2026;11:00;Isthmian League, Pr. Div;Cray Wanderers;Welling United FC;N/A;;N/A;;id1000113162159228
18/04/2026;11:00;Srpska Liga;FK Sloboda Uzice;FK Sumadija Kragujevac;N/A;;N/A;;id1004821362700103
18/04/2026;11:00;HNL;GNK Dinamo Zagreb;HNK Rijeka;N/A;;N/A;;id1000017061286541
18/04/2026;11:00;MSFL;SFK Vrchovina;MFK Vitkovice;N/A;;N/A;;id1001414766053636
18/04/2026;11:00;League 1;Inverness Caledonian Thistle FC;Kelty Hearts FC;N/A;;N/A;;id1000020761357119
18/04/2026;11:00;Premiership;Bangor FC;Carrick Rangers;N/A;;N/A;;id1000020070178742
18/04/2026;11:00;League Two;Harrogate Town;Colchester United;N/A;;N/A;;id1000002561494999
18/04/2026;11:00;Division 2, Promotion Playoffs;IFK Ostersund;Umea FF;N/A;;N/A;;id1002078269539846
18/04/2026;11:00;U19 Allsvenskan;Hammarby IF;IK Sirius;N/A;;N/A;;id1000253968309414
18/04/2026;11:00;1. Liga;Rodina Moscow;FC Volga Ulyanovsk;N/A;;N/A;;id1000020470629774
18/04/2026;11:00;Prva Liga, Rep of Srpska;FK Vlasenica;Velez Nevesinje;N/A;;N/A;;id1000071569574930
18/04/2026;11:00;Ligue 2;NA Hussein Dey;CR Temouchent;N/A;;N/A;;id1001432170520908
18/04/2026;11:00;National League;Truro City;Carlisle United;N/A;;N/A;;id1000017361916204
18/04/2026;11:00;League 1;Cove Rangers FC;Stenhousemuir FC;N/A;;N/A;;id1000020761357117
18/04/2026;11:00;National League;Gateshead FC;Woking FC;N/A;;N/A;;id1000017361916216
18/04/2026;11:00;National League;Sutton United;Altrincham FC;N/A;;N/A;;id1000017361916210
18/04/2026;11:00;Srpska Liga;FK Radnicki Beograd;FK Zvezdara;N/A;;N/A;;id1004821366053406
18/04/2026;11:00;Ligue 2;ESM Kolea;Js El Biar;N/A;;N/A;;id1001432170520914
18/04/2026;11:00;Ligue 2;WA Tlemcen;Bechar Djedid;N/A;;N/A;;id1001432170520906
18/04/2026;11:00;Srpska Liga;FK Mladi Radnik 1940 Radinac;FK Sloga Pozega;N/A;;N/A;;id1004821362700111
18/04/2026;11:00;Superliga;PFK Mash AL Mubarek;Xorazm Fk Urganch;N/A;;N/A;;id1000077268380330
18/04/2026;11:00;Ykkonen;JJK Jyvaskyla;TPV Tampere;N/A;;N/A;;id1004229168538200
18/04/2026;11:00;Srpska Liga;FK Buducnost Krusik;FK Metalac Gornji Milanovac;N/A;;N/A;;id1004821362700101
18/04/2026;11:00;Premier League;FC Ordabasy;FC Okzhetpes;N/A;;N/A;;id1000068270850138
18/04/2026;11:00;Ligue 2;AS Megrine;Em Mahdia;N/A;;N/A;;id1002057870784052
18/04/2026;11:00;National League North;Curzon Ashton FC;Buxton FC;N/A;;N/A;;id1000017661945330
18/04/2026;11:00;Iraqi League;Erbil SC;Al-Qasim SC;N/A;;N/A;;id1002697470767952
18/04/2026;11:00;League One;Reading FC;Cardiff City;N/A;;N/A;;id1000002461493887
18/04/2026;11:00;National League South;Dagenham and Redbridge FC;Weston-super-Mare;N/A;;N/A;;id1000017461914666
18/04/2026;11:00;League One;Mansfield Town;Luton Town;N/A;;N/A;;id1000002461493905
18/04/2026;11:00;Championship;Airdrieonians FC;Partick Thistle FC;N/A;;N/A;;id1000020661353173
18/04/2026;11:00;Championship;Preston North End;West Bromwich Albion;N/A;;N/A;;id1000001861491323
18/04/2026;11:00;Veikkausliiga;FC Lahti;FC Inter Turku;N/A;;N/A;;id1000004167091262
18/04/2026;11:00;Pervaya Liga;FC Smorgon;FC Slonim-2017;N/A;;N/A;;id1000077670730868
18/04/2026;11:00;League One;AFC Wimbledon;Plymouth Argyle;N/A;;N/A;;id1000002461493903
18/04/2026;11:00;Bayernliga North;Bayern Hof;FSV Stadeln;N/A;;N/A;;id1000108961555450
18/04/2026;11:00;Premier League;Newcastle United;AFC Bournemouth;N/A;;N/A;;id1000001761301175
18/04/2026;11:00;Indian Super League;FC Goa;Mumbai City;N/A;;N/A;;id1000190068746450
18/04/2026;11:00;National League North;Worksop Town;Peterborough Sports;N/A;;N/A;;id1000017661945316
18/04/2026;11:00;Divize E;Tj Slovan Bzenec;Sternberk;N/A;;N/A;;id1004073566054166
18/04/2026;11:00;Liga 3;FC Soimii Gura Humorului;ACS Sepsi Osk Sfantu Gheorghe 2;N/A;;N/A;;id1003953370384462
18/04/2026;11:00;Liga 3;CS Universitatea Craiova II;CS Vulturii Farcasesti;N/A;;N/A;;id1003953370384618
18/04/2026;11:00;Isthmian League, Pr. Div;Dulwich Hamlet;Burgess Hill Town;N/A;;N/A;;id1000113162159230
18/04/2026;11:00;Liga 3;Stinta Poli Timisoara;Scm Zalau;N/A;;N/A;;id1003953370384694
18/04/2026;11:00;Liga 3;CSM Unirea Alba Iulia;AFC Unirea Tasnad;N/A;;N/A;;id1003953370384696
18/04/2026;11:00;Liga 3;Csm Sacele;ACS Vointa 2024 Crevedia;N/A;;N/A;;id1003953370385166
18/04/2026;11:00;Prva Liga;FK Vozdovac Belgrade;FK Loznica;N/A;;N/A;;id1000072170681874
18/04/2026;11:00;Championship;Newington FC;Harland And Wolff Welders;N/A;;N/A;;id1000070170183344
18/04/2026;11:00;Championship;Dundela FC;Armagh City FC;N/A;;N/A;;id1000070170183374
18/04/2026;11:00;League Two;Crewe Alexandra;Milton Keynes Dons;N/A;;N/A;;id1000002561495003
18/04/2026;11:00;League One;Wycombe Wanderers;Blackpool FC;N/A;;N/A;;id1000002461493885
18/04/2026;11:00;Iraqi League;Diyala FC;AL Naft;N/A;;N/A;;id1002697470767950
18/04/2026;11:00;Liga 3;CS Stiinta Miroslava;Acs Kse Targu Secuiesc;N/A;;N/A;;id1003953370384464
18/04/2026;11:00;Liga 3;ACS Aro Muscelul C-Lung Muscel;CS Viitorul Daesti;N/A;;N/A;;id1003953370385562
18/04/2026;11:00;Liga 3;CS Paulesti;ASC Otelul Galati II;N/A;;N/A;;id1003953370384962
18/04/2026;11:00;Pro League;Royal Antwerp FC;Oud-Heverlee Leuven;N/A;;N/A;;id1000003870207468
18/04/2026;11:00;Liga 3;Acs Victoria Traian;ASC Unirea Branistea;N/A;;N/A;;id1003953370384960
18/04/2026;11:00;Liga 3;ACS Recolta Gheorghe Doja;FC Dinamo Bucuresti 1948 2;N/A;;N/A;;id1003953370385016
18/04/2026;11:00;Liga 3;Csm Bucovina Radauti;Csm FC Vaslui;N/A;;N/A;;id1003953370384898
18/04/2026;11:00;Liga 3;AFC Viitorul Onesti;CS Sporting Liesti;N/A;;N/A;;id1003953370384460
18/04/2026;11:00;Liga 3;AFC Dunarea 2005 Calarasi;Csl Stefanestii de Jos;N/A;;N/A;;id1003953370384542
18/04/2026;11:00;Liga 3;Cso Baicoi;CS Electrosid Titu;N/A;;N/A;;id1003953370385168
18/04/2026;11:00;Liga 3;ACS Progresul Pecica;ACS Unirea Santana;N/A;;N/A;;id1003953370385766
18/04/2026;11:00;Liga 3;ACS Progresul Fundulea;SC FC Voluntari II;N/A;;N/A;;id1003953370385020
18/04/2026;11:00;Liga 3;CSO Plopeni;Csm Ramnicu Sarat;N/A;;N/A;;id1003953370384958
18/04/2026;11:00;Liga 3;CSA Axiopolis Sport Cernavoda;CS Agigea;N/A;;N/A;;id1003953370385014
18/04/2026;11:00;Liga 3;Cso Teleajenul Valeni de Munte;FC Pucioasa;N/A;;N/A;;id1003953370385170
18/04/2026;11:00;Liga 3;Asfc Pausesti Otasau;CS Gilortul Targu Carbunesti;N/A;;N/A;;id1003953370385566
18/04/2026;11:00;Eliteserien;Sandefjord Fotball;Rosenborg BK;N/A;;N/A;;id1000002067015116
18/04/2026;11:00;Ettan, Relegation/Promotion;Skovde AIK;Laholms FK;N/A;;N/A;;id1002741268311526
18/04/2026;11:00;Ettan, Relegation/Promotion;Gefle IF;Sollentuna FK;N/A;;N/A;;id1002741268310816
18/04/2026;11:00;Premiership;Cliftonville FC;Dungannon Swifts;N/A;;N/A;;id1000020070178652
18/04/2026;11:15;LaLiga 2;Real Zaragoza;AD Ceuta;N/A;;N/A;;id1000005461623816
18/04/2026;11:15;Tercera Federacion, Group 8;CD Virgen Del Camino;CD Becerril;N/A;;N/A;;id1002603263142465
18/04/2026;11:15;Suomen Cup;FC Germania Helsinki;FC Jokerit Helsinki;N/A;;N/A;;id1000022070636382
18/04/2026;11:15;Primera Federacion;Real Aviles CF;Unionistas de Salamanca CF;N/A;;N/A;;id1003483461685636
18/04/2026;11:25;Premier League;Malkiya Club;Al-Shabab;N/A;;N/A;;id1000084670065972
18/04/2026;11:30;3. Liga;MSK Kysucke Nove Mesto;MSK Namestovo;N/A;;N/A;;id1004753661940842
18/04/2026;11:30;Druga NL;NK Grobnican;NK Bjelovar;N/A;;N/A;;id1003861370480556
18/04/2026;11:30;3. Liga;MFK Spartak Medzev;FC Kosice II;N/A;;N/A;;id1004753661940898
18/04/2026;11:30;Segunda Federacion;Real Union de Irun;SD Amorebieta;N/A;;N/A;;id1000054461694488
18/04/2026;11:30;3. Liga;MFk Bytca;MFK Dukla Banska Bystrica B;N/A;;N/A;;id1004753661940834
18/04/2026;11:30;3. Liga;Ok Castkovce;FC Banik Prievidza;N/A;;N/A;;id1004753661940202
18/04/2026;11:30;3. Liga;FK Humenne;SK Odeva Lipany;N/A;;N/A;;id1004753661940890
18/04/2026;11:30;3. Liga;Ofk-Sim Raslavice;Spisska Nova Ves;N/A;;N/A;;id1004753661940894
18/04/2026;11:30;3. Liga;MFK Vranov Nad Toplou;MSK Tesla Stropkov;N/A;;N/A;;id1004753661940902
18/04/2026;11:30;3. Liga;FC Slovan Galanta;FC Zolik Malacky;N/A;;N/A;;id1004753661940200
18/04/2026;11:30;3. Liga;FKM Nove Zamky;Spartak Myjava;N/A;;N/A;;id1004753661940198
18/04/2026;11:30;National League;Lincoln Red Imps;Europa FC;N/A;;N/A;;id1000154270822280
18/04/2026;11:30;Girabola;Redonda FC;Guelson FC;N/A;;N/A;;id1000217170869270
18/04/2026;11:30;Prva NL;NK Dugopolje;NK Dubrava Zagreb;N/A;;N/A;;id1000072469972674
18/04/2026;11:30;Druga NL;NK Dugo Selo;NK Segesta;N/A;;N/A;;id1003861370480558
18/04/2026;11:30;3. SNL;Rudar Trbovlje;NK Svoboda Ljubljana;N/A;;N/A;;id1004799862252118
18/04/2026;11:30;3. SNL;NK Podvinci;NK Carda;N/A;;N/A;;id1004799862252472
18/04/2026;11:30;3. SNL;NK Ljutomer;NK Hajdina;N/A;;N/A;;id1004799862252484
18/04/2026;11:30;3. Liga;MFK Kezmarok;MSK Spisske Podhradie;N/A;;N/A;;id1004753661940884
18/04/2026;11:30;2. Liga;MSK Povazska Bystrica;MFK Zvolen;N/A;;N/A;;id1000022461677832
18/04/2026;11:30;Challenge League;Zebbug Rangers FC;Marsa FC;N/A;;N/A;;id1000063070711766
18/04/2026;11:30;Erste Liga;AC Taverne;FC Wettswil-Bonstetten;N/A;;N/A;;id1003705162215448
18/04/2026;11:30;3. Liga;Tatran Oravske Vesele;MFK Ruzomberok B;N/A;;N/A;;id1004753661940850
18/04/2026;11:30;Druga NL;NK Radnik Krizevci;NK Trnje;N/A;;N/A;;id1003861370480560
18/04/2026;11:30;Segunda Federacion;SD Eibar B;CD Ebro;N/A;;N/A;;id1000054461694490
18/04/2026;11:30;Prva NL;HNK Cibalia Vinkovci;NK Karlovac 1919;N/A;;N/A;;id1000072469972676
18/04/2026;11:30;Srpska Liga;Gfk Sloven Ruma;FK Sloboda Donji Tovarnik;N/A;;N/A;;id1004821368998792
18/04/2026;11:30;Top League;FC Talant;FC Abdysh-Ata;N/A;;N/A;;id1002662270855134
18/04/2026;11:30;Srpska Liga;OFK Kikinda;FK Zeleznicar Indjija;N/A;;N/A;;id1004821368998798
18/04/2026;11:30;3. Liga;SSV Ulm 1846;TSV Havelse;N/A;;N/A;;id1000049161709626
18/04/2026;11:30;2. Liga;FK Inter Bratislava;FK Pohronie Ziar Nad Hronom Dolna Zdana;N/A;;N/A;;id1000022461677838
18/04/2026;11:30;III Liga, Group 4;Star Starachowice;Wislanie Skawina;N/A;;N/A;;id1002584162036196
18/04/2026;11:30;3. SNL;NK Rogaska;NK Smartno 1928;N/A;;N/A;;id1004799862252480
18/04/2026;11:30;Srpska Liga;OFK Vrbas;FK Jedinstvo Stara Pazova;N/A;;N/A;;id1004821368998790
18/04/2026;11:30;3. Liga;MFK Dolny Kubin;FTC Filakovo;N/A;;N/A;;id1004753661940846
18/04/2026;11:30;3. Liga;MSK Rimavska Sobota;MSK Fomat Martin;N/A;;N/A;;id1004753661940838
18/04/2026;11:30;Srpska Liga;OFK Brzi Brod;FK Jedinstvo 1936 Krusevac;N/A;;N/A;;id1004821369039152
18/04/2026;11:30;Srpska Liga;Gfk Jagodina;FK Morava Cuprija;N/A;;N/A;;id1004821369039146
18/04/2026;11:30;Tercera Federacion, Group 11;CD Son Cladera;SD Portmany;N/A;;N/A;;id1002603863145285
18/04/2026;11:30;Druga NL;NK Lucko;NK Hrvatski Dragovoljac;N/A;;N/A;;id1003861370480564
18/04/2026;11:30;Srpska Liga;FK Veternik;OFK Backa Palanka;N/A;;N/A;;id1004821368998796
18/04/2026;11:30;1. Liga;FC Neftekhimik Nizhnekamsk;Spartak Kostroma;N/A;;N/A;;id1000020470629766
18/04/2026;11:30;Segunda Federacion;UD Mutilvera;Utebo FC;N/A;;N/A;;id1000054461694480
18/04/2026;11:30;Tercera Federacion, Group 11;CD Llosetense;CD Cardassar;N/A;;N/A;;id1002603863145277
18/04/2026;11:30;Srpska Liga;Dunav Prahovo;FK Sloga Leskovac;N/A;;N/A;;id1004821369039140
18/04/2026;11:30;Prva NL;NK BSK Bijelo Brdo;NK Jarun Zagreb;N/A;;N/A;;id1000072469972680
18/04/2026;11:30;Srpska Liga;FK Mladost Backi Jarak;FK Dinamo 1945 Pancevo;N/A;;N/A;;id1004821368998794
18/04/2026;11:30;Srpska Liga;FK Bor 1919;Trstenik PPT;N/A;;N/A;;id1004821369039142
18/04/2026;11:30;World Championship Qualification Women, Europe;Croatia;Gibraltar;N/A;;N/A;;id1000078065806154
18/04/2026;11:30;U19 Premier League;Maccabi Tel Aviv;Maccabi Netanya;N/A;;N/A;;id1003619570904050
18/04/2026;11:30;Liga Portugal;Nacional da Madeira;FC Alverca SAD;N/A;;N/A;;id1000023861731470
18/04/2026;11:30;Tercera Federacion, Group 11;UD Alcudia;SCR Pena Deportiva;N/A;;N/A;;id1002603863145271
18/04/2026;11:30;2. Liga;MFK Tatran Liptovsky Mikulas;MSK Zilina B;N/A;;N/A;;id1000022461677834
18/04/2026;11:30;U19 European Championship, Women, Qualification;Moldova;Lithuania;N/A;;N/A;;id1000074666708012
18/04/2026;11:30;II Lyga;FC Neptunas B;Kedainiai Nevezis;N/A;;N/A;;id1003406670161960
18/04/2026;11:30;Srpska Liga;FK Sindelic Nis;FK Timok 1919 Zajecar;N/A;;N/A;;id1004821369039144
18/04/2026;11:30;Druga NL;NK Uljanik;HNK Croatia Dakovo;N/A;;N/A;;id1003861370480554
18/04/2026;11:30;Srpska Liga;FK Indjija;FK Sloga Conoplja;N/A;;N/A;;id1004821368998788
18/04/2026;11:40;U19 Premier League;Maccabi Haifa;Hapoel Beer Sheva;N/A;;N/A;;id1003619570904066
18/04/2026;11:45;Tercera Federacion, Group 3;SD Atletico Albericia;CF Vimenor;N/A;;N/A;;id1002602263136973
18/04/2026;11:50;U19 Premier League;Hapoel Tel Aviv;Maccabi Petah Tikva;N/A;;N/A;;id1003619570904060
18/04/2026;12:00;National 2;FC Lorient B;Voltigeurs de Chateaubriant;N/A;;N/A;;id1004798662213884
18/04/2026;12:00;Division 2, Promotion Playoffs;Gottne IF;Kubikenborgs IF;N/A;;N/A;;id1002078269539848
18/04/2026;12:00;3. Lig, Group 4;Usakspor;Nazilli Belediyespor;N/A;;N/A;;id1003313362042960
18/04/2026;12:00;Burgenland, Burgenlandliga;Usv Halbturn;ASK Horitschon/U;N/A;;N/A;;id1004377361893988
18/04/2026;12:00;Burgenland, Burgenlandliga;FC Deutschkreutz;Ufc Jennersdorf;N/A;;N/A;;id1004377361893986
18/04/2026;12:00;3. SNL;NK Vrhnika;NK Ziri;N/A;;N/A;;id1004799862252114
18/04/2026;12:00;Campeonato de Portugal;FC Tirsense;Gd Chaves B;N/A;;N/A;;id1001475862249982
18/04/2026;12:00;Campeonato de Portugal;Naval 1893;GD Vitoria Sernache;N/A;;N/A;;id1001475862250678
18/04/2026;12:00;Campeonato de Portugal;Sintrense;Portimonense SC;N/A;;N/A;;id1001475862600676
18/04/2026;12:00;Regionalliga West;VfB Hohenems;SV Seekirchen;N/A;;N/A;;id1000016761541358
18/04/2026;12:00;Campeonato de Portugal;O Elvas Cad;LGC Moncarapachense;N/A;;N/A;;id1001475862250952
18/04/2026;12:00;Campeonato de Portugal;CD Gouveia;SC Beira Mar;N/A;;N/A;;id1001475862250224
18/04/2026;12:00;Erste Liga;SR Delemont;FC Munsingen;N/A;;N/A;;id1003705162215974
18/04/2026;12:00;Tercera Federacion, Group 3;Selaya FC;SD Torina;N/A;;N/A;;id1002602263136983
18/04/2026;12:00;Erste Liga;FC La Chaux De Fonds;FC Monthey;N/A;;N/A;;id1003705162216408
18/04/2026;12:00;U19 Division de Honor Juvenil;CD Diocesano;CD Unionistas Salamanca CF U19;N/A;;N/A;;id1004834362940811
18/04/2026;12:00;III Liga, Group 3;GKS Pniowek Pawlowice;KS Polonia Nysa;N/A;;N/A;;id1002583962036800
18/04/2026;12:00;Tercera Federacion, Group 8;CD Numancia B;CD Mojados;N/A;;N/A;;id1002603263142471
18/04/2026;12:00;Ligue 1;FC Lorient;Olympique Marseille;N/A;;N/A;;id1000003461526516
18/04/2026;12:00;Campeonato de Portugal;Leca FC;SC Vila Real;N/A;;N/A;;id1001475862250234
18/04/2026;12:00;U21 Liga MX;Club America;Deportivo Toluca FC;N/A;;N/A;;id1004805667149974
18/04/2026;12:00;Burgenland, Burgenlandliga;SV Eberau;SV Leithaprodersdorf;N/A;;N/A;;id1004377361893996
18/04/2026;12:00;Erste Liga;FC La Sarraz-Eclepens;Lancy FC;N/A;;N/A;;id1003705162216416
18/04/2026;12:00;Erste Liga;FC Amical Saint-Prex;CS Chenois;N/A;;N/A;;id1003705162216414
18/04/2026;12:00;U21 Liga MX;Club Leon;FC Juarez;N/A;;N/A;;id1004805667149972
18/04/2026;12:00;Tercera Federacion, Group 2;UC Ceares;CD Praviano;N/A;;N/A;;id1002602063136321
18/04/2026;12:00;Segunda Federacion;Deportivo Alaves B;SD Ejea;N/A;;N/A;;id1000054461694474
18/04/2026;12:00;Tercera Federacion, Group 11;CE Santanyi;UD Rotlet Molinar;N/A;;N/A;;id1002603863145283
18/04/2026;12:00;Segunda Federacion;Atletico Malagueno;CA Antoniano;N/A;;N/A;;id1000054461702698
18/04/2026;12:00;Campeonato de Portugal;Mortagua FC;Electrico FC;N/A;;N/A;;id1001475862250670
18/04/2026;12:00;Campeonato de Portugal;GD Lagoa;Alcochetense;N/A;;N/A;;id1001475862250962
18/04/2026;12:00;III Liga, Group 1;MKS Mlawianka Mlawa;Mlks Znicz Biala Piska;N/A;;N/A;;id1002583562038028
18/04/2026;12:00;Campeonato de Portugal;Gd Samora Correia;Uniao Serra;N/A;;N/A;;id1001475862250674
18/04/2026;12:00;Campeonato de Portugal;Juventude Desportiva Lajense;Os Marialvas;N/A;;N/A;;id1001475862250662
18/04/2026;12:00;Superettan;Landskrona BoIS;Ljungskile SK;N/A;;N/A;;id1000004667126020
18/04/2026;12:00;Prva Liga, Fed BiH;NK Jedinstvo Bihac;FK Radnik Hadzici;N/A;;N/A;;id1000071663534001
18/04/2026;12:00;Tercera Federacion, Group 6;Atzeneta UE;CF La Nucia;N/A;;N/A;;id1002602863139341
18/04/2026;12:00;Tercera Federacion, Group 6;FC Jove Espanol San Vicente;UD Vall de Uxo;N/A;;N/A;;id1002602863139343
18/04/2026;12:00;Prva Liga, Fed BiH;NK Bratstvo Gracanica;NK Gosk Gabela;N/A;;N/A;;id1000071663533997
18/04/2026;12:00;Campeonato de Portugal;CF Uniao de Lamas;SC Salgueiros;N/A;;N/A;;id1001475862250236
18/04/2026;12:00;Tercera Federacion, Group 6;CD Roda;CD Utiel;N/A;;N/A;;id1002602863139347
18/04/2026;12:00;II Liga;Rekord Bielsko Biala;CWKS Resovia;N/A;;N/A;;id1000051561467217
18/04/2026;12:00;Campeonato de Portugal;Louletano DC;AC Malveira;N/A;;N/A;;id1001475862250964
18/04/2026;12:00;Premier League;Welwalo Adigrat;Ethiopia Nigd Bank;N/A;;N/A;;id1003365669950518
18/04/2026;12:00;Tercera Federacion, Group 15;CD Cortes Navarre;Atletico Artajones;N/A;;N/A;;id1002604663148105
18/04/2026;12:00;Superliga;FK Crvena Zvezda Belgrade;FK Vojvodina Novi Sad;N/A;;N/A;;id1000021070708838
18/04/2026;12:00;U19 Division de Honor Juvenil;CD Espanyol Barcelona;CE Sabadell FC;N/A;;N/A;;id1004834362940387
18/04/2026;12:00;Campeonato de Portugal;AD Camacha;CD Celoricense;N/A;;N/A;;id1001475862249978
18/04/2026;12:00;Campeonato de Portugal;AD Machico;CD Ribeira Brava;N/A;;N/A;;id1001475862249986
18/04/2026;12:00;Super Liga;FC Zimbru Chisinau;FC Milsami;N/A;;N/A;;id1000068568870958
18/04/2026;12:00;Tercera Federacion, Group 6;Atletico Levante UD;Crevillente Deportivo;N/A;;N/A;;id1002602863139351
18/04/2026;12:00;Erste Liga;FC Mendrisio;FC Widnau;N/A;;N/A;;id1003705162215442
18/04/2026;12:00;Campeonato de Portugal;GD Braganca;Lank FC Vilaverdense;N/A;;N/A;;id1001475862249994
18/04/2026;12:00;II Divisao, Women;Amora FC;FC Tirsense;N/A;;N/A;;id1004871169738310
18/04/2026;12:00;Campeonato de Portugal;Juventude SC Evora;Vasco da Gama Vidigueira;N/A;;N/A;;id1001475862250958
18/04/2026;12:00;Division 2, Promotion Playoffs;Syrianska FC;Orebro Syrianska IF;N/A;;N/A;;id1002078268377446
18/04/2026;12:00;Campeonato de Portugal;FC Oliveira do Hospital;AC Marinhense;N/A;;N/A;;id1001475862250684
18/04/2026;12:00;Campeonato de Portugal;FC Alpendorada;Gd Resende;N/A;;N/A;;id1001475862250228
18/04/2026;12:00;Regionalliga Ost;SC Wiener Viktoria;SC/ESV Parndorf 1919;N/A;;N/A;;id1000016662274158
18/04/2026;12:00;Promotion League;FC Lausanne Sports;FC Basel;N/A;;N/A;;id1000110161711686
18/04/2026;12:00;Divize B;FK Seko Louny;SK Slany;N/A;;N/A;;id1004072966606236
18/04/2026;12:00;1st Division;AC Omonia Nicosia;APOEL Nikosia;N/A;;N/A;;id1000017170234314
18/04/2026;12:00;Tercera Federacion, Group 8;UD Santa Marta;Arandina CF;N/A;;N/A;;id1002603263142475
18/04/2026;12:00;Campeonato de Portugal;CD Fatima;Sport Benfica Castelo Branco;N/A;;N/A;;id1001475862250688
18/04/2026;12:00;Bundesliga;WSG Tirol;SCR Altach;N/A;;N/A;;id1000004569751668
18/04/2026;12:00;Prva Liga, Fed BiH;FK Sloboda Tuzla;HNK Tomislav Tomislavgrad;N/A;;N/A;;id1000071663533993
18/04/2026;12:00;NB I;MTK Budapest;Kisvarda FC;N/A;;N/A;;id1000018761272887
18/04/2026;12:00;Superliga;FK Novi Pazar;OFK Beograd;N/A;;N/A;;id1000021070708834
18/04/2026;12:00;Bundesliga;Wolfsberger AC;Blau-Weiss Linz;N/A;;N/A;;id1000004569751666
18/04/2026;12:00;FA Cup;Dreams FC;Medeama SC;N/A;;N/A;;id1000217770636034
18/04/2026;12:00;Tercera Federacion, Group 3;CD Guarnizo;SD Noja;N/A;;N/A;;id1002602263136977
18/04/2026;12:00;Prva Liga, Fed BiH;NK Vitez;FK Tuzla City;N/A;;N/A;;id1000071663534003
18/04/2026;12:00;Girabola;GD Interclube;CD Huila;N/A;;N/A;;id1000217170868682
18/04/2026;12:00;1st Division;Pafos FC;AEK Larnaca;N/A;;N/A;;id1000017170234316
18/04/2026;12:00;Campeonato de Portugal;Ar Sao Martinho;Desportivo Moncao;N/A;;N/A;;id1001475862250002
18/04/2026;12:00;Prva Liga, Fed BiH;FK Buducnost Banovici;NK Travnik;N/A;;N/A;;id1000071663533995
18/04/2026;12:00;Tercera Federacion, Group 8;CD Atletico Mansilles;Palencia CF;N/A;;N/A;;id1002603263142467
18/04/2026;12:00;FNL;FK Pribram;Sparta Prague B;N/A;;N/A;;id1000020562091682
18/04/2026;12:00;Campeonato de Portugal;Brito SC;SC Mirandela;N/A;;N/A;;id1001475862249998
18/04/2026;12:00;Campeonato de Portugal;Gd Peniche;SC Lusitania Angra;N/A;;N/A;;id1001475862250666
18/04/2026;12:00;Campeonato de Portugal;SC Vianense;AD Os Limianos;N/A;;N/A;;id1001475862249990
18/04/2026;12:00;Steiermark, Landesliga;SC Stadtwerke Bruck/Mur;SC Furstenfeld;N/A;;N/A;;id1004380361901962
18/04/2026;12:00;Campeonato de Portugal;Florgrade FC;Rebordosa AC;N/A;;N/A;;id1001475862250232
18/04/2026;12:00;Divize A;SK Senco Doubravka;SK Benesov;N/A;;N/A;;id1004072766605562
18/04/2026;12:00;Divize A;FK Spartak Sobeslav;Tj Jiskra Domazlice II;N/A;;N/A;;id1004072766605566
18/04/2026;12:00;III Liga, Group 2;KS Lipno Steszew;Pogon Szczecin II;N/A;;N/A;;id1002583762037410
18/04/2026;12:00;Campeonato de Portugal;CD Cinfaes;Aparecida FC;N/A;;N/A;;id1001475862250226
18/04/2026;12:00;2. Liga;NK Jesenice;ND Beltinci;N/A;;N/A;;id1000053261454611
18/04/2026;12:00;III Liga, Group 4;Siarka Tarnobrzeg;MKS Czarni Polaniec;N/A;;N/A;;id1002584162036190
18/04/2026;12:00;Super League;OFI Crete;APO Levadiakos FC;N/A;;N/A;;id1000018570231912
18/04/2026;12:00;Tercera Federacion, Group 7;Mexico FC;AD Parla;N/A;;N/A;;id1002603064542438
18/04/2026;12:00;World Championship Qualification Women, Europe;Slovenia;Norway;N/A;;N/A;;id1000078065621102
18/04/2026;12:00;Vysshaya Liga;FC Neman Grodno;Naftan Novopolotsk;N/A;;N/A;;id1000016970766452
18/04/2026;12:00;Premier League;Petrojet FC;Pharco FC;N/A;;N/A;;id1000080869880234
18/04/2026;12:00;1.Liga;Marupes SC;Valmiera FC;N/A;;N/A;;id1000067769501808
18/04/2026;12:00;Divize B;SK Rapid Psary;Tempo Prague;N/A;;N/A;;id1004072966606244
18/04/2026;12:00;Liga Portugal 3;Atletico Clube de Portugal;Caldas SC;N/A;;N/A;;id1003490068351580
18/04/2026;12:00;CFL;FK Kraluv Dvur;Bohemians Prague 1905 B;N/A;;N/A;;id1001415166613684
18/04/2026;12:00;U21 Liga MX;CF Monterrey;Pachuca;N/A;;N/A;;id1004805667149970
18/04/2026;12:00;U21 Liga MX;Guadalajara;Puebla;N/A;;N/A;;id1004805667149968
18/04/2026;12:00;Campeonato de Portugal;Clube Oriental de Lisboa;FC Serpa;N/A;;N/A;;id1001475862250956
18/04/2026;12:00;Erste Liga;FC St. Gallen;SV Schaffhausen;N/A;;N/A;;id1003705162215446
18/04/2026;12:00;U21 Liga MX;Cruz Azul;Club Tijuana de Caliente;N/A;;N/A;;id1004805667149966
18/04/2026;12:00;III Liga, Group 1;GKS Belchatow;KS Warta Sieradz;N/A;;N/A;;id1002583562038020
18/04/2026;12:00;Erste Liga;FC Portalban/Gletterens;FC Meyrin;N/A;;N/A;;id1003705164268675
18/04/2026;12:00;Super Liga;FC Sheriff Tiraspol;FC Balti;N/A;;N/A;;id1000068568870960
18/04/2026;12:00;Tercera Federacion, Group 15;Club Deportivo Aoiz;CD Ardoi FE;N/A;;N/A;;id1002604663148099
18/04/2026;12:00;Tercera Federacion, Group 15;Pena Sport FC;CD Beti Onak;N/A;;N/A;;id1002604663148111
18/04/2026;12:00;U21 Liga MX;Necaxa;Tigres UANL;N/A;;N/A;;id1004805667149962
18/04/2026;12:00;U19 Division de Honor Juvenil;AD Union Adarve;CF Burgos;N/A;;N/A;;id1004834362940813
18/04/2026;12:00;Tercera Federacion, Group 8;CD Palencia Cristo Atletico;Cultural Deportiva Leonesa B;N/A;;N/A;;id1002603263142473
18/04/2026;12:00;Campeonato de Portugal;FC Alverca B;Uf Comercio E Industria Setubal;N/A;;N/A;;id1001475862375518
18/04/2026;12:00;Campeonato de Portugal;Atletico de Vila Mea;Anadia FC;N/A;;N/A;;id1001475862250230
18/04/2026;12:00;Ettan, Relegation/Promotion;Utsiktens BK;FC Trollhattan;N/A;;N/A;;id1002741268311522
18/04/2026;12:00;Erovnuli Liga 2;SFC Shturmi Sartichala;Odishi;N/A;;N/A;;id1000072670148278
18/04/2026;12:00;Premier League;Floriana FC;Valletta FC;N/A;;N/A;;id1000062969997646
18/04/2026;12:00;2. Liga;NK Dekani;NK Bilje;N/A;;N/A;;id1000053261454609
18/04/2026;12:00;2. Liga;NK Krsko Posavje;NK Brinje Grosuplje;N/A;;N/A;;id1000053261454613
18/04/2026;12:00;2. Liga;ND Gorica;Triglav Kranj;N/A;;N/A;;id1000053261454615
18/04/2026;12:00;Erovnuli Liga;FC Dinamo Batumi;FC Iberia 1999;N/A;;N/A;;id1000070470223916
18/04/2026;12:00;CFL;Tj Jiskra Domazlice;FC Pisek;N/A;;N/A;;id1001415166613672
18/04/2026;12:00;Divize B;FC Predni Kopanina;FK Ostrov;N/A;;N/A;;id1004072966606234
18/04/2026;12:15;Serie B;Palermo FC;Cesena FC;N/A;;N/A;;id1000005362484330
18/04/2026;12:15;Superliga;Pakhtakor;PFK Dinamo Samarqand;N/A;;N/A;;id1000077268380332
18/04/2026;12:30;Tirol, Regionalliga Tirol;SC Mils;WSG Tirol;N/A;;N/A;;id1002968261915004
18/04/2026;12:30;Promotion League;SC Kriens;FC Luzern;N/A;;N/A;;id1000110161711712
18/04/2026;12:30;Tercera Federacion, Group 11;Inter Ibiza CD;CD Manacor;N/A;;N/A;;id1002603863145269
18/04/2026;12:30;Tercera Federacion, Group 4;CD Derio;CD Aurrera de Vitoria;N/A;;N/A;;id1002602463137597
18/04/2026;12:30;Tercera Federacion, Group 3;UC Cartes;CD Montanas Del Pas;N/A;;N/A;;id1002602263136989
18/04/2026;12:30;Premiership;Polokwane City;Kaizer Chiefs;N/A;;N/A;;id1000035862670351
18/04/2026;12:30;Tercera Federacion, Group 5;CF Can Vidalet;FC L'Escala;N/A;;N/A;;id1002602663138709
18/04/2026;12:30;PrvaLiga;NK Radomlje;FC Koper;N/A;;N/A;;id1000021261454153
18/04/2026;12:30;Tercera Federacion, Group 8;CD Mirandes B;CA Bembibre;N/A;;N/A;;id1002603263142469
18/04/2026;12:30;Suomen Cup;Rollon Pojat;Kajaanin Palloilijat;N/A;;N/A;;id1000022070501952
18/04/2026;12:30;Premier League;Qarabag FK;Sabah Masazir;N/A;;N/A;;id1000070963185731
18/04/2026;12:30;Segunda Federacion;Atletico Astorga FC;Burgos CF Promesas;N/A;;N/A;;id1000054461691972
18/04/2026;12:30;Segunda Federacion;Real Oviedo Vetusta;Bergantinos FC;N/A;;N/A;;id1000054461691974
18/04/2026;12:30;2nd Division League;AL Bidda SC;Muaither SC;N/A;;N/A;;id1001922870764034
18/04/2026;12:30;Ekstraklasa;Gornik Zabrze;Korona Kielce;N/A;;N/A;;id1000020261062255
18/04/2026;13:00;Division One;Bst Galaxy;Medina United FC;N/A;;N/A;;id1005117470772224
18/04/2026;13:00;Division One;Brikama United;Samger FC;N/A;;N/A;;id1005117470807774
18/04/2026;13:00;1. Liga;Sparta Prague;FK Jablonec;N/A;;N/A;;id1000017261324729
18/04/2026;13:00;NB III;Gyirmot FC Gyor;Dorogi FC;N/A;;N/A;;id1004795262161180
18/04/2026;13:00;World Championship Qualification Women, Europe;Kosovo;Bulgaria;N/A;;N/A;;id1000078065806156
18/04/2026;13:00;U19 Division de Honor Juvenil;CD Roda;Levante UD;N/A;;N/A;;id1004834362941775
18/04/2026;13:00;U19 Division de Honor Juvenil;La Canada UCD Atletico;CD Mosquito U19;N/A;;N/A;;id1004834362943501
18/04/2026;13:00;National 2;GFA Rumilly-Vallieres;EFC Frejus Saint-Raphael;N/A;;N/A;;id1004798662214686
18/04/2026;13:00;National 2;Dinan-Lehon FC;Girondins Bordeaux;N/A;;N/A;;id1004798662213880
18/04/2026;13:00;U19 Division de Honor Juvenil;SD Huesca;Racing Club Zaragoza;N/A;;N/A;;id1004834362940405
18/04/2026;13:00;National 2;FC Limonest Dardilly Saint-Didier;SC Toulon;N/A;;N/A;;id1004798662214688
18/04/2026;13:00;Tercera Federacion, Group 13;CD Cieza;FC Cartagena B;N/A;;N/A;;id1002604263146681
18/04/2026;13:00;Oberliga Niederrhein;Krefelder FC Uerdingen 05;VfB 03 Hilden;N/A;;N/A;;id1000110362200784
18/04/2026;13:00;Derde Divisie;Groene Ster;VV Noordwijk;N/A;;N/A;;id1004798862229144
18/04/2026;13:00;National 2;Saint-Pryve Saint-Hilaire FC;Blois Foot;N/A;;N/A;;id1004798662214218
18/04/2026;13:00;World Championship Qualification Women, Europe;Turkiye;Switzerland;N/A;;N/A;;id1000078065805598
18/04/2026;13:00;Tercera Federacion, Group 18;CD Toledo Sad;CD Villacanas;N/A;;N/A;;id1002605263150191
18/04/2026;13:00;Tercera Federacion, Group 3;CD Revilla;Castro FC;N/A;;N/A;;id1002602263136981
18/04/2026;13:00;U19 European Championship, Women, Qualification;Hungary;Northern Ireland;N/A;;N/A;;id1000074666708458
18/04/2026;13:00;II Liga;MKS Chojniczanka Chojnice;ZKS Stal Stalowa Wola;N/A;;N/A;;id1000051561467219
18/04/2026;13:00;Ligue 1;RC Bobo-Dioulasso;AS Sonabel Ouagadougou;N/A;;N/A;;id1005119070855054
18/04/2026;13:00;National 2;Lusitanos Saint-Maur;FC Goal;N/A;;N/A;;id1004798662214696
18/04/2026;13:00;National 2;Entente Feignies Aulnoye;Bourges FC;N/A;;N/A;;id1004798662214208
18/04/2026;13:00;World Championship Qualification Women, Europe;Albania;Wales;N/A;;N/A;;id1000078065454450
18/04/2026;13:00;Primera Division;CA Progreso;Montevideo Wanderers;N/A;;N/A;;id1000027870629742
18/04/2026;13:00;National 2;Saint-Colomban Locmine;Olympique Saumur FC;N/A;;N/A;;id1004798662213888
18/04/2026;13:00;1. CFL;OFK Petrovac;FK Sutjeska Niksic;N/A;;N/A;;id1000015467148476
18/04/2026;13:00;Liga 2;CDU San Martin;CSC Deportivo Llacuabamba;N/A;;N/A;;id1001523570484670
18/04/2026;13:00;Ligue 1;Etoile Filante de Ouagadougou;Asf Bobo Dioulasso;N/A;;N/A;;id1005119070869330
18/04/2026;13:00;Ligue 1;Real Du Faso;Vitesse FC;N/A;;N/A;;id1005119070855086
18/04/2026;13:00;1st Division;Aris Limassol FC;Apollon Limassol;N/A;;N/A;;id1000017170234318
18/04/2026;13:00;Challenge League;AC Bellinzona;FC Stade Nyonnais;N/A;;N/A;;id1000021666626764
18/04/2026;13:00;World Championship Qualification Women, Europe;Austria;Germany;N/A;;N/A;;id1000078065621100
18/04/2026;13:00;World Championship Qualification Women, Europe;Luxembourg;Israel;N/A;;N/A;;id1000078065805776
18/04/2026;13:00;Tercera Federacion, Group 18;CD Marchamalo;CD Tarancon;N/A;;N/A;;id1002605263150187
18/04/2026;13:00;World Championship Qualification Women, Europe;Faroe Islands;Georgia;N/A;;N/A;;id1000078065454462
18/04/2026;13:00;Derde Divisie;VV Una;ltijd Sterker Worden Hendrik-Ido-Ambacht;N/A;;N/A;;id1004798862229146
18/04/2026;13:00;3. SNL;Rojko Dobrovce;NK Brezice 1919;N/A;;N/A;;id1004799862252478
18/04/2026;13:00;National 2;US Chantilly;Biesheim ASC;N/A;;N/A;;id1004798662214220
18/04/2026;13:00;National 2;AS Beauvais Oise;FC Chambly Oise;N/A;;N/A;;id1004798662214212
18/04/2026;13:00;Erste Liga;FC Besa Biel/Bienne;FC Concordia Basel;N/A;;N/A;;id1003705162215988
18/04/2026;13:00;Serie A;SSC Napoli;Lazio Rome;N/A;;N/A;;id1000002361061593
18/04/2026;13:00;U19 European Championship, Women, Qualification;Portugal;Spain;N/A;;N/A;;id1000074666708452
18/04/2026;13:00;National 2;AS Saint Priest;FC Rousset Svo;N/A;;N/A;;id1004798662214698
18/04/2026;13:00;Liga Portugal 3;Lusitano GC;SC Covilha;N/A;;N/A;;id1003490068351584
18/04/2026;13:00;Division Nationale;RFC Union Luxembourg;FC Progres Niederkorn;N/A;;N/A;;id1000069061788856
18/04/2026;13:00;Derde Divisie;VV Hoogeveen;SV Dvs 33 Ermelo;N/A;;N/A;;id1004798862227454
18/04/2026;13:00;Derde Divisie;VVSB Noordwijkerhout;Udi 19;N/A;;N/A;;id1004798862229142
18/04/2026;13:00;National 2;Hyeres FC;Nimes Olympique;N/A;;N/A;;id1004798662214694
18/04/2026;13:00;National 2;Colmar;Thionville US Lusitanos;N/A;;N/A;;id1004798662214206
18/04/2026;13:00;National 2;Epinal;FCSR Haguenau;N/A;;N/A;;id1004798662214216
18/04/2026;13:00;Tweede Divisie;De Treffers Groesbeek;VV Katwijk;N/A;;N/A;;id1002627861967572
18/04/2026;13:00;Superliga;MSK Zilina;SK Slovan Bratislava;N/A;;N/A;;id1000021169463444
18/04/2026;13:00;FNL;1.SK Prostejov;FK Usti nad Labem;N/A;;N/A;;id1000020561326561
18/04/2026;13:00;Eliteserien;Viking FK;SK Brann;N/A;;N/A;;id1000002067015118
18/04/2026;13:00;Veikkausliiga;IFK Mariehamn;Tampereen Ilves;N/A;;N/A;;id1000004167091266
18/04/2026;13:00;Tercera Federacion, Group 12;CD San Miguel;CD Marino;N/A;;N/A;;id1002604063145945
18/04/2026;13:00;Tercera Federacion, Group 2;L'Entregu CF;CD Covadonga;N/A;;N/A;;id1002602063136329
18/04/2026;13:00;Esiliiga B;JK Tallinna Kalev;FCI Levadia Tallinn;N/A;;N/A;;id1003579768852016
18/04/2026;13:00;Esiliiga B;JK Tabasalu;FC Phoenix Johvi;N/A;;N/A;;id1003579768852018
18/04/2026;13:00;Super League;Aris Thessaloniki;Volos NPS;N/A;;N/A;;id1000018570231910
18/04/2026;13:00;Ligue 1;Stade D abidjan;ES Agboville;N/A;;N/A;;id1000121170825422
18/04/2026;13:15;Cymru Premier;Cardiff Metropolitan University FC;Flint Town United;N/A;;N/A;;id1000025467994528
18/04/2026;13:15;Tercera Federacion, Group 6;UD Castellonense;Ontinyent CF;N/A;;N/A;;id1002602863139355
18/04/2026;13:15;Cymru Premier;Connah's Quay Nomads FC;Colwyn Bay;N/A;;N/A;;id1000025467995132
18/04/2026;13:15;Cymru Premier;Caernarfon Town FC;Pen-y-Bont FC;N/A;;N/A;;id1000025467995128
18/04/2026;13:15;AFC Champions League Elite;Buriram United;Shabab Al Ahli Dubai;N/A;;N/A;;id1000046368213772
18/04/2026;13:15;Pro League;Royal Charleroi SC;Standard Liege;N/A;;N/A;;id1000003870207472
18/04/2026;13:15;Cymru Premier;Haverfordwest County AFC;Llanelli Town;N/A;;N/A;;id1000025467994526
18/04/2026;13:15;Cymru Premier;Bala Town FC;Briton Ferry;N/A;;N/A;;id1000025467994530
18/04/2026;13:15;Cymru Premier;Barry Town United FC;The New Saints FC;N/A;;N/A;;id1000025467995130
18/04/2026;13:15;II Lyga;FK Riteriai B;FK Sveikata Kybartai;N/A;;N/A;;id1003406670161958
18/04/2026;13:15;Pro League;KVC Westerlo;KRC Genk;N/A;;N/A;;id1000003870207470
18/04/2026;13:20;Omani League;Al-Seeb;Sur SC;N/A;;N/A;;id1000096570040642
18/04/2026;13:30;1. Division;Aalborg BK;Aarhus Fremad;N/A;;N/A;;id1000004770318094
18/04/2026;13:30;Tercera Federacion, Group 16;CD Villegas;CD San Marcial;N/A;;N/A;;id1002604863148799
18/04/2026;13:30;Ligue 1;Generation Foot;Sonacos;N/A;;N/A;;id1000122670873564
18/04/2026;13:30;Karnten, Karntner Liga;FC Lendorf;SV Donau Klagenfurt;N/A;;N/A;;id1004378161898532
18/04/2026;13:30;U19 Division de Honor Juvenil;CD Oberena;CD Villegas U19;N/A;;N/A;;id1004834362939783
18/04/2026;13:30;Superliga;FK Partizan Belgrade;FK Zeleznicar Pancevo;N/A;;N/A;;id1000021070708832
18/04/2026;13:30;Serie B;9 de Octubre FC;LDU Portoviejo;N/A;;N/A;;id1001502770350946
18/04/2026;13:30;Primera B;Deportes Recoleta;Curico Unido;N/A;;N/A;;id1000124068097842
18/04/2026;13:30;Division One;Steve Biko FC;Gambian Dutch Lions;N/A;;N/A;;id1005117470869316
18/04/2026;13:30;Premier League;FC Pari Nizhny Novgorod;FK Dinamo Moscow;N/A;;N/A;;id1000020361376701
18/04/2026;13:30;National League;Braintree Town FC;Rochdale AFC;N/A;;N/A;;id1000017361916222
18/04/2026;13:30;Primera Federacion;Tenerife CD;Arenas Club Getxo;N/A;;N/A;;id1003483461685644
18/04/2026;13:30;Premier League;Tottenham Hotspur;Brighton & Hove Albion;N/A;;N/A;;id1000001761301179
18/04/2026;13:30;Tercera Federacion, Group 6;Hercules CF B;CF Villarreal C;N/A;;N/A;;id1002602863139339
18/04/2026;13:30;Division One;Hawks FC;Fortune;N/A;;N/A;;id1005117470869314
18/04/2026;13:30;Bundesliga;Eintracht Frankfurt;RB Leipzig;N/A;;N/A;;id1000003561514134
18/04/2026;13:30;Segunda Federacion;Orihuela CF;UD San Sebastian Reyes;N/A;;N/A;;id1000054461704248
18/04/2026;13:30;Premijer Liga;FK Borac Banja Luka;FK Velez Mostar;N/A;;N/A;;id1000022261737284
18/04/2026;13:30;Iraqi League;Duhok FC;Al Quwa Al Jawiya;N/A;;N/A;;id1002697470767956
18/04/2026;13:30;National League;York City FC;Yeovil Town;N/A;;N/A;;id1000017361916206
18/04/2026;13:30;Premier League;SC Kiyovu ;AL Hilal (SDN);N/A;;N/A;;id1002016267782836
18/04/2026;13:30;Prva Liga, Rep of Srpska;FK Sutjeska Foca;FK Romanija Pale;N/A;;N/A;;id1000071569574922
18/04/2026;13:30;World Championship Qualification Women, Europe;Iceland;England;N/A;;N/A;;id1000078065621320
18/04/2026;13:30;LaLiga 2;Cultural Leonesa;Cordoba CF;N/A;;N/A;;id1000005461623818
18/04/2026;13:30;Iraqi League;Al-Gharraf SC;AL Talaba;N/A;;N/A;;id1002697470767958
18/04/2026;13:30;LaLiga 2;CD Castellon;Burgos CF;N/A;;N/A;;id1000005461623812
18/04/2026;13:30;Segunda Federacion;SD Gernika Club;CD Tudelano;N/A;;N/A;;id1000054461694476
18/04/2026;13:30;2nd Division;BK Fremad Amager;FC Helsingoer;N/A;;N/A;;id1000006570730344
18/04/2026;13:35;Premier League;Sitra Club;AL-Khaldiya SC;N/A;;N/A;;id1000084670065974
18/04/2026;13:45;HNL;NK Istra 1961;HNK Vukovar 1991;N/A;;N/A;;id1000017061286549
18/04/2026;13:50;Premier League;Maccabi Netanya FC;MS Ashdod;N/A;;N/A;;id1000026670773028
18/04/2026;14:00;Liga Premier Serie A;Leones Negros Udg II;Club Celaya FC;N/A;;N/A;;id1004053370825402
18/04/2026;14:00;Super Lig;Genclerbirligi SK;Galatasaray Istanbul;N/A;;N/A;;id1000005261730178
18/04/2026;14:00;Erste Liga;FC Prishtina Bern;FC Coffrane;N/A;;N/A;;id1003705162216412
18/04/2026;14:00;Premier League;NEC FC;Maroons FC;N/A;;N/A;;id1001486469909134
18/04/2026;14:00;Karnten, Karntner Liga;Tsu Matrei;VST Voelkermarkt;N/A;;N/A;;id1004378161898522
18/04/2026;14:00;Ligue 1;Dakar Sacre Coeur;Ajel de Rufisque;N/A;;N/A;;id1000122670873568
18/04/2026;14:00;Ligue 1;US Goree;ASC Jaraaf;N/A;;N/A;;id1000122670873566
18/04/2026;14:00;Segunda Federacion;Sestao River Club;CD Basconia;N/A;;N/A;;id1000054461694486
18/04/2026;14:00;Liga Portugal 2;SCU Torreense;Maritimo Madeira;N/A;;N/A;;id1000023961732232
18/04/2026;14:00;Tercera Federacion, Group 10;CD Ciudad de Lucena;Bollullos CF;N/A;;N/A;;id1002603663143989
18/04/2026;14:00;National 2;FC De Montlouis;US Avranches;N/A;;N/A;;id1004798662213908
18/04/2026;14:00;World Championship Qualification Women, Europe;Latvia;Finland;N/A;;N/A;;id1000078065805624
18/04/2026;14:00;Tercera Federacion, Group 9;Arenas Armilla CD;CR Granada;N/A;;N/A;;id1002603463143357
18/04/2026;14:00;Kategoria Superiore;FC Dinamo City;KF Tirana;N/A;;N/A;;id1000072062155408
18/04/2026;14:00;Niederosterreich, 1. Landesliga;1. Wiener Neustadter SC;SC Ortmann;N/A;;N/A;;id1004377161909576
18/04/2026;14:00;Vysshaya Liga;FC Brest;FC Baranovichi;N/A;;N/A;;id1000016970766454
18/04/2026;14:00;III Liga, Group 2;Zawisza Bydgoszcz;Polonia Sroda Wielkopolska;N/A;;N/A;;id1002583762037422
18/04/2026;14:00;Canadian Premier League;HFX Wanderers FC;Pacific FC;N/A;;N/A;;id1002843268685956
18/04/2026;14:00;U19 Division de Honor Juvenil;CD Union Sur Yaiza U19;Arucas CF;N/A;;N/A;;id1004834362941291
18/04/2026;14:00;Super League;Panaitolikos Agrinio;Panserraikos FC;N/A;;N/A;;id1000018570232038
18/04/2026;14:00;World Championship Qualification Women, Europe;Malta;Northern Ireland;N/A;;N/A;;id1000078065805600
18/04/2026;14:00;Erovnuli Liga;FC Spaeri;FC Rustavi;N/A;;N/A;;id1000070470224278
18/04/2026;14:00;Primera Division, Reserves, Clausura;Municipal Limeno;Alianza FC;N/A;;N/A;;id1003616770905358
18/04/2026;14:00;Tercera Federacion, Group 5;UE Vilassar de Mar;CF Vilanova I LA Geltru;N/A;;N/A;;id1002602663376155
18/04/2026;14:00;Primera Division, Reserves, Clausura;CD Fas;CD Cacahuatique;N/A;;N/A;;id1003616770905356
18/04/2026;14:00;Kolmonen;Tups;Toukolan Teras/Tapio;N/A;;N/A;;id1004667169921722
18/04/2026;14:00;Liga Portugal;Casa Pia Lisbon;Santa Clara Azores;N/A;;N/A;;id1000023861731472
18/04/2026;14:00;Ligue 1;Angers SCO;Le Havre AC;N/A;;N/A;;id1000003461526524
18/04/2026;14:00;Kategoria Superiore;KF Teuta;Af Elbasani;N/A;;N/A;;id1000072062155404
18/04/2026;14:00;Championship;Annagh United FC;Limavady United FC;N/A;;N/A;;id1000070170183342
18/04/2026;14:00;MLS;Toronto FC;Austin FC;N/A;;N/A;;id1000024266299008
18/04/2026;14:00;Premier League;Hapoel Haifa FC;Maccabi Bney Reine;N/A;;N/A;;id1000026670773038
18/04/2026;14:15;Challenge League;Zurrieq;Mgarr United FC;N/A;;N/A;;id1000063070711768
18/04/2026;14:15;Premier League;Bnei Sakhnin FC;Ironi Tiberias;N/A;;N/A;;id1000026670773040
18/04/2026;14:15;Schweizer Cup;Stade Lausanne Ouchy;Grasshopper Club Zurich;N/A;;N/A;;id1000039968699506
18/04/2026;14:30;I Liga;Wieczysta Krakow;Odra Opole;N/A;;N/A;;id1000022961398981
18/04/2026;14:30;Premium Liiga;FC Nomme United;Harju JK Laagri;N/A;;N/A;;id1000017868214602
18/04/2026;14:30;I Liga;GKS Tychy;LKS Lodz;N/A;;N/A;;id1000022961398995
18/04/2026;14:30;NB I;Diosgyori VTK;Debreceni VSC;N/A;;N/A;;id1000018761272897
18/04/2026;14:30;Serie B;Juve Stabia;US Catanzaro;N/A;;N/A;;id1000005362484322
18/04/2026;14:30;Primera Divisio;FC Penya d`Andorra;UE Santa Coloma;N/A;;N/A;;id1000074261737700
18/04/2026;14:30;Nationale 1 VV;KFC Dessel Sport;Jong Cercle;N/A;;N/A;;id1004337161791244
18/04/2026;14:30;Prva Liga, Rep of Srpska;FK Leotar Trebinje;FK Omarska;N/A;;N/A;;id1000071569574920
18/04/2026;14:30;I Liga;Puszcza Niepolomice;Polonia Bytom;N/A;;N/A;;id1000022961398985
18/04/2026;14:30;National League;Mons Calpe SC;St Josephs FC;N/A;;N/A;;id1000154270715222
18/04/2026;14:30;Premier League;Hapoel Be`er Sheva FC;Hapoel Petah Tikva FC;N/A;;N/A;;id1000026670773022
18/04/2026;15:00;Brasileiro Serie A2, Women;Ceara SC CE;Perolas Negras RJ;N/A;;N/A;;id1003203968971688
18/04/2026;15:00;Liga 1;FC Cajamarca;Asociacion Deportiva Tarma;N/A;;N/A;;id1000040670317662
18/04/2026;15:00;Liga Portugal 3;CD Trofense;Varzim SC;N/A;;N/A;;id1003490068351346
18/04/2026;15:00;Brasileiro Serie D;America FC RJ;Associacao Portuguesa de Desportos SP;N/A;;N/A;;id1001533570323096
18/04/2026;15:00;Nationale 1 ACFF;R AEC Mons;Royal Excelsior Virton;N/A;;N/A;;id1004337369096440
18/04/2026;15:00;Alagoano, Serie B U23;Desportivo Alianca AL;Zumbi EC AL;N/A;;N/A;;id1004005370673150
18/04/2026;15:00;U20 Gaucho, Serie A1;Gremio FB Porto Alegrense RS;Serc Brasil De Farroupilha RS;N/A;;N/A;;id1003976169768916
18/04/2026;15:00;Premier League;Wadi Degla SC;National Bank of Egypt SC;N/A;;N/A;;id1000080869880238
18/04/2026;15:00;Nationale 1 ACFF;Royale Union Tubize-Braine;RSC Habay;N/A;;N/A;;id1004337369096438
18/04/2026;15:00;Nationale 1 VV;Hoogstraten VV;KVK Ninove;N/A;;N/A;;id1004337161791248
18/04/2026;15:00;U20 Catarinense, Serie A;Barra FC SC;Figueirense FC SC;N/A;;N/A;;id1004688169688484
18/04/2026;15:00;Brasileiro Serie D;Lagarto FC SE;Retro FC PE;N/A;;N/A;;id1001533570322082
18/04/2026;15:00;Nationale 1 ACFF;RFC Meux;Union Rochefortoise;N/A;;N/A;;id1004337369096442
18/04/2026;15:00;Mato-Grossense, 2. Divisao;Paulistano FC MT;Uirapuru MT;N/A;;N/A;;id1004753469834770
18/04/2026;15:00;U20 Gaucho, Serie A1;EC Sao Jose RS;Ivoti RS;N/A;;N/A;;id1003976169768920
18/04/2026;15:00;Torneo Federal A;CDC Nicanor Otamendi;CA Alvarado;N/A;;N/A;;id1003010669616804
18/04/2026;15:00;Brasileiro Serie A2, Women;AD Taubate SP;UDA AL;N/A;;N/A;;id1003203968971684
18/04/2026;15:00;Brasileiro Serie A2, Women;CR Vasco da Gama RJ;SC Recife PE;N/A;;N/A;;id1003203968971686
18/04/2026;15:00;Paulista, Serie A4;Sao Caetano FC SP;Jacarei FC SP;N/A;;N/A;;id1003579570575100
18/04/2026;15:00;U20 Mineiro, 1. Divisao;Inter de Minas MG;EC Villa Real MG;N/A;;N/A;;id1004665168902000
18/04/2026;15:00;Brasileiro A3, Women;Prosperidade FC ES;CE Juventude de Estancia SE;N/A;;N/A;;id1004694569855862
18/04/2026;15:00;U20 Gaucho, Serie A1;Ypiranga RS;SC Internacional RS;N/A;;N/A;;id1003976169768864
18/04/2026;15:00;U20 Gaucho, Serie A1;SC Gaucho RS U20;EC Novo Hamburgo RS;N/A;;N/A;;id1003976169768868
18/04/2026;15:00;Primera Nacional;CA Ferrocarril Midland;San Martin de San Juan;N/A;;N/A;;id1000070367118322
18/04/2026;15:00;Primera Nacional;Club Atletico Los Andes;CA San Telmo;N/A;;N/A;;id1000070367117608
18/04/2026;15:00;U20 Cearense;Fortaleza EC CE;Horizonte FC CE;N/A;;N/A;;id1003978170587634
18/04/2026;15:00;Paulista, Serie A3;AA Portuguesa Santista SP;Rio Preto EC SP;N/A;;N/A;;id1000161470648406
18/04/2026;15:00;Premier League;Al Mokawloon Al Arab;Talaea El Gaish;N/A;;N/A;;id1000080869880236
18/04/2026;15:00;Superliga;FC Dinamo Bucuresti 1948;FC Universitatea Cluj;N/A;;N/A;;id1000015269785226
18/04/2026;15:00;U20 Mineiro, 1. Divisao;Nacional AC Muriae MG;Cruzeiro EC MG;N/A;;N/A;;id1004665168902002
18/04/2026;15:00;Ligue 2;SC Bastia;AS Saint-Etienne;N/A;;N/A;;id1000018261527980
18/04/2026;15:00;Liga Profesional;Gimnasia y Esgrima La Plata;Estudiantes Rio Cuarto;N/A;;N/A;;id1000015567091946
18/04/2026;15:15;Liga 2;Ayacucho FC;Bentin Tacna Heroica;N/A;;N/A;;id1001523570484682
18/04/2026;15:15;PrvaLiga;NK Maribor;Primorje Ajdovscina;N/A;;N/A;;id1000021261454155
18/04/2026;15:15;Ekstraklasa;Pogon Szczecin;KKS Lech Poznan;N/A;;N/A;;id1000020261062259
18/04/2026;15:30;Primera C;CA Central Cordoba Rosario;Centro Espanol;N/A;;N/A;;id1002617467122724
18/04/2026;15:30;Second Divisio;Pirineus United FC;Sporting Club DE Escaldes;N/A;;N/A;;id1000074364082729
18/04/2026;15:30;Super League;FC Thun;FC Basel 1893;N/A;;N/A;;id1000021570785104
18/04/2026;15:30;Serie C, Group B;Ascoli Calcio 1898;Guidonia Montecelio 1937 FC;N/A;;N/A;;id1002655662412738
18/04/2026;15:30;World Championship Qualification Women, Europe;Belgium;Scotland;N/A;;N/A;;id1000078065805766
18/04/2026;15:30;Primera C;Club Lujan;CA Lugano;N/A;;N/A;;id1002617467122740
18/04/2026;15:30;Brasileiro Serie D;Blumenau EC SC;Azuriz FC PR;N/A;;N/A;;id1001533570323288
18/04/2026;15:30;Serie C, Group B;US Sambenedettese;US Citta Di Pontedera;N/A;;N/A;;id1002655662412754
18/04/2026;15:30;U20 Paranaense, 1. Divisao;CA Paranaense PR;FC Cascavel PR;N/A;;N/A;;id1004688368643344
18/04/2026;15:30;Serie C, Group B;AC Bra;Ternana Calcio;N/A;;N/A;;id1002655662412740
18/04/2026;15:30;Paranaense, 2. Divisao;Nacional AC PR;AA Batel;N/A;;N/A;;id1003943968641220
18/04/2026;15:30;U20 Paranaense, 1. Divisao;Cianorte FC PR U20;Parana Clube PR;N/A;;N/A;;id1004688368643350
18/04/2026;15:30;Serie C, Group B;Perugia Calcio Spa;Campobasso FC;N/A;;N/A;;id1002655662412746
18/04/2026;15:30;Serie C, Group B;Ravenna FC 1913;Vis Pesaro 1898;N/A;;N/A;;id1002655662412752
18/04/2026;15:30;Serie C, Group B;ASD Pineto Calcio;SS Arezzo;N/A;;N/A;;id1002655662412750
18/04/2026;15:30;Torneo Federal A;Independiente de Chivilcoy;CAS Defensores de Belgrano;N/A;;N/A;;id1003010669614132
18/04/2026;15:30;Primera C;Club El Porvenir;ASD Justo Jose de Urquiza;N/A;;N/A;;id1002617467122734
18/04/2026;15:30;Primera C;Argentino de Rosario;CA Atlas;N/A;;N/A;;id1002617467122736
18/04/2026;15:30;Primera B;CD UAI Urquiza;CA Talleres de Remedios;N/A;;N/A;;id1000134767119238
18/04/2026;15:30;U20 Paranaense, 1. Divisao;CE Uniao PR U20;Patriotas FC PR;N/A;;N/A;;id1004688368643352
18/04/2026;15:30;Paranaense, 2. Divisao;Patriotas FC PR;Prudentopolis PR;N/A;;N/A;;id1003943968641218
18/04/2026;15:30;U20 Paranaense, 1. Divisao;Coritiba FC PR;Hope Internacional FC PR;N/A;;N/A;;id1004688368643348
18/04/2026;15:30;Torneo Federal A;Kimberley de Mar Del Plata;Club Olimpo;N/A;;N/A;;id1003010669616806
18/04/2026;15:30;Serie C, Group B;SEF Torres Sassari;AS Gubbio;N/A;;N/A;;id1002655662412756
18/04/2026;15:30;Primera Nacional;Deportivo Moron;Colon de Santa Fe;N/A;;N/A;;id1000070367117612
18/04/2026;15:30;Primera C;Juventud Unida San Miguel;Deportivo Muniz;N/A;;N/A;;id1002617467122730
18/04/2026;15:30;U20 Goiano, 1. Divisao;Goias EC GO;CA Pontalinense GO;N/A;;N/A;;id1004664769279742
18/04/2026;15:30;Primera B;CS Italiano;Argentino de Quilmes;N/A;;N/A;;id1000134767119228
18/04/2026;15:30;MLS;CF Montreal;New York Red Bulls;N/A;;N/A;;id1000024266299010
18/04/2026;15:30;Serie C, Group B;AC Carpi;Forli FC;N/A;;N/A;;id1002655662412742
18/04/2026;15:30;Serie C, Group B;US Pianese;Juventus Next Gen;N/A;;N/A;;id1002655662412748
18/04/2026;15:30;2. Bundesliga;Hannover 96;SC Paderborn 07;N/A;;N/A;;id1000004461515176
18/04/2026;15:30;Primera Nacional;CA All Boys;CA Acassuso;N/A;;N/A;;id1000070367117606
18/04/2026;15:45;Pro League;Yellow-Red KV Mechelen;RSC Anderlecht;N/A;;N/A;;id1000003870207400
18/04/2026;15:45;Premier Division;Sligo Rovers FC;Waterford FC;N/A;;N/A;;id1000019266854004
18/04/2026;15:45;Premijer Liga;FK Sloga Doboj;HSK Zrinjski Mostar;N/A;;N/A;;id1000022261737286
18/04/2026;15:45;Serie A;AS Roma;Atalanta BC;N/A;;N/A;;id1000002361061597
18/04/2026;16:00;Liga de Ascenso, Clausura;Santa Cruz PFA;CD Escorpiones Belen;N/A;;N/A;;id1002776570795554
18/04/2026;16:00;Brasileiro A3, Women;Paraiso EC TO;Clube Do Remo PA;N/A;;N/A;;id1004694569855746
18/04/2026;16:00;CAF Champions League;Rs Berkane;AS Far Rabat;N/A;;N/A;;id1000105470229142
18/04/2026;16:00;Brasileiro Serie D;Pouso Alegre MG;EC Agua Santa SP;N/A;;N/A;;id1001533570323098
18/04/2026;16:00;Brasileiro Serie D;Iguatu CE;Iape MA;N/A;;N/A;;id1001533570320652
18/04/2026;16:00;Brasileiro Serie D;Inhumas EC GO;Brasiliense FC DF;N/A;;N/A;;id1001533570319948
18/04/2026;16:00;Brasileiro Serie D;Vitoria FC ES;Rio Branco AC ES;N/A;;N/A;;id1001533570431578
18/04/2026;16:00;Brasileiro Serie D;AA Altos PI;Ferroviario AC CE;N/A;;N/A;;id1001533570321064
18/04/2026;16:00;Brasileiro Serie D;AA Aparecidense GO;Luverdense EC MT;N/A;;N/A;;id1001533570319946
18/04/2026;16:00;LigaPro Primera A;Mushuc Runa SC;CD Tecnico Universitario;N/A;;N/A;;id1000024068687570
18/04/2026;16:00;MLS Next Pro;Columbus Crew 2;New England Revolution II;N/A;;N/A;;id1003647968156502
18/04/2026;16:00;Brasileiro Serie D;Ceilandia EC DF;Uniao EC MT;N/A;;N/A;;id1001533570320242
18/04/2026;16:00;Brasileiro A3, Women;AD Itapuense RO;Penarol AM;N/A;;N/A;;id1004694569855626
18/04/2026;16:00;Torneo Federal A;Deportivo Rincon;Club Cipolletti;N/A;;N/A;;id1003010669615314
18/04/2026;16:00;Primera Division;Racing Club Montevideo;Defensor Sporting;N/A;;N/A;;id1000027870629744
18/04/2026;16:00;Primera B;Deportes Magallanes;Santiago Wanderers;N/A;;N/A;;id1000124068097838
18/04/2026;16:00;Copa del Rey;Atletico Madrid;Real Sociedad San Sebastian;N/A;;N/A;;id1000032969589774
18/04/2026;16:00;Paulista, Serie A4;AA Internacional Bebedouro SP;EC Lemense SP;N/A;;N/A;;id1003579570575098
18/04/2026;16:00;Cearense, Serie B;Crateus EC CE;Caucaia;N/A;;N/A;;id1003666767925424
18/04/2026;16:00;FIFA Series, Women;Korea Republic;Zambia;N/A;;N/A;;id1005082269265712
18/04/2026;16:00;Torneo Federal A;CA Sarmiento de Resistencia;Sportivo General San Martin Formosa;N/A;;N/A;;id1003010669614630
18/04/2026;16:00;Brasileiro Serie D;CF Atletas do Tirol CE;FC Atletico CE;N/A;;N/A;;id1001533570321066
18/04/2026;16:00;Premier League;Chelsea FC;Manchester United;N/A;;N/A;;id1000001761301165
18/04/2026;16:00;Brasileiro Serie D;EC Sao Luiz RS;Santa Catarina SC;N/A;;N/A;;id1001533570323218
18/04/2026;16:00;Mato-Grossense, 2. Divisao;Campo Novo MT;Santa Cruz EC MT;N/A;;N/A;;id1004753469834624
18/04/2026;16:00;Brasileiro Serie D;Porto SC BA;EC Democrata MG;N/A;;N/A;;id1001533570322898
18/04/2026;16:00;USL Championship;Charleston Battery;Tampa Bay Rowdies;N/A;;N/A;;id1002816367172492
18/04/2026;16:00;Segunda Division;Brujas de Salamanca;Deportes Colina;N/A;;N/A;;id1004228369612802
18/04/2026;16:00;Brasileiro Serie C;AD Confianca SE;Santa Cruz FC PE;N/A;;N/A;;id1000128169254944
18/04/2026;16:05;Ligue 1;Lille OSC;OGC Nice;N/A;;N/A;;id1000003461526530
18/04/2026;16:10;World Championship Qualification Women, Europe;France;Netherlands;N/A;;N/A;;id1000078065805506
18/04/2026;16:30;Primera Nacional;Quilmes AC;Nueva Chicago;N/A;;N/A;;id1000070367118320
18/04/2026;16:30;Segunda Division;Santiago City FC;CD Trasandino de Los Andes;N/A;;N/A;;id1004228369612800
18/04/2026;16:30;Brasileiro Serie A2, Women;3B Sport AM;Paysandu SC PA;N/A;;N/A;;id1003203968971674
18/04/2026;16:30;Primera Division;Deportivo Rayo Zuliano;Metropolitanos FC;N/A;;N/A;;id1000023167691306
18/04/2026;16:30;Torneo Federal A;CA Sol de America de Formosa;CA Defensores de Vilelas;N/A;;N/A;;id1003010669614628
18/04/2026;16:30;Brasileiro Serie D;Serra Branca EC PB;Decisao PE;N/A;;N/A;;id1001533570322080
18/04/2026;16:30;Liga Portugal;Gil Vicente Barcelos;Vitoria SC Guimaraes;N/A;;N/A;;id1000023861731476
18/04/2026;16:30;Primera Nacional;CD Godoy Cruz;CA San Miguel;N/A;;N/A;;id1000070367117610
18/04/2026;17:00;U17 CONMEBOL Championship;Venezuela;Bolivia;N/A;;N/A;;id1000204370879838
18/04/2026;17:00;Segunda Division;Provincial Osorno;Colchagua CD;N/A;;N/A;;id1004228369613030
18/04/2026;17:00;LPR Pro;FC Mayaguez;Caguas Sporting FC;N/A;;N/A;;id1004876969289780
18/04/2026;17:00;Canadian Premier League;Forge FC Hamilton;Cavalry FC;N/A;;N/A;;id1002843268685958
18/04/2026;17:00;Brasileiro Serie D;CE Operario Varzea-Grandense MT;Mixto EC MT;N/A;;N/A;;id1001533570320244
18/04/2026;17:00;Tercera Division;Chimbarongo;Municipal Puente Alto;N/A;;N/A;;id1004842770887270
18/04/2026;17:00;Brasileiro Serie C;AA Internacional Limeira SP;Ituano FC SP;N/A;;N/A;;id1000128169254938
18/04/2026;17:00;Brasileiro Serie D;Uberlandia EC MG;CRA Catalano GO;N/A;;N/A;;id1001533570322830
18/04/2026;17:00;Brasileiro Serie D;Marica FC RJ;Sampaio Correa FE RJ;N/A;;N/A;;id1001533570323156
18/04/2026;17:00;LPR Pro;Metropolitan FA San Juan;Puerto Rico Surf SC;N/A;;N/A;;id1004876969289778
18/04/2026;17:00;Cearense, Serie B;Cariri FC CE;Guarani de Juazeiro CE;N/A;;N/A;;id1003666767925340
18/04/2026;17:00;Liga de Ascenso;CD Hondupino;CD Vida La Ceiba;N/A;;N/A;;id1004585770835228
18/04/2026;17:00;Brasileiro A3, Women;Portuguesa AP;Tiradentes PA;N/A;;N/A;;id1004694569855722
18/04/2026;17:00;Brasileiro A3, Women;FC Pantanal Saf MS;Planalto EC GO;N/A;;N/A;;id1004694569855650
18/04/2026;17:00;Primera C;Club Mercedes;CA Claypole;N/A;;N/A;;id1002617467122726
18/04/2026;17:00;Brasileiro Serie D;EC Noroeste SP;Nova Iguacu RJ;N/A;;N/A;;id1001533570323160
18/04/2026;17:00;MLS Next Pro;Chicago Fire FC II;Atlanta United 2;N/A;;N/A;;id1003647968156504
18/04/2026;17:15;Liga 1;Juan Pablo II College;Comerciantes Unidos;N/A;;N/A;;id1000040670317666
18/04/2026;17:15;Liga Profesional;Instituto AC Cordoba;Estudiantes de La Plata;N/A;;N/A;;id1000015567091932
18/04/2026;17:30;Primera B;Envigado FC;Boyaca Patriotas;N/A;;N/A;;id1000123868129120
18/04/2026;17:30;Primera B;CD Real Santander;Bogota FC;N/A;;N/A;;id1000123868129114
18/04/2026;17:30;Primera B;Independiente Yumbo;Real Cundinamarca;N/A;;N/A;;id1000123868129116
18/04/2026;17:30;MLS;Colorado Rapids;Inter Miami CF;N/A;;N/A;;id1000024266299012
18/04/2026;17:30;LPR Pro;Guayama FC;San Juan FC;N/A;;N/A;;id1004876969289782
18/04/2026;17:30;Primera B;Orsomarso SC;Itagui Leones FC;N/A;;N/A;;id1000123868129118
18/04/2026;17:30;Serie B;Gualaceo SC;Vinotinto FC Ecuador;N/A;;N/A;;id1001502769880370
18/04/2026;17:30;Liga 2;Club Ada Jaen;Carlos Mannucci;N/A;;N/A;;id1001523570484672
18/04/2026;17:30;Primera B;Atletico FC Cali;Union Magdalena;N/A;;N/A;;id1000123868129110
18/04/2026;17:30;Primera B;Tigres FC;Deportes Quindio;N/A;;N/A;;id1000123868129112
18/04/2026;17:30;Primera B;Real Cartagena FC;Barranquilla FC;N/A;;N/A;;id1000123868129108
18/04/2026;18:00;Brasileiro A3, Women;Galvez EC AC;Rolim de Moura RO;N/A;;N/A;;id1004694569855628
18/04/2026;18:00;Liga Prom;Herrera FC;La Familia FC;N/A;;N/A;;id1001949070839540
18/04/2026;18:00;Liga de Ascenso;Masachapa FC;Matiguas FC;N/A;;N/A;;id1004819770840518
18/04/2026;18:00;Liga Prom;CD Universitario II;CD Bocas FC;N/A;;N/A;;id1001949070869332
18/04/2026;18:00;Segunda Division;CD Dragon;CD Olimpico Litoral;N/A;;N/A;;id1003917370840530
18/04/2026;18:00;Liga Premier Serie A;Deportiva Venados;Club Calor;N/A;;N/A;;id1004053370825502
18/04/2026;18:00;Segunda Division;CD Inca;Adet Aruba;N/A;;N/A;;id1003917370840528
18/04/2026;18:00;Brasileiro A3, Women;Sao Raimundo EC RR;Ypiranga Clube AP;N/A;;N/A;;id1004694569855724
18/04/2026;18:00;USL Super League, Women;Lexington SC;Tampa Bay Sun FC;N/A;;N/A;;id1004343962509030
18/04/2026;18:00;CONMEBOL Nations League, Women;Uruguay;Chile;N/A;;N/A;;id1004927664801086
18/04/2026;18:00;Primera B;Real Pilar FC;CSCD Laferrere;N/A;;N/A;;id1000134767119236
18/04/2026;18:00;Brasileiro Serie B;America FC MG;SC Recife PE;N/A;;N/A;;id1000039068822764
18/04/2026;18:00;USL Championship;Colorado Springs Switchbacks FC;Monterey Bay FC;N/A;;N/A;;id1002816367172494
18/04/2026;18:00;CONMEBOL Nations League, Women;Ecuador;Peru;N/A;;N/A;;id1004927664801090
18/04/2026;18:00;USL Championship;Louisville City FC;Sporting Jax;N/A;;N/A;;id1002816367172500
18/04/2026;18:00;Liga Panamena de Futbol, Clausura;Tauro FC;Alianza FC Panama;N/A;;N/A;;id1002710470835368
18/04/2026;18:00;Primera Division, Reserves, Clausura;AD Isidro Metapan;CD Platense;N/A;;N/A;;id1003616770905362
18/04/2026;18:00;Liga Premier Serie B;Artesanos Metepec FC;FC Racing;N/A;;N/A;;id1004053570560662
18/04/2026;18:00;Brasileiro Serie D;EC XV de Novembro Piracicaba SP;AE Velo Clube SP;N/A;;N/A;;id1001533570323158
18/04/2026;18:00;Brasileiro Serie B;Nautico PE;Sao Bernardo FC;N/A;;N/A;;id1000039068822820
18/04/2026;18:15;Division de Honor, Apertura;Club Guarani Asuncion;Sportivo Luqueno;N/A;;N/A;;id1002709868042434
18/04/2026;18:15;Brasileiro Serie C;Volta Redonda FC RJ;SER Caxias do Sul;N/A;;N/A;;id1000128169254948
18/04/2026;18:30;Liga Nacional. Clausura;CD Genesis PN;CD Marathon San Pedro Sula;N/A;;N/A;;id1002741670089658
18/04/2026;18:30;LigaPro Primera A;CD Universidad Catolica del Ecuador;Libertad Loja;N/A;;N/A;;id1000024068687576
18/04/2026;18:30;Brasileiro Serie C;Paysandu SC PA;Barra FC SC;N/A;;N/A;;id1000128169254954
18/04/2026;18:30;Brasileiro Serie D;Maracana EC CE;Parnahyba SC PI;N/A;;N/A;;id1001533570320656
18/04/2026;18:30;Brasileiro Serie A;CR Vasco da Gama RJ;Sao Paulo FC SP;N/A;;N/A;;id1000032566886700
18/04/2026;18:30;Brasileiro Serie A;Chapecoense SC;Botafogo FR RJ;N/A;;N/A;;id1000032566886716
18/04/2026;18:30;Primera Division;CD Everton Vina del Mar;Universidad de Chile;N/A;;N/A;;id1002766567681818
18/04/2026;18:30;Primera B;San Marcos de Arica;CD Cobreloa Calama;N/A;;N/A;;id1000124068097846
18/04/2026;18:30;Brasileiro Serie B;Vila Nova FC GO;Operario Ferroviario EC PR;N/A;;N/A;;id1000039068822824
18/04/2026;19:00;Liga Premier Serie A;Tecos FC;Inter Playa Del Carmen;N/A;;N/A;;id1004053370806252
18/04/2026;19:00;Primera Division, Clausura;Guadalupe FC;Perez Zeledon;N/A;;N/A;;id1002709466443294
18/04/2026;19:00;Brasileiro Serie D;AA Portuguesa RJ;Madureira RJ;N/A;;N/A;;id1001533570323100
18/04/2026;19:00;USL League One;Richmond Kickers;Union Omaha SC;N/A;;N/A;;id1002816567171868
18/04/2026;19:00;Brasileiro Serie D;CN Marcilio Dias SC;EC Sao Jose RS;N/A;;N/A;;id1001533570323286
18/04/2026;19:00;Paulista, Serie A4;CA Penapolense SP;CA Taquaritinga SP;N/A;;N/A;;id1003579570575102
18/04/2026;19:15;Camopeonato Femenino, Women;Nacional - Humaita;Club Olimpia;N/A;;N/A;;id1004675870433674
18/04/2026;19:30;Division Honor;Sporting Aruba;La Fama;N/A;;N/A;;id1005104670905478
18/04/2026;19:30;Liga Profesional;CA Independiente Avellaneda;Defensa y Justicia;N/A;;N/A;;id1000015567091928
18/04/2026;19:30;Paulista, Serie A3;Marilia AC SP;EC XV de Novembro de Jau SP;N/A;;N/A;;id1000161470648408
18/04/2026;19:30;Liga 1;Sport Huancayo;Deportivo Garcilaso;N/A;;N/A;;id1000040670317664
18/04/2026;19:30;Brasileiro Serie C;Ypiranga FC RS;Anapolis FC GO;N/A;;N/A;;id1000128169254952
18/04/2026;20:00;Segunda Division;CS Cerrito;La Luz FC;N/A;;N/A;;id1000190870819314
18/04/2026;20:00;Liga MX, Clausura;Club Necaxa;Tigres UANL;N/A;;N/A;;id1002746666856140
18/04/2026;20:00;CONMEBOL Nations League, Women;Venezuela;Bolivia;N/A;;N/A;;id1004927664801080
18/04/2026;20:00;MLS Next Pro;Crown Legacy FC;Chattanooga FC;N/A;;N/A;;id1003647968156508
18/04/2026;20:00;Liga MX, Clausura;CF Cruz Azul;Club Tijuana de Caliente;N/A;;N/A;;id1002746666856142
18/04/2026;20:00;U17 CONMEBOL Championship;Uruguay;Chile;N/A;;N/A;;id1000204370879840
18/04/2026;20:00;CONMEBOL Nations League, Women;Argentina;Colombia;N/A;;N/A;;id1004927664801084
18/04/2026;20:00;USL Championship;Miami FC;Phoenix Rising FC;N/A;;N/A;;id1002816367172502
18/04/2026;20:00;Liga de Expansion MX, Clausura;Tlaxcala FC;Venados  FC;N/A;;N/A;;id1002738466919552
18/04/2026;20:00;Primera B;CSD San Martin;CSD Flandria;N/A;;N/A;;id1000134767119230
18/04/2026;20:00;Primera Nacional;Club Ciudad de Bolivar;Deportivo Madryn;N/A;;N/A;;id1000070367117598
18/04/2026;20:00;Primera Division;Indigenas de Matagalpa FC;CD Walter Ferretti;N/A;;N/A;;id1001924270779452
18/04/2026;20:00;USL Championship;Hartford Athletic;Loudoun United FC;N/A;;N/A;;id1002816367172498
18/04/2026;20:00;USL League One;One Knoxville SC;Charlotte Independence;N/A;;N/A;;id1002816567171866
18/04/2026;20:00;USL Championship;Pittsburgh Riverhounds;Detroit City FC;N/A;;N/A;;id1002816367172508
18/04/2026;20:00;Brasileiro Serie A;EC Vitoria BA;SC Corinthians SP;N/A;;N/A;;id1000032566886714
18/04/2026;20:00;MLS Next Pro;Inter Miami CF II;Huntsville City FC;N/A;;N/A;;id1003647968156510
18/04/2026;20:00;Primera Nacional;CA Patronato Parana;CD Maipu;N/A;;N/A;;id1000070367118316
18/04/2026;20:10;Primera A, Apertura;CD Tolima;Deportivo Pereira FC SA;N/A;;N/A;;id1002707067698082
18/04/2026;20:15;Liga Panamena de Futbol, Clausura;CD Universitario Penonome;Veraguas United FC;N/A;;N/A;;id1002710470835370
18/04/2026;20:30;Brasileiro Serie D;Guapore  RO;SC Humaita AC;N/A;;N/A;;id1001533570318470
18/04/2026;20:30;MLS;Philadelphia Union;DC United;N/A;;N/A;;id1000024266299024
18/04/2026;20:30;Brasileiro Serie C;Amazonas FC AM;Maranhao AC MA;N/A;;N/A;;id1000128169254956
18/04/2026;20:30;MLS;New York City FC;Charlotte FC;N/A;;N/A;;id1000024266299020
18/04/2026;20:30;MLS;Orlando City SC;Houston Dynamo;N/A;;N/A;;id1000024266299022
18/04/2026;20:30;Division de Honor, Apertura;Recoleta FC;CS 2 de Mayo;N/A;;N/A;;id1002709868042432
18/04/2026;20:30;MLS;FC Cincinnati;Chicago Fire;N/A;;N/A;;id1000024266299016
18/04/2026;20:30;MLS;New England Revolution;Columbus Crew;N/A;;N/A;;id1000024266299018
18/04/2026;20:30;Brasileiro Serie A;Cruzeiro EC MG;Gremio FB Porto Alegrense RS;N/A;;N/A;;id1000032566886708
18/04/2026;20:30;Brasileiro Serie B;Avai FC SC;AA Ponte Preta SP;N/A;;N/A;;id1000039068822778
18/04/2026;20:30;MLS;Atlanta United FC;Nashville SC;N/A;;N/A;;id1000024266299014
18/04/2026;20:45;Brasileiro Serie B;CR Brasil AL;EC Juventude RS;N/A;;N/A;;id1000039068822822
18/04/2026;21:00;Liga de Ascenso;Tigres de Chinandega;San Marcos FC;N/A;;N/A;;id1004819770840522
18/04/2026;21:00;Liga Premier Serie A;Santiago FC;Zacatepec FC;N/A;;N/A;;id1004053370825518
18/04/2026;21:00;National League;Nelson Suburbs FC;Selwyn United FC;N/A;;N/A;;id1000059469463238
18/04/2026;21:00;MLS Next Pro;Ventura County FC;Austin FC II;N/A;;N/A;;id1003647968156506
18/04/2026;21:00;LigaPro Primera A;Orense SC;Delfin SC;15/04/2026 14:07;2.0;18/04/2026 21:09;1.9;id1000024068687572
18/04/2026;21:00;Primera B;CD Santa Cruz;Union San Felipe;N/A;;N/A;;id1000124068097834
18/04/2026;21:00;Primera Division;Deportes Concepcion;Deportes La Serena;12/04/2026 21:45;1.72;14/04/2026 04:13;1.8;id1002766567681820
18/04/2026;21:00;National League;Coastal Spirit FC;Ferrymead Bays;N/A;;N/A;;id1000059469463240
18/04/2026;21:30;LPR Pro;Academia Quintana;Taurinos Cayey;N/A;;N/A;;id1004876969289784
18/04/2026;21:30;MLS;FC Dallas;Los Angeles Galaxy;N/A;;N/A;;id1000024266299026
18/04/2026;21:30;National League;FC Western;Wellington Olympic;N/A;;N/A;;id1000059469462572
18/04/2026;21:30;MLS;Minnesota United FC;Portland Timbers;N/A;;N/A;;id1000024266299028
18/04/2026;21:45;Liga Profesional;Argentinos Juniors;Atletico Tucuman;N/A;;N/A;;id1000015567091952
18/04/2026;22:00;Primera Division;San Benito FC;Deportivo Coatepeque;N/A;;N/A;;id1004800070809894
18/04/2026;22:00;Northern NSW NPL, Reserves;Kahibah FC Reserve;Weston Bears FC;N/A;;N/A;;id1004577167808416
18/04/2026;22:00;USL League One;AC Boise;Westchester SC;N/A;;N/A;;id1002816567171874
18/04/2026;22:00;Northern NSW League One, Reserves;Dudley Redhead United SFC Reserve;Cessnock City Hornets FC Reserve;N/A;;N/A;;id1004577367808634
18/04/2026;22:00;Liga 1;Alianza Lima;Cusco FC;N/A;;N/A;;id1000040670317668
18/04/2026;22:00;Primera Division, Clausura;AD Isidro Metapan;CD Platense Municipal Zacatecoluca;N/A;;N/A;;id1002709067603958
18/04/2026;22:00;Liga Premier Serie A;Cimarrones de Sonora FC;Mineros de Fresnillo FC;N/A;;N/A;;id1004053370825404
18/04/2026;22:00;Liga Prom;Tauro FC II;San Martin FC;N/A;;N/A;;id1001949070839414
18/04/2026;22:00;Liga Premier Serie A;Tapachula Soconusco FC;Tritones Vallarta MFC;N/A;;N/A;;id1004053370825504
18/04/2026;22:00;Liga de Expansion MX, Clausura;Irapuato;CD Mineros de Zacatecas;N/A;;N/A;;id1002738466919556
18/04/2026;22:00;USL Championship;El Paso Locomotive FC;San Antonio FC;N/A;;N/A;;id1002816367172496
18/04/2026;22:00;Primera Division, Clausura;Puntarenas FC;Sporting FC;N/A;;N/A;;id1002709466443290
18/04/2026;22:00;Primera Division, Clausura;Zacatecoluca FC;CD Fuerte San Francisco Morazan;N/A;;N/A;;id1002709067603968
18/04/2026;22:05;Liga MX, Clausura;CF Monterrey;CF Pachuca;N/A;;N/A;;id1002746666856146
18/04/2026;22:07;Liga MX, Clausura;CD Guadalajara;Club Puebla;N/A;;N/A;;id1002746666856144
18/04/2026;22:30;Liga Nacional. Clausura;CD Choloma;CD Olimpia Tegucigalpa;N/A;;N/A;;id1002741670089664
18/04/2026;22:30;FIFA Series, Women;Brazil;Canada;N/A;;N/A;;id1005082269265714
18/04/2026;22:30;MLS;Real Salt Lake;San Diego FC;N/A;;N/A;;id1000024266299030
18/04/2026;22:30;Primera Division, Clausura;Municipal Limeno;Alianza FC San Salvador;N/A;;N/A;;id1002709067603966
18/04/2026;22:30;Primera A, Apertura;Fortaleza FC;Aguilas Doradas Rionegro;N/A;;N/A;;id1002707067698084
18/04/2026;22:30;Liga Panamena de Futbol, Clausura;CD Arabe Unido;Umecit;N/A;;N/A;;id1002710470835372
18/04/2026;22:30;MLS;Seattle Sounders;Saint Louis City SC;N/A;;N/A;;id1000024266299032
18/04/2026;23:00;U20 Victoria NPL, Women;Melbourne Victory FC U20;Essendon Royals SC U20;N/A;;N/A;;id1004568168159758
18/04/2026;23:00;Primera Division, Clausura;CS Herediano;AD San Carlos;N/A;;N/A;;id1002709466443292
18/04/2026;23:00;Liga Nacional. Clausura;CD Marquense;CSD Municipal;N/A;;N/A;;id1002739867524764
18/04/2026;23:00;USL Championship;Oakland Roots SC;FC Tulsa;N/A;;N/A;;id1002816367172504
18/04/2026;23:00;USL Championship;Orange County SC;Lexington SC;N/A;;N/A;;id1002816367172506
18/04/2026;23:15;Primera Division;Managua FC;Unan Managua;N/A;;N/A;;id1001924270779454
18/04/2026;23:15;U23 NSW NPL, Women;APIA Leichhardt FC;Sydney Olympic FC;N/A;;N/A;;id1003331367694188
18/04/2026;23:30;K-League 1 SRL;Pohang Steelers SRL;FC Anyang Srl;N/A;;N/A;;id1003622570750512
18/04/2026;23:30;U23 Victoria NPL;South Melbourne FC;Oakleigh Cannons FC;N/A;;N/A;;id1004567368161268
18/04/2026;23:30;K-League 1 SRL;Ulsan Hyundai FC SRL;Gwangju FC SRL;N/A;;N/A;;id1003622570750510
18/04/2026;23:30;Liga Premier Serie A;Tigres de Alica FC;Halcones FC;N/A;;N/A;;id1004053370825506
18/04/2026;23:30;South Australia NPL;Adelaide United FC;West Adelaide SC;N/A;;N/A;;id1000125868048832
18/04/2026;23:45;Queensland NPL, Women;Sunshine Coast Wanderers FC;Gold Coast United FC;N/A;;N/A;;id1001827070220270
18/04/2026;23:45;U23 Queensland Premier League 1;Sunshine Coast Wanderers;Logan Lightning;N/A;;N/A;;id1004553567905640
18/04/2026;23:45;U23 Victoria NPL;Avondale FC;Melbourne City FC;N/A;;N/A;;id1004567368161270
19/04/2026;00:00;Northern NSW NPL, Reserves;Belmont Swansea United FC Reserves;Newcastle Olympic FC Reserve;N/A;;N/A;;id1004577167808418
19/04/2026;00:00;Northern NSW League One, Reserves;Wallsend FC Reserve;Toronto Awaba FC Reserve;N/A;;N/A;;id1004577367808636
19/04/2026;00:00;U20 NSW NPL;Wollongong Wolves FC;Sutherland Sharks FC;N/A;;N/A;;id1003235367692990
19/04/2026;00:00;Tasmania Super League, Women;Glenorchy Knights;Taroona;N/A;;N/A;;id1003236568686910
19/04/2026;00:00;Northern NSW League One;Dudley Redhead United SFC;Cessnock City Hornets FC;N/A;;N/A;;id1003234367807560
19/04/2026;00:00;A-League;Auckland FC;Central Coast Mariners;N/A;;N/A;;id1000013663684731
19/04/2026;00:00;Northern NSW NPL;Kahibah FC;Weston Bears FC;N/A;;N/A;;id1000163867807340
19/04/2026;00:06;Liga MX, Clausura;Club Leon;FC Juarez;N/A;;N/A;;id1002746666856150
19/04/2026;00:10;Liga MX, Clausura;CF America;Deportivo Toluca FC;N/A;;N/A;;id1002746666856148
19/04/2026;01:00;Queensland NPL;Brisbane Roar FC;Olympic FC Brisbane;N/A;;N/A;;id1000126867878198
19/04/2026;01:00;Nadeshiko League, Div. 1, Women;Iga FC Kunoichi;NHK Spring Yokohama FC Seagulls;N/A;;N/A;;id1000252968728594
19/04/2026;01:00;Nadeshiko League, Div 2, Women;Yamato Sylphid;Renofa Yamaguchi FC Ladies;N/A;;N/A;;id1002423570848212
19/04/2026;01:00;J.League;Mito Hollyhock;Kashiwa Reysol;N/A;;N/A;;id1000019667645502
19/04/2026;01:00;Nadeshiko League, Div. 1, Women;Vonds Ichihara FC;Ehime FC Ladies;N/A;;N/A;;id1000252968728598
19/04/2026;01:00;Nadeshiko League, Div. 1, Women;Shizuoka SSU Bonita;Orca Kamogawa FC;N/A;;N/A;;id1000252968728592
19/04/2026;01:00;Nadeshiko League, Div 2, Women;Veertien Mie FC;Diosa Izumo FC;N/A;;N/A;;id1002423570835402
19/04/2026;01:00;Nadeshiko League, Div 2, Women;Nankatsu SC;Diavorosso Hiroshima;N/A;;N/A;;id1002423570848210
19/04/2026;01:00;Victoria Premier League 1;Western United FC Youth;Brunswick City SC;N/A;;N/A;;id1003236768160506
19/04/2026;01:00;Queensland Pro Series, Women;Mitchelton FC;Palm Beach SC;N/A;;N/A;;id1004991870423434
19/04/2026;01:00;Northern NSW League One, Reserves, Women;Newcastle Olympic FC Reserve;Lake Macquarie City FC Reserve;N/A;;N/A;;id1004577567808872
19/04/2026;01:00;Tasmania Southern Championship;South Hobart FC 2;New Town Eagles SC;N/A;;N/A;;id1004671868686510
19/04/2026;01:00;WE League Cup, Women;RB Omiya Ardija;Cerezo Osaka Sakai Ladies;N/A;;N/A;;id1004890570220286
19/04/2026;01:00;Nadeshiko League, Div. 1, Women;Viamaterasu Miyazaki;Nittaidai FC;N/A;;N/A;;id1000252968728596
19/04/2026;01:15;NSW Premier League, Women;Apia Leichhardt FC;Sydney Olympic FC;N/A;;N/A;;id1003235167692544
19/04/2026;01:30;Capital NPL, Women;Majura FC;Belconnen United;N/A;;N/A;;id1003234969195296
19/04/2026;01:30;Tasmania NPL;South East United FC;Devonport City SC;N/A;;N/A;;id1000162668680042
19/04/2026;01:40;NSW Premier League, Women;Bulls FC Academy;Western Sydney Wanderers Youth;N/A;;N/A;;id1003235167692546
19/04/2026;01:45;U23 Queensland NPL;Queensland Lions FC;Gold Coast United FC;N/A;;N/A;;id1004553367905160
19/04/2026;01:45;U23 Queensland NPL;Brisbane City;Rochedale Rovers;N/A;;N/A;;id1004553367905158
19/04/2026;02:00;NSW NPL 1;Sydney FC Youth;Blacktown City FC;N/A;;N/A;;id1000127467690798
19/04/2026;02:00;K3 League;Changwon FC;Gyeongju FC;N/A;;N/A;;id1001512368916242
19/04/2026;02:00;K-League 1;Ulsan HD FC;Gwangju FC;N/A;;N/A;;id1000041067817626
19/04/2026;02:00;NSW Premier League, Women;Manly United FC;Hills United FC;N/A;;N/A;;id1003235167692548
19/04/2026;02:00;K-League 2;Ansan Greeners FC;Seoul E-Land FC;N/A;;N/A;;id1000077768046452
19/04/2026;02:00;Victoria Premier League, Women;Melbourne University SC;Ballarat City FC;N/A;;N/A;;id1004567168161960
19/04/2026;02:00;J.League 2;Gainare Tottori;Tegevajaro Miyazaki;N/A;;N/A;;id1000040267648406
19/04/2026;02:00;Queensland Premier League 1;Sunshine Coast Wanderers;Logan Lightning;N/A;;N/A;;id1003234167903646
19/04/2026;02:00;NSW NPL 1;Wollongong Wolves FC;Sutherland Sharks;N/A;;N/A;;id1000127467690800
19/04/2026;02:00;U23 NSW NPL, Women;UNSW FC;Gladesville Ravens;N/A;;N/A;;id1003331367694190
19/04/2026;02:00;J.League 2;Reilac Shiga FC;Oita Trinita;N/A;;N/A;;id1000040267648404
19/04/2026;02:00;K-League 2;Seongnam Ilhwa;Paju Citizen FC;N/A;;N/A;;id1000077768046454
19/04/2026;02:00;Victoria Premier League, Women;Geelong Galaxy United FC;Southern United;N/A;;N/A;;id1004567168161958
19/04/2026;02:00;Victoria NPL, Women;Melbourne Victory FC Youth;Essendon Royals SC;N/A;;N/A;;id1001690468162328
19/04/2026;02:00;NPL Western Australia, Women;Fremantle City FC;Sorrento FC;N/A;;N/A;;id1003236969767340
19/04/2026;02:00;NSW League One;Blacktown City FC;Sutherland Strikers;N/A;;N/A;;id1003331567694556
19/04/2026;02:00;Northern NSW League One;Wallsend FC;Toronto Awaba FC;N/A;;N/A;;id1003234367807562
19/04/2026;02:00;NSW League One;Camden Tigers FC;Central Coast Mariners;N/A;;N/A;;id1003331567694552
19/04/2026;02:00;NSW League One;Marconi Stallions;St George FC;N/A;;N/A;;id1003331567694554
19/04/2026;02:00;U23 NSW NPL, Women;Sydney University SFC;Macarthur Rams;N/A;;N/A;;id1003331367694192
19/04/2026;02:00;NSW League One, Women;SD Raiders FC;Bankstown City FC;N/A;;N/A;;id1003248367693876
19/04/2026;02:00;Capital NPL, Women;Canberra Croatia FC;West Canberra Wanderers FC;N/A;;N/A;;id1003234969195298
19/04/2026;02:00;U23 NSW NPL, Women;Western City Rangers FC;Northern Tigers;N/A;;N/A;;id1003331367694194
19/04/2026;02:00;K3 League;Yeoju FC;FC Mokpo;N/A;;N/A;;id1001512368916248
19/04/2026;02:00;K3 League;Pocheon Citizen FC;Siheung Citizen FC;N/A;;N/A;;id1001512368916240
19/04/2026;02:00;K3 League;Busan Transportation Corporation FC;Ulsan Citizen FC;N/A;;N/A;;id1001512368916244
19/04/2026;02:00;K3 League;Yangpyeong FC;Daejeon Korail FC;N/A;;N/A;;id1001512368916238
19/04/2026;02:00;J.League 2;Fukushima United FC;FC Gifu;N/A;;N/A;;id1000040267648088
19/04/2026;02:00;J.League 2;Kataller Toyama;Kochi United SC;N/A;;N/A;;id1000040267648250
19/04/2026;02:00;J.League 2;Montedio Yamagata;Vanraure Hachinohe FC;N/A;;N/A;;id1000040267647926
19/04/2026;02:00;J.League 2;Blaublitz Akita;Yokohama FC;N/A;;N/A;;id1000040267647924
19/04/2026;02:00;J.League 2;Tochigi SC;SC Sagamihara;N/A;;N/A;;id1000040267647928
19/04/2026;02:00;J.League 2;Iwaki FC;AC Nagano Parceiro;N/A;;N/A;;id1000040267648090
19/04/2026;02:00;Northern NSW NPL;Belmont Swansea United FC;Newcastle Olympic FC;N/A;;N/A;;id1000163867807342
19/04/2026;02:00;K3 League;Chuncheon FC;Dangjin Citizen;N/A;;N/A;;id1001512368916246
19/04/2026;02:15;U20 Victoria NPL, Women;Avondale FC U20;Heidelberg United FC U20;N/A;;N/A;;id1004568168159760
19/04/2026;02:30;1. Division;3 Sing FC;Kwun Tong;N/A;;N/A;;id1001922469546780
19/04/2026;02:30;A-League;Adelaide United FC;Macarthur FC;N/A;;N/A;;id1000013663684733
19/04/2026;02:30;Victoria, NPL;South Melbourne FC;Oakleigh Cannons;N/A;;N/A;;id1000127568160050
19/04/2026;02:30;1. Division;Resources Capital FC;Tung Sing;N/A;;N/A;;id1001922466795410
19/04/2026;02:30;1. Division;Hoi King;Sham Shui Po SA;N/A;;N/A;;id1001922466795412
19/04/2026;03:00;J.League;Gamba Osaka;Fagiano Okayama;N/A;;N/A;;id1000019667644930
19/04/2026;03:00;Northern NSW Premier League, Women;Newcastle Olympic FC;Lake Macquarie City FC;N/A;;N/A;;id1003236367807808
19/04/2026;03:00;J.League 2;Roasso Kumamoto;Sagan Tosu;N/A;;N/A;;id1000040267648408
19/04/2026;03:15;Capital NPL, Women;Tuggeranong United FC;Canberra Olympic;N/A;;N/A;;id1003234969195300
19/04/2026;03:30;Northern Territory Premier League, Women;Casuarina FC;Darwin Hearts FC;N/A;;N/A;;id1004994670058198
19/04/2026;03:30;NSW NPL 1;APIA Leichhardt;Sydney Olympic FC;N/A;;N/A;;id1000127467690802
19/04/2026;03:30;Northern Territory Division 3;Hellenic AC Div 3;Mindil Aces FC Div 3;N/A;;N/A;;id1004994270547530
19/04/2026;03:30;U23 Victoria Premier League 1;Western United FC;Brunswick City SC;N/A;;N/A;;id1004567568160878
19/04/2026;03:30;Northern Territory Premier League, Reserves;Darwin Hearts FC Reserves;Palmerston Rovers FC Reserves;N/A;;N/A;;id1004994470549412
19/04/2026;03:30;Northern Territory Division 3;Azzurri United FC Div 3;Casuarina FC Div 3;N/A;;N/A;;id1004994270547532
19/04/2026;04:00;Turkey Super Lig SRL;Kasimpasa SRL;Alanyaspor SRL;N/A;;N/A;;id1003222570750448
19/04/2026;04:00;NSW Premier League, Women;Unsw FC;Gladesville Ravens;N/A;;N/A;;id1003235167692550
19/04/2026;04:00;FA Cup;Liaocheng Legend;Beijing Institute of Technology;N/A;;N/A;;id1000088269971138
19/04/2026;04:00;Premier League;Kowloon City;Eastern District;N/A;;N/A;;id1000094770813624
19/04/2026;04:00;Turkey Super Lig SRL;Samsunspor Srl;Besiktas JK SRL;N/A;;N/A;;id1003222570750450
19/04/2026;04:00;U20 NSW NPL;Sydney FC;Blacktown City FC;N/A;;N/A;;id1003235367692992
19/04/2026;04:00;NSW NPL 1;Manly United FC;Rockdale Ilinden FC;N/A;;N/A;;id1000127467690804
19/04/2026;04:00;China League 1;Wuxi Wugou;Dalian Kun City;N/A;;N/A;;id1000078269455204
19/04/2026;04:00;FA Cup;Qingdao Fuli;Shanxi Chongde Ronghai;N/A;;N/A;;id1000088269971150
19/04/2026;04:00;FA Cup;Dalian Kewei;Wenzhou Professional FC;N/A;;N/A;;id1000088269971046
19/04/2026;04:00;Turkey Super Lig SRL;Trabzonspor SRL;Istanbul Basaksehir FK SRL;N/A;;N/A;;id1003222570750452
19/04/2026;04:00;Queensland Premier League 2;Souths United FC;Mitchelton FC;N/A;;N/A;;id1003395067904116
19/04/2026;04:00;Queensland NPL;Lions FC;Gold Coast United FC;N/A;;N/A;;id1000126867878202
19/04/2026;04:00;Queensland NPL;Brisbane City FC;Rochedale Rovers;N/A;;N/A;;id1000126867878200
19/04/2026;04:00;FA Cup;Quanzhou Qinggong;Jiangxi Lushan;N/A;;N/A;;id1000088269971140
19/04/2026;04:00;NSW Premier League, Women;Sydney University SFC;Macarthur Rams;N/A;;N/A;;id1003235167692552
19/04/2026;04:00;NSW League One, Women;Blacktown City FC;Sutherland Strikers;N/A;;N/A;;id1003248367693882
19/04/2026;04:00;U23 NSW NPL, Women;Manly United FC;Hills United FC;N/A;;N/A;;id1003331367694198
19/04/2026;04:00;NSW League One, Women;Marconi Stallions;St George FC;N/A;;N/A;;id1003248367693880
19/04/2026;04:00;NSW League One, Women;Camden Tigers FC;Central Coast Mariners Academy;N/A;;N/A;;id1003248367693878
19/04/2026;04:00;NSW League One;SD Raiders FC;Bankstown City FC;N/A;;N/A;;id1003331567694560
19/04/2026;04:00;NSW League One;Inter Lions FC;Nepean FC;N/A;;N/A;;id1003331567694558
19/04/2026;04:00;U23 NSW NPL, Women;Bulls FC Academy U23;Western Sydney Wanderers;N/A;;N/A;;id1003331367694196
19/04/2026;04:00;NSW Premier League, Women;Western City Rangers FC;Northern Tigers;N/A;;N/A;;id1003235167692554
19/04/2026;04:00;NPL Western Australia, Women;Perth Redstar FC;Uwa Nedlands FC;N/A;;N/A;;id1003236969767342
19/04/2026;04:00;J.League;Nagoya Grampus;Avispa Fukuoka;N/A;;N/A;;id1000019667644932
19/04/2026;04:30;1. Division;South China FC;Citizen AA;N/A;;N/A;;id1001922466795414
19/04/2026;04:30;K-League 2;Chungnam Asan FC;Jeonnam Dragons;N/A;;N/A;;id1000077768046458
19/04/2026;04:30;FA Cup;Shanghai Second;Guangdong Mingtu;N/A;;N/A;;id1000088269971038
19/04/2026;04:30;FA Cup;Guizhou Xufengtang;Taian Tiankuang;N/A;;N/A;;id1000088269970956
19/04/2026;04:30;1. Division;Yuen Long FC;Central & Western;N/A;;N/A;;id1001922469546786
19/04/2026;04:30;1. Division;WSE;Lucky Mile;N/A;;N/A;;id1001922469546782
19/04/2026;04:30;1. Division;Shatin;Supreme FC;N/A;;N/A;;id1001922469546784
19/04/2026;04:30;K-League 1;FC Pohang Steelers;FC Anyang;N/A;;N/A;;id1000041067817628
19/04/2026;04:30;K-League 2;Hwaseong FC;Gimpo FC;N/A;;N/A;;id1000077768046456
19/04/2026;04:30;Premier League;Tainan City;Tatung FC;N/A;;N/A;;id1002691262778579
19/04/2026;04:30;Premier League;AC Taipei;Taiwan Power Company;N/A;;N/A;;id1002691262778581
19/04/2026;05:00;Diski Challenge, Reserves;Polokwane City;Kaizer Chiefs;N/A;;N/A;;id1004866363514599
19/04/2026;05:00;Serie A SRL;US Cremonese Srl;Torino FC SRL;N/A;;N/A;;id1003222170750420
19/04/2026;05:00;Serie A SRL;Pisa SC Srl;Genoa CFC SRL;N/A;;N/A;;id1003222170750424
19/04/2026;05:00;Serie A SRL;Hellas Verona SRL;AC Milan SRL;N/A;;N/A;;id1003222170750422
19/04/2026;05:00;MSFL;SK Sigma Olomouc B;SK Unicov;N/A;;N/A;;id1001414766053632
19/04/2026;05:00;Diski Challenge, Reserves;Siwelele FC;Magesi FC;N/A;;N/A;;id1004866363514601
19/04/2026;05:00;Diski Challenge, Reserves;Marumo Gallants;Richards Bay FC;N/A;;N/A;;id1004866363514597
19/04/2026;05:00;U19 Prva NL Juniori;Lokomotiva Zagreb;NK Sesvete;N/A;;N/A;;id1004806062415588
19/04/2026;05:00;Diski Challenge, Reserves;Orbit College;Golden Arrows;N/A;;N/A;;id1004866363514603
19/04/2026;05:00;U19 Prva NL Juniori;NK Kustosija Zagreb;GNK Dinamo Zagreb;N/A;;N/A;;id1004806062415582
19/04/2026;05:00;Serie A SRL;Juventus Turin SRL;Bologna FC SRL;N/A;;N/A;;id1003222170750426
19/04/2026;05:00;Persha Liga;MFC Metalurh Zaporizhya;Agrobiznes Volochisk;N/A;;N/A;;id1000069162493418
19/04/2026;05:00;CFL;FK Pribram B;FK Loko Prague;N/A;;N/A;;id1001415166613670
19/04/2026;05:00;Philippines Footb. League;Mendiola FC;Kaya FC–Iloilo;N/A;;N/A;;id1000165469796832
19/04/2026;05:00;Liga 2;SC FC Voluntari;Csa Steaua Bucuresti;N/A;;N/A;;id1000056269910252
19/04/2026;05:00;2. Liga, Division B, Group 4;FC Ural-2 Yekaterinburg;Kdv Tomsk;N/A;;N/A;;id1000109770252030
19/04/2026;05:00;U19 Division de Honor Juvenil;Murcia Promises CF;UCAM Murcia;N/A;;N/A;;id1004834362941785
19/04/2026;05:15;CFL;FK Mas Taborsko II;FC Viktoria Plzen B;N/A;;N/A;;id1001415166613682
19/04/2026;05:15;Divize C;FK Chlumec Nad Cidlinou;MFK Trutnov;N/A;;N/A;;id1004073166606488
19/04/2026;05:15;CFL;FC Slovan Liberec B;FC Hradec Kralove B;N/A;;N/A;;id1001415166614004
19/04/2026;05:15;MSFL;MFk Karvina B;1. FC Slovacko B;N/A;;N/A;;id1001414766053644
19/04/2026;05:15;CFL;FK Admira Prague;FK Motorlet Prague;N/A;;N/A;;id1001415166613674
19/04/2026;05:15;CFL;FK Jablonec B;FK Arsenal Ceska Lipa;N/A;;N/A;;id1001415166614002
19/04/2026;05:15;MSFL;FC Zbrojovka Brno B;FK Fotbal Trinec;N/A;;N/A;;id1001414766053640
19/04/2026;05:15;Divize B;FK Meteor Prague VIII;FK Olympie Brezova;N/A;;N/A;;id1004072966606240
19/04/2026;05:15;Divize E;FC Tvd Slavicin;Tatran Vsechovice;N/A;;N/A;;id1004073566054172
19/04/2026;05:15;FNL;FK Viktoria Zizkov;FC Banik Ostrava B;N/A;;N/A;;id1000020561326565
19/04/2026;05:30;Liga 1;Persik Kediri;Persita Tangerang;N/A;;N/A;;id1000101562083092
19/04/2026;05:30;U19 Super League;Asteras Tripolis;Aris;N/A;;N/A;;id1002638470822058
19/04/2026;05:30;MSFL;FC Zlin B;TJ Start Brno;N/A;;N/A;;id1001414766053648
19/04/2026;05:30;2. Liga, Women;Dukla Prague;Sparta Prague B;N/A;;N/A;;id1004799463401827
19/04/2026;05:30;3. SNL;SD Videm;NK Zavrc;N/A;;N/A;;id1004799862252476
19/04/2026;05:30;3. Liga;FK Dac 1904 Dunajska Streda B;SK 1923 Gabcikovo;N/A;;N/A;;id1004753661940206
19/04/2026;05:30;Liga 2;Deltras FC;Kendal Tornado FC;N/A;;N/A;;id1002056068646774
19/04/2026;05:30;U20 NSW NPL;APIA Leichhardt Tigers;Sydney Olympic FC;N/A;;N/A;;id1003235367692994
19/04/2026;05:30;Northern Territory Premier League, Women;Hellenic Athletic;Azzurri United FC;N/A;;N/A;;id1004994670058200
19/04/2026;05:30;2. Liga;SKN St Polten;FC Liefering;N/A;;N/A;;id1000013561591302
19/04/2026;05:30;FA Cup;Hubei Istar;Nantong Haimen Codion;N/A;;N/A;;id1000088269970960
19/04/2026;05:30;2. Liga;Slovan Bratislava B;OFK Dynamo Malzenice;N/A;;N/A;;id1000022461677840
19/04/2026;05:30;3. Liga;AS Trencin B;MSK Senec;N/A;;N/A;;id1004753661940208
19/04/2026;05:45;Liga A1;Selangor FC II;Seoul Phoenix FC;N/A;;N/A;;id1004312562204900
19/04/2026;05:45;Liga A1;Immigration FC II;Kedah FA;N/A;;N/A;;id1004312562204898
19/04/2026;05:45;Oberliga Hamburg;USC Paloma Hamburg;SV Halstenbek-Rellingen;N/A;;N/A;;id1000050961734990
19/04/2026;06:00;U19 DFB Nachwuchsliga;Fortuna Dusseldorf;Hombrucher SV;N/A;;N/A;;id1002470267208072
19/04/2026;06:00;Srpska Liga;FK Jedinstvo Putevi;FK Zlatibor Cajetina;N/A;;N/A;;id1004821362700105
19/04/2026;06:00;Segunda Federacion;Getafe CF B;UD Las Palmas Atletico;N/A;;N/A;;id1000054461704240
19/04/2026;06:00;Premier League SRL;Everton FC SRL;Liverpool FC SRL;N/A;;N/A;;id1003221570750384
19/04/2026;06:00;NB III;Paksi FC II;FC Nagykanizsai;N/A;;N/A;;id1004795262181452
19/04/2026;06:00;Championnat National U19;OGC Nice;US Colomiers;N/A;;N/A;;id1002627662276796
19/04/2026;06:00;U19 Super League;Olympiacos Piraeus;AE Kifisia;N/A;;N/A;;id1002638470822060
19/04/2026;06:00;2. Liga;Slavia Tu Kosice;FC Petrzalka;N/A;;N/A;;id1000022461677842
19/04/2026;06:00;NB III;Debreceni VSC II;Tarpa SC;N/A;;N/A;;id1004795262160194
19/04/2026;06:00;Karnten, Karntner Liga;SK Austria Klagenfurt Amateure;Nussdorf;N/A;;N/A;;id1004378161898526
19/04/2026;06:00;Premier League SRL;Nottingham Forest Srl;Burnley FC SRL;N/A;;N/A;;id1003221570750386
19/04/2026;06:00;U19 Super League;PAOK Thessaloniki;Panathinaikos;N/A;;N/A;;id1002638470822062
19/04/2026;06:00;Vorarlberg, Eliteliga;SC Rothis;SC Gofis;N/A;;N/A;;id1002968461927832
19/04/2026;06:00;AFC Challenge League;Al Shabab;Kuwait SC;N/A;;N/A;;id1004298370081280
19/04/2026;06:00;Philippines Footb. League;Dynamic Herb Cebu FC;Stallion Laguna FC;N/A;;N/A;;id1000165469796836
19/04/2026;06:00;Second Divisio;UE Santa Coloma B;FC Santa Coloma B;N/A;;N/A;;id1000074364082731
19/04/2026;06:00;Second Divisio;Club Esportiu Principat;FS La Massana;N/A;;N/A;;id1000074364082733
19/04/2026;06:00;Championnat National U19;Bastia SC;AS Saint-Etienne;N/A;;N/A;;id1002627662276792
19/04/2026;06:00;NB III;Nyiregyhaza Spartacus FC II;Putnok VSE;N/A;;N/A;;id1004795262160190
19/04/2026;06:00;NB III;Ferencvarosi TC II;BFC Siofok;N/A;;N/A;;id1004795262181444
19/04/2026;06:00;U19 1. Liga;MFK Zemplin Michalovce;FK Pohronie Ziar Nad Hronom Dolna Zdana;N/A;;N/A;;id1000132761683704
19/04/2026;06:00;U19 Super League;Panserraikos;FC Levadiakos;N/A;;N/A;;id1002638470822064
19/04/2026;06:00;Premier League SRL;Aston Villa SRL;Sunderland AFC Srl;N/A;;N/A;;id1003221570750382
19/04/2026;06:00;Championnat National U19;Toulouse FC;Cavigal Nice SF U19;N/A;;N/A;;id1002627662276800
19/04/2026;06:00;U19 1. Liga;MFK Dukla Banska Bystrica;FC Petrzalka;N/A;;N/A;;id1000132761683692
19/04/2026;06:00;U19 DFB Nachwuchsliga;FSV Frankfurt;SV Darmstadt 98;N/A;;N/A;;id1002470267207972
19/04/2026;06:00;U19 DFB Nachwuchsliga;Rot-Weiss Oberhausen;MSV Duisburg;N/A;;N/A;;id1002470267207974
19/04/2026;06:00;U19 DFB Nachwuchsliga;SV Meppen;TSV Alemannia Aachen;N/A;;N/A;;id1002470267208076
19/04/2026;06:00;Tercera Federacion, Group 14;Cp Montehermoso;AD Llerenense;N/A;;N/A;;id1002604463147389
19/04/2026;06:00;Salzburg, Salzburger Liga;Union Henndorf;SAK 1914 Salzburg;N/A;;N/A;;id1000127961906300
19/04/2026;06:00;Primavera 1;Inter Milano;US Lecce;N/A;;N/A;;id1000234061537586
19/04/2026;06:00;NB III;Tiszafoldvar Vse;Martfui Lse;N/A;;N/A;;id1004795262180450
19/04/2026;06:00;NB III;Puskas Akademia FC II;Szombathelyi Mav Haladas VSE;N/A;;N/A;;id1004795262161190
19/04/2026;06:00;2. Liga, Division A;Torpedo Miass;Leningradets;N/A;;N/A;;id1004030569280560
19/04/2026;06:00;U19 DFB Nachwuchsliga;VfL Wolfsburg;FC Augsburg;N/A;;N/A;;id1002470267206354
19/04/2026;06:00;Tirol, Regionalliga Tirol;Innsbrucker AC;Kematen;N/A;;N/A;;id1002968261915000
19/04/2026;06:00;U19 DFB Nachwuchsliga;Borussia Dortmund;FC Schalke 04;N/A;;N/A;;id1002470267206350
19/04/2026;06:00;U19 DFB Nachwuchsliga;FC Viktoria Cologne;Fortuna Cologne;N/A;;N/A;;id1002470267207970
19/04/2026;06:00;NB III;Eger SE;Debreceni Eac;N/A;;N/A;;id1004795262160180
19/04/2026;06:00;Premier League SRL;Manchester City SRL;Arsenal FC SRL;N/A;;N/A;;id1003221570750388
19/04/2026;06:00;Srpska Liga;Radnicki Obrenovac;FK Prva Iskra Baric;N/A;;N/A;;id1004821366053404
19/04/2026;06:00;NSW League One, Women;Inter Lions FC;Nepean FC;N/A;;N/A;;id1003248367693884
19/04/2026;06:00;U20 NSW NPL;Manly United FC;Rockdale Ilinden FC;N/A;;N/A;;id1003235367692996
19/04/2026;06:00;2. Liga, Division B, Group 2;FC Spartak-2 Moscow;FC Cherepovets;N/A;;N/A;;id1000109970250584
19/04/2026;06:00;1.Liga;Skanstes SK;SK Super Nova II;N/A;;N/A;;id1000067769501810
19/04/2026;06:00;NB III;Kisvarda FC II;FC Hatvan;N/A;;N/A;;id1004795262160192
19/04/2026;06:00;U19 DFB Nachwuchsliga;Blumenthaler SV;Hertha BSC;N/A;;N/A;;id1002470268994278
19/04/2026;06:00;Primera Divisio;CE Carroi;FC Rangers;N/A;;N/A;;id1000074261737696
19/04/2026;06:30;Tercera Federacion, Group 6;AC Torrellano;CD Soneja;N/A;;N/A;;id1002602863139353
19/04/2026;06:30;Esiliiga;FC Elva;FC Nomme United;N/A;;N/A;;id1000067868774100
19/04/2026;06:30;Tercera Federacion, Group 11;CD Constancia;UD Collerense;N/A;;N/A;;id1002603863145273
19/04/2026;06:30;Tercera Federacion, Group 7;RCD Carabanchel;CF Trival Valderas Alcoron;N/A;;N/A;;id1002603063139989
19/04/2026;06:30;Championship;Khelaghar Samaj Kalyan Samiti;Dhaka Wanderers Club;N/A;;N/A;;id1002887770751514
19/04/2026;06:30;Championship;Chattogram City Football Club;Brtc Sports Club;N/A;;N/A;;id1002887770751512
19/04/2026;06:30;Tercera Federacion, Group 13;Union Molinense CF 2020;CA Pulpileno;N/A;;N/A;;id1002604263146687
19/04/2026;06:30;Esiliiga B;Tartu JK Tammeka;FA Tartu Kalev;N/A;;N/A;;id1003579768852020
19/04/2026;06:30;Segunda Federacion;RC Recreativo de Huelva;UD Melilla;N/A;;N/A;;id1000054461702690
19/04/2026;06:30;Esiliiga B;Viljandi JK Tulevik;JK Narva Trans;N/A;;N/A;;id1003579768852022
19/04/2026;06:30;Esiliiga B;Parnu JK Vaprus II;Tallinna JK Legion;N/A;;N/A;;id1003579768852024
19/04/2026;06:45;Tercera Federacion, Group 7;CD Mostoles URJC;CD Leganes B;N/A;;N/A;;id1002603063139991
19/04/2026;07:00;Tercera Federacion, Group 10;Club Atletico Central;CD Pozoblanco;N/A;;N/A;;id1002603663143981
19/04/2026;07:00;U19 Division de Honor Juvenil;Villarreal CF;Albacete Balompie;N/A;;N/A;;id1004834362941783
19/04/2026;07:00;U19 DFB Nachwuchsliga;1. FC Union Berlin;SC Paderborn 07;N/A;;N/A;;id1002470267150094
19/04/2026;07:00;II Liiga;Rakvere JK Tarvas;Laanemaa JK Haapsalu;N/A;;N/A;;id1004664570773692
19/04/2026;07:00;Tercera Federacion, Group 1;Viveiro CF;CD Lugo B;N/A;;N/A;;id1002601863135343
19/04/2026;07:00;Ligue 1 SRL;Paris Saint-Germain SRL;Olympique Lyon SRL;N/A;;N/A;;id1003222370750406
19/04/2026;07:00;Ligue 1 SRL;AS Monaco SRL;AJ Auxerre Srl;N/A;;N/A;;id1003222370750398
19/04/2026;07:00;Ligue 1 SRL;Strasbourg Alsace SRL;Stade Rennais FC SRL;N/A;;N/A;;id1003222370750400
19/04/2026;07:00;Ligue 1 SRL;FC Metz SRL;FC Paris Srl;N/A;;N/A;;id1003222370750402
19/04/2026;07:00;U19 Division de Honor Juvenil;Real Betis Balompie;Vazquez Cultural;N/A;;N/A;;id1004834362943505
19/04/2026;07:00;Ligue 1 SRL;FC Nantes SRL;Stade Brestois 29 SRL;N/A;;N/A;;id1003222370750404
19/04/2026;07:00;Tercera Federacion, Group 14;EF Puebla de la Calzada;Atletico Club Pueblonuevo;N/A;;N/A;;id1002604463147391
19/04/2026;07:00;Tercera Federacion, Group 10;CD Utrera;Atletico Onubense;N/A;;N/A;;id1002603663143985
19/04/2026;07:00;Tercera Federacion, Group 11;RCD Mallorca B;CE Felanitx;N/A;;N/A;;id1002603863145279
19/04/2026;07:00;Tercera Federacion, Group 16;Comillas CF;CA Vianes;N/A;;N/A;;id1002604863148791
19/04/2026;07:00;U19 Division de Honor Juvenil;AD San Juan;Antiguoko Ke;N/A;;N/A;;id1004834362939795
19/04/2026;07:00;Tercera Federacion, Group 13;El Palmar CF-Estrella Grana;UCAM Murcia II;N/A;;N/A;;id1002604263146685
19/04/2026;07:00;Tercera Federacion, Group 7;Las Rozas CF;Atletico Madrid C;N/A;;N/A;;id1002603063139847
19/04/2026;07:00;Tercera Federacion, Group 9;CF Motril;CD Martos;N/A;;N/A;;id1002603463143371
19/04/2026;07:00;Segunda Federacion;Real Valladolid Promesas;UP Langreo;N/A;;N/A;;id1000054461691978
19/04/2026;07:00;Tercera Federacion, Group 14;CF Villanovense;CD Cabeza Del Buey;N/A;;N/A;;id1002604463147395
19/04/2026;07:00;Tercera Federacion, Group 9;Atletico Mancha Real;CD Huetor Vega;N/A;;N/A;;id1002603463143365
19/04/2026;07:00;Tercera Federacion, Group 5;Cerdanyola del Valles;CE L'Hospitalet;N/A;;N/A;;id1002602663138711
19/04/2026;07:00;U19 Division de Honor Juvenil;FC Barcelona;UE Cornella;N/A;;N/A;;id1004834362940383
19/04/2026;07:00;III Liga, Group 2;MKS Viktoria Wrzesnia;Gzs Tluchovia Tluchowo;N/A;;N/A;;id1002583762037416
19/04/2026;07:00;Tercera Federacion, Group 7;AD Union Adarve;SAD Villaverde San Andres;N/A;;N/A;;id1002603063140003
19/04/2026;07:00;Tercera Federacion, Group 9;UD Torre Del Mar;El Palo FC;N/A;;N/A;;id1002603463143373
19/04/2026;07:00;Tercera Federacion, Group 16;CD Anguiano;Pena Balsamaiso CF;N/A;;N/A;;id1002604863148787
19/04/2026;07:00;U19 Elit A;Samsunspor;Besiktas JK;N/A;;N/A;;id1002991263039227
19/04/2026;07:00;U19 Division de Honor Juvenil;UD Logrones Promesas;CA Osasuna;N/A;;N/A;;id1004834362939797
19/04/2026;07:00;Segunda Federacion;Torrent CF;UD Barbastro;N/A;;N/A;;id1000054461697970
19/04/2026;07:00;Tercera Federacion, Group 9;CP Mijas-Las Lagunas;UD Melilla B;N/A;;N/A;;id1002603463143369
19/04/2026;07:00;Primera Federacion;Athletic Bilbao B;Racing Club de Ferrol;N/A;;N/A;;id1003483461685634
19/04/2026;07:00;Tercera Federacion, Group 10;Chiclana CF;Castilleja CF;N/A;;N/A;;id1002603663143987
19/04/2026;07:00;Segunda Federacion;CD Tenerife B;CD Coria;N/A;;N/A;;id1000054461704250
19/04/2026;07:00;Tercera Federacion, Group 18;CD Cazalegas;AD San Clemente;N/A;;N/A;;id1002605263150179
19/04/2026;07:00;Tercera Federacion, Group 2;CD Llanes;UD Llanera;N/A;;N/A;;id1002602063136319
19/04/2026;07:00;Tercera Federacion, Group 17;CD Cuarte;CF Calamocha;N/A;;N/A;;id1002605063149443
19/04/2026;07:00;Segunda Federacion;Elche Ilicitano CF;CF Rayo Majadahonda;N/A;;N/A;;id1000054461704244
19/04/2026;07:00;Tercera Federacion, Group 5;CFJ Mollerussa;Lleida CF;N/A;;N/A;;id1002602663138713
19/04/2026;07:00;Segunda Federacion;CF Intercity;CD Quintanar del Rey;N/A;;N/A;;id1000054461704246
19/04/2026;07:00;Segunda Federacion;Club Deportiva Minera;Xerez Deportivo FC;N/A;;N/A;;id1000054461702696
19/04/2026;07:00;Tercera Federacion, Group 10;Cordoba CF B;Coria CF;N/A;;N/A;;id1002603663143993
19/04/2026;07:00;Primera Federacion;UD Ibiza;Sevilla Atletico;N/A;;N/A;;id1003483461687532
19/04/2026;07:00;Tercera Federacion, Group 10;Dos Hermanas CF 1971;RB Linense;N/A;;N/A;;id1002603663143995
19/04/2026;07:00;Primera Federacion;Marbella FC;Gimnastic de Tarragona;N/A;;N/A;;id1003483461687534
19/04/2026;07:00;Premier League;FC Kryvbas Kriviy Rih;FC Rukh Lviv;N/A;;N/A;;id1000021861651586
19/04/2026;07:00;Segunda Federacion;UE Porreres;CD Atletico Baleares;N/A;;N/A;;id1000054461697976
19/04/2026;07:00;Premier League;Ethiopian Coffee SC;Arba Minch Ketema;N/A;;N/A;;id1003365669950512
19/04/2026;07:00;U19 Division de Honor Juvenil;CD Betono U19;Aurrera de Vitoria;N/A;;N/A;;id1004834362939789
19/04/2026;07:00;1.Liga;Riga Mariners;Riga FC II;N/A;;N/A;;id1000067769501812
19/04/2026;07:00;Tercera Federacion, Group 7;CDF Tres Cantos;AD Torrejon CF;N/A;;N/A;;id1002603063140001
19/04/2026;07:00;III Liga, Group 1;Widzew Lodz II;KS Wasilkow;N/A;;N/A;;id1002583562038032
19/04/2026;07:00;Primera Federacion;CD Teruel;Atletico Madrid B;N/A;;N/A;;id1003483461687538
19/04/2026;07:00;Tercera Federacion, Group 5;CF Montanesa;CE Manresa;N/A;;N/A;;id1002602663138715
19/04/2026;07:00;Tercera Federacion, Group 10;Cadiz CF Mirandilla;Sevilla FC C;N/A;;N/A;;id1002603663143983
19/04/2026;07:00;U19;Polissya Zhytomyr;FC Shakhtar Donetsk;N/A;;N/A;;id1000130761941190
19/04/2026;07:00;Tercera Federacion, Group 11;SD Formentera;CE Mercadal;N/A;;N/A;;id1002603863145275
19/04/2026;07:00;Premier League;Hong Kong Rangers;Southern District Football Club;N/A;;N/A;;id1000094770813626
19/04/2026;07:00;Tercera Federacion, Group 2;CD Colunga;El San Martin Ra;N/A;;N/A;;id1002602063136325
19/04/2026;07:00;Persha Liga;FC Ucsa Tarasivka;FC Viktoriya Sumy;N/A;;N/A;;id1000069161840718
19/04/2026;07:00;Segunda Federacion;FC LA Union Atletico;UCAM Murcia;N/A;;N/A;;id1000054461702692
19/04/2026;07:00;III Liga, Group 2;Lech II Poznan;MKS Flota Swinoujscie;N/A;;N/A;;id1002583762037408
19/04/2026;07:00;Segunda Federacion;CDA Navalcarnero;UB Conquense;N/A;;N/A;;id1000054461704256
19/04/2026;07:00;U19 DFB Nachwuchsliga;VfL Bochum;Hamburger SV;N/A;;N/A;;id1002470267207150
19/04/2026;07:00;II Liga;Slask II Wroclaw;Unia Skierniewice;N/A;;N/A;;id1000051561467221
19/04/2026;07:00;U19 Division de Honor Juvenil;SD Leioa;Athletic Bilbao;N/A;;N/A;;id1004834362939791
19/04/2026;07:00;II Liga;LKS Lodz II;Podhale Nowy Targ;N/A;;N/A;;id1000051561467215
19/04/2026;07:00;Segunda Federacion;RSD Alcala SAD;Rayo Vallecano B;N/A;;N/A;;id1000054461704242
19/04/2026;07:00;Tercera Federacion, Group 18;Atletico Albacete;CD Manchego Ciudad Real;N/A;;N/A;;id1002605263150175
19/04/2026;07:00;1. Liga, Women;Polonia Sroda Wielkopolska;Uks Staszkowka Jelna;N/A;;N/A;;id1004823368083308
19/04/2026;07:00;U19;FC Oleksandria;NK Veres Rivne;N/A;;N/A;;id1000130761941434
19/04/2026;07:00;Segunda Federacion;CE Andratx;CD Alcoyano;N/A;;N/A;;id1000054461697980
19/04/2026;07:00;III Liga, Group 2;Wiked Luzino;Elana Torun;N/A;;N/A;;id1002583762037420
19/04/2026;07:00;2. Liga, Division B, Group 4;FK Akron-2 Tolyatti;Rubin-2 Kazan;N/A;;N/A;;id1000109770252034
19/04/2026;07:00;Tercera Federacion, Group 14;CD Calamonte;UD Montijo;N/A;;N/A;;id1002604463147383
19/04/2026;07:00;CLJ;Zaglebie Lubin;Znicz Pruszkow;N/A;;N/A;;id1000136565310962
19/04/2026;07:00;U19 Division de Honor Juvenil;Real Oviedo;CD Roces;N/A;;N/A;;id1004834362939317
19/04/2026;07:00;Tercera Federacion, Group 17;Casetas;CDJ Tamarite;N/A;;N/A;;id1002605063149451
19/04/2026;07:00;Liga Portugal 2;Portimonense SAD;Lusitania FC Lourosa;N/A;;N/A;;id1000023961732230
19/04/2026;07:00;Segunda Federacion;Terrassa FC;UD Poblense;N/A;;N/A;;id1000054461697978
19/04/2026;07:00;2. Liga, Division B, Group 3;FC Strogino Moscow;Spartak Tambov;N/A;;N/A;;id1000109570228192
19/04/2026;07:00;II Lyga;FK Banga B;FK Panevezys B;N/A;;N/A;;id1003406670161966
19/04/2026;07:00;2. Liga, Division B, Group 4;FC Dynamo Barnaul;FC Nosta Novotroitsk;N/A;;N/A;;id1000109770252036
19/04/2026;07:00;Segunda Federacion;UD Socuellamos CF;CF Fuenlabrada;N/A;;N/A;;id1000054461704254
19/04/2026;07:00;Premier League;Ulytau FC;Tobol Kostanay;N/A;;N/A;;id1000068270850140
19/04/2026;07:00;U19 Division de Honor Juvenil;RC Celta de Vigo;SD Solares Medio Cudeyo U19;N/A;;N/A;;id1004834362939313
19/04/2026;07:00;Liga Portugal 3;Vitoria Guimaraes B;UD Santarem;N/A;;N/A;;id1003490068351350
19/04/2026;07:00;Segunda Federacion;Atletic Lleida CE;CD Ibiza Islas Pitiusas;N/A;;N/A;;id1000054463098105
19/04/2026;07:15;Ekstraklasa;Bruk-Bet Termalica Nieciecza;Wisla Plock;N/A;;N/A;;id1000020261062249
19/04/2026;07:30;Tercera Federacion, Group 1;Silva SD;UD Barbadas;N/A;;N/A;;id1002601863135341
19/04/2026;07:30;U19 Division de Honor Juvenil;Club Bansander;RC Deportivo De La Coruna;N/A;;N/A;;id1004834362939307
19/04/2026;07:30;U19 Division de Honor Juvenil;Real Murcia;Efb Pinatar U19;N/A;;N/A;;id1004834362941771
19/04/2026;07:30;Suomen Cup;Ppj/Lauttasaari;Toolon Taisto;N/A;;N/A;;id1000022070712034
19/04/2026;07:30;Tercera Federacion, Group 9;Churriana de la Vega CF;UDC Torredonjimeno;N/A;;N/A;;id1002603463143363
19/04/2026;07:30;Tercera Federacion, Group 5;CF Badalona;CE Europa B;N/A;;N/A;;id1002602663138723
19/04/2026;07:30;U19 Division de Honor Juvenil;Racing Club de Ferrol;RS Gimnastica de Torrelavega;N/A;;N/A;;id1004834362939315
19/04/2026;07:30;Bundesliga SRL;Bayern Munich SRL;VfB Stuttgart Srl;N/A;;N/A;;id1003221770750364
19/04/2026;07:30;U19 Division de Honor Juvenil;ED Val Minor Nigran;Arosa SC;N/A;;N/A;;id1004834362939311
19/04/2026;07:30;Tercera Federacion, Group 5;UE Cornella;FE Grama;N/A;;N/A;;id1002602663138707
19/04/2026;07:30;Tercera Federacion, Group 2;Sporting Atletico;Aviles Stadium CF;N/A;;N/A;;id1002602063136317
19/04/2026;07:30;Premier League;Ming Chuan University;New Taipei Hang Yuan;N/A;;N/A;;id1002691262778585
19/04/2026;07:30;I-League;Dempo SC;Rajasthan United;N/A;;N/A;;id1000084869024410
19/04/2026;07:30;Bundesliga SRL;SC Freiburg SRL;1.FC Heidenheim Srl;N/A;;N/A;;id1003221770750362
19/04/2026;07:30;Serie A;US Cremonese;Torino FC;N/A;;N/A;;id1000002361061585
19/04/2026;07:30;Primera Division Reserve, Apertura;Guarani Asuncion;Sportivo Luqueno;N/A;;N/A;;id1002721470826998
19/04/2026;07:30;Bundesliga SRL;Borussia Monchengladbach SRL;FSV Mainz SRL;N/A;;N/A;;id1003221770750366
19/04/2026;07:30;U19 Division de Honor Juvenil;Atletico Coruna Montaneros CF;CD Lugo;N/A;;N/A;;id1004834362939309
19/04/2026;07:30;Liga 2;FC Bihor Oradea;FC Corvinul Hunedoara 1921;N/A;;N/A;;id1000056269910256
19/04/2026;07:30;Premier League;Taichung Futuro FC;Taichung Rock FC;N/A;;N/A;;id1002691262778583
19/04/2026;07:45;1st Division, Women;FK Fyllingsdalen;Frigg Oslo FK;N/A;;N/A;;id1001927267018334
19/04/2026;07:45;U19 Division de Honor Juvenil;Racing de Santander;Pontevedra CF;N/A;;N/A;;id1004834362939305
19/04/2026;08:00;Tercera Federacion, Group 14;CD Azuaga;CD Diocesano;N/A;;N/A;;id1002604463147381
19/04/2026;08:00;2. Liga, Division A;FK Veles Moscow;FC Mashuk-KMV Pyatigorsk;N/A;;N/A;;id1004030569280562
19/04/2026;08:00;Division 2, Promotion Playoffs;Kungsangens IF;Viggbyholms IK FF;N/A;;N/A;;id1002078268320740
19/04/2026;08:00;Tercera Federacion, Group 12;CD Atletico Paso;UD Telde;N/A;;N/A;;id1002604063145947
19/04/2026;08:00;U19 Division de Honor Juvenil;Arenas Armilla CD U19;Malaga CF;N/A;;N/A;;id1004834362943503
19/04/2026;08:00;Tercera Federacion, Group 12;SD Tenisca;CF Panaderia Pulido;N/A;;N/A;;id1002604063145951
19/04/2026;08:00;Superliga;PFC Sogdiana;FC Bunyodkor;N/A;;N/A;;id1000077270869268
19/04/2026;08:00;Premier League;Posta Rangers FC;Aps Bomet FC;N/A;;N/A;;id1000164470716880
19/04/2026;08:00;1. MFL;FK Rabotnicki Skopje;FK Arsimi 1973;N/A;;N/A;;id1000019970023804
19/04/2026;08:00;Premier League;FK Atyrau;FC Kyzylzhar SK;N/A;;N/A;;id1000068270850144
19/04/2026;08:00;Division 2, Promotion Playoffs;Husqvarna FF;Motala AIF FK;N/A;;N/A;;id1002078268320116
19/04/2026;08:00;2. Liga, Division B, Group 4;FC Chelyabinsk 2;FK Izhevsk;N/A;;N/A;;id1000109770252028
19/04/2026;08:00;Division 2, Promotion Playoffs;Hestrafors IF;BK Astrio;N/A;;N/A;;id1002078268377558
19/04/2026;08:00;U19 Division de Honor Juvenil;UD Las Palmas;CD Sobradillo;N/A;;N/A;;id1004834362941303
19/04/2026;08:00;3. Liga;FK Belusa;FK Slovan Duslo Sala;N/A;;N/A;;id1004753661940210
19/04/2026;08:00;Division 2, Promotion Playoffs;Korsnas IF FK;Taby FK;N/A;;N/A;;id1002078268320736
19/04/2026;08:00;Thai League 2;Pattaya Dolphins United;Sisaket United FC;N/A;;N/A;;id1001923266882890
19/04/2026;08:00;Thai League 2;Songkhla FC;Nakhon SI United;N/A;;N/A;;id1001923266882892
19/04/2026;08:00;Thai League 2;Khon Kaen United FC;Kasetsart FC;N/A;;N/A;;id1001923266882894
19/04/2026;08:00;2nd Division Group 2;Rana FK;Levanger FK;N/A;;N/A;;id1002463667915520
19/04/2026;08:00;Division 2, Promotion Playoffs;Skiljebo SK;IFK Lidingo FK;N/A;;N/A;;id1002078268320738
19/04/2026;08:00;V-League 1;SHB Da Nang;Nam Dinh FC;N/A;;N/A;;id1000062668663364
19/04/2026;08:00;Oberliga Hamburg;FC Turkiye Wilhelmsburg;FC Suderelbe 1949;N/A;;N/A;;id1000050961734982
19/04/2026;08:00;V-League 1;Cong An TP Ho Chi Minh City FC;Cong An Ha Noi FC;N/A;;N/A;;id1000062668663370
19/04/2026;08:00;1. Liga;SK Sigma Olomouc;1. FC Slovacko Uherske Hradiste;N/A;;N/A;;id1000017261324731
19/04/2026;08:00;Thai League 2;Nakhon Pathom United FC;Bangkok FC;N/A;;N/A;;id1001923266882896
19/04/2026;08:00;III Liga, Group 1;Legia Warszawa II;Wigry Suwalki;N/A;;N/A;;id1002583562038024
19/04/2026;08:00;Vysshaya Liga;FC Dinamo Minsk;FC Isloch;N/A;;N/A;;id1000016970766456
19/04/2026;08:00;Superettan;Norrby IF;Falkenbergs FF;N/A;;N/A;;id1000004667126030
19/04/2026;08:00;III Liga, Group 4;Sparta Kazimierza Wielka;Chelmianka Chelm;N/A;;N/A;;id1002584162036192
19/04/2026;08:00;CLJ;Miedz Legnica;Lech Poznan;N/A;;N/A;;id1000136565310970
19/04/2026;08:00;2. Liga, Division A;FC Kaluga;FC Sibir Novosibirsk;N/A;;N/A;;id1004030569280554
19/04/2026;08:00;V-League 2;Truong Tuoi Dong Nai FC;Quang Ninh FC;N/A;;N/A;;id1000077168664004
19/04/2026;08:00;V-League 1;Dong A Thanh Hoa;Song Lam Nghe An;N/A;;N/A;;id1000062668663366
19/04/2026;08:00;Ettan, Relegation/Promotion;Angelholms FF;Lunds BK;N/A;;N/A;;id1002741268311528
19/04/2026;08:00;Tercera Federacion, Group 12;UD Lanzarote;UD San Fernando;N/A;;N/A;;id1002604063145949
19/04/2026;08:00;U19 DFB Nachwuchsliga;SV Wehen Wiesbaden;FK Pirmasens;N/A;;N/A;;id1002470267207796
19/04/2026;08:00;U19 Division de Honor Juvenil;Sevilla FC;UD Melilla;N/A;;N/A;;id1004834362943507
19/04/2026;08:00;Philippines Footb. League;Maharlika Taguig FC;Manila Digger FC;N/A;;N/A;;id1000165469796834
19/04/2026;08:00;Division 2, Promotion Playoffs;Torslanda IK;Astorps FF;N/A;;N/A;;id1002078268377566
19/04/2026;08:00;V-League 2;Xuan Thien Phu Tho FC;Long An FC;N/A;;N/A;;id1000077168664006
19/04/2026;08:00;Division 2, Promotion Playoffs;Onsala BK;IK Kongahalla;N/A;;N/A;;id1002078268377562
19/04/2026;08:00;Camopeonato Femenino, Women;Club Libertad;Club Guarani;N/A;;N/A;;id1004675870433658
19/04/2026;08:00;Division 2, Promotion Playoffs;IF Eker Orebro;Lindo FF;N/A;;N/A;;id1002078270344932
19/04/2026;08:00;Pro Liga;PFC Terdu;FC Pakhtakor Tashkent II;N/A;;N/A;;id1002347770355928
19/04/2026;08:00;Primavera 1;US Cremonese;Hellas Verona;N/A;;N/A;;id1000234061537590
19/04/2026;08:00;1st Division, Women;Tromsoe IL;IK Start;N/A;;N/A;;id1001927267018340
19/04/2026;08:00;1st Division, Women;Klepp IL;Odds BK;N/A;;N/A;;id1001927267018338
19/04/2026;08:00;NB III;III Keruleti Tve;Szegedi Vasutas SE;N/A;;N/A;;id1004795262180448
19/04/2026;08:00;Thai League 2;Trat FC;Chainat Hornbill FC;N/A;;N/A;;id1001923266882898
19/04/2026;08:00;Championship;Ipswich Town;Middlesbrough FC;N/A;;N/A;;id1000001861491329
19/04/2026;08:00;Pervaya Liga;Niva Dolbizno;Soligorsk;N/A;;N/A;;id1000077670730870
19/04/2026;08:00;Primavera 1;SS Lazio;AS Roma;N/A;;N/A;;id1000234061537584
19/04/2026;08:15;A Lyga;FK Suduva Marijampole;Dziugas;N/A;;N/A;;id1000019868954790
19/04/2026;08:15;Kolmonen;Espoon Palloseura Reserve;GrIFK/Akatemia;N/A;;N/A;;id1004667169920586
19/04/2026;08:15;Primera Divisio;FC Santa Coloma;CF Esperanca D Andorra;N/A;;N/A;;id1000074261737702
19/04/2026;08:30;Premier League;FK Kapaz;Imisli FK;N/A;;N/A;;id1000070963185723
19/04/2026;08:30;Premier League;FC Dynamo-Makhachkala;FK Zenit Saint Petersburg;N/A;;N/A;;id1000020361376703
19/04/2026;08:30;U19 DFB Nachwuchsliga;Berliner AK 07;Hannover 96;N/A;;N/A;;id1002470267206552
19/04/2026;08:30;Oberliga NOFV South;VfB Empor Glauchau;FC Grimma;N/A;;N/A;;id1000015061706108
19/04/2026;08:30;3rd Division Group 5;Stroemsgodset 2;Bossekop UL;N/A;;N/A;;id1002465067920470
19/04/2026;08:30;China League 1;Shijiazhuang Gongfu FC;Jiangxi Dingnan United;N/A;;N/A;;id1000078269455208
19/04/2026;08:30;2. Bundesliga;Eintracht Braunschweig;Hertha BSC;N/A;;N/A;;id1000004461515182
19/04/2026;08:30;China League 1;Guandong GZ-Power FC;Meizhou Hakka;N/A;;N/A;;id1000078269455206
19/04/2026;08:30;Pro League;KAA Gent;St. Truidense VV;N/A;;N/A;;id1000003870207402
19/04/2026;08:30;2. Bundesliga;Greuther Furth;SV Darmstadt 98;N/A;;N/A;;id1000004461515178
19/04/2026;08:30;Premium Liiga;FCI Levadia Tallinn;Tallinna FC Flora;N/A;;N/A;;id1000017868214604
19/04/2026;08:30;2. Bundesliga;Schalke 04;SC Preussen 06 Munster;N/A;;N/A;;id1000004461515180
19/04/2026;08:30;Super Lig;Kasimpasa Istanbul;Alanyaspor;N/A;;N/A;;id1000005261730172
19/04/2026;08:30;3. Liga;Energie Cottbus;Rot-Weiss Essen;N/A;;N/A;;id1000049161709628
19/04/2026;08:35;FA Cup;Yunnan Cuanhe;Guangzhou Dandelion Alpha FC;N/A;;N/A;;id1000088269971142
19/04/2026;09:00;Liga 2;PSMS Medan;Sriwijaya FC;N/A;;N/A;;id1002056068646362
19/04/2026;09:00;Oberliga NOFV North;SG Union Klosterfelde;Hansa Rostock II;N/A;;N/A;;id1000014561705318
19/04/2026;09:00;Oberliga NOFV North;FC Viktoria 1889 Berlin;SV Tasmania Berlin;N/A;;N/A;;id1000014561705328
19/04/2026;09:00;NB III;Monori SE;Dunaharaszti MTK;N/A;;N/A;;id1004795262180452
19/04/2026;09:00;LaLiga 2;FC Andorra;Real Valladolid;N/A;;N/A;;id1000005461623810
19/04/2026;09:00;National 2;Dieppe FC;FC Borgo;N/A;;N/A;;id1004798662214210
19/04/2026;09:00;Tercera Federacion, Group 12;CD Union Sur Yaiza;CD Mensajero;N/A;;N/A;;id1002604063145953
19/04/2026;09:00;3. Lig, Group 4;Efeler 09 SFK;Belediye Kutahyaspor;N/A;;N/A;;id1003313362042962
19/04/2026;09:00;Bremen Liga;Werder Bremen III;FC Union 60 Bremen;N/A;;N/A;;id1000050862280128
19/04/2026;09:00;Premier League;Wikki Tourists FC;Bendel Insurance FC;N/A;;N/A;;id1000211270869434
19/04/2026;09:00;Oberliga NOFV South;1. FC Lok Stendal;Bischofswerdaer FV 1908;N/A;;N/A;;id1000015061706100
19/04/2026;09:00;Super League;Mombasa United FC;Soy United FC;N/A;;N/A;;id1004893570840624
19/04/2026;09:00;III Liga, Group 2;Pogon Nowe Skalmierzyce;LKS Wybrzeze Rewalskie Rewal;N/A;;N/A;;id1002583762037412
19/04/2026;09:00;Oberliga NOFV North;SV Lichtenberg 47;SD Croatia Berlin;N/A;;N/A;;id1000014561705324
19/04/2026;09:00;Oberliga NOFV South;VFC Plauen;VfL Halle 1896;N/A;;N/A;;id1000015061706098
19/04/2026;09:00;Oberliga NOFV North;TuS Makkabi Berlin;SV Sparta Lichtenberg;N/A;;N/A;;id1000014561705320
19/04/2026;09:00;2. Lig;24 Erzincanspor;Adana 01 FK;N/A;;N/A;;id1000009761939812
19/04/2026;09:00;Oberliga Hamburg;ETSV Hamburg;Ssd Nikola Tesla Hamburg;N/A;;N/A;;id1000050961734988
19/04/2026;09:00;Salzburg, Salzburger Liga;SV Burmoos;USC Eugendorf;N/A;;N/A;;id1000127961906286
19/04/2026;09:00;2. Lig;Beykoz Anadoluspor;Karacabey Belediyespor;N/A;;N/A;;id1000009761939808
19/04/2026;09:00;Ettan, Relegation/Promotion;Piteaa IF;Hammarby Talang FF;N/A;;N/A;;id1002741268310824
19/04/2026;09:00;U19 Elit A;Trabzonspor;Istanbul Basaksehir FK;N/A;;N/A;;id1002991263039231
19/04/2026;09:00;Regionalliga Northeast;ZFC Meuselwitz;FC Rot-Weiss Erfurt;N/A;;N/A;;id1000108361712316
19/04/2026;09:00;Regionalliga North;SV Werder Bremen II;Bremer SV 1906;N/A;;N/A;;id1000004264238957
19/04/2026;09:00;2. Liga, Division A;FC Tekstilshchik Ivanovo;Rodina-2;N/A;;N/A;;id1004030569280558
19/04/2026;09:00;2. Lig;Erbaaspor;MKE Ankaragucu;N/A;;N/A;;id1000009761939810
19/04/2026;09:00;Division 2, Promotion Playoffs;Taftea IK;Skellefteaa FF;N/A;;N/A;;id1002078269539658
19/04/2026;09:00;Regionalliga Northeast;FC Eilenburg;BFC Dynamo;N/A;;N/A;;id1000108361712320
19/04/2026;09:00;Super League 2;Panargiakos FC;AO Egaleo 1931 PAE;N/A;;N/A;;id1000018668536032
19/04/2026;09:00;Erste Liga;Servette FC ;FC Naters Oberwallis;N/A;;N/A;;id1003705162216410
19/04/2026;09:00;1 Lyga;FK Transinvest B;Vilnius FK Zalgiris B;N/A;;N/A;;id1000067669670650
19/04/2026;09:00;Divize C;FK Turnov;FK Slovan Hradek Nad Nisou 1910;N/A;;N/A;;id1004073166606486
19/04/2026;09:00;2. Lig;Inegolspor;Beyoglu Yeni Carsi;N/A;;N/A;;id1000009761939806
19/04/2026;09:00;Derde Divisie;RBC Roosendaal;SV Togb;N/A;;N/A;;id1004798862229150
19/04/2026;09:00;Regionalliga North;VfB Lubeck;1. FC Phonix Lubeck;N/A;;N/A;;id1000004262284528
19/04/2026;09:00;2. Lig;Muglaspor;Sanliurfaspor;N/A;;N/A;;id1000009761939796
19/04/2026;09:00;Regionalliga Southwest;TSV Schott Mainz;Offenbacher FC Kickers 1901;N/A;;N/A;;id1000107961859452
19/04/2026;09:00;2. Lig;Iskenderunspor AS;Elazigspor;N/A;;N/A;;id1000009761939800
19/04/2026;09:00;2. Lig;Fethiyespor;Mus 1984 Musspor;N/A;;N/A;;id1000009761939128
19/04/2026;09:00;2. Lig;Kepez Spor Futbol AS;Altinordu FK;N/A;;N/A;;id1000009761939802
19/04/2026;09:00;Allsvenskan;AIK;Kalmar FF;N/A;;N/A;;id1000004067126470
19/04/2026;09:00;2. Lig;Bursaspor;Somaspor;N/A;;N/A;;id1000009761939114
19/04/2026;09:00;Derde Divisie;VV Gemert;SV Meerssen;N/A;;N/A;;id1004798862229148
19/04/2026;09:00;Division 2, Promotion Playoffs;FK Karlskrona;Osterlen FF;N/A;;N/A;;id1002078268344594
19/04/2026;09:00;Persha Liga;FSK Mariupol;FC Ingulets Petrove;N/A;;N/A;;id1000069161840730
19/04/2026;09:00;2. Lig;1928 Bucaspor;Batman Petrolspor;N/A;;N/A;;id1000009761939798
19/04/2026;09:00;Premier League;Muranga Seal;Nairobi United FC;N/A;;N/A;;id1000164470661866
19/04/2026;09:00;2. Lig;Guzide Gebzespor;Mardin 1969 Spor;N/A;;N/A;;id1000009761939126
19/04/2026;09:00;Oberliga Hamburg;Niendorfer TSV 1919;Eimsbutteler TV;N/A;;N/A;;id1000050961734994
19/04/2026;09:00;1 Lyga;FK Kauno Zalgiris B;FK Minija 2017;N/A;;N/A;;id1000067669670648
19/04/2026;09:00;Oberliga Rheinland-Pfalz;FK 03 Pirmasens;TSV Gau-Odernheim;N/A;;N/A;;id1000110962118902
19/04/2026;09:00;2. Lig;Kahramanmaras Istiklalspor;Ankara Demirspor;N/A;;N/A;;id1000009761939112
19/04/2026;09:00;U19 Allsvenskan;Mjallby AIF;IFK Goteborg;N/A;;N/A;;id1000253968309422
19/04/2026;09:00;U20 Mineiro, 1. Divisao;Social FC MG;AE Uberabinha MG;N/A;;N/A;;id1004665168902004
19/04/2026;09:00;2. Lig;Ankaraspor;Karaman FK;N/A;;N/A;;id1000009761939804
19/04/2026;09:00;Premier League;Sidama Bunna SC;Dire Dawa Kenema;N/A;;N/A;;id1003365669950522
19/04/2026;09:00;Liga 1;Bali United;Malut United;N/A;;N/A;;id1000101562083094
19/04/2026;09:00;Challenge League;FC Vaduz;FC Rapperswil-Jona;N/A;;N/A;;id1000021666626766
19/04/2026;09:00;Super League;Luanda Villa;Kibera Black Stars;N/A;;N/A;;id1004893570840616
19/04/2026;09:00;Super League;Mully Children Family FC;FC Talanta;N/A;;N/A;;id1004893570840612
19/04/2026;09:00;Oberliga NOFV South;Einheit Rudolstadt;FSV Budissa Bautzen;N/A;;N/A;;id1000015061706102
19/04/2026;09:00;NB III;Bekescsaba 1912 Elore II;BKV Elore;N/A;;N/A;;id1004795262180442
19/04/2026;09:00;Division 2, Promotion Playoffs;IFK Karlshamn;IFK Berga;N/A;;N/A;;id1002078268344598
19/04/2026;09:00;Super League 2;Hellas Syrou;Athens Kallithea FC;N/A;;N/A;;id1000018668536034
19/04/2026;09:00;Regionalliga North;Eintracht Norderstedt;FSV Schoningen 2011;N/A;;N/A;;id1000004262284520
19/04/2026;09:00;2nd Division Group 2;IK Junkeren;Trygg/Lade;N/A;;N/A;;id1002463667915522
19/04/2026;09:00;Superliga;Silkeborg IF;FC Fredericia;N/A;;N/A;;id1000003969653796
19/04/2026;09:00;Thai League 1;Port FC;BG Pathum United;N/A;;N/A;;id1000103268425928
19/04/2026;09:00;Liga 2;PSPS Pekanbaru;Persekat Kabupaten Tegal;N/A;;N/A;;id1002056068646364
19/04/2026;09:00;3rd Division Group 5;Fauske/Sprint;Kongsvinger IL Toppfotball 2;N/A;;N/A;;id1002465067920474
19/04/2026;09:00;2. Liga, Division B, Group 2;FC Murom;FC Chertanovo Moscow;N/A;;N/A;;id1000109970250590
19/04/2026;09:00;1.Liga;JDFS Alberts;FK Rfs II;N/A;;N/A;;id1000067769501814
19/04/2026;09:00;Super League 2;Chania FC;GS Ilioupoli;N/A;;N/A;;id1000018668536030
19/04/2026;09:00;2nd Division;Thisted FC;HIK Hellerup;N/A;;N/A;;id1000006570730290
19/04/2026;09:00;Superliga;Odense Boldklub;Randers FC;N/A;;N/A;;id1000003969653794
19/04/2026;09:00;Premier League;FC BKMA Yerevan;Gandzasar Kapan FC;N/A;;N/A;;id1000067170629820
19/04/2026;09:00;Premier League;Tarxien Rainbows FC;Zabbar Saint Patrick FC;N/A;;N/A;;id1000062969997902
19/04/2026;09:00;Premier League;FC Zhenis;FC Aktobe;N/A;;N/A;;id1000068270850146
19/04/2026;09:00;Super League;Nzoia Sugar FC;Darajani Gogo FC;N/A;;N/A;;id1004893570840618
19/04/2026;09:00;2. Lig;Kirklarelispor;1461 Trabzon FK;N/A;;N/A;;id1000009761939116
19/04/2026;09:00;2. Lig;68 Aksaray Belediyespor;Aliaga Futbol;N/A;;N/A;;id1000009761939118
19/04/2026;09:00;Super League;Fortune Sacco;Kisumu All Stars FC;N/A;;N/A;;id1004893570840620
19/04/2026;09:00;League One;Peterborough United;Burton Albion;N/A;;N/A;;id1000002461493891
19/04/2026;09:15;V-League 1;The Cong - Viettel FC;Hoang Anh Gia Lai;N/A;;N/A;;id1000062668663368
19/04/2026;09:15;NB I;Paksi FC;Puskas Akademia FC Felcsut;N/A;;N/A;;id1000018761272893
19/04/2026;09:20;Premier League;Geylang International FC;Tanjong Pagar United;N/A;;N/A;;id1000063462509632
19/04/2026;09:30;U19;Epicentre Kamianets-Podilskyi U19;FC Karpaty LVIV;N/A;;N/A;;id1000130761941432
19/04/2026;09:30;Serie D, Group G;Real Monterotondo Scalo;Sarrabus Ogliastra;N/A;;N/A;;id1000138662752667
19/04/2026;09:30;Salzburg, Salzburger Liga;UFC Siezenheim;SV Strasswalchen;N/A;;N/A;;id1000127961906294
19/04/2026;09:30;Premier League;FC Epitsentr Kamianets-Podilskyi;Karpaty Lviv;N/A;;N/A;;id1000021861651592
19/04/2026;09:30;Serie C, Group A;US Albinoleffe;Triestina Calcio 1918;N/A;;N/A;;id1002655462413660
19/04/2026;09:30;Bremen Liga;SV Hemelingen;Habenhauser FV;N/A;;N/A;;id1000050862280130
19/04/2026;09:30;Serie C, Group A;AS Giana Erminio;Inter Milano;N/A;;N/A;;id1002655462413664
19/04/2026;09:30;Serie C, Group A;Pro Patria Busto Arsizio;FC Arzignano Valchiampo;N/A;;N/A;;id1002655462413672
19/04/2026;09:30;2nd Division Group 2;Eidsvold TF;Stjordals-Blink;N/A;;N/A;;id1002463667915524
19/04/2026;09:30;Eliteserien;Vaalerenga IF;Lillestroem SK;N/A;;N/A;;id1000002067015120
19/04/2026;09:30;II Liga;OKS Swit Szczecin;KS Hutnik Krakow SSA;N/A;;N/A;;id1000051561467207
19/04/2026;09:30;Bundesliga;FK Austria Wien;FC Salzburg;N/A;;N/A;;id1000004569751520
19/04/2026;09:30;Serie C, Group A;Novara FC;AS Cittadella;N/A;;N/A;;id1002655462413670
19/04/2026;09:30;Serie C, Group A;L.R. Vicenza;US Pergolettese Crema;N/A;;N/A;;id1002655462413666
19/04/2026;09:30;Elite One;Stade Renard;Canon Sportif Yaounde;N/A;;N/A;;id1000100670803634
19/04/2026;09:30;Salzburg, Salzburger Liga;Ufc Hallein;FC Puch;N/A;;N/A;;id1000127961906290
19/04/2026;09:30;Prva NL;NK Rudes Zagreb;NK Hrvace;N/A;;N/A;;id1000072469972670
19/04/2026;09:30;Serie C, Group A;Pro Vercelli 1892;ACD Ospitaletto;N/A;;N/A;;id1002655462413674
19/04/2026;09:30;3rd Division Group 4;Stabaek Fotball 2;Akra;N/A;;N/A;;id1002464867920304
19/04/2026;09:30;Serie C, Group A;AC Trento;AC Renate;N/A;;N/A;;id1002655462413676
19/04/2026;09:30;Serie C, Group A;Calcio Lecco 1912;AC Lumezzane;N/A;;N/A;;id1002655462413668
19/04/2026;09:30;Derde Divisie;VV Goes;FC Lisse;N/A;;N/A;;id1004798862229152
19/04/2026;09:30;Hessenliga;FC Tuba Pohlheim;Csc 03 Kassel;N/A;;N/A;;id1000018461556566
19/04/2026;09:30;Serie C, Group A;Union Brescia;Dolomiti Bellunesi;N/A;;N/A;;id1002655462433366
19/04/2026;09:30;I Liga;Ruch Chorzow;Wisla Krakow;N/A;;N/A;;id1000022961398991
19/04/2026;09:30;Serie C, Group A;Virtus Verona;Alcione Milano;N/A;;N/A;;id1002655462413678
19/04/2026;09:30;Bundesliga;TSV Hartberg;SK Rapid;N/A;;N/A;;id1000004569751518
19/04/2026;09:45;Challenge League;Swieqi United FC;Fgura United FC;N/A;;N/A;;id1000063070711778
19/04/2026;09:45;Premier Division, Women;Treaty United;Galway United Wfc;N/A;;N/A;;id1002868166855328
19/04/2026;09:45;Challenge League;Birzebbuga St. Peters FC;Sirens FC;N/A;;N/A;;id1000063070711774
19/04/2026;09:45;Ekstraklasa;RKS Rakow Czestochowa;MKS Cracovia Krakow;N/A;;N/A;;id1000020261062263
19/04/2026;09:45;Challenge League;Balzan FC;Melita FC;N/A;;N/A;;id1000063070711770
19/04/2026;10:00;Serie D, Group I;SS Milazzo;AS Sambiase;N/A;;N/A;;id1000139062754579
19/04/2026;10:00;Serie D, Group F;US Ancona 1905;Sammaurese Calcio;N/A;;N/A;;id1000138462751935
19/04/2026;10:00;Oberliga Rheinland-Pfalz;FC Cosmos Koblenz;Hertha Wiesbach;N/A;;N/A;;id1000110962118906
19/04/2026;10:00;Serie D, Group C;Fcd Conegliano 1907;Luparense FC;N/A;;N/A;;id1000137862735771
19/04/2026;10:00;Serie D, Group E;ASD San Donato Tavarnelle;ASD Citta di Foligno 1928;N/A;;N/A;;id1000138262751185
19/04/2026;10:00;Serie D, Group E;US Follonica Gavorrano;Orvietana Calcio;N/A;;N/A;;id1000138262751177
19/04/2026;10:00;Serie D, Group E;ASD Terranuova Traiana;Camaiore;N/A;;N/A;;id1000138262751189
19/04/2026;10:00;Serie D, Group A;AC Saluzzo Calcio;Celle Varazze;N/A;;N/A;;id1000137462733861
19/04/2026;10:00;Serie D, Group I;ASD Gelbison;ASD Citta di Acireale 1946;N/A;;N/A;;id1000139062754577
19/04/2026;10:00;Serie D, Group D;ASD Sasso Marconi 1924;Rovato Vertovese;N/A;;N/A;;id1000138062740387
19/04/2026;10:00;Serie D, Group F;US Recanatese;ASD Sora Calcio 1907;N/A;;N/A;;id1000138462751945
19/04/2026;10:00;Serie D, Group H;AC Nardo;SS Manfredonia Calcio;N/A;;N/A;;id1000138862753855
19/04/2026;10:00;Serie D, Group I;SSD Nissa FC;Enna Calcio SCSD;N/A;;N/A;;id1000139062754581
19/04/2026;10:00;Campionato Sammarinese;AC Libertas;SP Tre Penne;N/A;;N/A;;id1000073870786466
19/04/2026;10:00;Championnat National U19;Montpellier HSC;Olympique Marseille;N/A;;N/A;;id1002627662276804
19/04/2026;10:00;Kings League Spain;El Barrio;Jijantes FC;N/A;;N/A;;id1004724170848134
19/04/2026;10:00;Superliga;KF Malisheva;FC Ballkani;N/A;;N/A;;id1001418970827038
19/04/2026;10:00;Superliga;KF Drenica Skenderaj;KF Drita;N/A;;N/A;;id1001418970827040
19/04/2026;10:00;Serie D, Group E;Vivi Altotevere Sansepolcro;SC Trestina;N/A;;N/A;;id1000138262751191
19/04/2026;10:00;Serie D, Group D;Imolese Calcio;Calcio Desenzano;N/A;;N/A;;id1000138062740377
19/04/2026;10:00;Serie D, Group D;Pro Palazzolo;AC Crema 1908;N/A;;N/A;;id1000138062740381
19/04/2026;10:00;Kakkonen Playoffs;Lahden Reipas;FC Kiffen;N/A;;N/A;;id1002691069108600
19/04/2026;10:00;Kakkonen Playoffs;Jakobstads Bollklubb;Huima/Urho;N/A;;N/A;;id1002691069108964
19/04/2026;10:00;Primera Division;CA Cerro;Montevideo City Torque;N/A;;N/A;;id1000027870629746
19/04/2026;10:00;Championnat National U19;Estac Troyes;SC Schiltigheim U19;N/A;;N/A;;id1002627662275226
19/04/2026;10:00;Championnat National U19;AS Saint-Priest U19;Stade Reims;N/A;;N/A;;id1002627662275222
19/04/2026;10:00;Serie D, Group F;AS Ostia Mare Lido Calcio;L’Aquila Calcio 1927;N/A;;N/A;;id1000138462751943
19/04/2026;10:00;Premier Soccer League;Agama FC;Simba Bhora FC;N/A;;N/A;;id1002347970852074
19/04/2026;10:00;Premier Soccer League;FC Platinum;Mwos FC;N/A;;N/A;;id1002347970852076
19/04/2026;10:00;Premier Soccer League;Triangle United;Manica Diamonds FC;N/A;;N/A;;id1002347970852082
19/04/2026;10:00;Serie D, Group E;ASD Cannara;Scandicci;N/A;;N/A;;id1000138262751175
19/04/2026;10:00;Liga e Pare;KF Vushtrria;KF 2 Korriku;N/A;;N/A;;id1001423170869206
19/04/2026;10:00;Championnat National U19;SC Beaucouze;Stade Rennais FC;N/A;;N/A;;id1002627662276418
19/04/2026;10:00;Championnat National U19;FC Lorient;FC Nantes;N/A;;N/A;;id1002627662276422
19/04/2026;10:00;Serie D, Group D;AC Tuttocuoio 1957;ASD Sant'Angelo;N/A;;N/A;;id1000138062740389
19/04/2026;10:00;Serie D, Group C;A.C. Mestre;Legnago Salus;N/A;;N/A;;id1000137862735769
19/04/2026;10:00;Serie D, Group A;Valenzana Mado;USD Lavagnese 1919;N/A;;N/A;;id1000137462733867
19/04/2026;10:00;Mittelrheinliga;SV Bergisch Gladbach 09;FC Pesch;N/A;;N/A;;id1000110562604570
19/04/2026;10:00;Serie D, Group B;USD Casatese Merate;FC Pavia 1911;N/A;;N/A;;id1000137662735149
19/04/2026;10:00;Serie D, Group A;USD Sestri Levante 1919;ACD Asti Calcio;N/A;;N/A;;id1000137462733855
19/04/2026;10:00;Oberliga Niedersachsen;SV Meppen II;Luneburger SK Hansa;N/A;;N/A;;id1000081362279562
19/04/2026;10:00;Oberliga Rheinland-Pfalz;FV Diefflen;SV Auersmacher;N/A;;N/A;;id1000110962118894
19/04/2026;10:00;Oberliga Niederrhein;Holzheimer SG;SC St. Tonis 11/20;N/A;;N/A;;id1000110362200800
19/04/2026;10:00;Oberliga Hamburg;SC Vorwarts-Wacker Billstedt;SV Curslack-Neuengamme 1919;N/A;;N/A;;id1000050961734998
19/04/2026;10:00;Serie D, Group A;ASD Imperia 1923;SSD Sanremese Calcio;N/A;;N/A;;id1000137462733871
19/04/2026;10:00;Serie D, Group B;Usd Scanzorosciate Calcio;AC Leon;N/A;;N/A;;id1000137662735145
19/04/2026;10:00;Serie D, Group B;Milan Futuro;ASD Varesina Calcio;N/A;;N/A;;id1000137662735153
19/04/2026;10:00;Serie D, Group B;USD Breno;ASD Calcio Brusaporto;N/A;;N/A;;id1000137662735141
19/04/2026;10:00;Oberliga Niederrhein;SV Sonsbeck;SpVg Schonnebeck 1910;N/A;;N/A;;id1000110362200786
19/04/2026;10:00;Oberliga Niederrhein;Schwarz-Weiss Essen;1. FC Monheim;N/A;;N/A;;id1000110362200794
19/04/2026;10:00;Serie D, Group E;AC Prato 1908;US Grosseto;N/A;;N/A;;id1000138262751183
19/04/2026;10:00;Serie D, Group G;US Palmese 1914;SSD Ischia Calcio;N/A;;N/A;;id1000138662752669
19/04/2026;10:00;Serie D, Group G;ASD Anzio Calcio 1924;Scafatese Calcio 1922;N/A;;N/A;;id1000138662752655
19/04/2026;10:00;Serie D, Group G;Budoni Calcio;Atletico Lodigiani;N/A;;N/A;;id1000138662752657
19/04/2026;10:00;Serie D, Group G;Olbia Calcio;ASD Trastevere Calcio;N/A;;N/A;;id1000138662752665
19/04/2026;10:00;Serie D, Group B;Caldiero Terme;Villa d'Alme Valle Brembana;N/A;;N/A;;id1000137662735155
19/04/2026;10:00;Serie D, Group E;USD Poggibonsi;Tau Calcio Altopascio;N/A;;N/A;;id1000138262751181
19/04/2026;10:00;Serie D, Group F;Chieti FC 1922;Giulianova Calcio;N/A;;N/A;;id1000138462751939
19/04/2026;10:00;Oberliga Westfalen;TSV Victoria Clarholz;SV Westfalia Rhynern;N/A;;N/A;;id1000014662117966
19/04/2026;10:00;Championnat National U19;EA Saint-Renan;US Avranches MSM;N/A;;N/A;;id1002627662276416
19/04/2026;10:00;Serie D, Group E;GSD Ghiviborgo VDS;ASD Seravezza Pozzi Calcio;N/A;;N/A;;id1000138262751179
19/04/2026;10:00;Serie D, Group E;Siena 1904;Aquila Montevarchi;N/A;;N/A;;id1000138262751187
19/04/2026;10:00;Championnat National U19;RC Strasbourg Alsace;FC Metz;N/A;;N/A;;id1002627662275218
19/04/2026;10:00;Segunda Division;Club 3 De Noviembre;Club Dr Benjamin Aceval;N/A;;N/A;;id1000125470806158
19/04/2026;10:00;Campionato Sammarinese;SP La Fiorita;Cosmos Serravalle;N/A;;N/A;;id1000073870786462
19/04/2026;10:00;Campionato Sammarinese;SP Cailungo;AC Virtus;N/A;;N/A;;id1000073870786470
19/04/2026;10:00;Campionato Sammarinese;SS Folgore Falciano Calcio;San Marino Academy;N/A;;N/A;;id1000073870786468
19/04/2026;10:00;Nationale 1 VV;Royal Knokke FC;KVK Tienen;N/A;;N/A;;id1004337161791254
19/04/2026;10:00;Erste Liga;FC Langenthal;FC Wohlen;N/A;;N/A;;id1003705162215978
19/04/2026;10:00;Oberliga Westfalen;SV Lippstadt 08;SV Schermbeck;N/A;;N/A;;id1000014662486596
19/04/2026;10:00;Kategoria e Pare;KF Lushnja;KF Iliria Fushe-Kruje;N/A;;N/A;;id1000072269014354
19/04/2026;10:00;Tunisian Cup;CS Sfaxien;Jendouba Sport;N/A;;N/A;;id1000168270417300
19/04/2026;10:00;Regionalliga West;SC Schwaz;FC Dornbirn;N/A;;N/A;;id1000016761541352
19/04/2026;10:00;Promotion League;FC Kreuzlingen;FC Bulle;N/A;;N/A;;id1000110161711696
19/04/2026;10:00;Promotion League;FC Biel-Bienne;FC Bavois;N/A;;N/A;;id1000110161711678
19/04/2026;10:00;Liga e Pare;FC Suhareka;KF Kika;N/A;;N/A;;id1001423170869210
19/04/2026;10:00;Oberliga Niedersachsen;VfV 06 Hildesheim;Eintracht Braunschweig II;N/A;;N/A;;id1000081362279574
19/04/2026;10:00;Premier League;Police FC Rwanda;Bugesera FC;N/A;;N/A;;id1002016267782840
19/04/2026;10:00;Championnat National U19;US Quevilly-Rouen Metropole;Amiens SC;N/A;;N/A;;id1002627662274824
19/04/2026;10:00;Liga e Pare;KF Dinamo Ferizaj;KF Besa Peje;N/A;;N/A;;id1001423170869208
19/04/2026;10:00;1. Lig;Umraniyespor;Van Spor FK;N/A;;N/A;;id1000009861834290
19/04/2026;10:00;Championship;Lerumo Lions FC;Baroka FC;N/A;;N/A;;id1000190663157191
19/04/2026;10:00;1. Lig;Boluspor;Adana Demirspor;N/A;;N/A;;id1000009861834276
19/04/2026;10:00;Championnat National U19;Paris FC;SM Caen;N/A;;N/A;;id1002627662274820
19/04/2026;10:00;Liga e Pare;KF Liria Prizren;KF Ramiz Sadiku;N/A;;N/A;;id1001423170869200
19/04/2026;10:00;Kakkonen Playoffs;VPS Akatemia;TP-47;N/A;;N/A;;id1002691069108962
19/04/2026;10:00;Liga e Pare;KF Rilindja 1974;KF Vellaznimi;N/A;;N/A;;id1001423170869204
19/04/2026;10:00;Liga e Pare;KF Vjosa;FC Prizreni;N/A;;N/A;;id1001423170869202
19/04/2026;10:00;U21 Professional Development League;Brentford;Swansea City;N/A;;N/A;;id1002984267921416
19/04/2026;10:00;Serie D, Group A;AC Gozzano;Chisola Calcio;N/A;;N/A;;id1000137462733863
19/04/2026;10:00;Oberliga Westfalen;Turkspor Dortmund 2000;1. FC Gievenbeck;N/A;;N/A;;id1000014662117968
19/04/2026;10:00;Oberliga Niedersachsen;SV Holthausen-Biene;USI Lupo Martini Wolfsburg;N/A;;N/A;;id1000081362279568
19/04/2026;10:00;Nationale 1 ACFF;UR Namur;Union Saint-Gilloise B;N/A;;N/A;;id1004337369096508
19/04/2026;10:00;Vysshaya Liga;Bate Borisov;Maxline Vitebsk;N/A;;N/A;;id1000016970766458
19/04/2026;10:00;Oberliga Westfalen;SpVgg Erkenschwick;ASC 09 Dortmund;N/A;;N/A;;id1000014662117962
19/04/2026;10:00;Mittelrheinliga;SSV Merten;Hennef 05;N/A;;N/A;;id1000110562604574
19/04/2026;10:00;Serie D, Group H;ASD Real Acerrana 1926;FC Pompei;N/A;;N/A;;id1000138862753857
19/04/2026;10:00;Serie D, Group F;Termoli;Notaresco Calcio;N/A;;N/A;;id1000138462751949
19/04/2026;10:00;Mittelrheinliga;Sportfreunde Duren;SSV Bornheim;N/A;;N/A;;id1000110562604572
19/04/2026;10:00;Serie D, Group H;FBC Gravina;Paganese Calcio;N/A;;N/A;;id1000138862753865
19/04/2026;10:00;Serie D, Group I;AC Savoia 1908;Igea Virtus Barcellona;N/A;;N/A;;id1000139062754585
19/04/2026;10:00;Serie D, Group F;Unipomezia 1938;Maceratese;N/A;;N/A;;id1000138462751951
19/04/2026;10:00;Oberliga Niedersachsen;1. FC Germania Egestorf/Langreder;SC Spelle-Venhaus;N/A;;N/A;;id1000081362279572
19/04/2026;10:00;Serie D, Group G;ASD Cassino Calcio 1924;Valmontone;N/A;;N/A;;id1000138662752659
19/04/2026;10:00;Serie D, Group I;US Vibonese Calcio;Ssd Athletic Club Palermo;N/A;;N/A;;id1000139062754589
19/04/2026;10:00;Premier League;Everton FC;Liverpool FC;N/A;;N/A;;id1000001761301169
19/04/2026;10:00;Serie D, Group F;G.S.D. Castelfidardo Calcio;FC Vigor Senigallia;N/A;;N/A;;id1000138462751941
19/04/2026;10:00;Oberliga Niederrhein;VfB Homberg;DJK Adler Union Frintrop;N/A;;N/A;;id1000110362200792
19/04/2026;10:00;Serie D, Group H;Heraclea;Barletta Calcio;N/A;;N/A;;id1000138862753867
19/04/2026;10:00;Serie D, Group A;Varese FC;Derthona FBC 1908 ASD;N/A;;N/A;;id1000137462733865
19/04/2026;10:00;Serie D, Group I;ASD Ragusa Calcio;ASD Sancataldese Calcio;N/A;;N/A;;id1000139062754587
19/04/2026;10:00;Serie D, Group B;Oltrepo FBC;Sondrio Calcio;N/A;;N/A;;id1000137662735147
19/04/2026;10:00;Serie D, Group H;AC Afragolese;ASD Real Normanna;N/A;;N/A;;id1000138862753859
19/04/2026;10:00;Serie D, Group H;Virtus Francavilla Calcio;FC Francavilla 1931;N/A;;N/A;;id1000138862753871
19/04/2026;10:00;Serie D, Group I;ASD Castrumfavara;Gela;N/A;;N/A;;id1000139062754575
19/04/2026;10:00;Serie D, Group B;AC Chievo Verona;USD Castellanzese 1921;N/A;;N/A;;id1000137662735143
19/04/2026;10:00;Niederosterreich, 1. Landesliga;FC Admira Wacker Modling;SV Langenrohr;N/A;;N/A;;id1004377161909574
19/04/2026;10:00;Schweizer Cup;Yverdon-Sport;FC St. Gallen 1879;N/A;;N/A;;id1000039968699508
19/04/2026;10:00;Serie D, Group F;Atletico Ascoli;Forsempronese 1949 SD ARL;N/A;;N/A;;id1000138462751937
19/04/2026;10:00;Serie D, Group A;Vado FC;ASD Cairese 1919;N/A;;N/A;;id1000137462733859
19/04/2026;10:00;Championnat National U19;Stade Briochin U19;Stade Lavallois Mayenne;N/A;;N/A;;id1002627662276420
19/04/2026;10:00;Division 2, Promotion Playoffs;Skara FC;IF Karlstad Fotbollutveckling;N/A;;N/A;;id1002078268320118
19/04/2026;10:00;Serie D, Group A;Club Milano SSD;SSD Novaromentin;N/A;;N/A;;id1000137462733869
19/04/2026;10:00;Serie D, Group H;Fidelis Andria;ASD Sarnese 1926;N/A;;N/A;;id1000138862753863
19/04/2026;10:00;Ettan, Relegation/Promotion;Vasalunds IF;Umea FC;N/A;;N/A;;id1002741268310820
19/04/2026;10:00;Nationale 1 ACFF;Royal Charleroi SC B;Crossing Schaerbeek;N/A;;N/A;;id1004337369096504
19/04/2026;10:00;Scottish Cup;Celtic Glasgow;St Mirren FC;N/A;;N/A;;id1000034769756518
19/04/2026;10:00;CLJ;KS Lechia Gdansk;KS Arkonia Szczecin U19;N/A;;N/A;;id1000136565310960
19/04/2026;10:00;1. MFL;KF Bashkimi Kumanovo 1947;FC Struga Trim Lum;N/A;;N/A;;id1000019970023810
19/04/2026;10:00;Serie D, Group D;Sangiuliano City FC;Cittadella Vis Modena;N/A;;N/A;;id1000138062740379
19/04/2026;10:00;Oberliga Westfalen;SpVgg Vreden 1921;SC Verl II;N/A;;N/A;;id1000014662117972
19/04/2026;10:00;Serie D, Group I;Vigor Lamezia;ACR Messina;N/A;;N/A;;id1000139062754591
19/04/2026;10:00;Kategoria e Pare;Af Luftetari;KS Burreli;N/A;;N/A;;id1000072269014350
19/04/2026;10:00;2nd Division;Karmiotissa FC;Nea Salamina Famagusta;N/A;;N/A;;id1000069267798998
19/04/2026;10:00;Kategoria e Pare;KF Laci;KS Pogradeci;N/A;;N/A;;id1000072269014358
19/04/2026;10:00;Championnat National U19;GFC Ajaccio;Olympique Rovenain;N/A;;N/A;;id1002627662276794
19/04/2026;10:00;Serie D, Group B;US Folgore Caratese;SSD Real Calepina FC;N/A;;N/A;;id1000137662735151
19/04/2026;10:00;Championnat National U19;AFC Creil;Aas Sarcelles;N/A;;N/A;;id1002627662274828
19/04/2026;10:00;Serie D, Group D;Lentigione Calcio;SCD Progresso;N/A;;N/A;;id1000138062740385
19/04/2026;10:00;Serie A;Hellas Verona;AC Milan;N/A;;N/A;;id1000002361061603
19/04/2026;10:00;Segunda Division;Club General Caballero JLM;CA Tembetary Ypane;N/A;;N/A;;id1000125470806156
19/04/2026;10:00;1. Lig;Bandirmaspor;Amed Sportif Faaliyetler;N/A;;N/A;;id1000009861834280
19/04/2026;10:00;Serie D, Group F;AC San Marino Calcio;Teramo Calcio;N/A;;N/A;;id1000138462751947
19/04/2026;10:00;Serie D, Group C;Asd San Luigi Calcio;Treviso FBC 1993;N/A;;N/A;;id1000137862735773
19/04/2026;10:00;Championnat National U19;US Orleans;Racing Club de France 92;N/A;;N/A;;id1002627662274830
19/04/2026;10:00;Premier Soccer League;Hardrock FC;Ngezi Platinum;N/A;;N/A;;id1002347970852084
19/04/2026;10:00;Second Divisio;City Escaldes FC;CE Casa De Portugal;N/A;;N/A;;id1000074364082735
19/04/2026;10:00;Championnat National U19;FC Saint Lo Manche U19;EA Guingamp;N/A;;N/A;;id1002627662276424
19/04/2026;10:00;1st deild;EB/Streymur II;FC Suduroy;N/A;;N/A;;id1000067467993534
19/04/2026;10:00;Mittelrheinliga;SpVg Porz;Fortuna Koln II;N/A;;N/A;;id1000110562604576
19/04/2026;10:00;Nationale 1 VV;KVC Houtvenne;Sporting Hasselt;N/A;;N/A;;id1004337161791246
19/04/2026;10:00;1. Lig;Istanbulspor AS;Sariyer SK;N/A;;N/A;;id1000009861834286
19/04/2026;10:00;Championnat National U19;Montfermeil FC;Dijon ASPTT;N/A;;N/A;;id1002627662275216
19/04/2026;10:00;Nationale 1 VV;Oud Heverlee Leuven B;K. Lyra-Lierse;N/A;;N/A;;id1004337161791256
19/04/2026;10:00;Serie D, Group H;Asd SS Nola 1925;Asd Ferrandina 17890;N/A;;N/A;;id1000138862753869
19/04/2026;10:00;Premier League;Rutsiro FC;Rayon Sports FC;N/A;;N/A;;id1002016267782838
19/04/2026;10:00;Nationale 1 VV;KFC Merelbeke;KSV Roeselare;N/A;;N/A;;id1004337161791258
19/04/2026;10:00;Elite One;AS Fortuna;Dynamo de Douala;N/A;;N/A;;id1000100670803652
19/04/2026;10:00;1. Lig;Bodrum FK;Erzurumspor FK;N/A;;N/A;;id1000009861834278
19/04/2026;10:00;Serie D, Group D;Correggese Calcio 1948;Trevigliese;N/A;;N/A;;id1000138062740391
19/04/2026;10:00;1. Lig;Igdir FK;Pendikspor;N/A;;N/A;;id1000009861834284
19/04/2026;10:00;Premiership;TS Galaxy FC;Richards Bay FC;N/A;;N/A;;id1000035862670353
19/04/2026;10:00;Championnat National U19;Dijon FCO;Sochaux-Montbeliard;N/A;;N/A;;id1002627662275228
19/04/2026;10:00;Championnat National U19;LOSC Lille;Le Havre AC;N/A;;N/A;;id1002627662274822
19/04/2026;10:00;Serie D, Group D;Pistoiese FC;Tropical Coriano;N/A;;N/A;;id1000138062740393
19/04/2026;10:00;Kategoria e Pare;Apolonia Fier;Besa Kavaje;N/A;;N/A;;id1000072269014356
19/04/2026;10:00;Regionalliga North;VfB Oldenburg;FC St. Pauli II;N/A;;N/A;;id1000004262284514
19/04/2026;10:00;Oberliga Niedersachsen;FC Verden 04;TuS Bersenbruck;N/A;;N/A;;id1000081362279570
19/04/2026;10:00;Serie D, Group C;Obermais;Unione La Rocca Altavilla;N/A;;N/A;;id1000137862735777
19/04/2026;10:00;Serie D, Group H;US Citta Di Fasano;ASD Martina Calcio 1947;N/A;;N/A;;id1000138862753861
19/04/2026;10:00;Serie D, Group I;Reggina 1914;ASD Paterno Calcio;N/A;;N/A;;id1000139062754583
19/04/2026;10:00;Premier League;Namungo FC;Simba SC;N/A;;N/A;;id1000243670476930
19/04/2026;10:00;Paulista, Serie A4;Gremio Desportivo SC SP;Barretos SP;N/A;;N/A;;id1003579570575104
19/04/2026;10:00;2. Liga, Division B, Group 2;FC Torpedo Vladimir;Dinamo Vologda;N/A;;N/A;;id1000109970250586
19/04/2026;10:00;1st deild;HB Torshavn II;B71 Sandoy;N/A;;N/A;;id1000067467993536
19/04/2026;10:00;3rd Division Group 6;Sandefjord Fotball 2;Lillehammer FK;N/A;;N/A;;id1002465267920958
19/04/2026;10:00;2. Liga, Division B, Group 4;Pobeda Nizhny Novgorod;FC Orenburg-2;N/A;;N/A;;id1000109770252032
19/04/2026;10:00;1st deild;IF Fuglafjordur;NSI Runavik II;N/A;;N/A;;id1000067467993530
19/04/2026;10:00;2. Liga, Division B, Group 2;Luki-Energiya V.luki;Yenisey 2 Krasnoyarsk;N/A;;N/A;;id1000109970250588
19/04/2026;10:00;Premier League;Marsaxlokk FC;Gzira United FC;N/A;;N/A;;id1000062969997648
19/04/2026;10:00;Uganda Cup, Women;Uganda Martyrs Lubaga Junior Team;Rine SS Wfc;N/A;;N/A;;id1003956170906038
19/04/2026;10:00;Tunisian Cup;US Monastir;ES Zarzis;N/A;;N/A;;id1000168270417298
19/04/2026;10:00;Ykkosliiga;Ekenas Idrottsforening;HJK Klubi 04;N/A;;N/A;;id1000005567604772
19/04/2026;10:00;Premier League;Nottingham Forest;Burnley FC;N/A;;N/A;;id1000001761301177
19/04/2026;10:00;Superliga;SC Gjilani;KF Dukagjini;N/A;;N/A;;id1001418970827036
19/04/2026;10:00;Championship League;Tma FC;Stand United FC;N/A;;N/A;;id1004893370119220
19/04/2026;10:00;Championship League;Kengold FC;Mbeya Kwanza FC;N/A;;N/A;;id1004893370093794
19/04/2026;10:00;Championship League;Kagera Sugar;B19 FC;N/A;;N/A;;id1004893370119368
19/04/2026;10:00;PrvaLiga;Mura Murska Sobota;NK Celje;N/A;;N/A;;id1000021261454149
19/04/2026;10:00;1. Lig;Esenler Erokspor;Ankara Keciorengucu;N/A;;N/A;;id1000009861864000
19/04/2026;10:00;Kategoria e Pare;Skenderbeu Korce;Kastrioti Kruje;N/A;;N/A;;id1000072269014360
19/04/2026;10:00;Nationale 1 VV;KVV Thes Sport Tessenderlo;Koninklijk Diegem-Sport;N/A;;N/A;;id1004337161791250
19/04/2026;10:00;Nationale 1 VV;Belisia Bilzen SV;KVV Zelzate;N/A;;N/A;;id1004337161791252
19/04/2026;10:00;Premier Soccer League;Caps United FC;Telone FC;N/A;;N/A;;id1002347970715452
19/04/2026;10:00;Serie D, Group D;Piacenza Calcio 1919;Pro Sesto;N/A;;N/A;;id1000138062740383
19/04/2026;10:00;Premier League;Aston Villa;Sunderland AFC;N/A;;N/A;;id1000001761301161
19/04/2026;10:00;1st Division;Olympiakos Nicosia;Akritas Chlorakas;N/A;;N/A;;id1000017170235792
19/04/2026;10:00;2nd Division;Als Omonia;Doxa Katokopias;N/A;;N/A;;id1000069267799002
19/04/2026;10:00;Campionato Sammarinese;SC Faetano;SP Tre Fiori;N/A;;N/A;;id1000073870786464
19/04/2026;10:00;I-League;Real Kashmir;Sreenidi Deccan FC;N/A;;N/A;;id1000084869024412
19/04/2026;10:00;U20 Mineiro, 1. Divisao;Sao Joao Del Rei EC MG;America FC MG;N/A;;N/A;;id1004665168902006
19/04/2026;10:00;Tunisian Cup;Stade Gabesien;ES Sahel;N/A;;N/A;;id1000168270417286
19/04/2026;10:00;Ligue 1;AS Monaco;AJ Auxerre;N/A;;N/A;;id1000003461526526
19/04/2026;10:00;Premier League;Negelle Arsi;Hadiya Hossana FC;N/A;;N/A;;id1003365669950516
19/04/2026;10:00;2nd Division;AO Agia Napa;PAEEK Kyrenia;N/A;;N/A;;id1000069267799000
19/04/2026;10:00;Championship League;Geita Gold FC;Hausang FC;N/A;;N/A;;id1004893370119234
19/04/2026;10:00;Oberliga Niederrhein;Sportfreunde Baumberg;1. FC Kleve;N/A;;N/A;;id1000110362200790
19/04/2026;10:00;Kategoria e Pare;FK Kukesi;KF Korabi Peshkopi;N/A;;N/A;;id1000072269014352
19/04/2026;10:00;Serie D, Group G;ASD Nocerina 1910;ASD Flaminia Civita Castellana;N/A;;N/A;;id1000138662752663
19/04/2026;10:00;Championnat National U19;FC 93 Bobigny BG;AJ Auxerre;N/A;;N/A;;id1002627662275224
19/04/2026;10:00;Serie B;Carrarese Calcio;Delfino Pescara;N/A;;N/A;;id1000005362484318
19/04/2026;10:00;Liga Portugal 2;FC Vizela;SC Farense;N/A;;N/A;;id1000023961732234
19/04/2026;10:00;Serie D, Group C;AC Vigasio;Brian Lignano Calcio;N/A;;N/A;;id1000137862735761
19/04/2026;10:00;Serie D, Group C;Portogruaro Calcio;FC Calvi Noale;N/A;;N/A;;id1000137862735763
19/04/2026;10:00;Serie D, Group C;FC Bassano 1903 ASD;ASD Cjarlins Muzane;N/A;;N/A;;id1000137862735767
19/04/2026;10:00;Serie D, Group C;USD Adriese 1906;ACD Campodarsego Calcio;N/A;;N/A;;id1000137862735765
19/04/2026;10:00;Tunisian Cup;CA Bizertin;CS Msaken;N/A;;N/A;;id1000168270417288
19/04/2026;10:00;Nationale 1 ACFF;SL16 Football Campus;RRC Stockay-Warfusee;N/A;;N/A;;id1004337369096506
19/04/2026;10:00;2. Liga, Division B, Group 2;FC Tver;Dinamo St Petersburg;N/A;;N/A;;id1000109970250582
19/04/2026;10:00;Superettan;Helsingborgs IF;Ostersunds FK;N/A;;N/A;;id1000004667126022
19/04/2026;10:00;Ykkosliiga;Mikkelin Palloilijat;KaPa Kapylan Pallo;N/A;;N/A;;id1000005567604770
19/04/2026;10:00;1. Lig;Corum FK;Sivasspor;N/A;;N/A;;id1000009861834282
19/04/2026;10:00;U20 Catarinense, Serie A;Nacao;Joinville EC SC;N/A;;N/A;;id1004688169688482
19/04/2026;10:00;1. Lig;Manisa Futbol Kulubu;Serik Belediyespor;N/A;;N/A;;id1000009861834292
19/04/2026;10:00;Serie D, Group A;SCD Ligorna 1922;Biellese;N/A;;N/A;;id1000137462733857
19/04/2026;10:15;Oberliga Niederrhein;SV Biemenhorst;BW Dingden;N/A;;N/A;;id1000110362200796
19/04/2026;10:15;Premier League;Gor Mahia FC;Bandari FC;N/A;;N/A;;id1000164470378268
19/04/2026;10:15;Superliga;FK Kokand 1912;FC Andijon;N/A;;N/A;;id1000077268380336
19/04/2026;10:15;Camopeonato Femenino, Women;Sportivo Luqueno;Sportivo Ameliano;N/A;;N/A;;id1004675870433660
19/04/2026;10:30;Oberliga Westfalen;SG Finnentrop/Bamenohl;TSG 1881 Sprockhovel;N/A;;N/A;;id1000014662117974
19/04/2026;10:30;Mittelrheinliga;Siegburger SV 04;TuS BW Konigsdorf;N/A;;N/A;;id1000110562604580
19/04/2026;10:30;Oberliga Niederrhein;FC Buderich 02;Ratingen SV Germania 04/19;N/A;;N/A;;id1000110362200798
19/04/2026;10:30;Regionalliga West;SV Kuchl;SVG Reichenau;N/A;;N/A;;id1000016761541356
19/04/2026;10:30;Oberliga NOFV North;Tennis Borussia Berlin;SV Siedenbollentin;N/A;;N/A;;id1000014561705316
19/04/2026;10:30;Oberliga Westfalen;TuS Ennepetal;TUS Hiltrup;N/A;;N/A;;id1000014662117976
19/04/2026;10:30;1. Liga;FC Hradec Kralove;Slavia Prague;N/A;;N/A;;id1000017261324725
19/04/2026;10:30;Mittelrheinliga;Teutonia Weiden;SV Eintracht Hohkeppel;N/A;;N/A;;id1000110562604582
19/04/2026;10:30;U19 Allsvenskan;Kalmar FF;Orebro SK;N/A;;N/A;;id1000253968309418
19/04/2026;10:30;Mittelrheinliga;SPVG Frechen 20;VfL Vichttal;N/A;;N/A;;id1000110562604584
19/04/2026;10:30;2. MFL;Golemo Konjari;FK Novaci 2005;N/A;;N/A;;id1000071870480762
19/04/2026;10:30;Bundesliga;SC Freiburg;1. FC Heidenheim;N/A;;N/A;;id1000003561514136
19/04/2026;10:30;Superliga;MFK Skalica;AS Trencin;N/A;;N/A;;id1000021169463384
19/04/2026;10:30;U20 Paranaense, 1. Divisao;Araucaria ECR PR;City London FC PR U20;N/A;;N/A;;id1004688368643342
19/04/2026;10:30;Liga 2;Persiraja Banda;Garuda Yaksa;N/A;;N/A;;id1002056068646366
19/04/2026;10:45;1st deild;TB Tvoeroyri;Vikingur Gota II;N/A;;N/A;;id1000067467993532
19/04/2026;10:50;First Division;Masfoot Sports Club;Dibba Al-Hisn SC;N/A;;N/A;;id1001923862067398
19/04/2026;10:50;First Division;Gulf United;Emirates Club;N/A;;N/A;;id1001923862067400
19/04/2026;10:50;First Division;Al Urooba UAE;Fujairah FC;N/A;;N/A;;id1001923862067396
19/04/2026;10:55;First Division;AL Arabi (UAE);Hatta SC;N/A;;N/A;;id1001923862067402
19/04/2026;11:00;Promotion d'Honneur;US Rumelange;FC Lorentzweiler;N/A;;N/A;;id1000072361789352
19/04/2026;11:00;Ligue 2;AS Djelma;AS Kasserine;N/A;;N/A;;id1002057870784292
19/04/2026;11:00;Ligue 2;CS Redeyef;SC Moknine;N/A;;N/A;;id1002057870784294
19/04/2026;11:00;Promotion d'Honneur;FC Marisca Mersch;FC Etzella Ettelbruck;N/A;;N/A;;id1000072361789340
19/04/2026;11:00;Promotion d'Honneur;The Belval Belvaux;Alisontia Steinsel;N/A;;N/A;;id1000072361789346
19/04/2026;11:00;U19 Division de Honor Juvenil;CD Badajoz;UD La Cluz Villanovense;N/A;;N/A;;id1004834362940833
19/04/2026;11:00;Srpska Liga;FK Polimlje;FK Radnicki Valjevo;N/A;;N/A;;id1004821362700109
19/04/2026;11:00;U19 Division de Honor Juvenil;CF Trival Valderas Alcorcon;Rayo Vallecano;N/A;;N/A;;id1004834362940815
19/04/2026;11:00;Vorarlberg, Eliteliga;FC Wolfurt;Dornbirner SV;N/A;;N/A;;id1002968461927826
19/04/2026;11:00;Vorarlberg, Eliteliga;FC Nenzing;FC Bizau;N/A;;N/A;;id1002968461927824
19/04/2026;11:00;Schleswig-Holstein-Liga;VfR Neumunster;Oldenburger SV;N/A;;N/A;;id1000051262127456
19/04/2026;11:00;Divize D;FC PBS Velka Bites;SK Artis B;N/A;;N/A;;id1004073366053946
19/04/2026;11:00;Divize D;Zdar Nad Sazavou;FS Trebic;N/A;;N/A;;id1004073366053936
19/04/2026;11:00;Divize D;FK Pelhimov;AFC Humpolec;N/A;;N/A;;id1004073366053932
19/04/2026;11:00;Promotion d'Honneur;FC Wiltz 71;Residence Walferdange;N/A;;N/A;;id1000072361789338
19/04/2026;11:00;Salzburg, Salzburger Liga;USK Anif;TSV Neumarkt;N/A;;N/A;;id1000127961906298
19/04/2026;11:00;Promotion d'Honneur;SC Bettembourg;FC Luxemburg City;N/A;;N/A;;id1000072361789348
19/04/2026;11:00;Oberliga Hamburg;TSV Sasel 1925;TUS Dassendorf 1948;N/A;;N/A;;id1000050961734996
19/04/2026;11:00;Tercera Federacion, Group 6;Recambios Colon CF;CD Bunol;N/A;;N/A;;id1002602863139349
19/04/2026;11:00;Division Nationale;US Hostert;Atert Bissen;N/A;;N/A;;id1000069061788852
19/04/2026;11:00;3rd Division Group 2;SK Herd;Rosenborg BK 2;N/A;;N/A;;id1002464467919510
19/04/2026;11:00;Divize E;FK Kozlovice;FC Strani;N/A;;N/A;;id1004073566054162
19/04/2026;11:00;Vtoraya Liga;Agro-Pelishche;Yssc Stolin;N/A;;N/A;;id1003231170881044
19/04/2026;11:00;AFC Challenge League;AL Ansar SC;Muras United FC;N/A;;N/A;;id1004298370081278
19/04/2026;11:00;Divize F;FK Sumperk;MFK Havirov;N/A;;N/A;;id1004073766054420
19/04/2026;11:00;Regionalliga West;Wacker Innsbruck;FC Lustenau;N/A;;N/A;;id1000016761541350
19/04/2026;11:00;Division Nationale;F91 Dudelange;US Mondorf-Les-Bains;N/A;;N/A;;id1000069061788866
19/04/2026;11:00;Girabola;CD Sao Salvador;FC Bravos do Maquis;N/A;;N/A;;id1000217170868816
19/04/2026;11:00;Salzburg, Salzburger Liga;UFC SV Hallwang;SV Anthering;N/A;;N/A;;id1000127961906292
19/04/2026;11:00;Division Nationale;FC Mamer 32;UN Kaerjeng 97;N/A;;N/A;;id1000069061788854
19/04/2026;11:00;Divize E;TJ Skastice;MSK Breclav;N/A;;N/A;;id1004073566054170
19/04/2026;11:00;Divize F;FK Bospor Bohumin;SK Stonava;N/A;;N/A;;id1004073766054408
19/04/2026;11:00;Promotion d'Honneur;US Feulen;Berdenia Berbourg;N/A;;N/A;;id1000072361789350
19/04/2026;11:00;Division Nationale;FC Jeunesse Canach;Union Titus Petange;N/A;;N/A;;id1000069061788860
19/04/2026;11:00;Promotion d'Honneur;FC Schifflange 95;FC Koeppchen Wormeldange;N/A;;N/A;;id1000072361789342
19/04/2026;11:00;Divize F;SK Sulko Zabreh;1. Bfk Frydlant Nad Ostravici;N/A;;N/A;;id1004073766054410
19/04/2026;11:00;Ligue 2;US Ksour Essaf;EGS Gafsa;N/A;;N/A;;id1002057870784290
19/04/2026;11:00;League One;Port Vale;Wigan Athletic;N/A;;N/A;;id1000002461493889
19/04/2026;11:00;Torneo Federal A;CSD Sol de Mayo;Guillermo Brown;N/A;;N/A;;id1003010669616808
19/04/2026;11:00;Premium Liiga;Paide Linnameeskond;Nomme Kalju FC;N/A;;N/A;;id1000017868214606
19/04/2026;11:00;II Liiga;Tartu JK Welco II;FC Tallinn;N/A;;N/A;;id1004664570773694
19/04/2026;11:00;U19 Division de Honor Juvenil;Getafe CF;Las Rozas CF;N/A;;N/A;;id1004834362940819
19/04/2026;11:00;Promotion League;FC Lugano;BSC Young Boys;N/A;;N/A;;id1000110161711682
19/04/2026;11:00;MSFL;SK Polanka Nad Odrou;FK Frydek-Mistek;N/A;;N/A;;id1001414766053634
19/04/2026;11:00;III Liga, Group 4;FKS Stal Krasnik;KSZO Ostrowiec Swietokrzyski;N/A;;N/A;;id1002584162036194
19/04/2026;11:00;Premier League;Sumqayit FK;Gabala FK;N/A;;N/A;;id1000070963185725
19/04/2026;11:00;Division 2, Promotion Playoffs;IK Sleipner;BK Forward;N/A;;N/A;;id1002078268377452
19/04/2026;11:00;Primera Divisio;Inter Club de Escaldes;FC Ordino;N/A;;N/A;;id1000074261737698
19/04/2026;11:00;2. Liga, Division A;FC Volgar Astrakhan;FC Irtysh Omsk;N/A;;N/A;;id1004030569280556
19/04/2026;11:00;Divize F;Pusta Polom;FK Bilovec;N/A;;N/A;;id1004073766054414
19/04/2026;11:00;1st Division, Women;Bryne FK;Aasane;N/A;;N/A;;id1001927267018332
19/04/2026;11:00;Kings League Spain;Los Troncos FC;1K FC;N/A;;N/A;;id1004724169420146
19/04/2026;11:00;Schleswig-Holstein-Liga;Holstein Kiel II;Inter Turkspor Kiel;N/A;;N/A;;id1000051262127458
19/04/2026;11:00;3rd Division Group 5;Skedsmo;Harstad;N/A;;N/A;;id1002465067920482
19/04/2026;11:00;Division Nationale;FC Rodange 91;FC Una Strassen;N/A;;N/A;;id1000069061788858
19/04/2026;11:00;Promotion d'Honneur;CS Fola Esch-Alzette;FC Mondercange;N/A;;N/A;;id1000072361789344
19/04/2026;11:00;Primera Federacion;SD Ponferradina;Barakaldo CF;N/A;;N/A;;id1003483461685642
19/04/2026;11:00;Prva Liga, Rep of Srpska;FK Laktasi;FK Kozara Gradiska;N/A;;N/A;;id1000071569574926
19/04/2026;11:00;Ligue 2;AS Ariana;EO Sidi Bouzid;N/A;;N/A;;id1002057870784288
19/04/2026;11:00;Ykkonen;FC Inter Turku 2;Oulun Luistinseura;N/A;;N/A;;id1004229168538206
19/04/2026;11:00;Division 2, Promotion Playoffs;IF Eker Orebro;IF Sylvia;N/A;;N/A;;id1002078268377448
19/04/2026;11:00;Indian Super League;Northeast United FC;Mohun Bagan Super Giant;N/A;;N/A;;id1000190068746452
19/04/2026;11:00;Elite One;Aigle Royal;Unisport Du Haut Nkam;N/A;;N/A;;id1000100670803648
19/04/2026;11:00;Torneo Federal A;CA Boca Unidos Corrientes;Club Tucuman Central Deportes;N/A;;N/A;;id1003010669614632
19/04/2026;11:00;Primera C;Club Estrella Del Sur (Alejandro Korn);Canuelas FC;N/A;;N/A;;id1002617467122746
19/04/2026;11:00;Premier League;Kaisar Kyzylorda;FC Altai Oskemen;N/A;;N/A;;id1000068270850148
19/04/2026;11:00;AFC Champions League Two;Al Wasl FC;Al Nassr Club;N/A;;N/A;;id1000066870028252
19/04/2026;11:00;Divize D;FC Chotebor;TJ Sokol Tasovice;N/A;;N/A;;id1004073366053940
19/04/2026;11:00;Primera Federacion;AD Alcorcon;Villarreal CF B;N/A;;N/A;;id1003483461687530
19/04/2026;11:00;Divize D;SK Tatran Zdirec Nad Doubravou;TJ Tatran Bohunice;N/A;;N/A;;id1004073366053934
19/04/2026;11:00;Regionalliga North;Hamburger SV II;Kickers Emden;N/A;;N/A;;id1000004262284512
19/04/2026;11:00;Cup, Women;Volsungur;Dalvik/Reynir;N/A;;N/A;;id1001927668645000
19/04/2026;11:00;1st Division;Anorthosis Famagusta;Omonia Aradippou;N/A;;N/A;;id1000017170235906
19/04/2026;11:00;Premier Division, Women;DLR Waves;Sligo Rovers;N/A;;N/A;;id1002868166855326
19/04/2026;11:00;Cup, Women;UMF Selfoss;Augnablik Kopavogur;N/A;;N/A;;id1001927668645010
19/04/2026;11:00;Superliga;FK TSC Backa Topola;FK Napredak Krusevac;N/A;;N/A;;id1000021070708980
19/04/2026;11:00;Cup, Women;FHL WFC;Einherji;N/A;;N/A;;id1001927668644998
19/04/2026;11:00;1 Lyga;FA Siauliai B;FK Jonava;N/A;;N/A;;id1000067669670652
19/04/2026;11:00;Cup, Women;IA Akranes;Fjolnir Reykjavik;N/A;;N/A;;id1001927668645006
19/04/2026;11:00;Cup, Women;KTH Reykjavik;Knattspyrnufélag Rangaeing;N/A;;N/A;;id1001927668645012
19/04/2026;11:00;Superliga;FC Nordsjaelland;Viborg FF;N/A;;N/A;;id1000003969653736
19/04/2026;11:00;Regionalliga West;Wuppertaler SV;Borussia Monchengladbach II;N/A;;N/A;;id1000049361853370
19/04/2026;11:00;Premier League;Plateau United;Kun Khalifat FC;N/A;;N/A;;id1000211270033426
19/04/2026;11:00;Torneo Federal A;Fadep;CA Juventud Unida Universitario San Luis;N/A;;N/A;;id1003010669615310
19/04/2026;11:00;Primera Federacion;CD Arenteiro;Merida AD;N/A;;N/A;;id1003483461685630
19/04/2026;11:00;Suomen Cup;Popiniemen Ponnistus;Pallo Kerho 37;N/A;;N/A;;id1000022070712036
19/04/2026;11:00;U19 Division de Honor Juvenil;Rayo Ciudad Alcobendas Juvenil;Atletico Madrid;N/A;;N/A;;id1004834362940823
19/04/2026;11:00;Pro League;FCV Dender EH;Cercle Brugge;N/A;;N/A;;id1000003870207532
19/04/2026;11:00;FNL;SK Dynamo Ceske Budejovice;SK Hanacka Slavia Kromeriz;N/A;;N/A;;id1000020561326571
19/04/2026;11:00;Ettan, Relegation/Promotion;Aatvidabergs FF;Kristianstad FC;N/A;;N/A;;id1002741268311530
19/04/2026;11:00;Brasileiro Serie A;SC Internacional RS;Mirassol FC SP;N/A;;N/A;;id1000032566886710
19/04/2026;11:00;Super Lig;Samsunspor;Besiktas Istanbul;N/A;;N/A;;id1000005261730170
19/04/2026;11:00;Liga Portugal 3;SC Braga B;AD Sanjoanense;N/A;;N/A;;id1003490068351470
19/04/2026;11:00;Premier League;FK Spartak Moscow;RFK Akhmat Grozny;N/A;;N/A;;id1000020361376689
19/04/2026;11:00;Primera Federacion;Zamora CF;CA Osasuna B;N/A;;N/A;;id1003483461685646
19/04/2026;11:00;Liga Portugal 3;1 Dezembro;Amora FC;N/A;;N/A;;id1003490068351582
19/04/2026;11:00;FNL;SFC Opava;SK Slavia Prague B;N/A;;N/A;;id1000020561326563
19/04/2026;11:00;Cup, Women;Fylkir Reykjavik;Grotta;N/A;;N/A;;id1001927668645016
19/04/2026;11:00;Division Nationale;FC Differdange 03;FC Victoria Rosport;N/A;;N/A;;id1000069061788862
19/04/2026;11:00;Srpska Liga;FK Zeleznicar Lajkovac;FK Josanica;N/A;;N/A;;id1004821362700099
19/04/2026;11:00;Srpska Liga;Pkb Padinska Skela;FK Brodarac;N/A;;N/A;;id1004821366053410
19/04/2026;11:00;U20 Catarinense, Serie A;Avai FC SC;Brusque SC;N/A;;N/A;;id1004688169688478
19/04/2026;11:00;Liga Portugal 3;CD Mafra;Amarante FC;N/A;;N/A;;id1003490068351344
19/04/2026;11:00;Primera Federacion;Juventud Torremolinos CF;Betis Deportivo Balompie;N/A;;N/A;;id1003483461687548
19/04/2026;11:00;Ettan, Relegation/Promotion;Assyriska FF;Karlbergs BK;N/A;;N/A;;id1002741268310822
19/04/2026;11:00;Elite One;Pwd Bamenda;Victoria United Limbe;N/A;;N/A;;id1000100670803662
19/04/2026;11:15;LaLiga 2;Sporting Gijon;Cadiz CF;N/A;;N/A;;id1000005461623814
19/04/2026;11:30;U19 Division de Honor Juvenil;Cadiz CF;Granada CF;N/A;;N/A;;id1004834362943497
19/04/2026;11:30;U19 Division de Honor Juvenil;Sporting Atletico Ceuta;San Felix CD U19;N/A;;N/A;;id1004834362943495
19/04/2026;11:30;Tercera Federacion, Group 5;CF Peralada;Unio Esportiva Vic;N/A;;N/A;;id1002602663138719
19/04/2026;11:30;Elite One;Aigle Royal Du Moungo;Gazelle FA de Garoua;N/A;;N/A;;id1000100670803642
19/04/2026;11:30;National League;Lynx FC;Lions Gibraltar;N/A;;N/A;;id1000154270006508
19/04/2026;11:30;Tercera Federacion, Group 16;Yague CF;UD Logrones B;N/A;;N/A;;id1002604863148801
19/04/2026;11:30;Srpska Liga;FK Mladost Omoljica;Omladinac Novi Banovci;N/A;;N/A;;id1004821368998800
19/04/2026;11:30;3. Liga;MFk Slovan Sabinov;Lok. Kosice;N/A;;N/A;;id1004753661940886
19/04/2026;11:30;Srpska Liga;FK Vlasina Vlasotince;FK Rembas Resavica;N/A;;N/A;;id1004821369039154
19/04/2026;11:30;Divize F;TJ Bridlicna;FK Novy Jicin;N/A;;N/A;;id1004073766054416
19/04/2026;11:30;3. Liga;TJ Banik Kalinovo;MSK Novohrad Lucenec;N/A;;N/A;;id1004753661940854
19/04/2026;11:30;Girabola;Primeiro de Agosto;Wiliete SC;N/A;;N/A;;id1000217170826800
19/04/2026;11:30;3. Liga;MFK Snina;FK Poprad;N/A;;N/A;;id1004753661940906
19/04/2026;11:30;III Liga, Group 1;Bron Radom;Jagiellonia II Bialystok;N/A;;N/A;;id1002583562038018
19/04/2026;11:30;Tercera Federacion, Group 7;CD Galapagar;AD Alcorcon B;N/A;;N/A;;id1002603063139995
19/04/2026;11:30;Serie D, Group G;Montespaccato Calcio;Sassari Calcio Latte Dolce;N/A;;N/A;;id1000138662752661
19/04/2026;11:30;3. Liga;Druzstevnik Velke Ludince;Raca Bratislava;N/A;;N/A;;id1004753661940212
19/04/2026;11:30;Allsvenskan;BK Hacken;GAIS;N/A;;N/A;;id1000004067126476
19/04/2026;11:30;Srpska Liga;FK Hajduk Divos;FK Naftagas Elemir;N/A;;N/A;;id1004821368998802
19/04/2026;11:30;Liga Portugal;FC Arouca;Estrela Amadora;N/A;;N/A;;id1000023861731478
19/04/2026;11:30;Prva NL;Orijent 1919 Rijeka;NK Opatija;N/A;;N/A;;id1000072469972678
19/04/2026;11:30;3. Liga;FK Podkonice;TJ Jednota Banova;N/A;;N/A;;id1004753661940858
19/04/2026;11:30;3. Liga;VfB Stuttgart II;Erzgebirge Aue;N/A;;N/A;;id1000049161709624
19/04/2026;11:30;Kolmonen;Gilla FC;Leppavaaran Pallo;N/A;;N/A;;id1004667169920588
19/04/2026;11:30;Top League;FC Dordoi Bishkek;FC Toktogu;N/A;;N/A;;id1002662270855248
19/04/2026;12:00;Tercera Federacion, Group 13;UD Caravaca;Real Murcia Imperial FC;N/A;;N/A;;id1002604263146679
19/04/2026;12:00;NB III;Ozd-Sajovolgye;Tiszaujvaros;N/A;;N/A;;id1004795262160186
19/04/2026;12:00;Tercera Federacion, Group 3;CD Colindres;CD Barquereno;N/A;;N/A;;id1002602263136975
19/04/2026;12:00;NB III;Fuzesabony SC;Diosgyori Vtk II;N/A;;N/A;;id1004795262160188
19/04/2026;12:00;NB III;Tiszafured Vse;Cigand SE;N/A;;N/A;;id1004795262160184
19/04/2026;12:00;NB III;Mosonmagyarovari TE;ETO Akademia;N/A;;N/A;;id1004795262161178
19/04/2026;12:00;NB III;Csepel SC;Vasas SC II;N/A;;N/A;;id1004795262180454
19/04/2026;12:00;Tercera Federacion, Group 17;Robres CD;SD Huesca B;N/A;;N/A;;id1002605063149449
19/04/2026;12:00;Burgenland, Burgenlandliga;SK Pama;Mattersburger Sportverein 2020;N/A;;N/A;;id1004377361893994
19/04/2026;12:00;2. Lig;Menemenspor AS;Yeni Malatyaspor;N/A;;N/A;;id1000009761939122
19/04/2026;12:00;2. Lig;Isparta 32 Sporu;Yeni Mersin Idmanyurdu;N/A;;N/A;;id1000009761939120
19/04/2026;12:00;U19 Division de Honor Juvenil;UD La Mosca U19;Tomares UD;N/A;;N/A;;id1004834362943509
19/04/2026;12:00;U19 Division de Honor Juvenil;Girona FC;CD Constancia;N/A;;N/A;;id1004834362940379
19/04/2026;12:00;Tercera Federacion, Group 16;CD Calahorra;CD Arnedo;N/A;;N/A;;id1002604863148789
19/04/2026;12:00;U19 Division de Honor Juvenil;UD Maracena;UD Almeria;N/A;;N/A;;id1004834362943493
19/04/2026;12:00;Tercera Federacion, Group 16;Club Haro Deportivo;CD Varea;N/A;;N/A;;id1002604863148793
19/04/2026;12:00;NB II;Tiszakecskei LC;Aqvital FC Csakvar;N/A;;N/A;;id1000133961690464
19/04/2026;12:00;Premier League;Mosta FC;Sliema Wanderers;N/A;;N/A;;id1000062969997904
19/04/2026;12:00;Tercera Federacion, Group 2;CD Tuilla;Real Titanico FC;N/A;;N/A;;id1002602063136333
19/04/2026;12:00;Tercera Federacion, Group 17;Illueca CF;CD Carinena;N/A;;N/A;;id1002605063149441
19/04/2026;12:00;Elite One;Colombe Sportive Du Dja Et Lobo;Coton Sport de Garoua;N/A;;N/A;;id1000100670803658
19/04/2026;12:00;NB III;MTK Budapest II;Szekszardi UFC;N/A;;N/A;;id1004795262181432
19/04/2026;12:00;NB III;Erdi VSE;Ivancsa KSE;N/A;;N/A;;id1004795262181456
19/04/2026;12:00;NB II;Kozarmisleny SE;FC Ajka;N/A;;N/A;;id1000133961690466
19/04/2026;12:00;1st Division;Aasane Fotball;Stroemmen IF;N/A;;N/A;;id1000002267017870
19/04/2026;12:00;CFL;SK Sparta Kolin;FK Mlada Boleslav B;N/A;;N/A;;id1001415166614000
19/04/2026;12:00;Prva Liga, Fed BiH;NK Stupcanica Olovo;NK Celik Zenica;N/A;;N/A;;id1000071663533999
19/04/2026;12:00;Girabola;Kabuscorp SCP;Atletico Petroleos de Luanda;N/A;;N/A;;id1000217170799220
19/04/2026;12:00;CFL;SK Sokol Brozany;Tj Jiskra Usti Nad Orlici;N/A;;N/A;;id1001415166614012
19/04/2026;12:00;Premier League;Remo Stars;Niger Tornadoes FC;N/A;;N/A;;id1000211270033414
19/04/2026;12:00;Premier League;Katsina United FC;Bayelsa United FC;N/A;;N/A;;id1000211270033418
19/04/2026;12:00;Premier League;Kano Pillars FC;Rivers United FC;N/A;;N/A;;id1000211270033424
19/04/2026;12:00;Tercera Federacion, Group 17;CF Epila;CD Belchite 97;N/A;;N/A;;id1002605063149445
19/04/2026;12:00;Segunda Federacion;Real Avila CF;Gimnastica Segoviana CF;N/A;;N/A;;id1000054461691970
19/04/2026;12:00;Tirol, Regionalliga Tirol;SV Telfs;SK Ebbs;N/A;;N/A;;id1002968261915006
19/04/2026;12:00;NB III;Hodmezovasarhelyi FC;Gyulai FC;N/A;;N/A;;id1004795262180446
19/04/2026;12:00;NB III;Komarom Vse;Papai Perutz FC;N/A;;N/A;;id1004795262161186
19/04/2026;12:00;Kings League Spain;La Capital CF;Rayo de Barcelona;N/A;;N/A;;id1004724169420144
19/04/2026;12:00;Premier League;El Kanemi Warriors;Shooting Stars;N/A;;N/A;;id1000211270033410
19/04/2026;12:00;Tercera Federacion, Group 16;CD Agoncillo;CDFC La Calzada;N/A;;N/A;;id1002604863148785
19/04/2026;12:00;Tercera Federacion, Group 4;CD San Ignacio;SD Leioa;N/A;;N/A;;id1002602463137607
19/04/2026;12:00;CFL;SK Zapy;FK Pardubice B;N/A;;N/A;;id1001415166614014
19/04/2026;12:00;Divize C;Spartak Police Nad Metuji;MFk Chrudim B;N/A;;N/A;;id1004073166606484
19/04/2026;12:00;2nd Division Group 2;Kjelsaas;Tromsdalen UIL;N/A;;N/A;;id1002463667915526
19/04/2026;12:00;NB III;Dabas FC;Szeged-Csanad Grosics Akademia II;N/A;;N/A;;id1004795262180456
19/04/2026;12:00;Segunda Federacion;SD Logrones;Real Zaragoza Deportivo Aragon;N/A;;N/A;;id1000054461694482
19/04/2026;12:00;Divize A;ZVVZ Milevsko;TJ Hluboka Nad Vlatvou;N/A;;N/A;;id1004072766605564
19/04/2026;12:00;Premier League;Haras El Hodood;Al Ittihad Al Sakandary;N/A;;N/A;;id1000080869880240
19/04/2026;12:00;NB II;Karcag SE;Kecskemeti TE;N/A;;N/A;;id1000133961690462
19/04/2026;12:00;Prva Liga, Fed BiH;NK TOSK Tesanj;FK Igman Konjic;N/A;;N/A;;id1000071663533991
19/04/2026;12:00;Divize C;Svitavy;FK Caslav;N/A;;N/A;;id1004073166606492
19/04/2026;12:00;Vysshaya Liga;FC Gomel;FC Slavia Mozyr;N/A;;N/A;;id1000016970766460
19/04/2026;12:00;U19 Division de Honor Juvenil;Real Valladolid CF;ADS Hortaleza;N/A;;N/A;;id1004834362940829
19/04/2026;12:00;Tercera Federacion, Group 17;CD Zuera;CD Utrillas;N/A;;N/A;;id1002605063149453
19/04/2026;12:00;3rd Division Group 5;Tromsoe 2;IF Floeya;N/A;;N/A;;id1002465067920478
19/04/2026;12:00;Premier League;Nasarawa United;Warri Wolves FC;N/A;;N/A;;id1000211270033428
19/04/2026;12:00;1. Liga, Women;Czarni Sosnowiec II;Kkp Bydgoszcz;N/A;;N/A;;id1004823368083306
19/04/2026;12:00;U19 Division de Honor Juvenil;Atletico Barranco Hondo;CD La Oliva;N/A;;N/A;;id1004834362941297
19/04/2026;12:00;U19 Division de Honor Juvenil;CF Union Viera;CF Acodetti;N/A;;N/A;;id1004834362941305
19/04/2026;12:00;NB II;Szeged-Csanad Grosics Akademia;Fehervar FC Szekesfehervar;N/A;;N/A;;id1000133961690458
19/04/2026;12:00;II Liiga;Tallinna FC Placet;Saue JK ;N/A;;N/A;;id1004664570773696
19/04/2026;12:00;Ykkosliiga;SJK Akatemia;PK-35 Helsinki;N/A;;N/A;;id1000005567604774
19/04/2026;12:00;U19 Division de Honor Juvenil;Alboraya UD;CF Valencia;N/A;;N/A;;id1004834362941773
19/04/2026;12:00;NB III;Balatonfuredi FC;Veszprem FC;N/A;;N/A;;id1004795262161184
19/04/2026;12:00;Tercera Federacion, Group 3;CD Tropezon;UM Escobedo;N/A;;N/A;;id1002602263136987
19/04/2026;12:00;Segunda Federacion;Salamanca CF UDS;RC Deportivo Fabril;N/A;;N/A;;id1000054461691976
19/04/2026;12:00;Segunda Federacion;UD Samano;CD Numancia;N/A;;N/A;;id1000054461691984
19/04/2026;12:00;Premier League;Defense Force SC;Hawassa Kenema SC;N/A;;N/A;;id1003365669950526
19/04/2026;12:00;2. Liga;Nd Dravinja;Nd Slovan;N/A;;N/A;;id1000053261454617
19/04/2026;12:00;NB III;Penzugyor SE;Balatonlelle;N/A;;N/A;;id1004795262181448
19/04/2026;12:00;NB III;Dombovari FC;Pte Peac;N/A;;N/A;;id1004795262181460
19/04/2026;12:00;I Liga;Pogon Grodzisk Mazowiecki;Pogon Siedlce;N/A;;N/A;;id1000022961398983
19/04/2026;12:00;CFL;SK Benatky Nad Jizerou;Tj Slovan Velvary;N/A;;N/A;;id1001415166614008
19/04/2026;12:00;Eliteserien;Sarpsborg 08;Tromsoe IL;N/A;;N/A;;id1000002067015126
19/04/2026;12:00;2. Liga, Division B, Group 4;Khimik Dzerzhinsk;FC Krylia Sovetov Samara-2;N/A;;N/A;;id1000109770252026
19/04/2026;12:00;Tercera Federacion, Group 16;CD Pradejon;CD Autol;N/A;;N/A;;id1002604863148797
19/04/2026;12:00;NB III;Godolloi SK;Senyo Carnifex FC;N/A;;N/A;;id1004795264162241
19/04/2026;12:00;Tercera Federacion, Group 8;SDA Tordesillas;SD Almazan;N/A;;N/A;;id1002603263142461
19/04/2026;12:00;Super League;AEK Athens;PAOK Thessaloniki;N/A;;N/A;;id1000018570231832
19/04/2026;12:00;1st Division;Egersunds IK;Bryne FK;N/A;;N/A;;id1000002267017866
19/04/2026;12:00;Bundesliga;LASK Linz;SK Sturm Graz;N/A;;N/A;;id1000004569751522
19/04/2026;12:00;NB III;Budaorsi SC;Ujpest FC II;N/A;;N/A;;id1004795262161192
19/04/2026;12:00;Premier League;El Gouna FC;Ismaily SC;N/A;;N/A;;id1000080869880242
19/04/2026;12:00;Premier League;FC Urartu Yerevan;FC Alashkert Yerevan;N/A;;N/A;;id1000067170629822
19/04/2026;12:00;Premier League;Kwara United;Barau FC;N/A;;N/A;;id1000211270033412
19/04/2026;12:00;Premier Division, Women;Shelbourne LFC;Bohemian FC;N/A;;N/A;;id1002868166855332
19/04/2026;12:00;Premier League;Enugu Rangers International FC;Enyimba;N/A;;N/A;;id1000211270033416
19/04/2026;12:00;NB III;Esmtk Budapest;Budapest Honved MFA;N/A;;N/A;;id1004795262180444
19/04/2026;12:00;Tercera Federacion, Group 18;CD Azuqueca;Villarrubia CF;N/A;;N/A;;id1002605263150177
19/04/2026;12:00;1st Division;Odds BK;Stabaek IF;N/A;;N/A;;id1000002267017868
19/04/2026;12:00;Premier League;Abia Warriors FC;Ikorodu City;N/A;;N/A;;id1000211270033422
19/04/2026;12:00;Tercera Federacion, Group 15;CD Izarra;CD Pamplona;N/A;;N/A;;id1002604663148115
19/04/2026;12:00;Segunda Federacion;CD Alfaro;Naxara CD;N/A;;N/A;;id1000054461694484
19/04/2026;12:00;Eliteserien;Kristiansund BK;Fredrikstad FK;N/A;;N/A;;id1000002067015124
19/04/2026;12:00;1st deild;B36 Torshavn II;FC Hoyvik;N/A;;N/A;;id1000067467993538
19/04/2026;12:00;NB III;FC Tatabanya;Bicskei Tc;N/A;;N/A;;id1004795262161182
19/04/2026;12:00;Eliteserien;HamKam;KFUM Oslo;N/A;;N/A;;id1000002067015122
19/04/2026;12:15;Tercera Federacion, Group 10;UD Tomares;AD Ceuta FC B;N/A;;N/A;;id1002603663143997
19/04/2026;12:15;Serie B;Calcio Padova;Reggiana 1919;N/A;;N/A;;id1000005362484328
19/04/2026;12:15;Ligue 1;FC Metz;Paris FC;N/A;;N/A;;id1000003461526520
19/04/2026;12:15;3rd Division Group 3;SK Brann 2;Foerde;N/A;;N/A;;id1002464667919790
19/04/2026;12:15;Superliga;FC Petrolul Ploiesti;AFC Hermannstadt;N/A;;N/A;;id1000015269744606
19/04/2026;12:15;Ligue 1;FC Nantes;Stade Brest 29;N/A;;N/A;;id1000003461526528
19/04/2026;12:15;Ligue 1;Strasbourg Alsace;Stade Rennais FC;N/A;;N/A;;id1000003461526518
19/04/2026;12:30;Superliga;FK Javor Ivanjica;FK Spartak Subotica;N/A;;N/A;;id1000021070708982
19/04/2026;12:30;Tercera Federacion, Group 13;Muleno CF;Mazarron FC;N/A;;N/A;;id1002604263146689
19/04/2026;12:30;Premier League;Manchester City;Arsenal FC;N/A;;N/A;;id1000001761301173
19/04/2026;12:30;U19 Division de Honor Juvenil;RCD Mallorca;Gimnastic Manresa CF;N/A;;N/A;;id1004834362940399
19/04/2026;12:30;Premiership;Magesi FC;Durban City;N/A;;N/A;;id1000035862670355
19/04/2026;12:30;PrvaLiga;Aluminij Kidricevo;Bravo Ljubljana;N/A;;N/A;;id1000021261454147
19/04/2026;12:30;Tercera Federacion, Group 18;CF La Solana;CD Illescas;N/A;;N/A;;id1002605263150185
19/04/2026;12:30;Tercera Federacion, Group 1;Gran Pena FC;Alondras CF;N/A;;N/A;;id1002601863135339
19/04/2026;12:30;Tercera Federacion, Group 17;CD Caspe;AD Almudevar;N/A;;N/A;;id1002605063149439
19/04/2026;12:30;Tercera Federacion, Group 1;Club Juventud Cambados;CF Noia;N/A;;N/A;;id1002601863135331
19/04/2026;12:30;Bundesliga;Bayern Munich;VfB Stuttgart;N/A;;N/A;;id1000003561514130
19/04/2026;12:30;Tercera Federacion, Group 1;CD BARCO;Arosa SC;N/A;;N/A;;id1002601863135327
19/04/2026;12:30;Tercera Federacion, Group 17;CD Binefar;CF Atletico de Monzon;N/A;;N/A;;id1002605063149437
19/04/2026;12:30;Ekstraklasa;MKS Arka Gdynia;Jagiellonia Bialystok;N/A;;N/A;;id1000020261062247
19/04/2026;12:30;Premier League;Hamrun Spartans FC;Naxxar Lions FC;N/A;;N/A;;id1000062969997650
19/04/2026;12:45;Challenge League;Mtarfa FC;Santa Lucia FC;N/A;;N/A;;id1000063070711758
19/04/2026;12:45;Tercera Federacion, Group 13;CF Santomera;Yeclano Deportivo B;N/A;;N/A;;id1002604263146693
19/04/2026;12:45;Challenge League;Pieta Hotspurs FC;St Andrews FC;N/A;;N/A;;id1000063070711776
19/04/2026;12:45;Segunda Federacion;CD Linares;CD Estepona;N/A;;N/A;;id1000054461702700
19/04/2026;12:45;U21 Elite League;AL Fateh;Al Wehda U21;N/A;;N/A;;id1004851370634636
19/04/2026;13:00;KNVB beker;AZ Alkmaar;NEC Nijmegen;N/A;;N/A;;id1000033069613516
19/04/2026;13:00;Tercera Federacion, Group 9;FC Marbelli;CD Huetor Tajar;N/A;;N/A;;id1002603463143367
19/04/2026;13:00;Tercera Federacion, Group 3;RS Gimnastica de Torrelavega;CD Cayon;N/A;;N/A;;id1002602263136985
19/04/2026;13:00;Tercera Federacion, Group 10;Conil CF;CD San Roque de Lepe;N/A;;N/A;;id1002603663143991
19/04/2026;13:00;Tercera Federacion, Group 1;CD Boiro;CA Arteixo;N/A;;N/A;;id1002601863135329
19/04/2026;13:00;Salzburg, Salzburger Liga;Tsu Bramberg;SV Grodig;N/A;;N/A;;id1000127961906288
19/04/2026;13:00;U19 Division de Honor Juvenil;Sant Cugat FC U19;Gimnastic de Tarragona;N/A;;N/A;;id1004834362940391
19/04/2026;13:00;Tercera Federacion, Group 14;CF Jaraiz;CD Badajoz;N/A;;N/A;;id1002604463147385
19/04/2026;13:00;Tercera Federacion, Group 14;Jerez CF;CD Don Benito;N/A;;N/A;;id1002604463147387
19/04/2026;13:00;Tercera Federacion, Group 13;Deportivo Maritimo;Aguilas FC B;N/A;;N/A;;id1002604263146683
19/04/2026;13:00;Division Nationale;AS La Jeunesse D Esch/Alzette;Swift Hesperange;N/A;;N/A;;id1000069061788864
19/04/2026;13:00;Superliga;1. FC Tatran Presov;FK Kosice;N/A;;N/A;;id1000021169463382
19/04/2026;13:00;Segunda Federacion;Coruxo FC;Rayo Cantabria;N/A;;N/A;;id1000054461691982
19/04/2026;13:00;Tercera Federacion, Group 7;Sad Racing Ciudad de Madrid;Cdb Siello FC;N/A;;N/A;;id1002603063139993
19/04/2026;13:00;Tercera Federacion, Group 2;CD Mosconia;SD Lenense;N/A;;N/A;;id1002602063136331
19/04/2026;13:00;Tercera Federacion, Group 1;Celtiga CF;Racing Club Villalbes;N/A;;N/A;;id1002601863135333
19/04/2026;13:00;Tercera Federacion, Group 16;SD Oyonesa;CD Berceo;N/A;;N/A;;id1002604863148795
19/04/2026;13:00;NB III;Dunaujvaros Palhalma Agrospecial SE;Kaposvari Rakoczi FC;N/A;;N/A;;id1004795262181440
19/04/2026;13:00;Tercera Federacion, Group 3;CD Laredo;CD Bezana;N/A;;N/A;;id1002602263136979
19/04/2026;13:00;Ligue 1;US Forces Armees;Rahimo FC;N/A;;N/A;;id1005119070848128
19/04/2026;13:00;Kings League Spain;Porcinos FC;Skull FC;N/A;;N/A;;id1004724169420148
19/04/2026;13:00;1. Liga, Women;Medyk Konin;KS Stare Oborzyska;N/A;;N/A;;id1004823368083304
19/04/2026;13:00;Tercera Federacion, Group 17;CD La Almunia;Andorra CF;N/A;;N/A;;id1002605063149447
19/04/2026;13:00;National 2;AS Furiani Agliani;Wasquehal Football;N/A;;N/A;;id1004798662214214
19/04/2026;13:00;Segunda Division;Santiago Morning;Lota Schwager;N/A;;N/A;;id1004228370242024
19/04/2026;13:00;Superliga;Vejle BK;FC Copenhagen;N/A;;N/A;;id1000003969653798
19/04/2026;13:00;Liga 1;Sporting Cristal;UTC de Cajamarca;N/A;;N/A;;id1000040670317670
19/04/2026;13:00;Tercera Federacion, Group 18;CD Sonseca;CP Villarrobledo;N/A;;N/A;;id1002605263150189
19/04/2026;13:00;Tercera Federacion, Group 18;CD Huracan de Balazote;Calvo Sotelo Puertollano;N/A;;N/A;;id1002605263150183
19/04/2026;13:00;Ligue 1;Rail Club de Kadiogo;Salitas FC;N/A;;N/A;;id1005119070855090
19/04/2026;13:00;Liga 2;Sport Huancayo Reserve;CSDC Alianza Universidad;N/A;;N/A;;id1001523570484688
19/04/2026;13:00;Tercera Federacion, Group 14;CD Gevora;Moralo CP;N/A;;N/A;;id1002604463694685
19/04/2026;13:00;Segunda Federacion;Real Jaen CF;Puente Genil FC;N/A;;N/A;;id1000054461702688
19/04/2026;13:00;Tercera Federacion, Group 15;CD Oberena;CA Cirbonero;N/A;;N/A;;id1002604663148109
19/04/2026;13:00;Superliga;FK Radnicki 1923 Kragujevac;FK Radnicki Nis;N/A;;N/A;;id1000021070708978
19/04/2026;13:00;Segunda Federacion;UD Ourense;CD Lealtad de Villaviciosa;N/A;;N/A;;id1000054461691968
19/04/2026;13:00;Segunda Federacion;SD Sarriana;Club Marino de Luanco;N/A;;N/A;;id1000054461691980
19/04/2026;13:00;U23 Olympic League;AL Arabi Doha;AL Shamal;N/A;;N/A;;id1004850970085244
19/04/2026;13:00;Tercera Federacion, Group 1;SD Compostela;Atletico Coruna Montaneros CF;N/A;;N/A;;id1002601863135335
19/04/2026;13:00;Tercera Federacion, Group 6;Atletico Saguntino;UD Alzira;N/A;;N/A;;id1002602863139345
19/04/2026;13:00;U23 Olympic League;AL Shahaniya SC;AL Sadd;N/A;;N/A;;id1004850970085248
19/04/2026;13:00;Torneo Federal A;Sportivo Las Parejas;Gimnasia y Esgrima de Concepcion del Uruguay;N/A;;N/A;;id1003010669614130
19/04/2026;13:00;Segunda Federacion;UE Olot;FC Barcelona Atletic;N/A;;N/A;;id1000054461697974
19/04/2026;13:00;Segunda Federacion;UE Sant Andreu;Reus FC Reddis;N/A;;N/A;;id1000054461697972
19/04/2026;13:00;Tercera Federacion, Group 7;UD Sanse;CF Pozuelo de Alarcon;N/A;;N/A;;id1002603063139999
19/04/2026;13:00;FNL;FC Vysocina Jihlava;FC Zbrojovka Brno;N/A;;N/A;;id1000020561326567
19/04/2026;13:00;3rd Division Group 2;Nardo FK;Aalesund FK 2;N/A;;N/A;;id1002464467919514
19/04/2026;13:00;NB III;SC Sopron;Zsambeki SK;N/A;;N/A;;id1004795262161188
19/04/2026;13:00;Ligue 1;FC San Pedro;Club Omnisports de Korhogo;N/A;;N/A;;id1000121170825420
19/04/2026;13:00;1st Division;Krasava ENY Ypsonas FC;Ethnikos Achnas FC;N/A;;N/A;;id1000017170236020
19/04/2026;13:00;Championnat National U19;Paris Saint-Germain FC;C Chartres Football;N/A;;N/A;;id1002627670506528
19/04/2026;13:00;Primera C;Yupanqui;CA Puerto Nuevo;N/A;;N/A;;id1002617467122728
19/04/2026;13:00;Tercera Federacion, Group 13;CD Bala Azul;Olimpico Totana;N/A;;N/A;;id1002604263146677
19/04/2026;13:00;Serie A;Pisa SC;Genoa CFC;N/A;;N/A;;id1000002361061595
19/04/2026;13:00;NB III;Pecsi MFC;Majosi SE;N/A;;N/A;;id1004795262181436
19/04/2026;13:00;Segunda Federacion;CD Xerez;CD Extremadura;N/A;;N/A;;id1000054461702704
19/04/2026;13:00;2nd Division;Isa Town;Qalali Club;N/A;;N/A;;id1001972470066136
19/04/2026;13:00;2nd Division;AL Hala;Um Alhassam;N/A;;N/A;;id1001972470066140
19/04/2026;13:00;2nd Division;Busaiteen;Etehad Alreef;N/A;;N/A;;id1001972470066138
19/04/2026;13:00;Premier League;Hapoel Ironi Kiryat Shmona FC;Hapoel Jerusalem FC;N/A;;N/A;;id1000026670773042
19/04/2026;13:00;Ligue 1;AFAD Djekanou;Bouake FC;N/A;;N/A;;id1000121170987218
19/04/2026;13:00;Ligue 1;US Tchologo;Inova Sca;N/A;;N/A;;id1000121170825424
19/04/2026;13:15;Primera Federacion;CE Sabadell FC;Hercules de Alicante CF;N/A;;N/A;;id1003483461687540
19/04/2026;13:15;Primera Federacion;CF Algeciras;SD Tarazona;N/A;;N/A;;id1003483461687536
19/04/2026;13:15;Primera Federacion;CD Guadalajara;Pontevedra CF;N/A;;N/A;;id1003483461685638
19/04/2026;13:15;Premier League;Tofta Itrottarfelag B68;HB Torshavn;N/A;;N/A;;id1000067367849956
19/04/2026;13:15;Primera Federacion;Club Deportivo Eldense;FC Cartagena;N/A;;N/A;;id1003483461687542
19/04/2026;13:30;Tercera Federacion, Group 9;CD Torreperogil;CD Alhaurino;N/A;;N/A;;id1002603463143361
19/04/2026;13:30;Liga Profesional;CA Aldosivi;Racing Club Avellaneda;N/A;;N/A;;id1000015567091942
19/04/2026;13:30;Tercera Federacion, Group 14;CD Santa Amalia;SP Villafranca;N/A;;N/A;;id1002604463147393
19/04/2026;13:30;Tercera Federacion, Group 2;Club Siero;Navarro CF;N/A;;N/A;;id1002602063136327
19/04/2026;13:30;LaLiga 2;SD Eibar;SD Huesca;N/A;;N/A;;id1000005461623806
19/04/2026;13:30;1. Liga;FC Viktoria Plzen;FK Pardubice;N/A;;N/A;;id1000017261324735
19/04/2026;13:30;Pro League;Union Saint-Gilloise;Club Brugge;N/A;;N/A;;id1000003870207404
19/04/2026;13:30;Tercera Federacion, Group 4;Zarautz Ke;CD Santurtzi KE;N/A;;N/A;;id1002602463137613
19/04/2026;13:30;LaLiga 2;Albacete Balompie;Granada CF;N/A;;N/A;;id1000005461623802
19/04/2026;13:30;Segunda Federacion;Espanyol Barcelona B;Girona FC B;N/A;;N/A;;id1000054461697966
19/04/2026;13:30;Tercera Federacion, Group 9;Atletico Porcuna CF;UD San Pedro;N/A;;N/A;;id1002603463143359
19/04/2026;13:30;Premier League;FK Krasnodar;FC Baltika Kaliningrad;N/A;;N/A;;id1000020361376693
19/04/2026;13:30;Tercera Federacion, Group 2;Caudal Deportivo;UD Gijon Industrial;N/A;;N/A;;id1002602063136323
19/04/2026;13:30;Segunda Federacion;Yeclano Deportivo;UD Almeria B;N/A;;N/A;;id1000054461702702
19/04/2026;13:30;Tercera Federacion, Group 8;CD Colegios Diocesanos;Unionistas de Salamanca CF B;N/A;;N/A;;id1002603263142463
19/04/2026;13:30;Primera Division;Coquimbo Unido;Nublense;N/A;;N/A;;id1002766567681830
19/04/2026;14:00;Ligue 1;US Ouakam;Walidaan Dkr;N/A;;N/A;;id1000122670873572
19/04/2026;14:00;Tercera Federacion, Group 11;CF Platges de Calvia;CD Binissalem;N/A;;N/A;;id1002603863145281
19/04/2026;14:00;Tercera Federacion, Group 1;CD Estradense;UD Somozas;N/A;;N/A;;id1002601863135337
19/04/2026;14:00;Ligue 1;AS Camberene;Teungueth FC;N/A;;N/A;;id1000122670873576
19/04/2026;14:00;Kings League Spain;Xbuyer Team;Ultimate Mostoles;N/A;;N/A;;id1004724169420152
19/04/2026;14:00;Copa Ecuador;Africando SC;CD Independiente Juniors;N/A;;N/A;;id1002920870484618
19/04/2026;14:00;Primera Division;Nueva Santa Rosa Cdf;Huehuetecos FC;N/A;;N/A;;id1004800070809888
19/04/2026;14:00;Primera B;CSD Liniers;CA Brown de Adrogue;N/A;;N/A;;id1000134767119234
19/04/2026;14:00;Torneo Federal A;CA Linqueno;CA 9 de Julio Rafaela;N/A;;N/A;;id1003010669614126
19/04/2026;14:00;Primera Division, Reserves, Clausura;CD Hercules U20;CD Luis Angel Firpo;N/A;;N/A;;id1003616770905364
19/04/2026;14:00;NB II;Soroksar SC;Budafoki Mte;N/A;;N/A;;id1000133961690456
19/04/2026;14:00;Primera Nacional;CA Colegiales;CA Temperley;N/A;;N/A;;id1000070367118318
19/04/2026;14:00;NB II;Bekescsaba 1912 Elore;Szentlorinc SE;N/A;;N/A;;id1000133961690470
19/04/2026;14:00;Segunda Federacion;Aguilas FC;CF Lorca Deportiva;N/A;;N/A;;id1000054461702694
19/04/2026;14:00;Premier Division, Women;Wexford Youths AFC;Cork City Wfc;N/A;;N/A;;id1002868166855334
19/04/2026;14:00;Kategoria Superiore;Partizani Tirana;Bylis Ballsh;N/A;;N/A;;id1000072062155406
19/04/2026;14:00;Premier Division, Women;Athlone Town FC;Peamount United Dublin;N/A;;N/A;;id1002868166855336
19/04/2026;14:00;Super Lig;Trabzonspor;Istanbul Basaksehir;N/A;;N/A;;id1000005261730174
19/04/2026;14:00;Ligue 1;ASC Linguere;AS Pikine;N/A;;N/A;;id1000122670873570
19/04/2026;14:00;Ligue 1;Casa Sport;Guediawaye FC;N/A;;N/A;;id1000122670873574
19/04/2026;14:00;Premier League;Beitar Jerusalem FC;Maccabi Haifa FC;N/A;;N/A;;id1000026670773024
19/04/2026;14:00;Kolmonen;AC Estudiantes;Fish United;N/A;;N/A;;id1004667169923630
19/04/2026;14:00;U21 Liga MX;Santos Laguna;Atlas FC;N/A;;N/A;;id1004805667149976
19/04/2026;14:15;Liga Portugal;Sporting CP;SL Benfica;N/A;;N/A;;id1000023861731474
19/04/2026;14:15;Pro League;RAAL La Louviere;SV Zulte Waregem;N/A;;N/A;;id1000003870207534
19/04/2026;14:15;Eliteserien;IK Start;Molde FK;N/A;;N/A;;id1000002067015128
19/04/2026;14:30;Tercera Federacion, Group 5;CP San Cristobal;UE Tona;N/A;;N/A;;id1002602663138717
19/04/2026;14:30;3. Liga;SV Wehen Wiesbaden;SV Waldhof Mannheim 07;N/A;;N/A;;id1000049161709630
19/04/2026;14:30;U21 Elite League;AL Ittihad Jeddah;Neom SC U21;N/A;;N/A;;id1004851370634638
19/04/2026;14:30;Bundesliga;Borussia Monchengladbach;FSV Mainz;N/A;;N/A;;id1000003561514140
19/04/2026;14:30;NB I;WKW ETO FC Gyor;Ferencvarosi Budapest;N/A;;N/A;;id1000018761272895
19/04/2026;14:30;II Liga;Warta Poznan;Podbeskidzie Bielsko-Biała;N/A;;N/A;;id1000051561467213
19/04/2026;14:30;Serie B;Empoli FC;Virtus Entella;N/A;;N/A;;id1000005362484320
19/04/2026;14:30;Premier League;Maccabi Tel Aviv FC;Hapoel Tel Aviv FC;N/A;;N/A;;id1000026670773026
19/04/2026;15:00;Ligue 1;ASEC Mimosas;Racing Club Dabidjan;N/A;;N/A;;id1000121170825426
19/04/2026;15:00;Primera B;CA Villa San Carlos;CD Armenio;N/A;;N/A;;id1000134767119232
19/04/2026;15:00;Primera B;Villa Dalmine;Argentino de Merlo;N/A;;N/A;;id1000134767119240
19/04/2026;15:00;Primera Nacional;Mitre Santiago del Estero;Ferro Carril Oeste;N/A;;N/A;;id1000070367117602
19/04/2026;15:00;Kings League Spain;Pio FC;Saiyans FC;N/A;;N/A;;id1004724169420150
19/04/2026;15:00;Torneo Federal A;CA Huracan Las Heras;AC San Martin de Mendoza;N/A;;N/A;;id1003010669615320
19/04/2026;15:00;Super League;Panathinaikos Athens;Olympiacos Piraeus;N/A;;N/A;;id1000018570231834
19/04/2026;15:00;Cup, Women;IR Reykjavik;Alftanes;N/A;;N/A;;id1001927668645002
19/04/2026;15:00;Superliga;CS Universitatea Craiova;Rapid Bucuresti 1923;N/A;;N/A;;id1000015269785224
19/04/2026;15:00;Segunda Federacion;SD Beasain;UD Logrones;N/A;;N/A;;id1000054461694478
19/04/2026;15:00;Brasileiro A3, Women;Brasil de Farroupilha RS;Coritiba FC PR;N/A;;N/A;;id1004694569855700
19/04/2026;15:00;U20 Gaucho, Serie A1;Inter de Santa Maria RS U20;EC Sao Luiz RS;N/A;;N/A;;id1003976169768918
19/04/2026;15:00;Primera Nacional;CA Estudiantes;CA Chaco For Ever;N/A;;N/A;;id1000070367117604
19/04/2026;15:00;Brasileiro A3, Women;Sampaio Correa FC MA;Liga Sao Jao PI;N/A;;N/A;;id1004694569855748
19/04/2026;15:00;Primera Division, Reserves, Clausura;CD Aguila;Inter Formando Un Atleta U20;N/A;;N/A;;id1003616770905366
19/04/2026;15:00;Brasileiro A3, Women;Guarani de Paripueira Al;Atletico de Alagoinhas BA;N/A;;N/A;;id1004694569855864
19/04/2026;15:00;Primera B;CS Dock Sud;CA Ituzaingo;N/A;;N/A;;id1000134767119222
19/04/2026;15:00;Brasileiro Serie A2, Women;Doce Mel EC BA;CA Piauiense PI;N/A;;N/A;;id1003203968971682
19/04/2026;15:00;Alagoano, Serie B U23;AS Sao Domingos AL;Jacioba AC AL;N/A;;N/A;;id1004005370673142
19/04/2026;15:00;Superliga;FK IMT Novi Beograd;FK Mladost Lucani;N/A;;N/A;;id1000021070708984
19/04/2026;15:00;Primera Nacional;Club Almirante Brown;CA Central Norte Salta;N/A;;N/A;;id1000070367117600
19/04/2026;15:00;Alagoano, Serie B U23;Sporting FC Teotonio AL;Miguelense FC AL;N/A;;N/A;;id1004005370673148
19/04/2026;15:00;Premier League;Kahrabaa Ismailia;Ghazl El Mahallah;N/A;;N/A;;id1000080869880244
19/04/2026;15:00;Brasileiro Serie D;Maguary PE;Club Laguna SAF;N/A;;N/A;;id1001533570321576
19/04/2026;15:00;Liga de Expansion MX, Clausura;Leones Negros UDEG;Cancun FC;N/A;;N/A;;id1002738466919560
19/04/2026;15:00;Liga Portugal 3;Academica de Coimbra;CF Os Belenenses;N/A;;N/A;;id1003490068351348
19/04/2026;15:00;USL League One;New York Cosmos;Forward Madison FC;N/A;;N/A;;id1002816567171878
19/04/2026;15:00;U20 Gaucho, Serie A1;CE Bento Goncalves RS;Ser Caxias RS;N/A;;N/A;;id1003976169768866
19/04/2026;15:00;LigaPro Primera A;Manta FC;CD Cuenca;N/A;;N/A;;id1000024068687574
19/04/2026;15:00;Premier League;Modern Sport FC;Zed FC;N/A;;N/A;;id1000080869880246
19/04/2026;15:00;Torneo Federal A;Villa Mitre de Bahia Blanca;CD Santamarina Tandil;N/A;;N/A;;id1003010669616802
19/04/2026;15:00;Canadian Premier League;FC Supra Du Quebec;Atletico Ottawa;N/A;;N/A;;id1002843268685960
19/04/2026;15:00;U20 Catarinense, Serie A;Chapecoense SC;Carlos Renaux SC;N/A;;N/A;;id1004688169688480
19/04/2026;15:00;Brasileiro A3, Women;AE Realidade Jovem SP;Sao Jose EC;N/A;;N/A;;id1004694569855674
19/04/2026;15:10;Liga 2;CD Universidad Cesar Vallejo;AD Cantolao;N/A;;N/A;;id1001523570484674
19/04/2026;15:30;Serie C, Group C;ASD Sorrento 1945;Atalanta BC;N/A;;N/A;;id1002655862411950
19/04/2026;15:30;Serie C, Group C;US Salernitana;AZ Picerno;N/A;;N/A;;id1002655862411946
19/04/2026;15:30;Brasileiro Serie D;SD Juazeirense BA;EC Jacuipense BA;N/A;;N/A;;id1001533570322768
19/04/2026;15:30;Serie C, Group C;Giugliano Calcio 1928;Benevento Calcio;N/A;;N/A;;id1002655862411940
19/04/2026;15:30;Paranaense, 2. Divisao;Paranavai PR;EC Laranja Mecanica PR;N/A;;N/A;;id1003943968641216
19/04/2026;15:30;Paranaense, 2. Divisao;Toledo EC PR;Rio Branco SC PR;N/A;;N/A;;id1003943968641222
19/04/2026;15:30;Brasileiro Serie A2, Women;Vila Nova FC GO;Itabirito FC MG;N/A;;N/A;;id1003203968971680
19/04/2026;15:30;Serie C, Group C;SS Monopoli;Calcio Foggia;N/A;;N/A;;id1002655862411944
19/04/2026;15:30;Serie C, Group C;Siracusa Calcio;Cavese 1919;N/A;;N/A;;id1002655862411948
19/04/2026;15:30;Serie C, Group C;S.S.D. Casarano Calcio;FC Crotone;N/A;;N/A;;id1002655862411934
19/04/2026;15:30;Primera Federacion;CD Lugo;CF Talavera de La Reina;N/A;;N/A;;id1003483461685632
19/04/2026;15:30;Serie C, Group C;Cosenza Calcio;Trapani Calcio;N/A;;N/A;;id1002655862411938
19/04/2026;15:30;Serie C, Group C;Latina Calcio;Casertana FC;N/A;;N/A;;id1002655862411942
19/04/2026;15:30;Serie C, Group C;Calcio Catania;Potenza Calcio;N/A;;N/A;;id1002655862411936
19/04/2026;15:30;Serie C, Group C;Audace Cerignola;Team Altamura;N/A;;N/A;;id1002655862411932
19/04/2026;15:30;Primera C;CDM Leandro N. Alem;Central Ballester;N/A;;N/A;;id1002617467122744
19/04/2026;15:30;Primera Nacional;Gimnasia y Esgrima de Jujuy;Club Almagro;N/A;;N/A;;id1000070367118314
19/04/2026;15:30;Primera C;CA Fenix Pilar;AD Berazategui;N/A;;N/A;;id1002617467122748
19/04/2026;15:45;Serie A;Juventus Turin;Bologna FC;N/A;;N/A;;id1000002361061589
19/04/2026;15:45;Ligue 1;Paris Saint-Germain;Olympique Lyon;N/A;;N/A;;id1000003461526532
19/04/2026;16:00;Liga de Ascenso, Clausura;CS Uruguay de Coronado;Quepos Cambute;N/A;;N/A;;id1002776570795548
19/04/2026;16:00;Brasileiro A3, Women;Varzea Grande EC MT;Cresspom DF;N/A;;N/A;;id1004694569855652
19/04/2026;16:00;Brasileiro Serie D;Capital CF DF;Goiatuba EC GO;N/A;;N/A;;id1001533570320246
19/04/2026;16:00;Brasileiro Serie D;Real Noroeste ES;Tombense FC MG;N/A;;N/A;;id1001533570322902
19/04/2026;16:00;Primera A, Apertura;Independiente Santa Fe;Cucuta Deportivo FC;N/A;;N/A;;id1002707067698086
19/04/2026;16:00;Segunda Division;Real San Joaquin;CD Provincial Ovalle FC;N/A;;N/A;;id1004228369612798
19/04/2026;16:00;Brasileiro Serie B;Londrina EC PR;Ceara SC CE;N/A;;N/A;;id1000039068822766
19/04/2026;16:00;Liga Nacional. Clausura;Deportivo Mixco;Aurora FC;N/A;;N/A;;id1002739867524762
19/04/2026;16:00;Brasileiro Serie D;Alagoinhas AC BA;CS Esportiva AL;N/A;;N/A;;id1001533570322770
19/04/2026;16:00;Brasileiro Serie A;Santos FC SP;Fluminense FC RJ;N/A;;N/A;;id1000032566886702
19/04/2026;16:00;CAF Confederations Cup;Olympique Club de Safi;USM Alger;N/A;;N/A;;id1000111570471386
19/04/2026;16:00;Brasileiro Serie A;Coritiba FC PR;Atletico Mineiro MG;N/A;;N/A;;id1000032566886712
19/04/2026;16:00;Brasileiro A3, Women;Mixto EC PB;SE Uniao De Natal RN;N/A;;N/A;;id1004694569855772
19/04/2026;16:00;Cearense, Serie B;Crato EC CE;Barbalha FC CE;N/A;;N/A;;id1003666767925342
19/04/2026;16:00;Brasileiro Serie D;Tocantinopolis EC TO;Trem DC AP;N/A;;N/A;;id1001533570320564
19/04/2026;16:00;AFC Champions League Two;Al Ahli Doha SC;Al Hussein Irbid;N/A;;N/A;;id1000066870028394
19/04/2026;16:00;LaLiga 2;UD Almeria;Malaga CF;N/A;;N/A;;id1000005461623808
19/04/2026;16:00;Brasileiro Serie D;Fluminense EC PI;Piaui PI;N/A;;N/A;;id1001533570321068
19/04/2026;16:00;Primera Division;Danubio FC;Deportivo Maldonado;N/A;;N/A;;id1000027870629748
19/04/2026;16:00;Brasileiro Serie D;Tuna Luso PA;Oratorio RC AP;N/A;;N/A;;id1001533570320568
19/04/2026;16:00;Segunda Division;Huracan FC;CA Fenix Montevideo;N/A;;N/A;;id1000190870819316
19/04/2026;16:00;Brasileiro Serie A2, Women;Minas Brasilia DF;Acao Futebol MT;N/A;;N/A;;id1003203968971678
19/04/2026;16:00;Brasileiro Serie D;Cianorte FC PR;Joinville EC SC;N/A;;N/A;;id1001533570323222
19/04/2026;16:00;Brasileiro Serie D;Cascavel PR;Guarany de Bage FC;N/A;;N/A;;id1001533570323220
19/04/2026;16:00;Brasileiro Serie D;Gremio Esportivo Brasil;IF Sao Joseense PR;N/A;;N/A;;id1001533570323290
19/04/2026;16:00;Brasileiro Serie D;Central SC PE;Sousa EC PB;N/A;;N/A;;id1001533570321578
19/04/2026;16:00;Brasileiro Serie B;Botafogo FC SP;AC Goianiense GO;N/A;;N/A;;id1000039068822760
19/04/2026;16:30;Primera B;CD Antofagasta;Deportes Copiapo;N/A;;N/A;;id1000124068097832
19/04/2026;16:30;Primera Division;Cobresal;CD O´Higgins;N/A;;N/A;;id1002766567681828
19/04/2026;16:30;Segunda Division;Atletico El Vigia;Yaracuyanos FC;N/A;;N/A;;id1001730270817518
19/04/2026;16:30;Segunda Division;Club Atletico Barinas;Deportivo Lara;N/A;;N/A;;id1001730270817520
19/04/2026;16:30;Liga Portugal;FC Porto;CD Tondela;N/A;;N/A;;id1000023861731480
19/04/2026;16:30;Segunda Division;Urena SC;Real Frontera FC;N/A;;N/A;;id1001730270817598
19/04/2026;16:30;Brasileiro Serie C;Guarani FC SP;AO Itabaiana SE;N/A;;N/A;;id1000128169254940
19/04/2026;16:30;Liga Portugal;SC Braga;FC Famalicao;N/A;;N/A;;id1000023861731482
19/04/2026;16:40;USL League One;Portland Hearts of Pine;FC Naples;N/A;;N/A;;id1002816567171880
19/04/2026;17:00;Brasileiro Serie D;Porto Velho EC/RO;Araguaina TO;N/A;;N/A;;id1001533570318472
19/04/2026;17:00;Primera Division;Chichicasteco FC;AFF Guatemala;N/A;;N/A;;id1004800070809898
19/04/2026;17:00;U17 CONMEBOL Championship;Ecuador;Brazil;N/A;;N/A;;id1000204370879832
19/04/2026;17:00;Liga Profesional;CA River Plate (ARG);Boca Juniors;N/A;;N/A;;id1000015567091926
19/04/2026;17:00;MLS Next Pro;Portland Timbers II;North Texas SC;N/A;;N/A;;id1003647968156512
19/04/2026;17:00;MLS Next Pro;Los Angeles FC 2;San Jose Earthquakes II;N/A;;N/A;;id1003647968156524
19/04/2026;17:00;MLS Next Pro;New York City FC II;CT United FC;N/A;;N/A;;id1003647968156498
19/04/2026;17:00;Brasileiro Serie D;Operario FC MS;Abecat Ouvidorense GO;N/A;;N/A;;id1001533570322832
19/04/2026;17:00;Liga 1;Alianza Atletico;Sport Boys Association;N/A;;N/A;;id1000040670317676
19/04/2026;17:00;Brasileiro Serie D;AS Arapiraquense AL;CS Alagoano AL;N/A;;N/A;;id1001533570322766
19/04/2026;17:00;Brasileiro Serie D;Nacional FC AM;Gremio Atletico Sampaio RR;N/A;;N/A;;id1001533570318392
19/04/2026;17:00;Brasileiro Serie D;Primavera AC MT;SE Gama DF;N/A;;N/A;;id1001533570319950
19/04/2026;17:00;Brasileiro Serie D;Aguia de Maraba FC PA;SD Imperatriz MA;N/A;;N/A;;id1001533570320566
19/04/2026;17:00;Brasileiro Serie D;Treze FC PB;CS Sergipe SE;N/A;;N/A;;id1001533570322084
19/04/2026;17:20;Liga 2;AD Comerciantes FC;CS Santos FC;N/A;;N/A;;id1001523570484690
19/04/2026;17:30;Premier League;Montego Bay United;Racing United FC;N/A;;N/A;;id1000189270916574
19/04/2026;17:30;Premier League;Harbour View FC;Waterhouse FC;N/A;;N/A;;id1000189270781960
19/04/2026;17:30;Premier League;Tivoli Gardens;Dunbeholden FC;N/A;;N/A;;id1000189270912232
19/04/2026;17:30;Premier League;Treasure Beach FC;Mount Pleasant FC;N/A;;N/A;;id1000189270758074
19/04/2026;17:30;Division de Honor, Apertura;Club Olimpia;Cerro Porteno;N/A;;N/A;;id1002709868042438
19/04/2026;17:30;Premier League;Chapelton Maroons FC;Portmore United;N/A;;N/A;;id1000189270944214
19/04/2026;17:30;LigaPro Primera A;CSD Independiente del Valle;LDU Quito;N/A;;N/A;;id1000024068687566
19/04/2026;17:30;Premier League;Arnett Gardens FC;Molynes;N/A;;N/A;;id1000189270868824
19/04/2026;18:00;Canadian Premier League;Inter Toronto FC;Vancouver FC;N/A;;N/A;;id1002843268685962
19/04/2026;18:00;Liga de Ascenso;CD Arsenal Sao Cantarranas;Domingo Savio;N/A;;N/A;;id1004585770835154
19/04/2026;18:00;Segunda Division;CD Talleres Jr;Sensunte Cabanas FC;N/A;;N/A;;id1003917370840544
19/04/2026;18:00;Segunda Division;CD Fuerte Aguilares;AD Juventud Independiente;N/A;;N/A;;id1003917370840536
19/04/2026;18:00;Segunda Division;AD Espartano;AD Batanecos;N/A;;N/A;;id1003917370840540
19/04/2026;18:00;Segunda Division;Atletico Balboa;CD Cruzeiro;N/A;;N/A;;id1003917370840538
19/04/2026;18:00;Segunda Division;Neo Pipil San Juan Nonualco;CD Pipil;N/A;;N/A;;id1003917370840542
19/04/2026;18:00;Primera Division, Clausura;CD Aguila San Miguel;Inter Formando UN Atleta;N/A;;N/A;;id1002709067603964
19/04/2026;18:00;Brasileiro Serie D;Sao Raimundo EC RR;Monte Roraima RR;N/A;;N/A;;id1001533570318394
19/04/2026;18:00;Mato-Grossense, 2. Divisao;Sorriso FC MT;Sorriso EC MT;N/A;;N/A;;id1004753469834724
19/04/2026;18:00;Primera Division, Clausura;CD Hercules;CD Luis Angel Firpo Usulutan;N/A;;N/A;;id1002709067603960
19/04/2026;18:00;Liga Panamena de Futbol, Clausura;Cocle FC;San Francisco FC;N/A;;N/A;;id1002710470835374
19/04/2026;18:00;Liga Nacional. Clausura;Platense FC Puerto Cortes;Lobos UPNFM;N/A;;N/A;;id1002741670089670
19/04/2026;18:00;Brasileiro Serie D;Manaus FC AM;Manauara EC AM;N/A;;N/A;;id1001533570318396
19/04/2026;18:00;MLS Next Pro;Red Bull New York II;FC Cincinnati 2;N/A;;N/A;;id1003647968156514
19/04/2026;18:00;Brasileiro Serie D;Ivinhema MS;Betim Futebol MG;N/A;;N/A;;id1001533570322834
19/04/2026;18:00;Liga Nacional. Clausura;CSD Coban Imperial;Deportivo Achuapa;N/A;;N/A;;id1002739867524758
19/04/2026;18:00;Primera Division;Estudiantes de Merida;Monagas SC;N/A;;N/A;;id1000023167691318
19/04/2026;18:00;USL Championship;Birmingham Legion FC;Indy Eleven;N/A;;N/A;;id1002816367172490
19/04/2026;18:00;Brasileiro Serie B;Goias EC GO;Cuiaba EC MT;N/A;;N/A;;id1000039068822770
19/04/2026;18:00;USL Super League, Women;Dallas Trinity FC;Carolina Ascent;N/A;;N/A;;id1004343962509032
19/04/2026;18:10;Primera A, Apertura;Alianza FC Valledupar;Independiente Medellin;N/A;;N/A;;id1002707067698092
19/04/2026;18:30;Brasileiro Serie A;Red Bull Bragantino SP;Clube do Remo PA;N/A;;N/A;;id1000032566886706
19/04/2026;18:30;MLS Next Pro;Real Monarchs SLC;Houston Dynamo 2;N/A;;N/A;;id1003647968156516
19/04/2026;18:30;Brasileiro Serie C;Figueirense FC SC;Botafogo FC PB;N/A;;N/A;;id1000128169254942
19/04/2026;18:30;Brasileiro Serie A;SE Palmeiras SP;CA Paranaense PR;N/A;;N/A;;id1000032566886704
19/04/2026;19:00;Primera Nacional;San Martin de Tucuman;CSD Tristan Suarez;N/A;;N/A;;id1000070367118328
19/04/2026;19:00;Liga de Ascenso;Pumas FC Las Vegas;CD Estrella Roja;N/A;;N/A;;id1004585770835252
19/04/2026;19:00;Division Honor;SV Deportivo Nacional;Atlantico Deportivo;N/A;;N/A;;id1005104670930308
19/04/2026;19:00;Primera B;San Luis de Quillota;Deportes Iquique;N/A;;N/A;;id1000124068097844
19/04/2026;19:00;Liga Femenina;Independiente Santa Fe;Internacional de Bogota;N/A;;N/A;;id1003628169089274
19/04/2026;19:00;Primera Division;Rancho Santana FC;Art Municipal Jalapa;N/A;;N/A;;id1001924270779458
19/04/2026;19:15;Liga 1;FBC Melgar;Universitario de Deportes;N/A;;N/A;;id1000040670317674
19/04/2026;19:30;U17 CONMEBOL Championship;Argentina;Colombia;N/A;;N/A;;id1000204370879834
19/04/2026;19:30;Torneo Federal A;Costa Brava de General Pico;CSB Atenas;N/A;;N/A;;id1003010669615316
19/04/2026;19:30;Primera Division;Colo-Colo;CD Palestino;N/A;;N/A;;id1002766567681826
19/04/2026;19:30;Primera Division;Liverpool Montevideo;Club Nacional de Football;N/A;;N/A;;id1000027870629750
19/04/2026;19:30;Brasileiro Serie A;CR Flamengo RJ;EC Bahia BA;N/A;;N/A;;id1000032566886698
19/04/2026;20:00;Primera Division;Diriangen FC Diriamba;Real Madriz;N/A;;N/A;;id1001924270779460
19/04/2026;20:00;USL Super League, Women;Spokane Zephyr FC;Sporting Jacksonville;N/A;;N/A;;id1004343962509034
19/04/2026;20:00;Liga de Expansion MX, Clausura;Jaiba Brava;Atletico Morelia;N/A;;N/A;;id1002738466919562
19/04/2026;20:00;Liga Nacional. Clausura;CD Mictlan;CSD Xelaju MC;N/A;;N/A;;id1002739867524766
19/04/2026;20:00;Primera Nacional;CA Racing de Cordoba;CA Defensores de Belgrano;N/A;;N/A;;id1000070367117596
19/04/2026;20:00;Brasileiro Serie B;Fortaleza EC CE;Criciuma EC SC;N/A;;N/A;;id1000039068822768
19/04/2026;20:00;MLS Next Pro;Orlando City B;Carolina Core FC;N/A;;N/A;;id1003647968156518
19/04/2026;20:00;Primera Division, Clausura;CD FAS Santa Ana;CD. Cacahuatique;N/A;;N/A;;id1002709067603962
19/04/2026;20:00;MLS;Los Angeles FC;San Jose Earthquakes;N/A;;N/A;;id1000024266299034
19/04/2026;20:00;Liga MX, Clausura;Club Santos Laguna;Atlas FC;N/A;;N/A;;id1002746666856152
19/04/2026;20:00;Brasileiro Serie B;Gremio Novorizontino SP;Athletic Club Sjdr MG;N/A;;N/A;;id1000039068822762
19/04/2026;20:00;Primera Nacional;Gimnasia Y Tiro de Salta;CA Guemes;N/A;;N/A;;id1000070367118326
19/04/2026;20:00;Primera Division;UCV FC;Deportivo Tachira;N/A;;N/A;;id1000023167691312
19/04/2026;20:00;Primera Division, Clausura;Liga Deportiva Alajuelense;Deportivo Saprissa San Jose;N/A;;N/A;;id1002709466443296
19/04/2026;20:10;LigaPro Primera A;CSD Macara;Barcelona SC;N/A;;N/A;;id1000024068687562
19/04/2026;20:15;Liga Panamena de Futbol, Clausura;AF Sporting San Miguelito;CD Plaza Amador Panama City;N/A;;N/A;;id1002710470835376
19/04/2026;20:15;Liga Nacional. Clausura;FC Motagua Tegucigalpa;Juticalpa FC;N/A;;N/A;;id1002741670089676
19/04/2026;20:20;Primera A, Apertura;CD Junior FC;Llaneros FC;N/A;;N/A;;id1002707067698090
19/04/2026;20:30;Liga Profesional;CA Rosario Central;CA Sarmiento Junin;N/A;;N/A;;id1000015567091948
19/04/2026;20:30;Liga Profesional;CA Talleres de Cordoba;Deportivo Riestra AFBC;N/A;;N/A;;id1000015567091930
18/04/2026;21:00;Liga de Ascenso;Tigres de Chinandega;San Marcos FC;N/A;;N/A;;id1004819770840522
18/04/2026;21:00;Liga Premier Serie A;Santiago FC;Zacatepec FC;N/A;;N/A;;id1004053370825518
18/04/2026;21:00;National League;Nelson Suburbs FC;Selwyn United FC;N/A;;N/A;;id1000059469463238
18/04/2026;21:00;MLS Next Pro;Ventura County FC;Austin FC II;N/A;;N/A;;id1003647968156506
18/04/2026;21:00;LigaPro Primera A;Orense SC;Delfin SC;15/04/2026 14:07;2.0;18/04/2026 21:09;1.9;id1000024068687572
18/04/2026;21:00;Primera B;CD Santa Cruz;Union San Felipe;N/A;;N/A;;id1000124068097834
18/04/2026;21:00;Primera Division;Deportes Concepcion;Deportes La Serena;12/04/2026 21:45;1.72;14/04/2026 04:13;1.8;id1002766567681820
18/04/2026;21:00;National League;Coastal Spirit FC;Ferrymead Bays;N/A;;N/A;;id1000059469463240
19/04/2026;21:00;MLS Next Pro;Colorado Rapids 2;Minnesota United FC 2;N/A;;N/A;;id1003647968156520
19/04/2026;21:00;MLS Next Pro;Sporting Kansas City II;Whitecaps FC 2;N/A;;N/A;;id1003647968156522
19/04/2026;21:00;LPR Pro;Ponce FC;Ds Edusoccer;N/A;;N/A;;id1004876969289786
19/04/2026;21:30;Liga 1;CS Cienciano;CD Moquegua;15/04/2026 18:02;1.72;19/04/2026 21:03;1.9;id1000040670317678
19/04/2026;21:45;Primera Division;Huachipato;Audax Italiano;13/04/2026 04:24;1.72;19/04/2026 19:39;1.8;id1002766567681824
19/04/2026;22:00;Liga Nacional. Clausura;Antigua GFC;CD Malacateco;N/A;;N/A;;id1002739867524756
19/04/2026;22:00;Primera Division;HYH Sebaco FC;Real Esteli FC;N/A;;N/A;;id1001924270779462
19/04/2026;22:00;Primera Division;CD Suchitepequez;FC Santa Lucia Cotzumalguapa;N/A;;N/A;;id1004800070809958
19/04/2026;22:30;Liga Nacional. Clausura;Olancho FC;CD Victoria La Ceiba;N/A;;N/A;;id1002741670089682
19/04/2026;22:30;Primera A, Apertura;America de Cali;Millonarios FC;13/04/2026 16:35;1.9;19/04/2026 16:58;1.9;id1002707067698088
20/04/2026;04:00;FA Cup;Xiamen Chengyi;Shenzhen 2028 FC;N/A;;N/A;;id1000088269971040
20/04/2026;04:00;Turkey Super Lig SRL;Gaziantep SRL;Kayserispor SRL;N/A;;N/A;;id1003222570922476
20/04/2026;05:00;Serie A SRL;US Lecce SRL;Fiorentina SRL;N/A;;N/A;;id1003222170922212
20/04/2026;05:30;Liga 1;Semen Padang FC;Persijap Jepara;N/A;;N/A;;id1000101562083096
20/04/2026;06:00;Premier League SRL;Crystal Palace SRL;West Ham United SRL;N/A;;N/A;;id1003221570922148
20/04/2026;06:30;Championship;Shuktara Jubo Sangsad;Dhaka Rangers FC;N/A;;N/A;;id1002887770751522
20/04/2026;07:00;Premier League;FC Oleksandriya;Veres Rivne;17/04/2026 18:35;2.0;20/04/2026 08:45;2.1;id1000021861651590
20/04/2026;07:00;Premier League;Bahir Dar Kenema FC;Sheger Ketema;N/A;;N/A;;id1003365669950520
20/04/2026;07:00;Pervaya Liga;FC Gomel 2;FC Molodechno;N/A;;N/A;;id1000077670730872
20/04/2026;07:30;Higher League;Menge Belashangul;Dessie Ketema;N/A;;N/A;;id1005117270894816
20/04/2026;07:30;Primera Division Reserve, Apertura;Olimpia Asuncion;Cerro Porteno Asuncion;N/A;;N/A;;id1002721470827006
20/04/2026;07:30;Primera Division Reserve, Apertura;Sportivo Ameliano;Nacional Asuncion;N/A;;N/A;;id1002721470925284
20/04/2026;07:30;I-League 2;Delhi FC;SC de Goa;N/A;;N/A;;id1004209370090054
20/04/2026;07:30;I-League 2;SC Bengaluru;Neroca FC;N/A;;N/A;;id1004209370090052
20/04/2026;07:30;Goa Pro League;Geno Sports Club;Chapora Yuvak Sangh;N/A;;N/A;;id1003197770888796
20/04/2026;08:00;Vtoraya Liga;FC Maxline-2 Vitebsk;FC Baranovichi  2;N/A;;N/A;;id1003231170899484
20/04/2026;08:00;U21 Professional Development League;Sheffield Wednesday Reserve;Crewe Alexandra Reserve;N/A;;N/A;;id1002984268450798
20/04/2026;08:00;Vysshaya Liga;FC Dnepr Mogilev;FC Torpedo Belaz Zhodino;N/A;;N/A;;id1000016970766466
20/04/2026;08:30;Pro Liga;Lochin;PFC Shurtan;N/A;;N/A;;id1002347770314404
20/04/2026;08:30;Premier League;Lion City Sailors FC;Young Lions FC;N/A;;N/A;;id1000063462491846
20/04/2026;09:00;U19 Elit A;Gaziantep FK;Kayserispor;N/A;;N/A;;id1002991263039239
20/04/2026;09:00;U21 Professional Development League;Watford FC;Charlton Athletic;N/A;;N/A;;id1002984269683786
20/04/2026;09:00;U21 Professional Development League;Bristol City;Colchester United;N/A;;N/A;;id1002984268988484
20/04/2026;09:00;Premier League;FC Noah Yerevan;FC Van Charentsavan;N/A;;N/A;;id1000067170629824
20/04/2026;09:00;Primavera 1;Genoa CFC;Torino FC;N/A;;N/A;;id1000234061537588
20/04/2026;09:00;Liga 1;Dewa United;Persib Bandung;N/A;;N/A;;id1000101562083098
20/04/2026;09:00;Liga 2;PSS Sleman;Persiku Kudus;N/A;;N/A;;id1002056068646776
20/04/2026;09:30;First League;Sardarapat FC;FC Ararati Araks;N/A;;N/A;;id1000067270629682
20/04/2026;09:30;First League;FC Ararat Yerevan 2;FC Mika Yerevan;N/A;;N/A;;id1000067270629680
20/04/2026;09:45;Liga A1;Kelantan Red Warrior FC;Manjung City FC;N/A;;N/A;;id1004312565105300
20/04/2026;10:00;U21 Professional Development League;Cardiff City;Hull City;N/A;;N/A;;id1002984266499300
20/04/2026;10:00;Championship League;Gunners FC;Mbuni FC;N/A;;N/A;;id1004893370122030
20/04/2026;10:00;Pro Liga;PFK Metallurg Bekabad;Bukhoro Davlat Universiteti;N/A;;N/A;;id1002347770314400
20/04/2026;10:00;Pro Liga;FC Yaypan Fergana;FC Jayxun;N/A;;N/A;;id1002347770571048
20/04/2026;10:00;Premier League;Ethio Electric;Ethiopian Medhin;N/A;;N/A;;id1003365669950528
20/04/2026;10:00;Higher League;Addis Ababa Ketema;Debre Birhan Ketema;N/A;;N/A;;id1005117270894818
20/04/2026;10:00;Premier League;Shire Endaselassie FC;Wolaita Dicha SC;N/A;;N/A;;id1003365669950530
20/04/2026;10:45;Vysshaya Liga;FK Arsenal Dzerzhinsk;FC Belshina Bobruisk;N/A;;N/A;;id1000016970766468
20/04/2026;11:00;Indian Super League;Punjab FC;Inter Kashi FC;17/04/2026 03:56;2.1;20/04/2026 09:04;2.2;id1000190068746454
20/04/2026;11:00;Pervaya Liga;FC Minsk 2;Dinamo Minsk 2;N/A;;N/A;;id1000077670730874
20/04/2026;11:00;Primavera 1;Atalanta BC;Parma Calcio 1913 U20;N/A;;N/A;;id1000234070846446
20/04/2026;11:30;Srpska Liga;FK Jedinstvo Paracin;FK Radnicki Pirot;N/A;;N/A;;id1004821369039150
20/04/2026;11:30;Superliga;FC Botosani;Metaloglobus Bucuresti;15/04/2026 09:17;1.9;20/04/2026 10:03;1.83;id1000015269744610
20/04/2026;12:00;Premier League;FC Shakhtar Donetsk;FC Polissya Zhytomyr;17/04/2026 18:35;2.0;19/04/2026 17:06;2.0;id1000021861651596
20/04/2026;12:00;3rd Division Group 4;Viking FK 2;Odds BK 2;N/A;;N/A;;id1002464867920306
20/04/2026;12:00;Premier League;FC Shirak Gyumri;FC Ararat-Armenia;N/A;;N/A;;id1000067170629826
20/04/2026;12:00;Elite One;Fauve Azur de Yaounde;Panthere Sportive;N/A;;N/A;;id1000100670803664
20/04/2026;12:00;FNL;SK Artis Brno;FC Silon Taborsko;18/04/2026 15:17;1.83;19/04/2026 17:03;1.83;id1000020561326569
20/04/2026;12:30;Ligue 1;Stella Club D'Adjame;FC Osa;N/A;;N/A;;id1000121170825428
20/04/2026;12:30;Ykkonen, Women;TPS;HJS;N/A;;N/A;;id1001831870841022
20/04/2026;12:30;Ykkonen;KPV Kokkola;FC Jazz;N/A;;N/A;;id1004229168538208
20/04/2026;12:45;Division 1;Al-Adalah;AL Jandal;N/A;;N/A;;id1000229867953204
20/04/2026;12:45;U21 Elite League;AL Qadisiya;AL Fayha U21;N/A;;N/A;;id1004851370634640
20/04/2026;12:45;Division 1;Al Jubail;Al-Wehda FC;N/A;;N/A;;id1000229867953206
20/04/2026;13:00;3rd Division Group 2;Fk Kvik Trondheim;Molde FK 2;N/A;;N/A;;id1002464467919518
20/04/2026;13:00;2nd Division;Al Ittifaq BHR;AL Tadamun Buri;N/A;;N/A;;id1001972470066142
20/04/2026;13:00;II Lyga;FKS Ukmerge;FK Suduva Marijampole B;N/A;;N/A;;id1003406670161968
20/04/2026;13:00;2nd Division;Bouri;Manama Club;N/A;;N/A;;id1001972470066146
20/04/2026;13:00;U23 Olympic League;AL Sailiya;AL Gharafa;N/A;;N/A;;id1004850970807182
20/04/2026;13:00;3rd Division Group 6;Raelingen;Sarpsborg 08 2;N/A;;N/A;;id1002465267920962
20/04/2026;13:00;I Liga;Miedz Legnica;Gornik Leczna;14/04/2026 13:58;1.72;20/04/2026 11:05;1.72;id1000022961398979
20/04/2026;13:00;3rd Division Group 3;Sogndal 2;Aasane Fotball 2;N/A;;N/A;;id1002464667919794
20/04/2026;13:00;U23 Olympic League;Umm Salal;AL Duhail;N/A;;N/A;;id1004850970807184
20/04/2026;13:00;U23 Olympic League;AL Rayyan;Qatar SC;N/A;;N/A;;id1004850970085250
20/04/2026;13:00;2nd Division;East Riffa;Al Ittihad;N/A;;N/A;;id1001972470066144
20/04/2026;13:15;AFC Champions League Elite;Vissel Kobe;Al Ahli Saudi FC;19/04/2026 12:08;1.72;20/04/2026 12:08;1.72;id1000046368213846
20/04/2026;13:45;UEFA Youth League;Club Brugge;Real Madrid;19/04/2026 09:46;1.57;20/04/2026 11:03;1.5;id1000232470229212
20/04/2026;14:00;3rd Division Group 1;KFUM 2;FK Union Carl Berner;N/A;;N/A;;id1002464267919214
20/04/2026;14:00;Ligue 1;Hlm;Stade de Mbour;N/A;;N/A;;id1000122670873578
20/04/2026;14:00;Superliga;FC Midtjylland;AGF Aarhus;14/04/2026 03:31;1.61;19/04/2026 17:02;1.7;id1000003969653738
20/04/2026;14:00;3rd Division Group 5;Lillestrom SK 2;Skjetten;N/A;;N/A;;id1002465067920486
20/04/2026;14:00;Super Lig;Gaziantep FK;Kayserispor;13/04/2026 12:17;1.57;20/04/2026 10:02;1.57;id1000005261730182
20/04/2026;14:00;Superettan;IK Oddevold;Osters IF;15/04/2026 09:46;1.7;20/04/2026 12:09;1.66;id1000004667126026
20/04/2026;14:00;1st Division;Lyn 1896 FK;Sandnes Ulf;15/04/2026 02:18;1.53;20/04/2026 12:11;1.5;id1000002267017872
20/04/2026;14:00;Ekstraklasa;KS Lechia Gdansk;GKS Piast Gliwice;14/04/2026 13:58;1.61;20/04/2026 08:15;1.57;id1000020261062253
20/04/2026;14:05;Superettan;GIF Sundsvall;IK Brage;15/04/2026 09:17;1.66;20/04/2026 04:05;1.7;id1000004667126028
20/04/2026;14:15;U21 Elite League;AL Okhdood U21;AL Hazem U21;N/A;;N/A;;id1004851370634642
20/04/2026;14:30;U21 Pro League;Jeugd KV Kortrijk;Jeugd Royal Francs Borains ;N/A;;N/A;;id1000111770826996
20/04/2026;14:30;Ettan, Relegation/Promotion;IFK Stocksund;AFC Eskilstuna;19/04/2026 11:19;1.44;19/04/2026 20:16;1.36;id1002741268310826
20/04/2026;14:30;Superliga;FC Farul Constanta;Fotbal Club FCSB;15/04/2026 09:17;1.66;20/04/2026 09:04;1.72;id1000015269744608
20/04/2026;14:30;Premier League;NSI Runavik;Eb/Streymur;N/A;;N/A;;id1000067367849952
20/04/2026;14:30;Premier League;07 Vestur Sorvagur;B36 Torshavn;N/A;;N/A;;id1000067367849948
20/04/2026;14:30;Premier League;Skala IF;Vikingur Gota;N/A;;N/A;;id1000067367849954
20/04/2026;14:30;Premier League;AB Argir;KI Klaksvik;N/A;;N/A;;id1000067367849950
20/04/2026;14:45;Liga Portugal 2;FC Porto B;Leixoes SC;18/04/2026 15:17;1.8;20/04/2026 06:03;1.8;id1000023961732228
20/04/2026;14:45;Division 1;AL Ula;Al-Jabalain;N/A;;N/A;;id1000229867953208
20/04/2026;14:45;Liga Portugal 2;Sporting Lisbon B;FC Felgueiras 1932;18/04/2026 15:17;1.83;19/04/2026 17:04;1.83;id1000023961732224
20/04/2026;15:00;U21 Pro League;KVC Westerlo;K Beerschot VA;N/A;;N/A;;id1000111770823148
20/04/2026;15:00;Eerste Divisie;FC Den Bosch;Jong FC Utrecht;15/04/2026 09:17;1.44;20/04/2026 05:04;1.44;id1000013170531580
20/04/2026;15:00;Liga Profesional;CA Barracas Central;CA Belgrano de Cordoba;06/04/2026 03:18;2.2;20/04/2026 06:05;2.5;id1000015567091944
20/04/2026;15:00;NB II;Vasas FC;Bvsc-Zuglo;N/A;;N/A;;id1000133961690460
20/04/2026;15:30;Primera B;Deportivo Camioneros;CA Defensores Unidos;19/04/2026 15:09;2.5;20/04/2026 04:15;2.25;id1000134767119226
20/04/2026;15:30;U20 Goiano, 1. Divisao;Inhumas EC GO;AA Aparecidense GO;N/A;;N/A;;id1004664770834628
20/04/2026;15:30;Primera C;CS Barracas;Deportivo Paraguayo;19/04/2026 16:33;2.25;20/04/2026 15:00;2.5;id1002617467122732
20/04/2026;15:30;LaLiga 2;RC Deportivo De La Coruna;CD Mirandes;13/04/2026 14:34;1.9;20/04/2026 14:07;1.83;id1000005461623804
20/04/2026;15:30;Primera C;Defensores de Cambaceres;Leones de Rosario FC;19/04/2026 17:09;2.2;19/04/2026 17:09;2.2;id1002617467122742
20/04/2026;15:45;Southern League Premier South;Taunton Town;Farnham Town;N/A;;N/A;;id1002605870785032
20/04/2026;15:45;Ligue 2;USL Dunkerque;Stade Lavallois MFC;N/A;;N/A;;id1000018261527974
20/04/2026;15:45;Serie A;US Lecce;ACF Fiorentina;06/04/2026 08:04;1.9;20/04/2026 04:01;1.95;id1000002361061591
20/04/2026;16:00;Premier League;Crystal Palace;West Ham United;21/03/2026 15:40;1.7;20/04/2026 08:04;1.66;id1000001761301167
20/04/2026;16:15;Liga Portugal;Moreirense FC;Estoril Praia;13/04/2026 12:17;1.66;20/04/2026 12:01;1.61;id1000023861731468
20/04/2026;17:00;Segunda Division;Deportivo Santani;12 de Junio de Villa Hayes;N/A;;N/A;;id1000125470806160
20/04/2026;17:00;Segunda Division;Deportes Rengo;Deportes Linares;N/A;;N/A;;id1004228369613032
20/04/2026;17:00;Liga 2;Deportivo Binacional FC;CD Estudiantil Cni;N/A;;N/A;;id1001523570484694
20/04/2026;17:00;Copa Ecuador;Astillero FC (Ecu);22 de Julio;N/A;;N/A;;id1002920870484620
20/04/2026;17:00;Kings League Brazil;Desimpain;Funkbol Clube;N/A;;N/A;;id1004723970228856
20/04/2026;17:00;Primera Division;CA Boston River;Cerro Largo FC;12/04/2026 17:26;2.1;20/04/2026 13:02;2.0;id1000027870629752
20/04/2026;17:15;Liga Profesional;CA Central Cordoba SE;CA Platense;06/04/2026 01:06;2.25;19/04/2026 17:01;2.5;id1000015567091938
20/04/2026;17:15;Liga Profesional;CA Banfield;Independiente Rivadavia;06/04/2026 03:08;2.0;20/04/2026 19:56;2.0;id1000015567091954
20/04/2026;18:00;Segunda Division;Club Atletico Rentistas;Club Oriental de Football;N/A;;N/A;;id1000190870802208
20/04/2026;18:00;Kings League Brazil;Loud SC;Capim FC;N/A;;N/A;;id1004723970228848
20/04/2026;18:00;Premier League;Cavalier FC;Spanish Town Police FC;N/A;;N/A;;id1000189270758124
20/04/2026;18:00;Camopeonato Femenino, Women;Sportivo San Lorenzo;Recoleta FC;N/A;;N/A;;id1004675870433664
20/04/2026;18:00;Primera Division;Zamora FC;Caracas FC;N/A;;N/A;;id1000023170831184
20/04/2026;19:00;Campeonato Brasileiro, Women;Ferroviaria SP;America FC MG;12/04/2026 18:10;3.25;20/04/2026 03:09;2.62;id1001509168215768
20/04/2026;19:00;Campeonato Brasileiro, Women;Sao Paulo FC SP;Gremio FB Porto Alegrense RS;12/04/2026 17:21;2.2;20/04/2026 08:13;2.1;id1001509168215778
20/04/2026;19:00;Primera Division;Carabobo FC;Academia Anzoategui FC;N/A;;N/A;;id1000023170819826
20/04/2026;19:00;Kings League Brazil;Furia FC;Dibrados FC;N/A;;N/A;;id1004723970228854
20/04/2026;19:00;Campeonato Brasileiro, Women;Santos FC SP;Atletico Mineiro MG;12/04/2026 18:14;2.0;19/04/2026 16:59;2.0;id1001509168215776
20/04/2026;19:30;Liga Profesional;CA San Lorenzo de Almagro;Velez Sarsfield;15/04/2026 18:02;2.2;20/04/2026 19:02;2.25;id1000015567091936
20/04/2026;20:00;Liga de Ascenso, Clausura;Pitbulls Santa Barbara FC;Inter San Carlos;N/A;;N/A;;id1002776570795552
20/04/2026;20:00;Mato-Grossense, 2. Divisao;Acao Futebol MT;Club Atletico Matogrossense MT;N/A;;N/A;;id1004753469834768
20/04/2026;20:00;Primera Division;Deportivo La Guaira;Portuguesa FC;N/A;;N/A;;id1000023167691314
20/04/2026;20:00;Primera Nacional;Atletico de Rafaela;Agropecuario Argentino;14/04/2026 02:24;2.5;19/04/2026 17:01;2.5;id1000070367118330
20/04/2026;20:00;Kings League Brazil;Dendele FC;Fluxo FC;N/A;;N/A;;id1004723970228852
20/04/2026;20:00;Brasileiro Serie C;Maringa FC PR;Brusque FC SC;17/04/2026 18:35;2.0;20/04/2026 19:07;1.9;id1000128169254950
20/04/2026;20:00;Brasileiro Serie C;Floresta EC CE;Ferroviaria Araraquara SP;17/04/2026 19:48;2.1;20/04/2026 18:15;2.62;id1000128169254946
20/04/2026;20:20;Primera A, Apertura;CD Once Caldas;Internacional de Bogota.;13/04/2026 16:35;1.83;20/04/2026 20:03;1.8;id1002707067772630
20/04/2026;20:30;Division de Honor, Apertura;Sportivo Ameliano;Nacional Asuncion;13/04/2026 17:45;2.1;19/04/2026 17:00;2.1;id1002709868042436
20/04/2026;20:30;Primera Division;CA Penarol Montevideo;CA Juventud de Las Piedras;12/04/2026 17:17;2.1;20/04/2026 17:05;2.2;id1000027870629754
20/04/2026;21:00;Primera Nacional;CA Atlanta;Chacarita Juniors;12/04/2026 22:33;2.25;20/04/2026 11:06;2.5;id1000070367118324
20/04/2026;21:00;Kings League Brazil;G3X FC;Nyvelados FC;N/A;;N/A;;id1004723970228850
20/04/2026;21:00;Campeonato Brasileiro, Women;EC Juventude RS;SC Corinthians SP;12/04/2026 17:17;2.5;20/04/2026 21:09;2.62;id1001509168215766
20/04/2026;21:00;Primera B;Puerto Montt;Deportes Temuco;N/A;;N/A;;id1000124068097836
20/04/2026;21:30;Primera Division;CD Universidad Catolica;Deportes Union La Calera;14/04/2026 11:42;1.9;20/04/2026 21:04;1.83;id1002766567681822
20/04/2026;21:30;Campeonato Brasileiro, Women;CR Flamengo RJ;EC Bahia BA;12/04/2026 18:22;1.61;20/04/2026 20:12;1.8;id1001509168215686
20/04/2026;21:30;Division Honor;Brazil Juniors;SV Caiquetio;N/A;;N/A;;id1005104670946398
20/04/2026;21:45;Liga Profesional;Gimnasia y Esgrima Mendoza;CA Lanus;15/04/2026 10:28;2.25;20/04/2026 23:17;2.37;id1000015567091940
20/04/2026;21:45;Liga Profesional;CA Tigre;CA Huracan;15/04/2026 10:28;2.37;20/04/2026 22:04;2.37;id1000015567091950
20/04/2026;22:00;Liga de Ascenso, Clausura;Futbol Consultants Desamparados;Adr Jicaral;N/A;;N/A;;id1002776570795558
20/04/2026;22:00;Liga Nacional. Clausura;Comunicaciones FC ;CD Guastatoya;N/A;;N/A;;id1002739870803130
20/04/2026;22:06;Liga MX, Women, Clausura;FC Juarez;CD Guadalajara;15/04/2026 23:52;2.0;20/04/2026 13:08;1.8;id1002895569619310
20/04/2026;22:30;Liga Panamena de Futbol, Clausura;CA Independiente de La Chorrera;Herrera FC;N/A;;N/A;;id1002710470835378
20/04/2026;22:30;Primera A, Apertura;Atletico Nacional Medellin;CA Bucaramanga;13/04/2026 16:49;1.83;20/04/2026 12:10;1.83;id1002707067698096
20/04/2026;23:30;K-League 1 SRL;FC Seoul SRL;Bucheon FC Srl;N/A;;N/A;;id1003622570922778
20/04/2026;23:30;K-League 1 SRL;Gimcheon Sangmu (Srl);Gangwon FC SRL;N/A;;N/A;;id1003622570922774
20/04/2026;23:30;K-League 1 SRL;Jeonbuk Hyundai Motors SRL;Incheon United FC SRL;N/A;;N/A;;id1003622570922776
21/04/2026;02:00;China Super League SRL;Shanghai Port SRL;Chongqing Tonglianglong FC Srl;N/A;;N/A;;id1003622770922570
21/04/2026;02:00;China Super League SRL;Tianjin Jinmen Tiger SRL;Shandong Taishan SRL;N/A;;N/A;;id1003622770922572
21/04/2026;02:00;China Super League SRL;Wuhan Three Towns FC Srl;Zhejiang Professional Srl;N/A;;N/A;;id1003622770922568
21/04/2026;02:00;China Super League SRL;Shenzhen Peng City Srl;Beijing Guoan FC SRL;N/A;;N/A;;id1003622770922564
21/04/2026;02:00;China Super League SRL;Chengdu Rongcheng FC Srl;Yunnan Yukun Srl;N/A;;N/A;;id1003622770922566
21/04/2026;05:00;LaLiga SRL;Girona FC Srl;Real Betis Balompie SRL;N/A;;N/A;;id1003221970922378
21/04/2026;05:00;LaLiga SRL;Athletic Bilbao SRL;CA Osasuna SRL;N/A;;N/A;;id1003221970922380
21/04/2026;05:00;LaLiga SRL;RCD Mallorca SRL;Valencia CF SRL;N/A;;N/A;;id1003221970922374
21/04/2026;05:00;LaLiga SRL;Real Madrid SRL;Deportivo Alaves SRL;N/A;;N/A;;id1003221970922376
21/04/2026;05:00;Diski Challenge, Reserves;Polokwane City;Mamelodi Sundowns;N/A;;N/A;;id1004866370935826
21/04/2026;05:45;Federation Cup;Mohammedan SC Dhaka;Arambagh KS;N/A;;N/A;;id1002725469607604
21/04/2026;05:45;Federation Cup;Bangladesh Police FC;Bashundhara Kings;N/A;;N/A;;id1002725470967180
21/04/2026;06:00;Premier League SRL;Brighton & Hove Albion SRL;Chelsea FC SRL;N/A;;N/A;;id1003221570922150
21/04/2026;06:30;U20 NSW Premier League 2;Hakoah Sydney City East FC;Hills United FC;N/A;;N/A;;id1003330770856228
21/04/2026;06:30;Higher League;Bishoftu FC Ketema;Sululta Ketema;N/A;;N/A;;id1005117270917478
21/04/2026;07:00;U23 Liga Revelacao;Leixoes SC;Santa Clara;N/A;;N/A;;id1002608067131758
21/04/2026;07:00;U23 Liga Revelacao;SC Farense;Estoril Praia;N/A;;N/A;;id1002608067131930
21/04/2026;07:30;K-League 1;Gimcheon Sangmu FC;Gangwon FC;19/04/2026 13:48;1.83;21/04/2026 07:42;1.9;id1000041067817630
21/04/2026;07:30;I-League 2;Sudeva Delhi FC;Myj-Gmsc;N/A;;N/A;;id1004209370090056
21/04/2026;07:30;Goa Pro League;SC de Goa;Dempo SC;N/A;;N/A;;id1003197769852418
21/04/2026;07:30;K-League 1;Jeonbuk FC;Incheon United FC;19/04/2026 13:48;1.9;21/04/2026 06:57;2.0;id1000041067817632
21/04/2026;07:30;K-League 1;FC Seoul;Bucheon FC 1995;19/04/2026 13:48;2.0;20/04/2026 23:10;2.1;id1000041067817634
21/04/2026;08:00;U19 1st Division;Sigma Olomouc;FK Mlada Boleslav;N/A;;N/A;;id1000082270371030
21/04/2026;08:00;U21, Divisie 1;FC Twente Heracles;FC Groningen;N/A;;N/A;;id1003499070372966
21/04/2026;08:00;Chinese Super League;Shenzhen Peng City;Beijing Guoan;19/04/2026 13:48;1.5;21/04/2026 07:19;1.61;id1000064968995060
21/04/2026;08:30;Premier League 2;BG Tampines Rovers Reserve;Lion City Sailors FC Reserve;N/A;;N/A;;id1004851563133535
21/04/2026;08:30;Premier League 2;Tanjong Pagar United FC Reserve;Hougang United FC Reserve;N/A;;N/A;;id1004851563133537
21/04/2026;08:30;Premier League 2;Geylang International Reserve;Balestier Khalsa Reserve;N/A;;N/A;;id1004851563133539
21/04/2026;08:30;Premier League 2;Albirex Niigata (S) Reserve;Young Lions Reserve;N/A;;N/A;;id1004851563133541
21/04/2026;08:30;Pro Liga;FC Kattaqorgon;Pfk Aral;N/A;;N/A;;id1002347770314410
21/04/2026;08:30;Pro Liga;Fardu Ferghana;FK Gazalkent;N/A;;N/A;;id1002347770314406
21/04/2026;08:35;Chinese Super League;Wuhan Three Towns FC;Zhejiang FC;19/04/2026 13:48;1.5;21/04/2026 07:19;1.5;id1000064968995064
21/04/2026;08:35;Chinese Super League;Chengdu Rongcheng;Yunnan Yukun;19/04/2026 13:48;1.61;21/04/2026 07:19;1.44;id1000064968995062
21/04/2026;09:00;Higher League;Soloda Adwa;Addis Ketema;N/A;;N/A;;id1005117270917492
21/04/2026;09:00;Chinese Super League;Shanghai Port FC;Chongqing Tonglianglong FC;19/04/2026 13:48;1.61;21/04/2026 07:01;1.8;id1000064968995066
21/04/2026;09:00;U19 Ligaen;FC Copenhagen;Odense Boldklub;N/A;;N/A;;id1004818162640997
21/04/2026;09:00;U21 Professional Development League;Huddersfield Town;Coventry City;N/A;;N/A;;id1002984264505283
21/04/2026;09:00;Cupa Moldovei;FC Politehnica Chisinau;FC Zimbru Chisinau;N/A;;N/A;;id1000074165791440
21/04/2026;09:00;Premier League;Saint George SC;Adama City FC;N/A;;N/A;;id1003365669950524
21/04/2026;09:00;Chinese Super League;Tianjin Jinmen Tiger;Shandong Taishan FC;19/04/2026 13:48;1.66;21/04/2026 06:57;1.75;id1000064968995068
21/04/2026;09:30;First League;FC Pyunik Yerevan 2;FC Hayq;N/A;;N/A;;id1000067270629684
21/04/2026;09:30;I-League 2;Karbi Anglong Morning Star FC;FC Bengaluru United;N/A;;N/A;;id1004209370090058
21/04/2026;09:30;Western Australia State League 1, Reserves;Subiaco AFC Reserve;Quinns FC Reserve;N/A;;N/A;;id1004992870263166
21/04/2026;09:30;First League;FC Shirak Gyumri 2;FC Bentonit;N/A;;N/A;;id1000067270629686
21/04/2026;09:30;Tercera Division, Reserves;Albion FC;Penarol Montevideo;N/A;;N/A;;id1003581170986640
21/04/2026;10:00;LFF Cup;FK Tauras Taurage;FC Hegelmann Kaunas;N/A;;N/A;;id1000081270861880
21/04/2026;10:00;Peace Cup;Etincelles FC;Apr FC;N/A;;N/A;;id1002380570946846
21/04/2026;10:00;Championship;Casric Stars FC;Highbury FC;N/A;;N/A;;id1000190663157197
21/04/2026;10:00;Championship;Black Leopards;The Bees FC;N/A;;N/A;;id1000190663157195
21/04/2026;10:00;Championship;Midlands Wanderers FC;Upington City FC;N/A;;N/A;;id1000190663157199
21/04/2026;10:00;2. Division A;Tanta FC;We SC;N/A;;N/A;;id1001949270968228
21/04/2026;10:00;U23 Liga Revelacao;FC Famalicao;Torreense;N/A;;N/A;;id1002608067131756
21/04/2026;10:00;Paulista, Serie A2;CA Juventus SP;CA Votuporanguense SP;N/A;;N/A;;id1000123470884540
21/04/2026;10:00;Pro Liga;Olimpik Mobiuz;Respublika Football Academy;N/A;;N/A;;id1002347770314408
21/04/2026;10:00;Premier League;Mbarara FC;Maroons FC;N/A;;N/A;;id1001486470100764
21/04/2026;10:00;Premier League;Entebbe UPPC FC;Kampala Capital City Authority FC;N/A;;N/A;;id1001486470100762
21/04/2026;10:00;Premier League;Bul FC;Updf FC;N/A;;N/A;;id1001486470100760
21/04/2026;10:00;Segunda Division;Club Fernando de La Mora;Carapegua;N/A;;N/A;;id1000125470806162
21/04/2026;10:00;Premier League;Uganda Police FC;URA FC;N/A;;N/A;;id1001486470100766
21/04/2026;10:00;Premier League;Buhimba United Saints FC;Vipers SC;N/A;;N/A;;id1001486470100768
21/04/2026;10:00;Tercera Division, Reserves;Juventud de Las Piedras;Nacional de Montevideo;N/A;;N/A;;id1003581170986638
21/04/2026;10:30;U21 Professional Development League;Sheffield United;Swansea City;N/A;;N/A;;id1002984262486588
21/04/2026;11:00;2nd Division;Ethnikos Latsion;Digenis Akritas Morphou FC;N/A;;N/A;;id1000069270914780
21/04/2026;11:00;Prva Liga;FK Fap;FK Dinamo Jug;N/A;;N/A;;id1000072170681916
21/04/2026;11:00;U23 Liga Revelacao;FC Vizela;UD Leiria U23;N/A;;N/A;;id1002608067131924
21/04/2026;11:00;U23 Liga Revelacao;Gil Vicente FC;Maritimo Madeira;N/A;;N/A;;id1002608067131926
21/04/2026;11:00;3rd Division;Atlas Aglantzias;Othellos Athienou;N/A;;N/A;;id1000146070914866
21/04/2026;11:00;U23 Liga Revelacao;Rio Ave;Portimonense;N/A;;N/A;;id1002608067131928
21/04/2026;11:00;3rd Division;EN Thoi Lakatamia;FC Leivadia 2022;N/A;;N/A;;id1000146070914872
21/04/2026;11:00;3rd Division;Kouris Erimis;Apona Anayias;N/A;;N/A;;id1000146070914870
21/04/2026;11:00;Indian Super League;Chennaiyin FC;Mohammedan SC;20/04/2026 13:49;1.8;21/04/2026 11:08;1.8;id1000190069324022
21/04/2026;11:00;3rd Division;Omonia Psevda;Podosfairkos Omilos Ormideia;N/A;;N/A;;id1000146070914868
21/04/2026;11:00;2nd Division;AEZ Zakakiou;Achyronas Onisilos;N/A;;N/A;;id1000069270914782
21/04/2026;11:00;2nd Division;Iraklis Gerolakkou;Apea Akrotiriou;N/A;;N/A;;id1000069270914784
21/04/2026;11:00;Prva Liga;RFK Graficar Beograd;FK Smederevo 1924;N/A;;N/A;;id1000072170681918
21/04/2026;11:00;2nd Division;Spartakos Kitiou FC;Halkanoras;N/A;;N/A;;id1000069270914776
21/04/2026;11:00;Campeonato Brasileiro, Women;Red Bull Bragantino SP;Mixto EC MT;12/04/2026 19:15;1.83;21/04/2026 05:19;2.2;id1001509168215770
21/04/2026;11:00;HNL;NK Lokomotiva Zagreb;NK Slaven Belupo;20/04/2026 07:06;1.8;21/04/2026 13:29;1.72;id1000017061286555
21/04/2026;11:00;First League;FC Urartu Yerevan 2;FC Van Charentsavan 2;N/A;;N/A;;id1000067270629688
21/04/2026;11:00;Ligue 2;AS Agareb;BS Bouhajla;N/A;;N/A;;id1002057870784334
21/04/2026;11:30;Premier League;FK Sochi;PFK Krylia Sovetov Samara;N/A;;N/A;;id1000020361376719
21/04/2026;11:30;2. Liga;MFK Stara Lubovna;FC Vion Zlate Moravce - Vrable;N/A;;N/A;;id1000022461677848
21/04/2026;12:00;U21 Liga MX;Club Leon;Club America;N/A;;N/A;;id1004805667149982
21/04/2026;12:00;Ligue 2;Nrb Teleghma;NR Beni Oulbene;N/A;;N/A;;id1001432170870062
21/04/2026;12:00;U21 Liga MX;Gallos Blancos de Queretaro;Cruz Azul;N/A;;N/A;;id1004805667149978
21/04/2026;12:00;Ligue 2;CA Batna;Js Bordj Menaiel;N/A;;N/A;;id1001432170870072
21/04/2026;12:00;Ligue 2;MO Bejaia;AS Khroub;N/A;;N/A;;id1001432170870076
21/04/2026;12:00;Ligue 2;US Biskra;HB Chelghoum Laid;N/A;;N/A;;id1001432170870066
21/04/2026;12:00;Azerbaijan Cup;Zira FK;Turan Tovuz;N/A;;N/A;;id1000074069756622
21/04/2026;12:00;U21 Liga MX;CF Monterrey;Puebla;N/A;;N/A;;id1004805667149984
21/04/2026;12:00;U21 Liga MX;Universidad Nacional;FC Juarez;N/A;;N/A;;id1004805667149980
21/04/2026;12:00;Ukraine Cup;FSC Bukovyna Chernivtsi;FC Dynamo Kyiv;N/A;;N/A;;id1000031270064122
21/04/2026;12:00;Ligue 2;MO Constantine;US Chaouia;N/A;;N/A;;id1001432170870068
21/04/2026;12:00;Cupa Moldovei;Dacia Buiucani;FC Sheriff Tiraspol;N/A;;N/A;;id1000074165791444
21/04/2026;12:00;Virsliga;FK Tukums 2000/TSS;BFC Daugavpils;20/04/2026 07:06;1.53;21/04/2026 11:11;1.8;id1000019768492470
21/04/2026;12:00;Ligue 2;CR Beni Thour;MSP Batna;N/A;;N/A;;id1001432170870074
21/04/2026;12:00;Ligue 1;Ben Aknoun;MC Alger;20/04/2026 13:49;2.37;21/04/2026 07:31;2.37;id1000084170683616
21/04/2026;12:00;Cup;FK Jablonec;FK Mlada Boleslav;20/04/2026 07:06;1.66;21/04/2026 07:25;1.83;id1000028269883178
21/04/2026;12:00;Ligue 2;JS Djidjel;USM Annaba;N/A;;N/A;;id1001432170870070
21/04/2026;12:00;Ligue 2;Ib Khemis El Khechna;NC Magra;N/A;;N/A;;id1001432170870064
21/04/2026;12:00;Erovnuli Liga;FC Dinamo Tbilisi;FC Gagra;N/A;;N/A;;id1000070470224336
21/04/2026;12:30;Ykkonen, Women;HJK Akatemia;FC Honka;N/A;;N/A;;id1001831870735416
21/04/2026;12:30;Ykkosliiga;FC Haka Valkeakoski;JaPS;21/04/2026 07:36;1.72;21/04/2026 07:36;1.72;id1000005567604776
21/04/2026;12:45;Premium Liiga;FC Kuressaare;Parnu JK Vaprus;20/04/2026 07:06;1.61;21/04/2026 13:23;1.61;id1000017868214608
21/04/2026;12:55;Division 1;AL Draih;Al-Raed Club;N/A;;N/A;;id1000229867953210
21/04/2026;13:00;Bayernliga South;FC Gundelfingen;SV Kirchanschoring;N/A;;N/A;;id1000109170802188
21/04/2026;13:00;LFF Cup;FK Atmosfera;Vilnius FK Zalgiris;N/A;;N/A;;id1000081270861878
21/04/2026;13:00;Bayernliga South;TSV 1874 Kottern;SV Erlbach;N/A;;N/A;;id1000109170802186
21/04/2026;13:00;Bayernliga South;Schalding-Heining Passau;TSV 1861 Nordlingen;N/A;;N/A;;id1000109170802180
21/04/2026;13:00;Jordan Cup;AL Salt;Al Wehdat;20/04/2026 13:49;1.9;21/04/2026 12:06;1.83;id1000182270270670
21/04/2026;13:00;1. Division;AC Horsens;Esbjerg FB;18/04/2026 15:17;1.72;21/04/2026 08:03;1.72;id1000004770317868
21/04/2026;13:00;Bayernliga South;FC Pipinsried;FC Sturm Hauzenberg;N/A;;N/A;;id1000109169164808
21/04/2026;13:00;Puchar Polski, Women;Pogon Szczecin;Czarni Sosnowiec;N/A;;N/A;;id1004228170500788
21/04/2026;13:00;Regionalliga Bavaria;FC Augsburg II;Schwaben Augsburg;N/A;;N/A;;id1000108561854688
21/04/2026;13:00;Bulgarian Cup;PFC Ludogorets 1945 Razgrad;PFC CSKA Sofia;11/04/2026 01:32;2.0;19/04/2026 23:21;2.1;id1000036569088920
21/04/2026;13:00;Tirol, Regionalliga Tirol;SC Mils;SV Worgl;N/A;;N/A;;id1002968270352348
21/04/2026;13:00;Premijer Liga;FK Rudar Prijedor;FK Zeljeznicar Sarajevo;N/A;;N/A;;id1000022261737294
21/04/2026;13:00;Ligue 1;Mouna FC;Soa;N/A;;N/A;;id1000121170987220
21/04/2026;13:05;Division 1;Al-Arabi SC (SA);Al Bukiryah;N/A;;N/A;;id1000229867953214
21/04/2026;13:05;Division 1;Al-Batin;AL Anwar;N/A;;N/A;;id1000229867953212
21/04/2026;13:15;Bayernliga North;FSV Stadeln;FC Coburg;N/A;;N/A;;id1000108970802204
21/04/2026;13:15;Division 1;Al-Tai;Abha Club;N/A;;N/A;;id1000229867953216
21/04/2026;13:15;AFC Champions League Elite;Machida Zelvia;Shabab Al Ahli Dubai;20/04/2026 13:49;1.9;21/04/2026 08:03;2.0;id1000046368213926
21/04/2026;13:30;Regionalliga Bavaria;FC Wurzburger Kickers;SpVgg Bayreuth;N/A;;N/A;;id1000108561854678
21/04/2026;13:30;Puchar Polski, Women;Kks Lech Poznan;GKS Katowice;N/A;;N/A;;id1004228170500786
21/04/2026;13:30;Iraqi League;AL Minaa;Amanat Baghdad SC;N/A;;N/A;;id1002697470767962
21/04/2026;13:30;Romania Cup;ACS Champions FC Arges;FC Universitatea Cluj;20/04/2026 07:06;2.2;21/04/2026 14:10;2.2;id1000035569638116
21/04/2026;13:30;Bundesliga;SCR Altach;WSG Tirol;12/04/2026 20:41;1.9;21/04/2026 11:09;1.95;id1000004569751672
21/04/2026;13:30;Bundesliga;Blau-Weiss Linz;Wolfsberger AC;12/04/2026 20:41;1.66;21/04/2026 06:44;1.7;id1000004569751670
21/04/2026;13:45;Premier League;CSKA Moscow;FK Rostov;N/A;;N/A;;id1000020361376707
21/04/2026;13:45;Kolmonen;Kings SC Kuopio;JIPPO-J/Punamusta;N/A;;N/A;;id1004667169924458
21/04/2026;13:45;HNL;HNK Hajduk Split;NK Osijek;20/04/2026 07:06;2.1;21/04/2026 12:05;2.0;id1000017061286557
21/04/2026;14:00;Bayernliga North;ATSV Erlangen;ASV Cham;N/A;;N/A;;id1000108970802226
21/04/2026;14:00;Regionalliga Bavaria;SpVgg Ansbach;FC Memmingen;N/A;;N/A;;id1000108561854686
21/04/2026;14:00;Wien, Wiener Stadtliga;Gerasd. Stammersd.;Hellas Kagran;N/A;;N/A;;id1004383170531572
21/04/2026;14:00;Erovnuli Liga;FC Torpedo Kutaisi;FC Samgurali Tskaltubo;N/A;;N/A;;id1000070470224346
21/04/2026;14:00;Premier League;Express FC;NEC FC;N/A;;N/A;;id1001486470100770
21/04/2026;14:00;Virsliga;FS Jelgava;FK Auda Riga;20/04/2026 07:06;1.66;21/04/2026 09:09;1.8;id1000019768492472
21/04/2026;14:00;1. Division;Hvidovre IF;Kolding IF;18/04/2026 15:17;1.8;21/04/2026 10:06;1.9;id1000004770317870
21/04/2026;14:00;Regionalliga Bavaria;1 FC Nuremberg II;Bayern Munich II;N/A;;N/A;;id1000108561854684
21/04/2026;14:00;Regionalliga Bavaria;Wacker Burghausen;Greuther Furth II;N/A;;N/A;;id1000108561854680
21/04/2026;14:00;Regionalliga Southwest;FC 08 Homburg-Saar;Eintracht Trier;N/A;;N/A;;id1000107961859466
21/04/2026;14:00;Regionalliga Southwest;Stuttgarter Kickers;TSG Balingen 1848;N/A;;N/A;;id1000107961859462
21/04/2026;14:00;Regionalliga Bavaria;SpVgg Unterhaching;SpVgg Hankofen-Hailing;N/A;;N/A;;id1000108561854674
21/04/2026;14:00;3rd Division Group 6;FK Oern-Horten;Lyn 1896 FK II;N/A;;N/A;;id1002465267920966
21/04/2026;14:00;Regionalliga Southwest;FSV Mainz II;SV Sandhausen;N/A;;N/A;;id1000107961859474
21/04/2026;14:00;Oberliga Westfalen;SC Preussen Munster II;Rot Weiss Ahlen;N/A;;N/A;;id1000014669683844
21/04/2026;14:00;Regionalliga Bavaria;DJK Vilzing;TSV Buchbach;N/A;;N/A;;id1000108561854690
21/04/2026;14:00;Regionalliga Southwest;FC Astoria Walldorf;FC Bayern Alzenau;N/A;;N/A;;id1000107961859472
21/04/2026;14:00;Regionalliga Bavaria;FV Illertissen;Viktoria Aschaffenburg;N/A;;N/A;;id1000108561854676
21/04/2026;14:00;LFF Cup;FM Vilniaus Vytis;FK Banga Gargzdai;N/A;;N/A;;id1000081270861876
21/04/2026;14:00;Regionalliga Southwest;SG Barockstadt Fulda-Lehnerz;KSV Hessen Kassel;N/A;;N/A;;id1000107961859470
21/04/2026;14:00;U21 Ligacupen Elit;Norrby IF;IFK Goteborg;N/A;;N/A;;id1004658768824122
21/04/2026;14:00;Regionalliga Bavaria;TSV Aubstadt;VfB Eichstatt;N/A;;N/A;;id1000108561854682
21/04/2026;14:00;Regionalliga Southwest;SC Freiburg II;Bahlinger SC;N/A;;N/A;;id1000107961859464
21/04/2026;14:00;LFF Cup;FK Pempininkai;FK Sirijus;N/A;;N/A;;id1000081270861894
21/04/2026;14:00;LFF Cup;FK Ataka;FK Sirvena Birzai;N/A;;N/A;;id1000081270861874
21/04/2026;14:00;Regionalliga West;FC Kitzbuhel;SV Wals-Grunau;N/A;;N/A;;id1000016770352338
21/04/2026;14:00;Regionalliga West;SC Imst 1933;SCR Altach;N/A;;N/A;;id1000016770352344
21/04/2026;14:00;Wien, Wiener Stadtliga;SV Schwechat;SC Red Star Penzing;N/A;;N/A;;id1004383170531570
21/04/2026;14:00;LaLiga;RCD Mallorca;Valencia CF;06/04/2026 08:16;1.9;21/04/2026 16:37;1.8;id1000000861624584
21/04/2026;14:00;LaLiga;Athletic Bilbao;CA Osasuna;06/04/2026 07:02;1.95;21/04/2026 16:13;1.9;id1000000861624578
21/04/2026;14:00;U23 Liga Revelacao;Sporting Braga;Academico Viseu;N/A;;N/A;;id1002608067131760
21/04/2026;14:00;Superettan;Orebro SK;IFK Norrkoping FK;15/04/2026 09:17;1.53;21/04/2026 10:28;1.66;id1000004667126024
21/04/2026;14:30;Oberosterreich, OO Liga;Asko Oedt II;SPG Weisskirchen Allhaming;N/A;;N/A;;id1004378970720162
21/04/2026;14:30;Turkiye Kupasi;Konyaspor;Fenerbahce Istanbul;20/04/2026 15:29;1.72;21/04/2026 15:01;1.66;id1000009669833212
21/04/2026;15:00;U20 Campeonato Brasileiro;Santos FC SP;Cuiaba EC MT;N/A;;N/A;;id1001368568751684
21/04/2026;15:00;Catarinense, Serie B;Blumenau EC SC;CA Tubarao SC;N/A;;N/A;;id1003934369796146
21/04/2026;15:00;Magyar Kupa;Budapest Honved FC;Zalaegerszeg TE;21/04/2026 08:43;1.83;21/04/2026 13:28;1.8;id1000030569669200
21/04/2026;15:00;Cup;MFK Karvina;FC Banik Ostrava;20/04/2026 14:17;1.66;21/04/2026 15:05;1.61;id1000028269883180
21/04/2026;15:00;Copa Proyeccion Final, Reserves;CA Tigre Reserve;Defensa Y Justicia Reserve;N/A;;N/A;;id1003694568158654
21/04/2026;15:00;1. Division;Hillerod Fodbold;Lyngby BK;18/04/2026 15:17;1.72;21/04/2026 15:04;1.72;id1000004770317872
21/04/2026;15:00;Copa Proyeccion Final, Reserves;Rosario Central Reserve;Newells Old Boys;N/A;;N/A;;id1003694568158668
21/04/2026;15:30;Pro League;Standard Liege;Royal Antwerp FC;19/04/2026 19:55;1.8;21/04/2026 05:01;1.9;id1000003870207478
21/04/2026;15:30;Bundesliga;SV Ried;Grazer AK 1902;12/04/2026 20:41;1.95;21/04/2026 14:02;1.9;id1000004569751674
21/04/2026;15:30;Pro League;KRC Genk;Royal Charleroi SC;19/04/2026 19:55;1.61;21/04/2026 11:03;1.75;id1000003870207474
21/04/2026;15:30;Pro League;Oud-Heverlee Leuven;KVC Westerlo;19/04/2026 19:55;1.61;20/04/2026 14:08;1.57;id1000003870207476
21/04/2026;15:30;Premijer Liga;FK Velez Mostar;NK Siroki Brijeg;N/A;;N/A;;id1000022261737292
21/04/2026;15:45;League One;Stockport County FC;Mansfield Town;18/04/2026 15:17;1.66;21/04/2026 13:06;1.66;id1000002470347714
21/04/2026;15:45;League Two;Cheltenham Town;Tranmere Rovers FC;18/04/2026 17:14;1.8;19/04/2026 22:05;1.83;id1000002570100958
21/04/2026;15:45;Northern Premier League Premier;FC United of Manchester;Stockton Town;N/A;;N/A;;id1000111170663250
21/04/2026;15:45;Championship;Dunfermline Athletic FC;St. Johnstone FC;18/04/2026 15:17;1.9;21/04/2026 06:08;1.9;id1000020670017826
21/04/2026;15:45;National League;Hartlepool United;Southend United;18/04/2026 17:14;1.75;21/04/2026 15:07;1.7;id1000017369584148
21/04/2026;15:45;League One;Doncaster Rovers;Lincoln City;18/04/2026 15:17;1.75;21/04/2026 16:08;1.66;id1000002470100814
21/04/2026;15:45;League One;Bradford City FC;Plymouth Argyle;18/04/2026 15:17;1.66;21/04/2026 05:00;1.7;id1000002470347656
21/04/2026;15:45;National League North;Macclesfield FC;Southport FC;19/04/2026 09:46;1.61;21/04/2026 06:09;1.72;id1000017669852122
21/04/2026;15:45;National League North;Hereford FC;Marine FC;19/04/2026 09:46;1.57;21/04/2026 06:57;1.66;id1000017668840802
21/04/2026;15:45;League One;Rotherham United;Luton Town;18/04/2026 15:17;1.66;21/04/2026 16:20;1.7;id1000002469887096
21/04/2026;15:45;League Two;Cambridge United;Grimsby Town;18/04/2026 17:14;1.9;21/04/2026 11:03;1.83;id1000002570241646
21/04/2026;15:45;Southern League Premier South;Tiverton Town;Gosport Borough;N/A;;N/A;;id1002605870723168
21/04/2026;15:45;League One;Stevenage FC;Barnsley FC;18/04/2026 15:17;1.95;21/04/2026 06:11;2.0;id1000002469106832
21/04/2026;15:45;Championship;West Bromwich Albion;Watford FC;18/04/2026 15:17;1.83;19/04/2026 17:03;1.83;id1000001861491351
21/04/2026;15:45;Championship;Norwich City;Derby County;18/04/2026 15:17;1.72;21/04/2026 16:02;1.66;id1000001861491341
21/04/2026;15:45;Championship;Leicester City;Hull City;18/04/2026 15:17;1.66;21/04/2026 14:52;1.66;id1000001861491355
21/04/2026;15:45;Championship;Southampton FC;Bristol City;18/04/2026 15:17;1.66;21/04/2026 11:02;1.9;id1000001861491347
21/04/2026;15:45;Championship;Stoke City;Millwall FC;18/04/2026 15:17;1.72;21/04/2026 05:05;1.61;id1000001861491349
21/04/2026;15:45;Championship;Oxford United;Wrexham AFC;18/04/2026 15:17;1.72;21/04/2026 03:05;1.83;id1000001861491343
21/04/2026;15:45;Championship;Queens Park Rangers;Swansea City;18/04/2026 15:17;1.72;21/04/2026 13:12;1.72;id1000001861491345
21/04/2026;15:45;Championship;Coventry City;Portsmouth FC;18/04/2026 15:17;1.8;21/04/2026 05:04;1.72;id1000001861491337
21/04/2026;16:00;Division Profesional;FC Universitario de Vinto;Academia del Balompie Boliviano;15/04/2026 18:03;1.53;21/04/2026 13:09;1.61;id1003398070379090
21/04/2026;16:00;Coppa Italia;Inter Milano;Como 1907;16/04/2026 11:26;1.8;21/04/2026 10:33;1.75;id1000032868872112
21/04/2026;16:00;Tercera Division, Reserves;Boston River;Racing Club Montevideo;N/A;;N/A;;id1003581170986634
21/04/2026;16:00;Tercera Division, Reserves;Central Espanol Reserve;Cerro Largo FC;N/A;;N/A;;id1003581170986636
21/04/2026;16:00;Campeonato Brasileiro, Women;Fluminense FC RJ;SE Palmeiras SP;12/04/2026 17:21;2.0;20/04/2026 16:26;1.9;id1001509168215734
21/04/2026;16:00;Premier League;Brighton & Hove Albion;Chelsea FC;11/04/2026 16:12;1.53;21/04/2026 15:01;1.61;id1000001761301185
21/04/2026;16:10;Coupe de France;Racing Club De Lens;Toulouse FC;08/03/2026 15:48;1.83;21/04/2026 15:08;1.72;id1000033569623604
21/04/2026;16:30;LaLiga;Real Madrid;Deportivo Alaves;06/04/2026 08:04;2.0;21/04/2026 16:03;1.8;id1000000861624588
21/04/2026;16:30;LaLiga;Girona FC;Real Betis Seville;06/04/2026 07:02;1.61;21/04/2026 04:01;1.66;id1000000861624592
21/04/2026;17:00;Copa Ecuador;CD Dunamis 04 Carchi;CD El Nacional;N/A;;N/A;;id1002920870484622
21/04/2026;17:00;Cearense, Serie B;Guarany SC CE;FC Atletico CE;N/A;;N/A;;id1003666767925426
21/04/2026;17:00;Division de Honor, Apertura;Rubio Nu;Libertad Asuncion;13/04/2026 16:35;2.1;21/04/2026 10:04;2.0;id1002709868042442
21/04/2026;17:00;Copa do Brasil;Botafogo FR RJ;Chapecoense SC;30/03/2026 02:03;1.9;21/04/2026 15:02;2.05;id1000037370401266
21/04/2026;18:00;Copa Proyeccion Final, Reserves;Atletico Tucuman Reserve;CA Central Cordoba SE Reserve;N/A;;N/A;;id1003694568158652
21/04/2026;18:00;Copa Presidente;CD Fuerte San Francisco Morazan;CD Platense Municipal Zacatecoluca;N/A;;N/A;;id1005110870633746
21/04/2026;19:00;LigaPro Primera A;Libertad Loja;Guayaquil City FC;19/04/2026 17:36;1.83;21/04/2026 19:30;1.83;id1000024068687580
21/04/2026;19:00;Campeonato Brasileiro, Women;Cruzeiro EC MG;SC Internacional RS;12/04/2026 17:30;1.83;19/04/2026 16:58;1.9;id1001509168215774
21/04/2026;19:00;Primera B;Deportivo Merlo;Club Comunicaciones;20/04/2026 10:27;2.37;20/04/2026 10:27;2.37;id1000134770772766
21/04/2026;19:00;Division Profesional;GV Club Deportivo San Jose de Oruro;Club Aurora;15/04/2026 18:03;1.4;21/04/2026 12:02;1.44;id1003398070379092
21/04/2026;19:00;Primera Division;Academia Puerto Cabello;Trujillanos FC;N/A;;N/A;;id1000023170821084
21/04/2026;19:15;Copa do Brasil;Sao Paulo FC SP;EC Juventude RS;30/03/2026 02:03;2.1;21/04/2026 18:02;2.1;id1000037370401252
21/04/2026;19:30;Copa do Brasil;Gremio FB Porto Alegrense RS;AD Confianca SE;30/03/2026 02:03;2.2;21/04/2026 21:07;2.5;id1000037370401274
21/04/2026;20:00;USL Championship;Brooklyn FC;Sacramento Republic FC;15/04/2026 12:51;2.0;21/04/2026 17:27;2.0;id1002816367172510
21/04/2026;20:00;Copa Presidente;AD Isidro Metapan;Alianza FC San Salvador;N/A;;N/A;;id1005110870633582
21/04/2026;20:00;Copa Proyeccion Final, Reserves;Independiente Reserve;Racing Club Avellaneda;N/A;;N/A;;id1003694568158662
21/04/2026;20:00;Premier League;Brittons Hill United;Bagatelle;N/A;;N/A;;id1002347170958720
21/04/2026;20:15;Camopeonato Femenino, Women;Rubio Nu;Sportivo Trinidense;N/A;;N/A;;id1004675870973248
21/04/2026;21:00;Division Profesional;Club Bolivar;Independiente Petrolero;15/04/2026 19:10;1.66;21/04/2026 11:04;1.66;id1003398070379094
20/04/2026;21:00;Primera Nacional;CA Atlanta;Chacarita Juniors;12/04/2026 22:33;2.25;20/04/2026 11:06;2.5;id1000070367118324
20/04/2026;21:00;Kings League Brazil;G3X FC;Nyvelados FC;N/A;;N/A;;id1004723970228850
20/04/2026;21:00;Campeonato Brasileiro, Women;EC Juventude RS;SC Corinthians SP;12/04/2026 17:17;2.5;20/04/2026 21:09;2.62;id1001509168215766
20/04/2026;21:00;Primera B;Puerto Montt;Deportes Temuco;N/A;;N/A;;id1000124068097836
21/04/2026;21:00;Division Profesional;Club Bolivar;Independiente Petrolero;15/04/2026 19:10;1.66;21/04/2026 11:04;1.66;id1003398070379094
21/04/2026;21:30;Copa do Brasil;Barra FC SC;SC Corinthians SP;30/03/2026 02:03;2.0;21/04/2026 23:27;2.05;id1000037370401262
21/04/2026;21:30;LigaPro Primera A;CD Tecnico Universitario;CS Emelec;19/04/2026 17:36;2.1;21/04/2026 21:12;2.0;id1000024068687578
21/04/2026;21:30;Copa do Brasil;Paysandu SC PA;CR Vasco da Gama RJ;21/04/2026 20:13;1.9;21/04/2026 20:29;1.95;id1000037370452648
21/04/2026;21:30;Division Honor;FC San Nicolas;Porto Caravel;N/A;;N/A;;id1005104670949494
21/04/2026;22:00;Liga MX, Clausura;Pumas UNAM;FC Juarez;13/04/2026 13:24;1.66;21/04/2026 23:45;1.5;id1002746666856156
21/04/2026;22:00;Copa Presidente;CD FAS Santa Ana;CD Dragon;N/A;;N/A;;id1005110870633572
21/04/2026;22:00;Liga MX, Clausura;Queretaro FC;CF Cruz Azul;13/04/2026 13:24;1.7;21/04/2026 19:27;1.61;id1002746666856154
21/04/2026;22:15;Primera Division, Clausura;Sporting FC;Municipal Liberia;20/04/2026 13:49;1.83;20/04/2026 13:49;1.83;id1002709466443306
21/04/2026;23:00;Primera Division, Women;Chorotega FC;Sporting FC;N/A;;N/A;;id1004242170993846
21/04/2026;23:00;Primera Division, Clausura;CS Cartagines;AD San Carlos;20/04/2026 09:24;1.83;21/04/2026 17:18;1.9;id1002709466443300
21/04/2026;23:30;K-League 1 SRL;Pohang Steelers SRL;Gwangju FC SRL;N/A;;N/A;;id1003622570922784
21/04/2026;23:30;K-League 1 SRL;Daejeon Citizen FC (Srl);Jeju United FC (Srl);N/A;;N/A;;id1003622570922782
21/04/2026;23:30;K-League 1 SRL;FC Anyang Srl;Ulsan Hyundai FC SRL;N/A;;N/A;;id1003622570922780
22/04/2026;00:05;Liga MX, Clausura;CF Monterrey;Club Puebla;13/04/2026 13:24;1.66;21/04/2026 22:06;1.61;id1002746666856160
22/04/2026;00:06;Liga MX, Clausura;Club Leon;CF America;13/04/2026 14:34;1.61;22/04/2026 02:05;1.75;id1002746666856158
22/04/2026;02:00;China Super League SRL;Shanghai Shenhua SRL;Qingdao Hainiu FC Srl;N/A;;N/A;;id1003622770922578
22/04/2026;02:00;China Super League SRL;Liaoning Tieren FC Srl;Dalian Young Boy FC SRL;N/A;;N/A;;id1003622770922574
22/04/2026;02:00;China Super League SRL;Qingdao West Coast FC Srl;Henan Jianye SRL;N/A;;N/A;;id1003622770922576
22/04/2026;04:00;Eredivisie SRL;SC Telstar Srl;Sparta Rotterdam SRL;N/A;;N/A;;id1003237770922444
22/04/2026;05:00;LaLiga SRL;Real Sociedad SRL;Getafe CF SRL;N/A;;N/A;;id1003221970922384
22/04/2026;05:00;Superliga, Women;FC Farul Constanta;AFC Universitatea Olimpia Cluj;N/A;;N/A;;id1004823569718186
22/04/2026;05:00;LaLiga SRL;FC Barcelona SRL;RC Celta de Vigo SRL;N/A;;N/A;;id1003221970922386
22/04/2026;05:00;LaLiga SRL;CF Elche;Atletico Madrid SRL;N/A;;N/A;;id1003221970922382
22/04/2026;05:30;Liga 1;Persis Solo;Bhayangkara Presisi Indonesia FC;N/A;;N/A;;id1000101562083100
22/04/2026;05:30;Super Lig, Women;Hakkarigucu Spor;Fatih Vatan Spor;N/A;;N/A;;id1004874163666397
22/04/2026;05:30;Liga 1;Psim Yogyakarta;Persija Jakarta;N/A;;N/A;;id1000101562083102
22/04/2026;06:00;Premier League SRL;Burnley FC SRL;Manchester City SRL;N/A;;N/A;;id1003221570922154
22/04/2026;06:00;Premier League SRL;AFC Bournemouth SRL;Leeds United SRL;N/A;;N/A;;id1003221570922152
22/04/2026;06:00;U17 UEFA European Championship, Qualification;Hungary;Liechtenstein;N/A;;N/A;;id1000075566712156
22/04/2026;06:00;Northern Territory Premier League;Palmerston Rovers;Port Darwin FC;N/A;;N/A;;id1004994070057570
22/04/2026;06:30;Championship;Brtc Sports Club;Khelaghar Samaj Kalyan Samiti;N/A;;N/A;;id1002887770751526
22/04/2026;06:30;Championship;Chittagong Abahani;Chattogram City Football Club;N/A;;N/A;;id1002887770751524
22/04/2026;07:00;Super Lig, Women;Besiktas;1207 Antalyaspor Kadin FK;N/A;;N/A;;id1004874163666411
22/04/2026;07:00;Super Lig, Women;Fenerbahce Istanbul;Cekmekoy Bilgidoga Sportif;N/A;;N/A;;id1004874163666399
22/04/2026;07:00;Super Lig, Women;Trabzonspor AS;Amed Sportif Faaliyetler;N/A;;N/A;;id1004874163666409
22/04/2026;07:00;Ligue 1 SRL;Paris Saint-Germain SRL;FC Nantes SRL;N/A;;N/A;;id1003222370922168
22/04/2026;07:00;WK-League;Sejong Sportstoto WFC;Suwon WFC;N/A;;N/A;;id1000177269976232
22/04/2026;07:00;Macedonia Cup;GFK Ohrid Lihnidos;FK Sileks Kratovo;N/A;;N/A;;id1000034869294116
22/04/2026;07:00;Super Lig, Women;Yuksekova SK;Galatasaray Istanbul;N/A;;N/A;;id1004874169391532
22/04/2026;07:00;Hun Sen Cup;Visakha FC;Isi Dangkor Senchey FC;N/A;;N/A;;id1003623370241502
22/04/2026;07:00;Premier League;Khoromkhon FC;Hunters FC;N/A;;N/A;;id1002862370976350
22/04/2026;07:00;J.League;Gamba Osaka;Avispa Fukuoka;19/04/2026 13:48;1.95;22/04/2026 06:06;2.0;id1000019667645074
22/04/2026;07:30;Goa Pro League;Calangute Association;Clube de Salgaocar;N/A;;N/A;;id1003197770888800
22/04/2026;07:30;K-League 1;FC Pohang Steelers;Gwangju FC;19/04/2026 13:48;2.25;22/04/2026 08:44;2.2;id1000041067817640
22/04/2026;07:30;K-League 1;Daejeon Citizen FC;Jeju SK FC;19/04/2026 13:48;1.9;22/04/2026 08:33;2.0;id1000041067817638
22/04/2026;07:30;K-League 1;FC Anyang;Ulsan HD FC;19/04/2026 13:48;1.8;22/04/2026 00:13;1.72;id1000041067817636
22/04/2026;08:00;Super Lig, Women;Unye Kadin SK;Prolift Giresun Sanayispor;N/A;;N/A;;id1004874163666407
22/04/2026;08:00;Western Australia State League 1;Subiaco AFC;Quinns FC;N/A;;N/A;;id1004672070263164
22/04/2026;08:00;U19 League;FK Crvena Zvezda;FK Graficar;N/A;;N/A;;id1004829170992240
22/04/2026;08:00;First League;Noah Yerevan 2;FC Syunik;N/A;;N/A;;id1000067270629690
22/04/2026;08:00;Superliga, Women;VASAS FEMINA FC;Csm Unirea Alba Iulia;N/A;;N/A;;id1004823570581686
22/04/2026;08:20;Northern Territory Premier League;Darwin Hearts FC;Casuarina FC;N/A;;N/A;;id1004994070057572
22/04/2026;08:35;Chinese Super League;Liaoning Tieren FC;Dalian Yingbo FC;19/04/2026 13:48;1.7;22/04/2026 08:06;1.61;id1000064968995072
22/04/2026;08:35;Chinese Super League;Qingdao West Coast FC;Henan;19/04/2026 13:48;1.57;22/04/2026 06:06;1.8;id1000064968995070
22/04/2026;09:00;Macedonia Cup;Shkendija Tetovo;KF Shkendija Haracine;N/A;;N/A;;id1000034870058082
22/04/2026;09:00;First Division;Zaqatala FK;Shahdag Qusar FK;N/A;;N/A;;id1000073663637899
22/04/2026;09:00;Treta Liga;SFK Svetkavitsa Targovishte;Benkovski Isperih;N/A;;N/A;;id1004765669734462
22/04/2026;09:00;Super League 2;Nestos Chrysoupoli FC;PAS Giannina;N/A;;N/A;;id1000018668536128
22/04/2026;09:00;Super League 2;AO Kavala 1965;Makedonikos FC;N/A;;N/A;;id1000018668536132
22/04/2026;09:00;First Division;Cabrayil;Energetik Mingechevir;N/A;;N/A;;id1000073663637897
22/04/2026;09:00;Erovnuli Liga;FC Meshakhte Tkibuli;FC Rustavi;N/A;;N/A;;id1000070470224304
22/04/2026;09:00;Cupa Moldovei;CSF Spartanii Selemet;FC Milsami;N/A;;N/A;;id1000074165791442
22/04/2026;09:00;Erovnuli Liga 2;FC Gareji Sagarejo;FC Gori;N/A;;N/A;;id1000072667843236
22/04/2026;09:00;Erovnuli Liga 2;FC Merani Martvili;Sioni Bolnisi;N/A;;N/A;;id1000072670223914
22/04/2026;09:00;Erovnuli Liga 2;FC Kolkheti-1913 Poti;FC Samtredia;N/A;;N/A;;id1000072670223912
22/04/2026;09:00;Chinese Super League;Shanghai Shenhua FC;Qingdao Hainiu FC;19/04/2026 13:48;1.7;22/04/2026 09:01;1.9;id1000064968995074
22/04/2026;09:00;Super League 2;Kampaniakos;PAOK Thessaloniki B;N/A;;N/A;;id1000018668536130
22/04/2026;09:00;First Division;Safa;Moik Baku;N/A;;N/A;;id1000073663637891
22/04/2026;09:00;U17 UEFA European Championship, Qualification;Armenia;Luxembourg;N/A;;N/A;;id1000075566712154
22/04/2026;09:30;NPL Western Australia, Women;Balcatta FC;Perth Redstar FC;N/A;;N/A;;id1003236970327528
22/04/2026;09:30;First League;FC BKMA Vagharshapat 2;Andranik;N/A;;N/A;;id1000067270629692
22/04/2026;09:30;First League;Lernayin Artsakh FC;FC Ararat-Armenia 2;N/A;;N/A;;id1000067270629694
22/04/2026;10:00;Championship;Venda FC;Milford FC;N/A;;N/A;;id1000190663157209
22/04/2026;10:00;2. Liga;OFK Dynamo Malzenice;Slavia Tu Kosice;N/A;;N/A;;id1000022461677854
22/04/2026;10:00;Superliga;FK Termez Surkhon;PFK Mash AL Mubarek;N/A;;N/A;;id1000077268380354
22/04/2026;10:00;Premier Soccer League;ZPC Kariba;Bulawayo Chiefs FC;N/A;;N/A;;id1002347970852078
22/04/2026;10:00;Championship;Leicesterford City;Lerumo Lions FC;N/A;;N/A;;id1000190663157207
22/04/2026;10:00;Treta Liga;FC Aksakovo;OFK Dorostol 2003 Silistra;N/A;;N/A;;id1004765670762132
22/04/2026;10:00;Championship;Kruger United;Cape Town City FC;N/A;;N/A;;id1000190663157205
22/04/2026;10:00;Super League;Panserraikos FC;Atromitos Athinon;12/04/2026 09:37;2.1;21/04/2026 05:14;2.05;id1000018570232046
22/04/2026;10:00;Treta Liga;PFC Rilski Sportist Samokov;OFK Kostinbrod;N/A;;N/A;;id1004765670762296
22/04/2026;10:00;Prva Liga;FK Zemun;FK Macva Sabac;N/A;;N/A;;id1000072170681880
22/04/2026;10:00;Kosovo FA Cup;KF Dukagjini;FC Ballkani;N/A;;N/A;;id1001468869793048
22/04/2026;10:00;Treta Liga;Sfk Svetkavitsa 2014 Targovishte;SFK Svetkavitsa Targovishte;N/A;;N/A;;id1004765670763874
22/04/2026;10:00;Treta Liga;FC Spartak 1918 Varna II;Benkovski Isperih;N/A;;N/A;;id1004765670762576
22/04/2026;10:00;Kosovo FA Cup;KF Ferizaj;KF Llapi;N/A;;N/A;;id1001468869793044
22/04/2026;10:00;Treta Liga;FC Chernomorets Balchik;FC Fratria II;N/A;;N/A;;id1004765670762474
22/04/2026;10:00;Championship;Hungry Lion;Pretoria University FC;N/A;;N/A;;id1000190663157203
22/04/2026;10:00;1. Liga;Spartak Kostroma;FC Ska-Khabarovsk;N/A;;N/A;;id1000020470629790
22/04/2026;10:00;Championship;Baroka FC;Gomora United;N/A;;N/A;;id1000190663157201
22/04/2026;10:00;Super League;Nkwazi;Power Dynamos;N/A;;N/A;;id1000214270429464
22/04/2026;10:00;Super League;Zanaco FC;Green Eagles;N/A;;N/A;;id1000214270429468
22/04/2026;10:00;Premier Soccer League;Chicken Inn FC;Highlanders FC;N/A;;N/A;;id1002347970849588
22/04/2026;10:00;Premier League;Kitara FC;Calvary;N/A;;N/A;;id1001486470100772
22/04/2026;10:00;Premier League;Lugazi Municipal FC;SC Villa;N/A;;N/A;;id1001486470100774
22/04/2026;10:30;HNL;HNK Vukovar 1991;HNK Gorica;20/04/2026 14:06;1.72;20/04/2026 14:06;1.72;id1000017061286553
22/04/2026;10:30;Treta Liga;FK Botev Novi Pazar;Olympic Varna;N/A;;N/A;;id1004765670762786
22/04/2026;11:00;Ligue 2;US Tataouine;Club S Hammam-Lif;N/A;;N/A;;id1002057870803290
22/04/2026;11:00;Ligue 2;Stade Gabesien;Kalaa Sport;N/A;;N/A;;id1002057870784380
22/04/2026;11:00;Ligue 2;Jendouba Sport;ES Bouchamma;N/A;;N/A;;id1002057870784376
22/04/2026;11:00;Srpska Liga;FK Napredak Markovac;FK Jedinstvo Putevi;N/A;;N/A;;id1004821362700119
22/04/2026;11:00;Prva Liga;OFK Vrsac;FK Loznica;N/A;;N/A;;id1000072170681876
22/04/2026;11:00;Srpska Liga;FK Radnicki Valjevo;FK Takovo;N/A;;N/A;;id1004821362700117
22/04/2026;11:00;Srpska Liga;FK Sloga Pozega;FK Polimlje;N/A;;N/A;;id1004821362700115
22/04/2026;11:00;Prva Liga;FK Kabel Novi Sad;FK Borac Cacak;N/A;;N/A;;id1000072170681912
22/04/2026;11:00;Prva Liga;FK Jedinstvo UB;FK Vozdovac Belgrade;N/A;;N/A;;id1000072170681878
22/04/2026;11:00;Prva Liga;FK Trayal Krusevac;FK Tekstilac Odzaci;N/A;;N/A;;id1000072170681914
22/04/2026;11:00;Ligue 2;CS Msaken;ES Hammam Sousse;N/A;;N/A;;id1002057870784336
22/04/2026;11:00;Iraqi League;Al Shorta SC;Al-Qasim SC;N/A;;N/A;;id1002697470767966
22/04/2026;11:00;Iraqi League;AL Mosul SC;AL Naft;N/A;;N/A;;id1002697470767964
22/04/2026;11:00;1. Liga;FC Volga Ulyanovsk;Chayka Peschanokopskoye;N/A;;N/A;;id1000020470629786
22/04/2026;11:00;Vtora Liga;PFC CSKA SOFIA II;FK Hebar Pazardzhik;N/A;;N/A;;id1000113570887980
22/04/2026;11:00;U19 Prva NL Juniori;GNK Dinamo Zagreb;NK Osijek;N/A;;N/A;;id1004806070715386
22/04/2026;11:00;NM Cup Women;Sandefjord Fotball;Arna-Bjoernar;N/A;;N/A;;id1000106270684482
22/04/2026;11:00;Premijer Liga;HSK Posusje;FK Radnik Bijeljina;N/A;;N/A;;id1000022261737296
22/04/2026;11:00;Srpska Liga;FK Mladi Radnik 1940 Radinac;FK Omladinac Zablace;N/A;;N/A;;id1004821362700113
22/04/2026;11:00;Treta Liga;FK Septemvri Tervel;Chernolomets Popovo;N/A;;N/A;;id1004765670762570
22/04/2026;11:00;Cyprus Cup;Pafos FC;AEL Limassol;N/A;;N/A;;id1000031570311954
22/04/2026;11:00;AFC Challenge League;Muras United FC;Kuwait SC;N/A;;N/A;;id1004298368531854
22/04/2026;11:00;3rd Division;Aen Ayiou Georgiou Vrysoullon-Acheritou;Anagennisi Deryneia;N/A;;N/A;;id1000146070914864
22/04/2026;11:00;Super League;AE Larissa FC;AE Kifisia FC;12/04/2026 09:37;1.95;22/04/2026 06:18;1.9;id1000018570232042
22/04/2026;11:00;Ligue 2;A Sakiet Edayer;CS Korba;N/A;;N/A;;id1002057870784378
22/04/2026;11:00;3rd Division;Kedros Ayia Marina Skylloura;Aep Polemidion;N/A;;N/A;;id1000146070914862
22/04/2026;11:00;Srpska Liga;FK Metalac Gornji Milanovac;FK Zeleznicar Lajkovac;N/A;;N/A;;id1004821362700125
22/04/2026;11:00;1. Liga;FK Ufa;FC Kamaz Naberezhnye Chelny;N/A;;N/A;;id1000020470629780
22/04/2026;11:00;Prva Liga;FK Usce Novi Beograd;Gfk Dubocica;N/A;;N/A;;id1000072170681910
22/04/2026;11:00;Srpska Liga;FK Josanica;FK Real Podunavci;N/A;;N/A;;id1004821362700127
22/04/2026;11:00;1. Liga;FK Ural Yekaterinburg;Torpedo Moscow;N/A;;N/A;;id1000020470629782
22/04/2026;11:00;Srpska Liga;FK Sumadija Kragujevac;FK Buducnost Krusik;N/A;;N/A;;id1004821362700123
22/04/2026;11:00;3rd Division;Anorthosis Mouttagiakas;Aspis Pylas;N/A;;N/A;;id1000146070914860
22/04/2026;11:00;Srpska Liga;FK Zlatibor Cajetina;FK Sloboda Uzice;N/A;;N/A;;id1004821362700121
22/04/2026;11:30;Treta Liga;FC Volov Shumen;PFC Ludogorets Razgrad III;N/A;;N/A;;id1004765670762140
22/04/2026;11:30;1. Liga;FC Neftekhimik Nizhnekamsk;FC Chernomorets Novorossiysk;N/A;;N/A;;id1000020470629776
22/04/2026;11:30;MSFL;TJ Start Brno;FK Hodonin;N/A;;N/A;;id1001414770123212
22/04/2026;11:30;Divize F;1. Bfk Frydlant Nad Ostravici;FK Novy Jicin;N/A;;N/A;;id1004073770398052
22/04/2026;11:30;2. Liga;FC STK 1914 Samorin;MFK Tatran Liptovsky Mikulas;N/A;;N/A;;id1000022461677856
22/04/2026;11:30;Cup Crne Gore;FK Otrant-Olympic Ulcinj;FK Decic Tuzi;N/A;;N/A;;id1000073970851444
22/04/2026;11:30;2. Liga;MSK Puchov;FK Inter Bratislava;N/A;;N/A;;id1000022461677846
22/04/2026;11:30;Premier League;FC Orenburg;FC Pari Nizhny Novgorod;N/A;;N/A;;id1000020361952220
22/04/2026;11:30;2. Liga;FC Petrzalka;OFK Banik Lehota Pod Vtacnikom;N/A;;N/A;;id1000022461677852
22/04/2026;11:30;Premiere Ligue, Women;Paris Saint-Germain;AS Saint-Etienne;21/04/2026 08:43;2.37;21/04/2026 10:34;2.62;id1000113962033936
22/04/2026;11:30;Elite One;Aigle Royal Du Moungo;Coton Sport de Garoua;N/A;;N/A;;id1000100670971740
22/04/2026;11:30;2. Liga;MSK Zilina B;MSK Povazska Bystrica;N/A;;N/A;;id1000022461677850
22/04/2026;11:30;1. Liga;FC Sokol Saratov;FC Yenisey Krasnoyarsk;N/A;;N/A;;id1000020470629792
22/04/2026;11:30;Prva Liga, Rep of Srpska;Velez Nevesinje;FK Kozara Gradiska;N/A;;N/A;;id1000071570882544
22/04/2026;11:45;Slovenia Cup;NK Radomlje;NK Brinje Grosuplje;N/A;;N/A;;id1000029169877398
22/04/2026;12:00;Super Lig, Women;Bornova Hitab Spor;Galatasaray Istanbul;N/A;;N/A;;id1004874163666401
22/04/2026;12:00;Super Lig, Women;Beylerbeyi SK;Yuksekova SK;N/A;;N/A;;id1004874163666403
22/04/2026;12:00;NM Cup Women;Rana IL;Malvik;N/A;;N/A;;id1000106268960120
22/04/2026;12:00;U21 Liga MX;Atlas FC;Tigres UANL;N/A;;N/A;;id1004805667149986
22/04/2026;12:00;CFL;FK Velke Hamry;N. Byskovice;N/A;;N/A;;id1001415169414290
22/04/2026;12:00;U19 Prva NL Juniori;NK Sesvete;NK Slaven Belupo;N/A;;N/A;;id1004806070689056
22/04/2026;12:00;Divize C;FK Prepere;Vysoke Myto;N/A;;N/A;;id1004073169936536
22/04/2026;12:00;Elite One;Colombe Sportive Du Dja Et Lobo;Gazelle FA de Garoua;N/A;;N/A;;id1000100670971724
22/04/2026;12:00;Ligue 1;Olympique Akbou;JS Kabylie;21/04/2026 16:13;2.37;22/04/2026 09:15;2.2;id1000084170683618
22/04/2026;12:00;Veikkausliiga;Kuopion Palloseura;AC Oulu;19/04/2026 13:48;1.7;22/04/2026 04:07;1.66;id1000004167091388
22/04/2026;12:00;U21 Liga MX;Atletico San Luis;Santos Laguna;N/A;;N/A;;id1004805667149988
22/04/2026;12:00;Superliga;FK Radnik Surdulica;FK Novi Pazar;20/04/2026 10:27;1.83;22/04/2026 06:27;2.0;id1000021070708846
22/04/2026;12:00;Premier League;Al Masry Club;Enppi Club;20/04/2026 09:24;2.25;22/04/2026 12:09;2.62;id1000080869879930
22/04/2026;12:00;2. Liga;MFK Zvolen;Slovan Bratislava B;N/A;;N/A;;id1000022461677858
22/04/2026;12:00;Erovnuli Liga;FC Spaeri;FC Iberia 1999;N/A;;N/A;;id1000070467912722
22/04/2026;12:00;Erovnuli Liga 2;FC Telavi;SFC Shturmi Sartichala;N/A;;N/A;;id1000072667843242
22/04/2026;12:00;Divize E;FK Nove Sady;SK Batov 1930;N/A;;N/A;;id1004073569727756
22/04/2026;12:00;U21 Liga MX;Necaxa;Guadalajara;N/A;;N/A;;id1004805667149990
22/04/2026;12:00;Superliga;FK Vojvodina Novi Sad;FK Partizan Belgrade;20/04/2026 10:27;1.61;20/04/2026 20:39;1.66;id1000021070708842
22/04/2026;12:00;Virsliga;Grobinas SC/LFS;FC RFS;21/04/2026 08:43;2.1;22/04/2026 12:07;2.25;id1000019768492474
22/04/2026;12:00;Cupa Moldovei;FC Balti;Petrocub Hincesti;N/A;;N/A;;id1000074165791446
22/04/2026;12:15;Superliga;FK Buxoro;Pakhtakor;N/A;;N/A;;id1000077268380346
22/04/2026;12:30;NM Cup Women;KFUM Oslo;Aasane;N/A;;N/A;;id1000106268960114
22/04/2026;12:30;Kakkonen Playoffs;SJK Akatemia/2;FF Jaro Akademia;21/04/2026 08:43;1.25;22/04/2026 12:20;1.16;id1002691069108966
22/04/2026;12:30;Regionalliga Northeast;BFC Preussen Berlin;FC Hertha 03 Zehlendorf;N/A;;N/A;;id1000108369140794
22/04/2026;12:30;Divize A;FK Krimice;FC Rokycany;N/A;;N/A;;id1004072770187246
22/04/2026;12:45;Oberliga NOFV South;VfL Halle 1896;VfB Auerbach 1906;N/A;;N/A;;id1000015069291712
22/04/2026;12:45;Premium Liiga;Nomme Kalju FC;FC Nomme United;21/04/2026 08:43;1.66;21/04/2026 08:43;1.66;id1000017868214610
22/04/2026;12:45;HNL;NK Varazdin;HNK Rijeka;20/04/2026 12:19;1.83;20/04/2026 12:19;1.83;id1000017061286559
22/04/2026;12:45;Oberliga NOFV South;FC Einheit Wernigerode;1. FC Lok Stendal;N/A;;N/A;;id1000015069293376
22/04/2026;13:00;LFF Cup;FC Neptunas Klaipeda;Dziugas;N/A;;N/A;;id1000081270861850
22/04/2026;13:00;2. Liga;FK Pohronie Ziar Nad Hronom Dolna Zdana;MFk Dukla Banska Bystrica;N/A;;N/A;;id1000022461677844
22/04/2026;13:00;Oberliga BW;FC Denzlingen;VfR Aalen;N/A;;N/A;;id1000014269788146
22/04/2026;13:00;NM Cup Women;Melbo;Medkila IL;N/A;;N/A;;id1000106270684486
22/04/2026;13:00;NM Cup Women;Ranheim;Tynset;N/A;;N/A;;id1000106270684488
22/04/2026;13:00;Kolmonen;KPV/Akatemia;SJK-J;N/A;;N/A;;id1004667169924062
22/04/2026;13:00;NM Cup Women;Storhamar;HamKam;N/A;;N/A;;id1000106268960116
22/04/2026;13:00;NM Cup Women;Steinkjer FK;Tiller;N/A;;N/A;;id1000106268960118
22/04/2026;13:00;NM Cup Women;Fana IL;Klepp IL;N/A;;N/A;;id1000106270684490
22/04/2026;13:00;Premium Liiga;Tartu JK Tammeka;FCI Levadia Tallinn;21/04/2026 08:43;1.72;22/04/2026 08:07;1.83;id1000017868214616
22/04/2026;13:00;NM Cup Women;Stroemsgodset IF;Odds BK;N/A;;N/A;;id1000106270684508
22/04/2026;13:00;Superliga;FC Spartak Trnava;DAC 1904 Dunajska Streda;20/04/2026 07:06;1.66;21/04/2026 01:29;1.61;id1000021170265780
22/04/2026;13:00;Superliga;FC Copenhagen;Odense Boldklub;19/04/2026 21:11;1.53;22/04/2026 11:49;1.61;id1000003969653800
22/04/2026;13:00;Premijer Liga;FK Sarajevo;FK Sloga Doboj;N/A;;N/A;;id1000022261737288
22/04/2026;13:00;Virsliga;Riga FC;Ogre United;21/04/2026 08:43;4.0;22/04/2026 08:18;4.33;id1000019768492476
22/04/2026;13:00;NM Cup Women;Amazon Grimstad FK;Bryne FK;N/A;;N/A;;id1000106268960112
22/04/2026;13:00;Kolmonen;Lautp;Lautp/2;N/A;;N/A;;id1004667169924622
22/04/2026;13:00;U19 Elite;BSC Young Boys;FC Basel;N/A;;N/A;;id1004828970372850
22/04/2026;13:00;1. Division;Aarhus Fremad;Middelfart BK;19/04/2026 13:48;2.0;22/04/2026 12:07;1.9;id1000004770318208
22/04/2026;13:00;1. Liga;PFK Arsenal Tula;FC Chelyabinsk;N/A;;N/A;;id1000020470629788
22/04/2026;13:00;1. Liga;SK Rotor Volgograd;Rodina Moscow;N/A;;N/A;;id1000020470629784
22/04/2026;13:00;1. Liga;FC Fakel Voronezh;FC Shinnik Yaroslavl;N/A;;N/A;;id1000020470629778
22/04/2026;13:00;NM Cup Women;Sarpsborg 08 FF;Kolbotn;N/A;;N/A;;id1000106268960126
22/04/2026;13:00;Superliga;Vejle BK;Silkeborg IF;19/04/2026 21:11;1.53;22/04/2026 12:01;1.5;id1000003969653802
22/04/2026;13:00;LigaPro Primera A;Leones Futbol Club;Manta FC;19/04/2026 17:36;2.1;19/04/2026 17:36;2.1;id1000024068687590
22/04/2026;13:00;Women Bundesliga;FC Union Berlin;Bayern Munich;21/04/2026 08:43;2.1;21/04/2026 17:05;1.83;id1000023261970230
22/04/2026;13:00;Women Bundesliga;Werder Bremen;VfL Wolfsburg;21/04/2026 08:43;1.61;22/04/2026 05:01;1.61;id1000023270528024
22/04/2026;13:00;LFF Cup;Venta Kursenu;FK Transinvest;N/A;;N/A;;id1000081270861886
22/04/2026;13:00;NM Cup Women;FK Arendal;IK Start;N/A;;N/A;;id1000106268960128
22/04/2026;13:00;AFC Champions League Two;Al Nassr Club;Al Ahli Doha SC;N/A;;N/A;;id1000066868528354
22/04/2026;13:00;Bulgarian Cup;FC Arda Kardzhali;PFC Lokomotiv Plovdiv;11/04/2026 01:32;2.2;22/04/2026 13:09;2.5;id1000036569088914
22/04/2026;13:00;U21 Liga MX;Mazatlan FC;Deportivo Toluca FC;N/A;;N/A;;id1004805667149992
22/04/2026;13:00;Azerbaijan Cup;Sabah Masazir;Qarabag FK;N/A;;N/A;;id1000074069756618
22/04/2026;13:00;1. Division;Hobro IK;HB Koege;19/04/2026 12:42;1.72;22/04/2026 08:14;1.72;id1000004770318210
22/04/2026;13:00;Regionalliga North;HSC Hannover;SV Drochtersen/Assel;22/04/2026 09:06;1.66;22/04/2026 09:06;1.66;id1000004269962520
22/04/2026;13:00;Premium Liiga;Harju JK Laagri;Paide Linnameeskond;21/04/2026 07:36;1.66;22/04/2026 10:12;1.57;id1000017868214612
22/04/2026;13:00;NM Cup;Bodoe/Glimt;KFUM Oslo;20/04/2026 12:43;1.66;22/04/2026 06:03;1.66;id1000002970241708
22/04/2026;13:00;Cyprus Cup;Apollon Limassol;APOEL Nikosia;N/A;;N/A;;id1000031570450704
22/04/2026;13:00;Premium Liiga;Tallinna FC Flora;JK Narva Trans;21/04/2026 07:36;1.66;22/04/2026 12:11;1.66;id1000017868214614
22/04/2026;13:00;Peace Cup;Gorilla FC;Rayon Sports FC;N/A;;N/A;;id1002380570946848
22/04/2026;13:00;NM Cup Women;Alta;Krokelvdalen;N/A;;N/A;;id1000106270684484
22/04/2026;13:15;Schleswig-Holstein-Liga;SV Eichede;Kaltenkirchener Turnerschaft;N/A;;N/A;;id1000051267179642
22/04/2026;13:15;Schleswig-Holstein-Liga;PSV Union Neumunster;TSV Nordmark Satrup;N/A;;N/A;;id1000051266497706
22/04/2026;13:25;Division 1;Al-Orobah;Al-Zulfi FC;N/A;;N/A;;id1000229867953218
22/04/2026;13:25;Division 1;Jeddah Club;Al-Faisaly FC;N/A;;N/A;;id1000229867953220
22/04/2026;13:30;Cup Crne Gore;FK Mornar Bar;FK Jezero Plav;N/A;;N/A;;id1000073970851448
22/04/2026;13:30;U19 DFB Nachwuchsliga;1. FC Heidenheim;FC Augsburg;N/A;;N/A;;id1002470270008652
22/04/2026;13:30;Oberliga Niedersachsen;SV Wilhelmshaven;USI Lupo Martini Wolfsburg;N/A;;N/A;;id1000081370017734
22/04/2026;13:30;Iraqi League;Al Zawraa;Diyala FC;N/A;;N/A;;id1002697470767972
22/04/2026;13:30;Iraqi League;AL Karkh;AL Karma;N/A;;N/A;;id1002697470767968
22/04/2026;13:30;Iraqi League;AL Talaba;Newroz SC;N/A;;N/A;;id1002697470767970
22/04/2026;13:30;Ligue 1;Stade Malien de Bamako;Afrique Football Elite;N/A;;N/A;;id1004081770917506
22/04/2026;13:30;Bundesliga;SK Rapid;TSV Hartberg;12/04/2026 20:41;1.9;22/04/2026 12:01;1.9;id1000004569751526
22/04/2026;13:30;Bundesliga;FC Salzburg;FK Austria Wien;12/04/2026 20:41;1.7;22/04/2026 08:06;1.61;id1000004569751524
22/04/2026;13:30;Tercera Federacion, Group 12;CD Union Sur Yaiza;Arucas CF;N/A;;N/A;;id1002604070510766
22/04/2026;13:30;Superliga;OFK Beograd;FK Cukaricki Belgrade;20/04/2026 10:27;1.66;21/04/2026 22:05;1.8;id1000021070708844
22/04/2026;13:45;Premiere Ligue, Women;Montpellier HSC;Paris FC;N/A;;N/A;;id1000113962033934
22/04/2026;13:45;Premier League;Lokomotiv Moscow;FK Zenit Saint Petersburg;N/A;;N/A;;id1000020361376711
22/04/2026;13:45;Kolmonen;SC Zulimanit;KuPS Akatemia II;N/A;;N/A;;id1004667169924460
22/04/2026;13:45;Premiere Ligue, Women;Le Havre AC;RC Lens;21/04/2026 08:43;1.72;21/04/2026 08:43;1.72;id1000113962033930
22/04/2026;13:45;Premiere Ligue, Women;Olympique Marseille;FC Nantes;21/04/2026 08:43;1.61;22/04/2026 01:07;1.57;id1000113962033932
22/04/2026;13:45;Eredivisie, Women;Excelsior Rotterdam;NAC Breda;N/A;;N/A;;id1000227070219992
22/04/2026;13:45;Premiere Ligue, Women;Olympique Lyon;Dijon FCO;21/04/2026 08:43;2.75;22/04/2026 14:11;3.75;id1000113962033926
22/04/2026;13:45;Premier League;FK Dinamo Moscow;FK Rubin Kazan;N/A;;N/A;;id1000020361376709
22/04/2026;13:45;Premiere Ligue, Women;FC Fleury;RC Strasbourg;21/04/2026 08:43;1.8;22/04/2026 13:08;2.0;id1000113962033928
22/04/2026;14:00;U19 DFB Nachwuchsliga;Hombrucher SV;Preussen Munster;N/A;;N/A;;id1002470267208062
22/04/2026;14:00;Oberliga Hamburg;Niendorfer TSV 1919;USC Paloma Hamburg;N/A;;N/A;;id1000050968415768
22/04/2026;14:00;Allsvenskan;IF Elfsborg;Djurgardens IF;19/04/2026 09:46;1.7;22/04/2026 09:07;1.75;id1000004067126494
22/04/2026;14:00;Botola Pro D1;Olympique Club de Safi;Renaissance Zemamra;21/04/2026 11:08;2.1;21/04/2026 11:56;2.25;id1000093770943694
22/04/2026;14:00;Allsvenskan;Orgryte IS;IF Brommapojkarna;19/04/2026 09:46;1.5;19/04/2026 20:11;1.57;id1000004067126490
22/04/2026;14:00;Allsvenskan;Hammarby IF;Halmstads BK;19/04/2026 08:33;2.1;22/04/2026 13:08;2.0;id1000004067126486
22/04/2026;14:00;Super League;Asteras Tripolis;Panaitolikos Agrinio;12/04/2026 09:37;2.05;22/04/2026 12:07;1.95;id1000018570232040
22/04/2026;14:00;Primera Division Women;RCD Espanyol Barcelona;FC Barcelona;21/04/2026 07:36;2.37;22/04/2026 12:11;4.0;id1000112761688350
22/04/2026;14:00;Regionalliga Southwest;TSV Steinbach Haiger;TSV Schott Mainz;N/A;;N/A;;id1000107961859460
22/04/2026;14:00;Regionalliga North;SSV Jeddeloh II;VfB Lubeck;22/04/2026 09:06;1.36;22/04/2026 09:12;1.33;id1000004270352466
22/04/2026;14:00;Tercera Federacion, Group 12;CD Herbania;UD Telde;N/A;;N/A;;id1002604070510768
22/04/2026;14:00;Regionalliga Southwest;Offenbacher FC Kickers 1901;FSV Frankfurt 1899;N/A;;N/A;;id1000107961859458
22/04/2026;14:00;Regionalliga North;1. FC Phonix Lubeck;FC St. Pauli II;22/04/2026 09:06;1.5;22/04/2026 09:06;1.5;id1000004270759760
22/04/2026;14:00;Regionalliga Southwest;SG Sonnenhof Grossaspach;SGV Freiberg;N/A;;N/A;;id1000107961859476
22/04/2026;14:00;Regionalliga North;FSV Schoningen 2011;VfB Oldenburg;22/04/2026 09:06;1.4;22/04/2026 09:06;1.4;id1000004270760498
22/04/2026;14:00;Erovnuli Liga;FC Dila Gori;FC Dinamo Batumi;N/A;;N/A;;id1000070470224318
22/04/2026;14:00;Allsvenskan;Vasteraas SK;BK Hacken;19/04/2026 14:53;1.61;19/04/2026 17:00;1.61;id1000004067126498
22/04/2026;14:00;Ligue 1;Paris Saint-Germain;FC Nantes;12/04/2026 09:43;1.8;22/04/2026 12:07;1.95;id1000003461526440
22/04/2026;14:00;LaLiga;Elche CF;Atletico Madrid;06/04/2026 07:02;1.66;22/04/2026 08:59;1.61;id1000000861624590
22/04/2026;14:00;Liga Portugal 2;UD Oliveirense;SL Benfica B;21/04/2026 00:27;1.66;21/04/2026 00:27;1.66;id1000023961732236
22/04/2026;14:00;Copa Proyeccion Final, Reserves;Estudiantes de LP Reserve;Gimnasia de la Plata Reserve;N/A;;N/A;;id1003694568158658
22/04/2026;14:00;Kolmonen;TPV/2;FC Lasten;N/A;;N/A;;id1004667169923632
22/04/2026;14:00;Erovnuli Liga 2;Aragvi Dusheti;Odishi;N/A;;N/A;;id1000072667843238
22/04/2026;14:00;Kupa e Shqiperise;Af Elbasani;KF Egnatia Rrogozhine;N/A;;N/A;;id1000075669877272
22/04/2026;14:00;Superliga;FK Zeleznicar Pancevo;FK Crvena Zvezda Belgrade;20/04/2026 10:27;2.0;22/04/2026 11:03;2.0;id1000021070708840
22/04/2026;14:10;Second Division;Hajer FC;Al-Ain FC (SA);N/A;;N/A;;id1004851170851724
22/04/2026;14:10;Ukraine Cup;FC Metalist 1925 Kharkiv;FC Chernigiv;N/A;;N/A;;id1000031270064096
22/04/2026;14:15;Kolmonen;Leppavaaran Pallo;Sexypoxyt;N/A;;N/A;;id1004667169920590
22/04/2026;14:30;Oberliga Hamburg;ETSV Hamburg;SC Vorwarts-Wacker Billstedt;N/A;;N/A;;id1000050969878412
22/04/2026;14:30;Schleswig-Holstein-Liga;Oldenburger SV;1 FC Phonix Lubeck II;N/A;;N/A;;id1000051262127356
22/04/2026;14:30;Oberliga NOFV South;VfB Germania Halberstadt;RSV Eintracht Stahnsdorf 1949;N/A;;N/A;;id1000015069291672
22/04/2026;14:30;Oberliga Niedersachsen;SV Holthausen-Biene;VfV 06 Hildesheim;N/A;;N/A;;id1000081370018354
22/04/2026;14:30;Oberliga Niedersachsen;TSV Wetschen;1. FC Germania Egestorf/Langreder;N/A;;N/A;;id1000081367463024
22/04/2026;14:30;Oberliga Westfalen;TSV Victoria Clarholz;SpVgg Erkenschwick;N/A;;N/A;;id1000014669522036
22/04/2026;14:30;Oberliga Westfalen;SV Westfalia Rhynern;TSG 1881 Sprockhovel;N/A;;N/A;;id1000014669843072
22/04/2026;14:30;Oberliga Westfalen;FC Eintracht Rheine;1. FC Gievenbeck;N/A;;N/A;;id1000014669844094
22/04/2026;14:30;Schleswig-Holstein-Liga;TuS Rotenhof;SV Eutin 08;N/A;;N/A;;id1000051270302530
22/04/2026;14:30;Challenge League;Yverdon-Sport;Neuchatel Xamax;N/A;;N/A;;id1000021666626614
22/04/2026;14:30;Regionalliga West;SSVg Velbert;Borussia Dortmund II;N/A;;N/A;;id1000049370058214
22/04/2026;14:30;Challenge League;FC Aarau;Stade Lausanne Ouchy;21/04/2026 00:26;1.5;22/04/2026 12:09;1.61;id1000021666626842
22/04/2026;14:30;Premiership;Mamelodi Sundowns;Stellenbosch FC;20/04/2026 09:24;2.5;22/04/2026 06:05;2.5;id1000035870352372
22/04/2026;14:30;Turkiye Kupasi;Galatasaray Istanbul;Genclerbirligi SK;20/04/2026 15:00;2.0;22/04/2026 05:03;2.2;id1000009669833210
22/04/2026;15:00;U20 Brasileiro Serie B;Botafogo FC SP;SC Internacional RS;N/A;;N/A;;id1004621169688838
22/04/2026;15:00;U20 Brasileiro Serie B;SC Recife PE;Operario Ferroviario EC PR;N/A;;N/A;;id1004621169688844
22/04/2026;15:00;Copa Proyeccion Final, Reserves;Ferro Carril Oeste;Velez Sarsfield Reserve;N/A;;N/A;;id1003694568158678
22/04/2026;15:00;U20 Brasileiro Serie B;CR Brasil AL;Chapecoense SC;N/A;;N/A;;id1004621169688788
22/04/2026;15:00;Alagoano, Serie B U23;Desportivo Alianca AL;Sporting FC Teotonio AL;N/A;;N/A;;id1004005370806222
22/04/2026;15:00;U20 Brasileiro Serie B;Atletico Mineiro MG;Gremio Novorizontino SP;N/A;;N/A;;id1004621169688784
22/04/2026;15:00;U20 Campeonato Brasileiro;Botafogo FR RJ;EC Bahia BA;N/A;;N/A;;id1001368568751688
22/04/2026;15:00;U20 Campeonato Brasileiro;EC Juventude RS;Gremio FB Porto Alegrense RS;N/A;;N/A;;id1001368568751674
22/04/2026;15:00;U20 Brasileiro Serie B;Goias EC GO;Brusque SC;N/A;;N/A;;id1004621169688786
22/04/2026;15:00;U20 Brasileiro Serie B;Coritiba FC PR;Paysandu SC PA;N/A;;N/A;;id1004621169688842
22/04/2026;15:00;U20 Campeonato Brasileiro;Fortaleza EC CE;America FC MG;N/A;;N/A;;id1001368568751680
22/04/2026;15:00;Eredivisie;SC Telstar;Sparta Rotterdam;06/04/2026 07:04;1.5;19/04/2026 17:02;1.5;id1000003761320229
22/04/2026;15:00;Alagoano, Serie B U23;Miguelense FC AL;AS Sao Domingos AL;N/A;;N/A;;id1004005370765694
22/04/2026;15:00;U20 Campeonato Brasileiro;Criciuma EC SC;SC Corinthians SP;N/A;;N/A;;id1001368568751690
22/04/2026;15:00;Coupe de Luxembourg;Atert Bissen;FC Progres Niederkorn;N/A;;N/A;;id1000076569978608
22/04/2026;15:00;Copa Proyeccion Final, Reserves;CA Banfield;CA Lanus;N/A;;N/A;;id1003694568158666
22/04/2026;15:00;U20 Campeonato Brasileiro;Cruzeiro EC MG;Avai FC SC;N/A;;N/A;;id1001368568751682
22/04/2026;15:00;Copa Proyeccion Final, Reserves;CA Union Santa Fe Reserve;Colon de Santa Fe Reserve;N/A;;N/A;;id1003694568158676
22/04/2026;15:00;Copa Proyeccion Final, Reserves;At Rafaela Reserve;CA Sarmiento de Junin;N/A;;N/A;;id1003694568158682
22/04/2026;15:00;Championship, Women;Ipswich Town Lfc;Sheffield United LFC;N/A;;N/A;;id1001835069348598
22/04/2026;15:00;Besta deild;IA Akranes;KA Akureyri;21/04/2026 00:26;1.44;22/04/2026 14:06;1.44;id1000018868194590
22/04/2026;15:00;Copa Proyeccion Final, Reserves;CA Quilmes Reserve;CA Aldosivi Reserve;N/A;;N/A;;id1003694568158684
22/04/2026;15:00;Coupe de Luxembourg;US Feulen;FC Victoria Rosport;N/A;;N/A;;id1000076569978614
22/04/2026;15:00;Coupe de Luxembourg;CS Fola Esch-Alzette;FC Rodange 91;N/A;;N/A;;id1000076569978612
22/04/2026;15:00;Alagoano, Serie B U23;Zumbi EC AL;Jacioba AC AL;N/A;;N/A;;id1004005370765692
22/04/2026;15:00;Coupe de Luxembourg;FC Differdange 03;RFC Union Luxembourg;N/A;;N/A;;id1000076569978610
22/04/2026;15:00;NM Cup;SK Brann;Aalesunds FK;20/04/2026 12:42;1.5;22/04/2026 09:03;1.66;id1000002970241710
22/04/2026;15:00;Magyar Kupa;Ferencvarosi Budapest;WKW ETO FC Gyor;21/04/2026 11:17;1.72;22/04/2026 13:03;1.66;id1000030569669194
22/04/2026;15:00;LigaPro Primera A;Delfin SC;CSD Independiente del Valle;19/04/2026 17:36;2.1;22/04/2026 03:23;2.1;id1000024068687584
22/04/2026;15:00;LaLiga;Real Sociedad San Sebastian;Getafe CF;06/04/2026 08:04;2.2;22/04/2026 05:12;2.0;id1000000861624596
22/04/2026;15:00;Liga 1;Comerciantes Unidos;Alianza Atletico;19/04/2026 19:55;2.0;21/04/2026 13:20;2.0;id1000040670292234
22/04/2026;15:00;Copa Proyeccion Final, Reserves;CD Godoy Cruz;San Martin de San Juan Reserve;N/A;;N/A;;id1003694568158680
22/04/2026;15:00;Superliga;Viborg FF;Broendby IF;19/04/2026 12:42;1.7;22/04/2026 11:07;1.53;id1000003969653740
22/04/2026;15:00;Besta deild;Keflavik IF;Breidablik Kopavogur;21/04/2026 07:36;1.44;22/04/2026 14:07;1.53;id1000018868194592
22/04/2026;15:00;U20 Campeonato Brasileiro;CA Paranaense PR;Sao Paulo FC SP;N/A;;N/A;;id1001368568751678
22/04/2026;15:00;U20 Campeonato Brasileiro;CR Flamengo RJ;Fluminense FC RJ;N/A;;N/A;;id1001368568751676
22/04/2026;15:00;Premier League;Smouha SC;Ceramica Cleopatra;20/04/2026 09:24;2.25;22/04/2026 15:06;2.5;id1000080869879928
22/04/2026;15:15;Tercera Federacion, Group 11;CE Felanitx;CF Platges de Calvia;N/A;;N/A;;id1002603863145261
22/04/2026;15:15;HNL;NK Istra 1961;GNK Dinamo Zagreb;20/04/2026 15:09;2.0;22/04/2026 12:03;1.9;id1000017061286551
22/04/2026;15:30;U20 Brasileiro Serie B;AC Goianiense GO;Vila Nova FC GO;N/A;;N/A;;id1004621169688840
22/04/2026;15:30;Premijer Liga;HSK Zrinjski Mostar;FK Borac Banja Luka;N/A;;N/A;;id1000022261737290
22/04/2026;15:30;Pro League;Union Saint-Gilloise;KAA Gent;19/04/2026 19:55;1.9;22/04/2026 12:06;2.25;id1000003870207406
22/04/2026;15:30;Pro League;Club Brugge;Yellow-Red KV Mechelen;19/04/2026 19:55;1.75;22/04/2026 12:06;1.75;id1000003870207408
22/04/2026;15:30;Primera C;CA Fenix Pilar;Club El Porvenir;21/04/2026 16:13;2.5;21/04/2026 16:13;2.5;id1002617470806278
22/04/2026;15:30;Bundesliga;SK Sturm Graz;LASK Linz;12/04/2026 20:41;1.61;19/04/2026 16:58;1.57;id1000004569751530
22/04/2026;15:45;DFB Pokal;Bayer Leverkusen;Bayern Munich;15/04/2026 02:53;1.4;22/04/2026 07:07;1.36;id1000021769191434
22/04/2026;15:45;Championship;Charlton Athletic;Ipswich Town;18/04/2026 15:17;1.83;22/04/2026 15:09;2.0;id1000001861491359
22/04/2026;15:45;Championship;Sheffield United;Blackburn Rovers;18/04/2026 15:17;1.72;22/04/2026 08:03;1.72;id1000001861491353
22/04/2026;15:45;League One;Cardiff City;Port Vale;18/04/2026 15:17;2.0;22/04/2026 05:03;1.95;id1000002470077220
22/04/2026;15:45;Championship;Middlesbrough FC;Sheffield Wednesday;18/04/2026 15:17;2.25;22/04/2026 16:06;1.83;id1000001861491339
22/04/2026;15:45;Championship;Birmingham City;Preston North End;18/04/2026 15:17;1.83;22/04/2026 09:03;1.72;id1000001861491357
22/04/2026;16:00;U20 Campeonato Brasileiro;SE Palmeiras SP;CR Vasco da Gama RJ;N/A;;N/A;;id1001368568751686
22/04/2026;16:00;Botola Pro D1;AS Far Rabat;Rs Berkane;21/04/2026 11:08;2.2;21/04/2026 11:29;2.1;id1000093770943696
22/04/2026;16:00;Premier League;Burnley FC;Manchester City;11/04/2026 16:12;1.9;22/04/2026 14:02;2.0;id1000001761301187
22/04/2026;16:00;Coupe de France;Strasbourg Alsace;OGC Nice;08/03/2026 15:49;1.9;22/04/2026 08:06;1.66;id1000033569623606
22/04/2026;16:00;Coppa Italia;Atalanta BC;Lazio Rome;16/04/2026 11:26;1.8;22/04/2026 03:03;1.8;id1000032868910656
22/04/2026;16:00;Division Profesional;Always Ready;Oriente Petrolero;15/04/2026 19:10;1.61;22/04/2026 14:09;1.57;id1003398070379096
22/04/2026;16:00;Premier League;AFC Bournemouth;Leeds United;11/04/2026 16:12;1.66;19/04/2026 16:58;1.61;id1000001761301181
22/04/2026;16:30;LaLiga;FC Barcelona;RC Celta de Vigo;06/04/2026 07:02;1.61;22/04/2026 15:02;1.53;id1000000861624580
22/04/2026;16:30;Tercera Federacion, Group 12;UD Las Palmas C;CF Panaderia Pulido;N/A;;N/A;;id1002604070510770
22/04/2026;16:45;Taca de Portugal;FC Porto;Sporting CP;21/04/2026 00:27;1.8;22/04/2026 16:06;1.83;id1000033670241636
22/04/2026;17:00;Copa Ecuador;Deportivo Santo Domingo De Los Tsachilas;Vinotinto FC Ecuador;N/A;;N/A;;id1002920870484624
22/04/2026;17:15;Liga 1;Atletico Grau;Sporting Cristal;19/04/2026 17:36;1.83;19/04/2026 17:36;1.83;id1000040670292236
22/04/2026;17:30;Premier League;Racing United FC;Molynes;N/A;;N/A;;id1000189270906552
22/04/2026;17:30;Premier League;Montego Bay United;Tivoli Gardens;N/A;;N/A;;id1000189270906550
22/04/2026;17:30;LigaPro Primera A;CD Cuenca;Orense SC;19/04/2026 17:36;1.9;19/04/2026 17:36;1.9;id1000024068687592
22/04/2026;18:00;Primera Division, Women;LD Alajuelense;CS Herediano;N/A;;N/A;;id1004242170990438
22/04/2026;18:00;Liga Nacional. Clausura;CD Victoria La Ceiba;Juticalpa FC;N/A;;N/A;;id1002741670089688
22/04/2026;18:00;Copa Presidente;CD Aguila San Miguel;AD Izalco;N/A;;N/A;;id1005110870633584
22/04/2026;18:30;Liga Premier Serie A;Halcones FC;Racing de Veracruz;N/A;;N/A;;id1004053370982064
22/04/2026;18:30;Liga Premier Serie A;Zacatepec FC;Alacranes de Durango;N/A;;N/A;;id1004053370982122
22/04/2026;19:00;Copa Espirito Santo;Porto Vitoria ES;Vitoria FC ES;N/A;;N/A;;id1004681170703466
22/04/2026;19:00;Liga Premier Serie A;Tritones Vallarta MFC;Deportiva Venados;N/A;;N/A;;id1004053370980318
22/04/2026;19:00;Copa do Nordeste;AO Itabaiana SE;Botafogo FC PB;21/04/2026 14:50;1.9;22/04/2026 16:04;2.0;id1000159670506142
22/04/2026;19:00;Copa Argentina;CA Acassuso;Gimnasia y Esgrima La Plata;17/04/2026 00:39;2.5;22/04/2026 19:03;2.0;id1000102470821496
22/04/2026;19:00;Division Profesional;Real Potosi;Guabira Montero;15/04/2026 19:10;1.66;22/04/2026 15:12;1.72;id1003398070379098
22/04/2026;19:00;Brasileiro Serie D;America FC RN;ABC FC RN;21/04/2026 11:24;2.0;21/04/2026 23:25;2.1;id1001533570764292
22/04/2026;19:00;Copa do Brasil;EC Bahia BA;Clube do Remo PA;30/03/2026 02:03;1.9;22/04/2026 16:17;2.05;id1000037370401268
22/04/2026;19:00;Copa do Brasil;Goias EC GO;Cruzeiro EC MG;30/03/2026 02:03;1.95;22/04/2026 18:01;2.1;id1000037370401248
22/04/2026;19:30;USL League One;Sarasota Paradise;Corpus Christi FC;N/A;;N/A;;id1002816567171882
22/04/2026;19:30;Copa do Brasil;Santos FC SP;Coritiba FC PR;30/03/2026 02:03;1.95;22/04/2026 01:06;2.05;id1000037370401254
22/04/2026;20:00;Copa Proyeccion Final, Reserves;Boca Juniors;CA River Plate (Arg);N/A;;N/A;;id1003694568158650
22/04/2026;20:00;Copa do Brasil, Women;FC Pantanal Saf MS;Liga Sao Jao PI;N/A;;N/A;;id1004709770271114
22/04/2026;20:00;USL Super League, Women;DC Power FC;Fort Lauderdale United FC;21/04/2026 10:50;1.72;22/04/2026 11:14;2.0;id1004343962509036
22/04/2026;20:00;Brasileiro Serie D;Oratorio RC AP;Tocantinopolis EC TO;21/04/2026 16:13;1.83;22/04/2026 10:10;1.9;id1001533570320556
22/04/2026;20:00;Copa Ecuador;Banos Ciudad de Fuego;Anaconda FC;N/A;;N/A;;id1002920870484626
22/04/2026;20:00;Camopeonato Femenino, Women;Sportivo 2 de Mayo;Cerro Porteno;N/A;;N/A;;id1004675870433672
22/04/2026;20:00;Copa Presidente;Inter Formando UN Atleta;Zacatecoluca FC;N/A;;N/A;;id1005110870633578
22/04/2026;20:00;LigaPro Primera A;Barcelona SC;Mushuc Runa SC;19/04/2026 19:55;1.9;22/04/2026 18:00;2.0;id1000024068687588
22/04/2026;20:00;Paulista, Serie A3;Marilia AC SP;AA Portuguesa Santista SP;N/A;;N/A;;id1000161470982486
22/04/2026;20:00;Liga 1;Cusco FC;FC Cajamarca;19/04/2026 17:36;2.1;22/04/2026 20:05;1.9;id1000040670292238
22/04/2026;20:15;Liga Nacional. Clausura;Real CD Espana San Pedro Sula;Platense FC Puerto Cortes;N/A;;N/A;;id1002741670089694
22/04/2026;20:20;Primera A, Apertura;Independiente Medellin;Boyaca Chico FC;20/04/2026 07:06;2.2;22/04/2026 20:24;2.0;id1002707069388854
22/04/2026;20:30;Copa do Brasil;Athletic Club Sjdr MG;SC Internacional RS;30/03/2026 03:05;1.95;22/04/2026 19:05;1.95;id1000037370401256
22/04/2026;20:30;MLS;Columbus Crew;Los Angeles Galaxy;13/04/2026 19:57;1.57;22/04/2026 11:51;1.57;id1000024266299038
22/04/2026;20:30;USL Championship;Rhode Island FC;Charleston Battery;19/04/2026 15:09;1.83;22/04/2026 20:23;1.9;id1002816367172514
22/04/2026;20:30;MLS;New York Red Bulls;DC United;13/04/2026 19:58;1.7;22/04/2026 22:26;1.61;id1000024266299042
22/04/2026;20:30;MLS;New York City FC;FC Cincinnati;13/04/2026 19:45;1.66;22/04/2026 20:19;1.5;id1000024266299040
22/04/2026;20:30;MLS;Toronto FC;Philadelphia Union;13/04/2026 19:58;1.7;22/04/2026 21:45;1.7;id1000024266299046
22/04/2026;20:30;MLS;Orlando City SC;Charlotte FC;13/04/2026 19:23;1.53;22/04/2026 21:02;1.53;id1000024266299044
22/04/2026;20:30;Copa do Brasil;Fortaleza EC CE;CR Brasil AL;30/03/2026 08:52;2.0;22/04/2026 20:23;2.37;id1000037370401270
22/04/2026;20:45;U21 Liga MX;Club Tijuana de Caliente;Pachuca;N/A;;N/A;;id1004805667149994
22/04/2026;20:45;MLS;Atlanta United FC;New England Revolution;13/04/2026 19:19;1.75;22/04/2026 20:19;1.61;id1000024266299036
22/04/2026;21:00;Primera Division, Clausura;Perez Zeledon;CS Herediano;22/04/2026 10:27;1.8;22/04/2026 10:27;1.8;id1002709466443302
22/04/2026;21:00;Division Profesional;Blooming Santa Cruz;CA Nacional Potosi;15/04/2026 19:10;1.4;22/04/2026 12:06;1.5;id1003398070379100
22/04/2026;21:15;Copa Argentina;Deportivo Moron;CA Ferrocarril Midland;17/04/2026 02:59;2.37;22/04/2026 11:12;2.5;id1000102470821498
22/04/2026;21:30;MLS;FC Dallas;Minnesota United FC;13/04/2026 19:23;1.57;22/04/2026 01:08;1.53;id1000024266299048
22/04/2026;21:30;MLS;Houston Dynamo;San Diego FC;13/04/2026 19:32;1.57;22/04/2026 13:10;1.5;id1000024266299050
22/04/2026;21:30;Copa do Brasil;CR Flamengo RJ;EC Vitoria BA;30/03/2026 08:52;2.05;22/04/2026 23:32;2.62;id1000037370401276
22/04/2026;21:30;Brasileiro Serie B;Cuiaba EC MT;Botafogo FC SP;20/04/2026 12:43;2.25;22/04/2026 20:08;2.5;id1000039068822842
22/04/2026;21:30;Copa do Brasil;Red Bull Bragantino SP;Mirassol FC SP;30/03/2026 02:03;1.95;22/04/2026 23:31;2.05;id1000037370401264
22/04/2026;22:00;Liga MX, Clausura;Atletico San Luis;Club Santos Laguna;13/04/2026 14:34;1.57;22/04/2026 23:12;1.53;id1002746666856162
22/04/2026;22:00;Liga MX, Clausura;Atlas FC;Tigres UANL;13/04/2026 14:34;1.75;22/04/2026 14:13;1.95;id1002746666856164
22/04/2026;22:00;Copa Presidente;CD Luis Angel Firpo Usulutan;AD Batanecos;N/A;;N/A;;id1005110870633668
22/04/2026;22:00;Primera Division;Nueva Santa Rosa Cdf;Deportivo Gomerano;N/A;;N/A;;id1004800070985562
22/04/2026;22:00;LigaPro Primera A;LDU Quito;SD Aucas;19/04/2026 19:55;1.83;22/04/2026 03:22;1.8;id1000024068687582
22/04/2026;22:00;Liga MX, Clausura;Mazatlan FC;Deportivo Toluca FC;13/04/2026 14:34;1.66;22/04/2026 15:22;1.57;id1002746666856166
22/04/2026;22:00;Liga de Expansion MX, Clausura;CD Mineros de Zacatecas;Atletico Morelia;N/A;;N/A;;id1002738470973398
22/04/2026;22:30;Liga Nacional. Clausura;CD Olimpia Tegucigalpa;CD Marathon San Pedro Sula;N/A;;N/A;;id1002741670089700
22/04/2026;22:30;MLS;Real Salt Lake;Inter Miami CF;13/04/2026 19:15;1.44;19/04/2026 17:05;1.4;id1000024266299052
22/04/2026;22:30;Primera A, Apertura;Fortaleza FC;America de Cali;20/04/2026 07:06;2.0;20/04/2026 07:06;2.0;id1002707070451522
22/04/2026;22:30;Liga 1;Universitario de Deportes;Deportivo Garcilaso;19/04/2026 17:36;2.37;22/04/2026 22:07;2.1;id1000040670292240
22/04/2026;23:00;Liga Premier Serie A;Club Celaya FC;Cimarrones de Sonora FC;N/A;;N/A;;id1004053370980070
22/04/2026;23:00;Primera Division, Women;Dimas Escazu;Deportivo Saprissa;N/A;;N/A;;id1004242170993844
22/04/2026;23:00;USL Championship;Oakland Roots SC;Las Vegas Lights;19/04/2026 15:09;1.83;22/04/2026 20:12;1.72;id1002816367172512
22/04/2026;23:30;Primera Division, Clausura;Deportivo Saprissa San Jose;Guadalupe FC;22/04/2026 10:26;2.2;22/04/2026 10:26;2.2;id1002709466443304
22/04/2026;23:30;MLS;San Jose Earthquakes;Austin FC;13/04/2026 19:53;1.61;22/04/2026 20:03;1.7;id1000024266299056
22/04/2026;23:30;MLS;Los Angeles FC;Colorado Rapids;13/04/2026 19:45;1.61;22/04/2026 20:25;1.61;id1000024266299054
23/04/2026;00:00;Liga de Expansion MX, Clausura;Jaiba Brava;Club Atletico La Paz;N/A;;N/A;;id1002738470973402
23/04/2026;00:06;Liga MX, Clausura;Club Tijuana de Caliente;CF Pachuca;13/04/2026 14:34;1.66;23/04/2026 00:23;1.7;id1002746666856168
23/04/2026;00:10;Liga MX, Clausura;Club Necaxa;CD Guadalajara;13/04/2026 14:34;1.75;22/04/2026 21:07;1.66;id1002746666856170
23/04/2026;04:00;Eredivisie SRL;PSV Eindhoven SRL;PEC Zwolle SRL;N/A;;N/A;;id1003237770922448
23/04/2026;04:00;Eredivisie SRL;GO Ahead Eagles Srl;AZ Alkmaar SRL;N/A;;N/A;;id1003237770922446
23/04/2026;05:00;LaLiga SRL;Rayo Vallecano;RCD Espanyol Barcelona SRL;N/A;;N/A;;id1003221970922390
23/04/2026;05:00;LaLiga SRL;UD Levante SRL;Sevilla FC SRL;N/A;;N/A;;id1003221970922392
23/04/2026;05:00;LaLiga SRL;Real Oviedo Srl;Villarreal CF SRL;N/A;;N/A;;id1003221970922388
23/04/2026;05:00;U17 UEFA European Championship, Qualification;Finland;Gibraltar;N/A;;N/A;;id1000075566712142
23/04/2026;05:30;Liga 1;Persita Tangerang;Bali United;N/A;;N/A;;id1000101562083106
23/04/2026;05:30;Liga 1;PSM Makassar;Persik Kediri;N/A;;N/A;;id1000101562083104
23/04/2026;06:00;Pervaya Liga;FC Astana Reserve;Akademia Ontustyk;N/A;;N/A;;id1000078569854594
23/04/2026;06:00;Northern Territory Premier League;Hellenic Athletic Club;Garuda FC;N/A;;N/A;;id1004994070057574
23/04/2026;06:30;Championship;Dhaka Wanderers Club;City Club;N/A;;N/A;;id1002887770751528
23/04/2026;06:30;Championship;Little Friends Club;Shuktara Jubo Sangsad;N/A;;N/A;;id1002887770751532
23/04/2026;07:00;Pervaya Liga;FC Kairat Almaty Reserve;Aktobe Reserve;N/A;;N/A;;id1000078569854598
23/04/2026;07:00;Pervaya Liga;Botyr Ekibastuz;FC Kaspiy Aktau Reserve;N/A;;N/A;;id1000078569854596
23/04/2026;07:00;Pervaya Liga;FK Arys;Shakhtar Karagandy;N/A;;N/A;;id1000078569854592
23/04/2026;07:00;Zone Siberia;Dinamo-M Barnaul;Chita-M;N/A;;N/A;;id1000178470673152
23/04/2026;07:00;U17 UEFA European Championship, Qualification;Moldova;Bosnia & Herzegovina;N/A;;N/A;;id1000075566712144
