Data;Horário;Torneio;Mandante;Visitante;Timestamp Open;Odd Open (BTTS);Timestamp Close;Odd Close (BTTS);Fixture ID
16/04/2026;21:00;Serie B;CD El Nacional;Atletico Rojiblanco;N/A;;N/A;;id1001502770350948
16/04/2026;21:30;Copa Sudamericana;Red Bull Bragantino SP;Blooming Santa Cruz;N/A;;N/A;;id1000048070075282
16/04/2026;21:30;U20 Campeonato Brasileiro;SC Corinthians SP;Santos FC SP;N/A;;N/A;;id1001368568751664
16/04/2026;21:30;Copa Sudamericana;CA San Lorenzo de Almagro;CD Cuenca;N/A;;N/A;;id1000048070075186
16/04/2026;21:30;Copa Libertadores;CA Penarol Montevideo;CA Platense;N/A;;N/A;;id1000038470075772
16/04/2026;21:30;Copa Libertadores;CR Flamengo RJ;Independiente Medellin;N/A;;N/A;;id1000038470075644
16/04/2026;22:00;Liga Prom;SD Atletico Nacional;Udelas FC;N/A;;N/A;;id1001949070839472
16/04/2026;22:00;Liga Nacional. Clausura;CD Malacateco;CSD Coban Imperial;N/A;;N/A;;id1002739867524748
16/04/2026;22:30;Liga Nacional. Clausura;CD Victoria La Ceiba;FC Motagua Tegucigalpa;N/A;;N/A;;id1002741670758470
16/04/2026;23:00;Primera Division;AFF Guatemala;Chichicasteco FC;N/A;;N/A;;id1004800070809896
16/04/2026;23:00;Copa Sudamericana;CS Cienciano;Academia Puerto Cabello;N/A;;N/A;;id1000048070075134
17/04/2026;00:00;Liga Nacional. Clausura;CSD Xelaju MC;Deportivo Achuapa;N/A;;N/A;;id1002739867524754
17/04/2026;02:00;China Super League SRL;Qingdao Hainiu FC Srl;Qingdao West Coast FC Srl;N/A;;N/A;;id1003622770750454
17/04/2026;02:00;China Super League SRL;Yunnan Yukun Srl;Tianjin Jinmen Tiger SRL;N/A;;N/A;;id1003622770750462
17/04/2026;02:00;China Super League SRL;Zhejiang Professional Srl;Beijing Guoan FC SRL;N/A;;N/A;;id1003622770750464
17/04/2026;02:00;China Super League SRL;Shandong Taishan SRL;Shanghai Port SRL;N/A;;N/A;;id1003622770750458
17/04/2026;02:00;China Super League SRL;Wuhan Three Towns FC Srl;Chengdu Rongcheng FC Srl;N/A;;N/A;;id1003622770750460
17/04/2026;02:00;China Super League SRL;Chongqing Tonglianglong FC Srl;Shenzhen Peng City Srl;N/A;;N/A;;id1003622770750456
17/04/2026;04:00;Turkey Super Lig SRL;Fenerbahce SRL;Caykur Rizespor SRL;N/A;;N/A;;id1003222570750440
17/04/2026;04:00;Turkey Super Lig SRL;Antalyaspor SRL;Konyaspor KIF SRL;N/A;;N/A;;id1003222570750438
17/04/2026;05:00;Northern NSW NPL, Reserves;Broadmeadow Magic FC Reserve;Cooks Hill United FC Reserve;N/A;;N/A;;id1004577167808408
17/04/2026;05:00;U20 NSW Premier League 2;Bankstown City FC;Hills United FC;N/A;;N/A;;id1003330767693482
17/04/2026;05:00;Serie A SRL;Sassuolo Calcio SRL;Como 1907 Srl;N/A;;N/A;;id1003222170750410
17/04/2026;05:00;Serie A SRL;FC Inter Milan SRL;Cagliari SRL;N/A;;N/A;;id1003222170750412
17/04/2026;05:00;U20 NSW Premier League 2;Blacktown Spartans FC;Prospect United;N/A;;N/A;;id1003330767693470
17/04/2026;05:15;U20 Victoria NPL, Women;Spring Hills FC U20;Boroondara-Carey Eagles U20;N/A;;N/A;;id1004568168159748
17/04/2026;05:15;U23 Victoria Premier League 1;Melbourne Knights FC;Manningham United Blues FC;N/A;;N/A;;id1004567568160866
17/04/2026;05:15;U23 Victoria Premier League 1;Northcote City FC;Port Melbourne Sharks SC;N/A;;N/A;;id1004567568160868
17/04/2026;05:30;Northern NSW Premier League, Women;New Lambton FC;Charlestown Azzurri FC;N/A;;N/A;;id1003236367807804
17/04/2026;05:30;Liga 1;Bhayangkara Presisi Indonesia FC;Psim Yogyakarta;N/A;;N/A;;id1000101562083082
17/04/2026;05:30;U23 Queensland Premier League 1;Holland Park Hawks;Capalaba FC;N/A;;N/A;;id1004553567905630
17/04/2026;05:45;Liga A1;Bunga Raya FC;Perlis Gsa FC;N/A;;N/A;;id1004312563150621
17/04/2026;05:45;South Australia NPL, Women;Adelaide Comets FC;Flinders United Wfc;N/A;;N/A;;id1001834068049776
17/04/2026;05:45;South Australia NPL, Reserves, Women;Salisbury Inter Reserve;West Torrens Birkalla Reserves;N/A;;N/A;;id1004566368050962
17/04/2026;06:00;U19 Elit A;Fenerbahce;Caykur Rizespor;N/A;;N/A;;id1002991263039237
17/04/2026;06:00;V-League 2;DH van Hien;Ho Chi Minh City FC;N/A;;N/A;;id1000077168663996
17/04/2026;06:00;U19 National;Gyori ETO FC;Diosgyori VTK;N/A;;N/A;;id1004818367343072
17/04/2026;06:00;U19 1. Liga;FC DAC 1904 Dunajska Streda;Tatran Presov;N/A;;N/A;;id1000132761683700
17/04/2026;06:00;Youth League;FC Fakel Voronezh Youth;FK Nizhny Novgorod;N/A;;N/A;;id1000087968849474
17/04/2026;06:00;Northern Territory Premier League, Women;Mindil Aces;Port Darwin FC;N/A;;N/A;;id1004994670058192
17/04/2026;06:15;Queensland Pro Series, Women;North Lakes United;Peninsula Power FC;N/A;;N/A;;id1004991870423426
17/04/2026;06:30;Victoria Premier League 2;Box Hill United FC;Eastern Lions SC;N/A;;N/A;;id1000176068161638
17/04/2026;06:30;Premier League;Bangladesh Police FC;Abahani Limited Dhaka;N/A;;N/A;;id1002782170821312
17/04/2026;06:30;Victoria, NPL;Bentleigh Greens;Preston Lions FC;N/A;;N/A;;id1000127568160030
17/04/2026;06:30;Premier League;Mohammedan SC Dhaka;Fakirapool Young Men;N/A;;N/A;;id1002782170821404
17/04/2026;06:30;Premier League;Fortis FC;Arambagh KS;N/A;;N/A;;id1002782170821216
17/04/2026;06:30;Premier League;Rahmatganj MFS;Bashundhara Kings;N/A;;N/A;;id1002782170821314
17/04/2026;06:30;Queensland Pro Series, Women;Moreton City Excelsior;Logan Lightning;N/A;;N/A;;id1004991870423428
17/04/2026;06:30;Queensland NPL;Wynnum Wolves FC;Gold Coast Knights;N/A;;N/A;;id1000126867878192
17/04/2026;06:30;Victoria Premier League 1;Langwarrin SC;FC Bulleen Lions;N/A;;N/A;;id1003236768160494
17/04/2026;06:35;A-League;Melbourne Victory;Newcastle United Jets;N/A;;N/A;;id1000013663684723
17/04/2026;06:45;Victoria, NPL;Dandenong City SC;Green Gully SC;N/A;;N/A;;id1000127568160026
17/04/2026;06:45;Victoria Premier League 2;Kingston City FC;Essendon Royals SC;N/A;;N/A;;id1000176068161640
17/04/2026;07:00;Pervaya Liga;Aktobe Reserve;FK Taraz;N/A;;N/A;;id1000078569854578
17/04/2026;07:00;South Australia NPL;Croydon FC;West Torrens Birkalla;N/A;;N/A;;id1000125868048822
17/04/2026;07:00;U23 Friendly Games, Women;England;Sweden;N/A;;N/A;;id1004759070805866
17/04/2026;07:00;U19;Kolos Kovalivka;LNZ Cherkasy;N/A;;N/A;;id1000130761941430
17/04/2026;07:00;WK-League;Seoul City WFC;Sejong Sportstoto WFC;N/A;;N/A;;id1000177269976220
17/04/2026;07:00;South Australia State League 1;Adelaide Olympic FC;Adelaide Atletico VSC;N/A;;N/A;;id1003395468051562
17/04/2026;07:00;WK-League;Incheon Hyundai Steel Red Angels;Suwon WFC;N/A;;N/A;;id1000177269976226
17/04/2026;07:00;Pervaya Liga;FC Yelimay Reserve;Khan Tengri FC;N/A;;N/A;;id1000078569854584
17/04/2026;07:00;Pervaya Liga;Shakhtar Karagandy;Botyr Ekibastuz;N/A;;N/A;;id1000078569854586
17/04/2026;07:00;Ligue 1 SRL;RC Lens Srl;Toulouse FC SRL;N/A;;N/A;;id1003222370750390
17/04/2026;07:00;U19 European Championship, Women, Qualification;Czechia;Croatia;N/A;;N/A;;id1000074666708106
17/04/2026;07:00;J.League 2;FC Osaka;Ehime FC;N/A;;N/A;;id1000040267648242
17/04/2026;07:00;Northern NSW NPL;Broadmeadow Magic FC;Cooks Hill United;N/A;;N/A;;id1000163867807332
17/04/2026;07:00;U19;FC Metalist 1925 Kharkiv U19;FK Kudrivka U19;N/A;;N/A;;id1000130761941426
17/04/2026;07:00;Youth League;Football Academy Of Konoplev;Dinamo Moscow;N/A;;N/A;;id1000087968849478
17/04/2026;07:00;U19 European Championship, Women, Qualification;Azerbaijan;Georgia;N/A;;N/A;;id1000074666708108
17/04/2026;07:00;NSW League Two;Hawkesbury City SC;Camden Tigers FC;N/A;;N/A;;id1003235767692178
17/04/2026;07:00;V-League 2;K. Khanh Hoa;Cong An Tp Ho Chi Minh City FC;N/A;;N/A;;id1000077168663998
17/04/2026;07:00;NSW League One;Bankstown City FC;Hills United FC Brumbies;N/A;;N/A;;id1003235567691536
17/04/2026;07:00;Youth League;Chertanovo Moscow;Lokomotiv Moscow;N/A;;N/A;;id1000087968849470
17/04/2026;07:00;South Australia NPL, Women;Campbelltown City SC;Adelaide University;N/A;;N/A;;id1001834068049778
17/04/2026;07:15;South Australia State League 1;Eastern United;Adelaide Croatia Raiders SC;N/A;;N/A;;id1003395468051564
17/04/2026;07:15;NSW League One;Blacktown Spartans;Prospect United;N/A;;N/A;;id1003235567691528
17/04/2026;07:15;Tasmania Southern Championship;Olympia Warriors Hobart;Glenorchy Knights FC 2;N/A;;N/A;;id1004671868686502
17/04/2026;07:30;Victoria Premier League 1;Melbourne Knights;Manningham United Blues;N/A;;N/A;;id1003236768160496
17/04/2026;07:30;I-League;Namdhari FC;Chanmari FC;N/A;;N/A;;id1000084869024404
17/04/2026;07:30;Victoria Premier League 1;Northcote City;Port Melbourne Sharks;N/A;;N/A;;id1003236768160498
17/04/2026;07:30;Queensland Premier League 2;Brisbane Knights;Virginia United;N/A;;N/A;;id1003395067904106
17/04/2026;07:30;Victoria Premier League 2;Whittlesea United SC;Altona City SC;N/A;;N/A;;id1000176068161642
17/04/2026;07:30;Victoria Premier League, Women;Bundoora United FC;Eltham Redbacks;N/A;;N/A;;id1004567168161950
17/04/2026;07:30;Victoria NPL, Women;Spring Hills FC;Boroondara Eagles;N/A;;N/A;;id1001690468162316
17/04/2026;07:30;Bundesliga SRL;FC St Pauli Srl;1. FC Cologne SRL;N/A;;N/A;;id1003221770750350
17/04/2026;07:30;Queensland Premier League 1;Holland Park Hawks;Capalaba Bulldogs;N/A;;N/A;;id1003234167903636
17/04/2026;07:30;Victoria Premier League, Women;Ringwood City FC;Bayside Argonauts FC;N/A;;N/A;;id1004567168161952
17/04/2026;07:30;Queensland Premier League 3 Metro;North Pine;Redcliffe Dolphins;N/A;;N/A;;id1004552567904382
17/04/2026;07:45;South Australia NPL, Women;Salisbury Inter;West Torrens Birkalla;N/A;;N/A;;id1001834068049780
17/04/2026;07:45;South Australia State League, Women;Cove FC;Western Strikes;N/A;;N/A;;id1004564768049574
17/04/2026;08:00;Pervaya Liga;Akademia Ontustyk;FC Tobol Kostanay Reserve;N/A;;N/A;;id1000078569854582
17/04/2026;08:00;U19 1st Division;FC Zbrojovka Brno;FC Vysocina Jihlava;N/A;;N/A;;id1000082266601812
17/04/2026;08:00;Club Friendly Games;Young Boys Bern;Neuchatel Xamax;N/A;;N/A;;id1000085370430160
17/04/2026;08:00;U19 National;Budapest Honved;Illes Akademia;N/A;;N/A;;id1004818370820700
17/04/2026;08:00;U23 Friendly Games, Women;Netherlands;Norway;N/A;;N/A;;id1004759070805864
17/04/2026;08:00;Chinese Super League;Qingdao Hainiu FC;Qingdao West Coast FC;N/A;;N/A;;id1000064968995044
17/04/2026;08:00;1. MFL;FK Sileks Kratovo;FK AP Brera Strumica;N/A;;N/A;;id1000019970023812
17/04/2026;08:00;NPL Western Australia, Women;Perth Azzurri;Balcatta FC;N/A;;N/A;;id1003236969767336
17/04/2026;08:00;South Australia NPL;Adelaide Comets FC;Playford City;N/A;;N/A;;id1000125868048824
17/04/2026;08:00;Northern Territory Premier League;Mindil Aces;Palmerston Rovers;N/A;;N/A;;id1004994070057562
17/04/2026;08:00;South Australia State League, Women;Sturt Lions;South Adelaide FC;N/A;;N/A;;id1004564768049576
17/04/2026;08:00;Persha Liga;FC Metalist Kharkiv;FSC Bukovyna Chernivtsi;N/A;;N/A;;id1000069161840724
17/04/2026;08:30;Indian Super League;Chennaiyin FC;Sporting Club Delhi;N/A;;N/A;;id1000190068746444
17/04/2026;08:30;Premier League;BG Tampines Rovers;Balestier Khalsa FC;N/A;;N/A;;id1000063462509630
17/04/2026;08:35;Chinese Super League;Shandong Taishan FC;Shanghai Port FC;N/A;;N/A;;id1000064968995046
17/04/2026;08:35;Chinese Super League;Chongqing Tonglianglong FC;Shenzhen Peng City;N/A;;N/A;;id1000064968995048
17/04/2026;09:00;1. Liga;FC Yenisey Krasnoyarsk;FC Chelyabinsk;N/A;;N/A;;id1000020470629758
17/04/2026;09:00;National League;Hapoel Rishon Lezion FC;Maccabi Petah Tikva FC;N/A;;N/A;;id1000072770154290
17/04/2026;09:00;Premier League;Al-Horiyah;Omaya SC;N/A;;N/A;;id1002692270796892
17/04/2026;09:00;Premier League;Al-Wahda SC (Syr);Al-Karamah SC;N/A;;N/A;;id1002692270796890
17/04/2026;09:00;Premier League;Al Futuwa;Taliya SC;N/A;;N/A;;id1002692270796896
17/04/2026;09:00;Premier League;Jableh SC;Al-Sholla;N/A;;N/A;;id1002692270796902
17/04/2026;09:00;Premier League;Khan Shaykhun SC;Al Ittihad Ahli of Aleppo;N/A;;N/A;;id1002692270796898
17/04/2026;09:00;Premier League;Homs Al-Fidaa SC;Damascus Al-Ahli;N/A;;N/A;;id1002692270796900
17/04/2026;09:00;Chinese Super League;Wuhan Three Towns FC;Chengdu Rongcheng;N/A;;N/A;;id1000064968995052
17/04/2026;09:00;UEFA Youth League;SL Benfica;Club Brugge;N/A;;N/A;;id1000232470038056
17/04/2026;09:00;Vtoraya Liga;Neman 2;Isloch 2;N/A;;N/A;;id1003231170877156
17/04/2026;09:00;National League;Hapoel Nof Hagalil FC;Hapoel Ra`anana FC;N/A;;N/A;;id1000072770154470
17/04/2026;09:00;National League;Hapoel Kfar Saba FC;Hapoel Acre FC;N/A;;N/A;;id1000072770154198
17/04/2026;09:00;Premier League;Hutteen SC;Al-Shorta SC;N/A;;N/A;;id1002692270796894
17/04/2026;09:00;Youth League;CSKA Moscow;Almaz Antey Youth;N/A;;N/A;;id1000087968849472
17/04/2026;09:00;National League;MS Football Hapoel Kiryat Yam;Hapoel Afula FC;N/A;;N/A;;id1000072770154466
17/04/2026;09:00;Chinese Super League;Zhejiang FC;Beijing Guoan;N/A;;N/A;;id1000064968995050
17/04/2026;09:00;Chinese Super League;Yunnan Yukun;Tianjin Jinmen Tiger;N/A;;N/A;;id1000064968995054
17/04/2026;09:00;Liga 1;Persebaya Surabaya;Madura United;N/A;;N/A;;id1000101562083084
17/04/2026;09:00;Youth League;FK Rostov;Dinamo-Makhachkala Youth;N/A;;N/A;;id1000087968849476
17/04/2026;09:00;Youth League;FC Rodina Youth;FK Spartak Moscow;N/A;;N/A;;id1000087968849482
17/04/2026;09:00;U21 Professional Development League;Charlton Athletic;Colchester United;N/A;;N/A;;id1002984268405186
17/04/2026;09:00;U21 Professional Development League;Coventry City;Crewe Alexandra Reserve;N/A;;N/A;;id1002984267512884
17/04/2026;09:00;National League;Maccabi Herzliya;Bnei Yehuda Tel Aviv FC;N/A;;N/A;;id1000072770154378
17/04/2026;09:00;Youth League;FC Krasnodar;Rubin Kazan;N/A;;N/A;;id1000087968849480
17/04/2026;09:00;National League;Hapoel Ramat Gan Givatayim FC;Hapoel Hadera FC;N/A;;N/A;;id1000072770154194
17/04/2026;09:00;National League;Hapoel Kfar Shalem FC;Maccabi Kabilio Jaffa;N/A;;N/A;;id1000072770154200
17/04/2026;09:00;National League;Ironi Modiin;FC Kafr Qasim;N/A;;N/A;;id1000072770154106
17/04/2026;09:15;V-League 1;Hanoi FC;Becamex Ho Chi Minh City;N/A;;N/A;;id1000062668663358
17/04/2026;09:30;Premier League;FC Dynamo Kyiv;FC Zorya Luhansk;N/A;;N/A;;id1000021861651600
17/04/2026;09:30;Pro Liga;Pfk Aral;Olimpik Mobiuz;N/A;;N/A;;id1002347770314396
17/04/2026;10:00;Championship;Casric Stars FC;Black Leopards;N/A;;N/A;;id1000190663157179
17/04/2026;10:00;Liga 1;FC Zimbru Chisinau 2;FC Oguz;N/A;;N/A;;id1000071069902108
17/04/2026;10:00;Superliga;Lokomotiv Tashkent;Navbahor;N/A;;N/A;;id1000077268380338
17/04/2026;10:00;2. Division A;Baladiyyat AL Mehalla;Raya Ghazl SC;N/A;;N/A;;id1001949262384172
17/04/2026;10:00;Premier League;TRA United;Pamba Jiji SC;N/A;;N/A;;id1000243669447318
17/04/2026;10:00;2. Division A;Asyut Petroleum;La Viena FC;N/A;;N/A;;id1001949262384168
17/04/2026;10:00;III Liga, Group 4;Korona II Kielce SA;KS Naprzod Jedrzejow;N/A;;N/A;;id1002584162036186
17/04/2026;10:00;Int. Friendly Games W;South Africa;Algeria;N/A;;N/A;;id1000085270840548
17/04/2026;10:00;Championship;Pretoria University FC;Gomora United;N/A;;N/A;;id1000190663157193
17/04/2026;10:00;Premier League;Araz Nakhchivan PFK;Turan Tovuz;N/A;;N/A;;id1000070963185727
17/04/2026;10:00;Liga e Pare;KF Tefik Canga;KF Trepca Mitrovice;N/A;;N/A;;id1001423170867946
17/04/2026;10:00;1. MFL;GFK Tikvesh 1930;Shkendija Tetovo;N/A;;N/A;;id1000019970023808
17/04/2026;10:00;Liga 1;Univer Comrat;Fcm Ungheni;N/A;;N/A;;id1000071069902106
17/04/2026;10:00;Liga 1;FC Politehnica Chisinau;FC Stauceni;N/A;;N/A;;id1000071069948654
17/04/2026;10:00;2. Division A;El Mansurah;El Terasanah;N/A;;N/A;;id1001949262384170
17/04/2026;10:00;U20 Mineiro, 1. Divisao;Itabirito FC MG;Boston City FC MG;N/A;;N/A;;id1004665168901996
17/04/2026;10:00;Premier League;Musanze FC;Amagaju;N/A;;N/A;;id1002016267782828
17/04/2026;10:00;Premier League;Marines FC Gisenyi;AS Kigali;N/A;;N/A;;id1002016267782826
17/04/2026;10:00;Liga 1;FC Falesti;FC Sheriff Tiraspol 2;N/A;;N/A;;id1000071069902110
17/04/2026;10:00;Liga 1;FC Iskra Ribnita;FC Floresti;N/A;;N/A;;id1000071069948652
17/04/2026;10:00;Liga 3;CS Gloria Baneasa;Fotbal Club FCSB 2;N/A;;N/A;;id1003953370385018
17/04/2026;10:30;2nd Division;Asil Lysis;MEAP Pera Choriou Nisou;N/A;;N/A;;id1000069267799004
17/04/2026;10:30;III Liga, Group 3;KS Sleza Wroclaw;Warta Gorzow Wielkopolski;N/A;;N/A;;id1002583962036808
17/04/2026;10:30;3rd Division;Ethnikos Ashias FC;Ermis Aradippou FC;N/A;;N/A;;id1000146067765770
17/04/2026;10:30;HNL;HNK Gorica;NK Lokomotiva Zagreb;N/A;;N/A;;id1000017061286547
17/04/2026;10:50;Omani League;Ibri;Samail SC;N/A;;N/A;;id1000096570040640
17/04/2026;11:00;Ligue 2;NR Beni Oulbene;CA Batna;N/A;;N/A;;id1001432170520882
17/04/2026;11:00;Youth League;FK Zenit St. Petersburg;Ural Ekaterinburg;N/A;;N/A;;id1000087968849484
17/04/2026;11:00;Ligue 2;Js Bordj Menaiel;MO Bejaia;N/A;;N/A;;id1001432170520874
17/04/2026;11:00;Iraqi League;Al Kahrabaa SC;AL Naft Maysan;N/A;;N/A;;id1002697470767944
17/04/2026;11:00;Ligue 2;MSP Batna;US Biskra;N/A;;N/A;;id1001432170520878
17/04/2026;11:00;Ligue 2;US Chaouia;Ib Khemis El Khechna;N/A;;N/A;;id1001432170520888
17/04/2026;11:00;U19 Ligaen;Lyngby;FC Copenhagen;N/A;;N/A;;id1004818162640949
17/04/2026;11:00;Vtora Liga;PFC Belasitsa Petrich;SFC Etar Veliko Tarnovo;N/A;;N/A;;id1000113563465131
17/04/2026;11:00;Prva Liga;FK Dinamo Jug;FK Trayal Krusevac;N/A;;N/A;;id1000072170681906
17/04/2026;11:00;Liga 3;Universitatea Alba Iulia;CS Timisul Sag;N/A;;N/A;;id1003953370893334
17/04/2026;11:00;Vtora Liga;PFC CSKA SOFIA II;FK Sevlievo;N/A;;N/A;;id1000113563465137
17/04/2026;11:00;Top League;FC Kyrgyzaltyn;FC Alga;N/A;;N/A;;id1002662270855606
17/04/2026;11:00;Ligue 2;NC Magra;Nrb Teleghma;N/A;;N/A;;id1001432170520886
17/04/2026;11:00;Srpska Liga;FK Bask;FK Buducnost Dobanovci;N/A;;N/A;;id1004821366053408
17/04/2026;11:00;Treta Liga;Lokomotiv Plovdiv II;PFC Neftochimic 1962 Burgas;N/A;;N/A;;id1004765666988500
17/04/2026;11:00;Liga 3;AS Usv Iasi;Csm Adjud 1946;N/A;;N/A;;id1003953370384896
17/04/2026;11:00;Treta Liga;FK Yambol 1915;FK Atletik Kuklen;N/A;;N/A;;id1004765666988484
17/04/2026;11:00;Treta Liga;Sozopol;Zagorets Nova Zagora;N/A;;N/A;;id1004765666988494
17/04/2026;11:00;Treta Liga;Levski Karlovo;FC Maritsa Plovdiv;N/A;;N/A;;id1004765666988490
17/04/2026;11:00;Treta Liga;OFK Haskovo;Dimitrovgrad 1947;N/A;;N/A;;id1004765666988498
17/04/2026;11:00;Treta Liga;PFC Rodopa Smolyan;Spartak Plovdiv;N/A;;N/A;;id1004765666988492
17/04/2026;11:00;Divize D;1. SC Znojmo FK;FC Velke Mezirici;N/A;;N/A;;id1004073366053944
17/04/2026;11:00;Indian Super League;Odisha FC;Mohammedan SC;N/A;;N/A;;id1000190068746446
17/04/2026;11:00;Superliga;AGMK FC;FK Buxoro;N/A;;N/A;;id1000077268380344
17/04/2026;11:00;Iraqi League;AL Mosul SC;Amanat Baghdad SC;N/A;;N/A;;id1002697470767942
17/04/2026;11:00;Ligue 2;AS Khroub;JS Djidjel;N/A;;N/A;;id1001432170520880
17/04/2026;11:00;Ligue 2;HB Chelghoum Laid;CR Beni Thour;N/A;;N/A;;id1001432170520884
17/04/2026;11:00;Ligue 2;USM Annaba;MO Constantine;N/A;;N/A;;id1001432170520876
17/04/2026;11:00;Liga 3;ACS Academica Bals;Scm Ramnicu Valcea;N/A;;N/A;;id1003953370384620
17/04/2026;11:00;Liga 3;CS Metalurgistul Cugir;Sanatatea Cluj;N/A;;N/A;;id1003953370384692
17/04/2026;11:00;Prva Liga;RFK Graficar Beograd;FK Usce Novi Beograd;N/A;;N/A;;id1000072170681902
17/04/2026;11:00;Prva Liga;FK Smederevo 1924;FK Fap;N/A;;N/A;;id1000072170681900
17/04/2026;11:00;Prva Liga;FK Borac Cacak;Gfk Dubocica;N/A;;N/A;;id1000072170681904
17/04/2026;11:00;Liga 3;ACS LPS HD Clinceni;CS Minerul Lupeni;N/A;;N/A;;id1003953370384614
17/04/2026;11:00;Liga 3;ACS Inainte Modelu;Csm Flacara Moreni;N/A;;N/A;;id1003953370384548
17/04/2026;11:00;Liga 3;ACS Viitorul Arad;FCM Baia Mare;N/A;;N/A;;id1003953370384698
17/04/2026;11:00;Liga 3;AFC Inter Stars Sibiu;ACS Medias 2022;N/A;;N/A;;id1003953370385564
17/04/2026;11:00;Liga 3;Acad Viitorul Cluj;Sc Olimpia Mcmxxi Satu Mare;N/A;;N/A;;id1003953370386102
17/04/2026;11:00;Liga 3;CSM Cetatea Turnu Magurele;CSM Jiul Petrosani;N/A;;N/A;;id1003953370384616
17/04/2026;11:00;Liga 3;SC Popesti Leordeni;CS Tricolorul Breaza;N/A;;N/A;;id1003953370384544
17/04/2026;11:00;Liga 3;FC Cetate Suceava;CS Blejoi;N/A;;N/A;;id1003953370384458
17/04/2026;11:00;Liga 3;ACS Axi Arena;Acso Filiasi;N/A;;N/A;;id1003953370385226
17/04/2026;11:00;Liga 3;AFC Odorheiu Secuiesc;ACS FC Bacau II;N/A;;N/A;;id1003953370384900
17/04/2026;11:00;Liga 3;CS Aerostar Bacau;CS Gheorgheni;N/A;;N/A;;id1003953370384894
17/04/2026;11:00;Liga 3;ACS Petrolul 52 2;AFC 1919 Dacia Unirea Braila;N/A;;N/A;;id1003953370384956
17/04/2026;11:00;Liga 3;Scm Dunarea Giurgiu;Csl Nanov;N/A;;N/A;;id1003953370385228
17/04/2026;11:00;Liga 3;FC Unirea Dej;CS Bihorul Beius;N/A;;N/A;;id1003953370386100
17/04/2026;11:00;Liga 3;ACS Cil Blaj;ACS Unirea Dmo;N/A;;N/A;;id1003953370385764
17/04/2026;11:00;Liga 3;CS Lotus Baile Felix;CS Crisul Santandrei;N/A;;N/A;;id1003953370386104
17/04/2026;11:25;Premier League;AL Bahrain;Al-Ahli SC Manama;N/A;;N/A;;id1000084670065968
17/04/2026;11:30;Treta Liga;FC Marica Milevo;OFC Nesebar;N/A;;N/A;;id1004765666988488
17/04/2026;11:30;Druga NL;NK Solin;NK Varteks;N/A;;N/A;;id1003861370480562
17/04/2026;11:30;Superliga;ASC Otelul Galati;FC Uta Arad;N/A;;N/A;;id1000015269744612
17/04/2026;11:30;Treta Liga;Rakovski 2011;Asenovets Asenovgrad;N/A;;N/A;;id1004765666988496
17/04/2026;11:30;Pro Liga;FK Gazalkent;FC Kattaqorgon;N/A;;N/A;;id1002347770314394
17/04/2026;11:30;Druga NL;NK Kustosija Zagreb;NK Uskok;N/A;;N/A;;id1003861370480552
17/04/2026;11:30;Druga NL;NK Mladost Zdralovi;NK Jadran LP;N/A;;N/A;;id1003861370480550
17/04/2026;11:30;Virsliga;FK Tukums 2000/TSS;FK Liepaja;N/A;;N/A;;id1000019768492462
17/04/2026;11:45;AFC Champions League Elite;Al Ahli Saudi FC;Johor Darul Ta'zim;N/A;;N/A;;id1000046368213768
17/04/2026;12:00;Girabola;Luanda City FC;1º de Maio de Benguela;N/A;;N/A;;id1000217170826090
17/04/2026;12:00;Erovnuli Liga;FC Samgurali Tskaltubo;FC Dila Gori;N/A;;N/A;;id1000070470224264
17/04/2026;12:00;III Liga, Group 3;LZS Starowice;MKS Kluczbork;N/A;;N/A;;id1002583962036796
17/04/2026;12:00;Vtora Liga;Gorna Oryahovitsa;FC Yantra Gabrovo;N/A;;N/A;;id1000113563465141
17/04/2026;12:00;3. Liga;KFC Komarno B;FC Petrzalka B;N/A;;N/A;;id1004753661940204
17/04/2026;12:00;Ligue 1;MB Rouissat;JS Kabylie;N/A;;N/A;;id1000084170684498
17/04/2026;12:00;1. Liga;Torpedo Moscow;FC Kamaz Naberezhnye Chelny;N/A;;N/A;;id1000020470629760
17/04/2026;12:00;FA Cup;Aduana FC;Nations FC;N/A;;N/A;;id1000217770636032
17/04/2026;12:00;CFL;Sokol Hostoun;SK Slavia Prague C;N/A;;N/A;;id1001415166613676
17/04/2026;12:00;Erovnuli Liga 2;FC Gori;FC Telavi;N/A;;N/A;;id1000072670527922
17/04/2026;12:00;Jordan League;AL Salt;AL Faisaly (Jor);N/A;;N/A;;id1000092970270638
17/04/2026;12:00;2. Liga;Ilirija Ljubljana;NK Bistrica Slovenska Bistrica;N/A;;N/A;;id1000053261454605
17/04/2026;12:00;Erovnuli Liga;FC Dinamo Tbilisi;FC Meshakhte Tkibuli;N/A;;N/A;;id1000070470224260
17/04/2026;12:00;III Liga, Group 3;KS Gornik Polkowice;LKS Goczalkowice-Zdroj;N/A;;N/A;;id1002583962036794
17/04/2026;12:00;U21 Liga MX;Atletico San Luis;Universidad Nacional;N/A;;N/A;;id1004805667149960
17/04/2026;12:00;2. Liga;MFk Dukla Banska Bystrica;MFK Stara Lubovna;N/A;;N/A;;id1000022461677828
17/04/2026;12:00;U19 Campeonato Nacional;FC Porto;Gil Vicente;N/A;;N/A;;id1000113367802888
17/04/2026;12:00;II Lyga;Dfk Dainava B;FK Sirvena Birzai;N/A;;N/A;;id1003406670161964
17/04/2026;12:00;Premier League;FC Obolon Kyiv;SC Poltava;N/A;;N/A;;id1000021861651588
17/04/2026;12:00;Kolmonen;Nups;Mps;N/A;;N/A;;id1004667170654936
17/04/2026;12:00;Super D2;Garde;AS Armee;N/A;;N/A;;id1004842570751990
17/04/2026;12:15;Superliga;FK Termez Surkhon;Qizilqum Zarafshon;N/A;;N/A;;id1000077268380342
17/04/2026;12:30;Kakkonen Playoffs;FF Jaro Akademia;Narpes Kraft;N/A;;N/A;;id1002691069108956
17/04/2026;12:30;2. Liga;Krka Novo Mesto;NK Rudar Velenje;N/A;;N/A;;id1000053261454619
17/04/2026;12:30;Salzburg, Salzburger Liga;UFV Thalgau;SV Schwarzach;N/A;;N/A;;id1000127961906296
17/04/2026;12:30;Premier League;Zira FK;Neftchi Baku PFC;N/A;;N/A;;id1000070963185729
17/04/2026;12:30;Kakkonen Playoffs;Grankulla IFK;Espoon Palloseura;N/A;;N/A;;id1002691069108772
17/04/2026;12:30;Treta Liga;FK Gigant Saedinenie;FK Rozova Dolina Kazanlak;N/A;;N/A;;id1004765666988486
17/04/2026;12:30;Kolmonen;Masku;Jyty Turku;N/A;;N/A;;id1004667170807682
17/04/2026;12:30;Kolmonen;EIF Akademi;PPJ/Ruoholahti;N/A;;N/A;;id1004667169920580
17/04/2026;12:30;1. Liga, Women;Luks Sportowa Czworka Radom;Unia Lublin;N/A;;N/A;;id1004823368083300
17/04/2026;12:30;Kolmonen;Riihimaen Palloseura;FC Futura;N/A;;N/A;;id1004667169921712
17/04/2026;12:30;Divize B;FC Viktoria Marianske Lazne;FK Banik Sokolov;N/A;;N/A;;id1004072966606238
17/04/2026;12:45;HNL;NK Slaven Belupo;HNK Hajduk Split;N/A;;N/A;;id1000017061286545
17/04/2026;13:00;Ligue 1;Zoman FC;Sol FC;N/A;;N/A;;id1000121170825416
17/04/2026;13:00;1st Division;AEL Limassol;Enosis Neon Paralimni FC;N/A;;N/A;;id1000017170235564
17/04/2026;13:00;2. Liga;FC Vion Zlate Moravce - Vrable;FC STK 1914 Samorin;N/A;;N/A;;id1000022461677830
17/04/2026;13:00;Kakkonen Playoffs;PPJ Helsinki;PEPO Lappeenranta;N/A;;N/A;;id1002691069108592
17/04/2026;13:00;Bayernliga South;FC Pipinsried;TSV 1874 Kottern;N/A;;N/A;;id1000109161555986
17/04/2026;13:00;II Liiga;Paide Linnameeskond;Harju JK Laagri;N/A;;N/A;;id1004664570590836
17/04/2026;13:00;Premijer Liga;NK Siroki Brijeg;FK Rudar Prijedor;N/A;;N/A;;id1000022261737282
17/04/2026;13:00;U21 Liga MX;Mazatlan FC;Gallos Blancos de Queretaro;N/A;;N/A;;id1004805667149964
17/04/2026;13:00;Karnten, Karntner Liga;ATUS Ferlach;SV Spittal/Drau;N/A;;N/A;;id1004378161898528
17/04/2026;13:00;Esiliiga;Tartu JK Welco;FCI Levadia Tallinn;N/A;;N/A;;id1000067868774096
17/04/2026;13:00;Ligue 1;AS Douanes Ouagadougou;Ajeb FC;N/A;;N/A;;id1005119070855052
17/04/2026;13:00;1 Lyga;FC Neptunas Klaipeda;Baltijos Futbolo Akademija;N/A;;N/A;;id1000067669670640
17/04/2026;13:00;MSFL;FC Hlucin;TJ Unie Hlubina;N/A;;N/A;;id1001414766053646
17/04/2026;13:00;CAF Confederations Cup;Zamalek SC;CR Belouizdad;N/A;;N/A;;id1000111570229158
17/04/2026;13:00;2. Liga;FAC Wien;SKU Amstetten;N/A;;N/A;;id1000013561591296
17/04/2026;13:00;Virsliga;Ogre United;FK Auda Riga;N/A;;N/A;;id1000019768492464
17/04/2026;13:00;I Liga;Chrobry Glogow;FKS Stal Mielec;N/A;;N/A;;id1000022961398989
17/04/2026;13:00;Premier League;Azam FC;Jkt Tanzania;N/A;;N/A;;id1000243663353467
17/04/2026;13:00;Srpska Liga;FK Kolubara Lazarevac;FK Teleoptik;N/A;;N/A;;id1004821366053402
17/04/2026;13:00;A Lyga;FC Hegelmann Kaunas;FK Riteriai;N/A;;N/A;;id1000019868954782
17/04/2026;13:00;MSFL;SK Hranice;FK Hodonin;N/A;;N/A;;id1001414766053642
17/04/2026;13:00;U19 European Championship, Women, Qualification;Sweden;Italy;N/A;;N/A;;id1000074666708506
17/04/2026;13:00;Kolmonen;Komeetat;Keupa;N/A;;N/A;;id1004667170711896
17/04/2026;13:00;Kakkonen Playoffs;FC Vaajakoski;SJK Akatemia/2;N/A;;N/A;;id1002691069108958
17/04/2026;13:00;Kakkonen Playoffs;HIFK;Union Plaani;N/A;;N/A;;id1002691069108594
17/04/2026;13:00;2. Liga;Austria Lustenau;Rapid Wien II;N/A;;N/A;;id1000013561591294
17/04/2026;13:00;U19 European Championship, Women, Qualification;Ukraine;Netherlands;N/A;;N/A;;id1000074666708508
17/04/2026;13:00;2. Liga;Kapfenberger SV;Schwarz-Weiss Bregenz;N/A;;N/A;;id1000013561591306
17/04/2026;13:00;II Liga;Sandecja Nowy Sacz;KKS 1925 Kalisz;N/A;;N/A;;id1000051561467209
17/04/2026;13:00;Ekstraklasa;GKS Katowice;LKP Motor Lublin;N/A;;N/A;;id1000020261062261
17/04/2026;13:00;Kolmonen;LTU;Eupa;N/A;;N/A;;id1004667170683934
17/04/2026;13:00;Regionalliga Bavaria;SpVgg Hankofen-Hailing;FC Augsburg II;N/A;;N/A;;id1000108561854672
17/04/2026;13:00;3. SNL;NK Sencur;NK Sobec Lesce;N/A;;N/A;;id1004799862252120
17/04/2026;13:15;Kolmonen;Etela-Espoon Pallo;Lohjan Pallo;N/A;;N/A;;id1004667169920582
17/04/2026;13:15;Bayernliga North;FC Coburg;TSV Neudrossenfeld;N/A;;N/A;;id1000108961555446
17/04/2026;13:15;Hessenliga;Hunfelder SV 1919;Eintracht Frankfurt II;N/A;;N/A;;id1000018461556556
17/04/2026;13:20;Omani League;Sohar;Al Nahda;N/A;;N/A;;id1000096570040634
17/04/2026;13:30;Kakkonen Playoffs;Nurmijarven Jalkapalloseura;HJS;N/A;;N/A;;id1002691069108774
17/04/2026;13:30;1. Division;Esbjerg FB;Hillerod Fodbold;N/A;;N/A;;id1000004770317862
17/04/2026;13:30;Vtora Liga;FC Dunav Ruse;Marek Dupnica;N/A;;N/A;;id1000113563465133
17/04/2026;13:30;Oberosterreich, OO Liga;Ufc Stampfl-Bau Ostermiething;Union Mondsee;N/A;;N/A;;id1004378961910790
17/04/2026;13:30;Serie A;Sassuolo Calcio;Como 1907;N/A;;N/A;;id1000002361061599
17/04/2026;13:30;Copa Proyeccion Final, Reserves;Estudiantes de LP Reserve;Estudiantes de Rio Cuarto Reserve;N/A;;N/A;;id1003694568158640
17/04/2026;13:30;Danmarksserien;GVI;Naestved IF;N/A;;N/A;;id1003719570663476
17/04/2026;13:30;2. Bundesliga;SV 07 Elversberg;Karlsruher SC;N/A;;N/A;;id1000004461515172
17/04/2026;13:30;Danmarksserien;Skovshoved IF;Saaby Fodbold;N/A;;N/A;;id1003719570663474
17/04/2026;13:30;Besta deild;Valur Reykjavik;IBV Vestmannaeyjar;N/A;;N/A;;id1000018868194582
17/04/2026;13:30;Karnten, Karntner Liga;SAK Celovec/Klagenfurt;SVG Bleiburg;N/A;;N/A;;id1004378161898534
17/04/2026;13:30;Divize E;SK Batov 1930;FC Brumov;N/A;;N/A;;id1004073566054164
17/04/2026;13:30;2. Bundesliga;Holstein Kiel;1 FC Kaiserslautern;N/A;;N/A;;id1000004461515170
17/04/2026;13:30;Premier League;FK Rostov;FK Sochi;N/A;;N/A;;id1000020361376691
17/04/2026;13:30;II Lyga;Klaipedos Fsm;FK Utenos Utenis;N/A;;N/A;;id1003406670161954
17/04/2026;13:30;Iraqi League;AL Karma;Al Shorta SC;N/A;;N/A;;id1002697470767948
17/04/2026;13:30;Iraqi League;AL Najaf;Newroz SC;N/A;;N/A;;id1002697470767946
17/04/2026;13:30;Danmarksserien;Taarnby FF;BK Skjold;N/A;;N/A;;id1003719570663680
17/04/2026;13:30;Danmarksserien;BK Avarta;Alleroed FK;N/A;;N/A;;id1003719570663682
17/04/2026;13:35;Premier League;Al Riffa;Aali;N/A;;N/A;;id1000084670065970
17/04/2026;13:45;Ligue 1;ES Setif;MC Oran;N/A;;N/A;;id1000084170684502
17/04/2026;13:45;Ligue 1;ASO Chlef;Olympique Akbou;N/A;;N/A;;id1000084170684500
17/04/2026;13:45;Ligue 1;JS Saoura;USM Khenchela;N/A;;N/A;;id1000084170684504
17/04/2026;13:45;UEFA Youth League;Real Madrid;Paris Saint-Germain FC;N/A;;N/A;;id1000232470038060
17/04/2026;13:45;Ligue 1;El Bayadh;Paradou AC;N/A;;N/A;;id1000084170684506
17/04/2026;13:45;Kolmonen;SC Zulimanit;Niemisen Urheilijat;N/A;;N/A;;id1004667169924454
17/04/2026;13:45;Suomen Cup;FC Lasten;FC Haka Valkeakoski;N/A;;N/A;;id1000022070658904
17/04/2026;13:45;Kolmonen;Pakkalan Palloseura;MPS/Atletico Malmi;N/A;;N/A;;id1004667170684136
17/04/2026;14:00;Premier League;Kampala Capital City Authority FC;Kitara FC;N/A;;N/A;;id1001486469909136
17/04/2026;14:00;Bayernliga South;TSV 1860 Munich II;SV Kirchanschoring;N/A;;N/A;;id1000109161555984
17/04/2026;14:00;Regionalliga Centre;FC Gleisdorf 09;LASK Amateure OO;N/A;;N/A;;id1000016861466301
17/04/2026;14:00;Steiermark, Landesliga;FC Schladming;USV Gnas;N/A;;N/A;;id1004380361901956
17/04/2026;14:00;Oberosterreich, OO Liga;SPG Weisskirchen Allhaming;SPG Pregarten;N/A;;N/A;;id1004378961910784
17/04/2026;14:00;Regionalliga Centre;SPG Wallern/ASV St. Marienkirchen;ASK Voitsberg;N/A;;N/A;;id1000016861466305
17/04/2026;14:00;Wien, Wiener Stadtliga;SV Schwechat;SK Slovan HAC;N/A;;N/A;;id1004383161911488
17/04/2026;14:00;Regionalliga Bavaria;Bayern Munich II;SpVgg Ansbach;N/A;;N/A;;id1000108561854658
17/04/2026;14:00;Karnten, Karntner Liga;ATSV Wolfsberg;SV Dellach/Gail;N/A;;N/A;;id1004378161898524
17/04/2026;14:00;Kolmonen;Salon Palloilijat 2;Peimari Utd;N/A;;N/A;;id1004667170872778
17/04/2026;14:00;Steiermark, Landesliga;Ilzer SV;SV Lebring;N/A;;N/A;;id1004380361901960
17/04/2026;14:00;Niederosterreich, 1. Landesliga;SG Ardagger/Neustadtl;ASK Ybbs;N/A;;N/A;;id1004377161909580
17/04/2026;14:00;National 2;Andrezieux-Boutheon FC;RC Pays De Grasse;N/A;;N/A;;id1004798662214690
17/04/2026;14:00;Bayernliga North;TSV Kornburg;SV Fortuna Regensburg;N/A;;N/A;;id1000108961555438
17/04/2026;14:00;Oberosterreich, OO Liga;Sedda Bad Schallerbach;SU Sankt Martin;N/A;;N/A;;id1004378961910788
17/04/2026;14:00;Superliga;Broendby IF;Soenderjyske;N/A;;N/A;;id1000003969653734
17/04/2026;14:00;National 2;La Roche Vendee Football;Angouleme Charente FC;N/A;;N/A;;id1004798662213896
17/04/2026;14:00;Oberliga BW;FC Nottingen;1. CfR Pforzheim;N/A;;N/A;;id1000014261856980
17/04/2026;14:00;Oberliga BW;FSV 08 Bietigheim-Bissingen;Turkspor Neckarsulm;N/A;;N/A;;id1000014261856986
17/04/2026;14:00;Bayernliga North;ASV Cham;ASV Neumarkt;N/A;;N/A;;id1000108961555440
17/04/2026;14:00;Karnten, Karntner Liga;SC St. Veit;TSV Grafenstein;N/A;;N/A;;id1004378161898536
17/04/2026;14:00;Division 2, Promotion Playoffs;Lilla Torg FF;IFK Trelleborg;N/A;;N/A;;id1002078268344596
17/04/2026;14:00;Bayernliga North;SC Eltersdorf;FC Ingolstadt II;N/A;;N/A;;id1000108961555436
17/04/2026;14:00;Regionalliga Ost;FCM Traiskirchen;SR Donaufeld;N/A;;N/A;;id1000016662274150
17/04/2026;14:00;Regionalliga Centre;Atus Velden;SV Ried II;N/A;;N/A;;id1000016861466309
17/04/2026;14:00;Regionalliga Centre;Deutschlandsberger SC;Wohnbau Dietach;N/A;;N/A;;id1000016861466299
17/04/2026;14:00;1. Division;B93 Copenhagen;HB Koege;N/A;;N/A;;id1000004770318090
17/04/2026;14:00;Danmarksserien;ASA Aarhus;OKS;N/A;;N/A;;id1003719570663684
17/04/2026;14:00;Steiermark, Landesliga;SV Tillmitsch;Fehring 1947;N/A;;N/A;;id1004380361901968
17/04/2026;14:00;Regionalliga Northeast;SV Babelsberg;FSV Luckenwalde;N/A;;N/A;;id1000108361712314
17/04/2026;14:00;Regionalliga Bavaria;SpVgg Bayreuth;DJK Vilzing;N/A;;N/A;;id1000108561854656
17/04/2026;14:00;Tercera Federacion, Group 4;Club Portugalete;SD Eibar C;N/A;;N/A;;id1002602463137603
17/04/2026;14:00;Division 2, Promotion Playoffs;Staffanstorp United;Torns IF;N/A;;N/A;;id1002078268344588
17/04/2026;14:00;1. Division;Kolding IF;AC Horsens;N/A;;N/A;;id1000004770317864
17/04/2026;14:00;1st Division;Ranheim;Raufoss IL;N/A;;N/A;;id1000002267017858
17/04/2026;14:00;Oberosterreich, OO Liga;Edelweiss Linz;Asko Oedt II;N/A;;N/A;;id1004378961946048
17/04/2026;14:00;Regionalliga Northeast;FC Hertha 03 Zehlendorf;Chemnitzer FC;N/A;;N/A;;id1000108361712318
17/04/2026;14:00;Regionalliga Bavaria;TSV Buchbach;FV Illertissen;N/A;;N/A;;id1000108561854660
17/04/2026;14:00;3. Liga;Jahn Regensburg;Alemannia Aachen;N/A;;N/A;;id1000049161709632
17/04/2026;14:00;Regionalliga Southwest;FSV Frankfurt 1899;FC 08 Homburg-Saar;N/A;;N/A;;id1000107961859442
17/04/2026;14:00;A Lyga;Vilnius FK Zalgiris;FK Banga Gargzdai;N/A;;N/A;;id1000019868954784
17/04/2026;14:00;Super Lig;Antalyaspor;Konyaspor;N/A;;N/A;;id1000005261730168
17/04/2026;14:00;Regionalliga Ost;Union Mauer;FC Marchfeld Donauauen;N/A;;N/A;;id1000016662274156
17/04/2026;14:00;U19 DFB Nachwuchsliga;VfB Stuttgart;SSV Ulm 1846;N/A;;N/A;;id1002470267207152
17/04/2026;14:00;Regionalliga Centre;SC Weiz;Wolfsberger AC (A);N/A;;N/A;;id1000016861466311
17/04/2026;14:00;Regionalliga Ost;SV Leobendorf;SC Neusiedl am See 1919;N/A;;N/A;;id1000016662274160
17/04/2026;14:00;Int. Friendly Games W;Senegal;Burkina Faso;N/A;;N/A;;id1000085270703274
17/04/2026;14:00;Kolmonen;Tampereen Peli-Toverit;TPV/2;N/A;;N/A;;id1004667169923624
17/04/2026;14:00;Oberosterreich, OO Liga;Union Vocklamarkt;SV Bad Ischl;N/A;;N/A;;id1004378961910794
17/04/2026;14:00;Steiermark, Landesliga;SV Allerheiligen;TUS Bad Waltersdorf;N/A;;N/A;;id1004380361901954
17/04/2026;14:00;Oberosterreich, OO Liga;Vorwarts Steyr;DSG Union Perg;N/A;;N/A;;id1004378961910780
17/04/2026;14:00;Primera Federacion;RC Celta Fortuna;CP Cacereno SAD;N/A;;N/A;;id1003483461685648
17/04/2026;14:00;Regionalliga Northeast;FSV Zwickau;BFC Preussen Berlin;N/A;;N/A;;id1000108361712308
17/04/2026;14:00;Super Lig;Fenerbahce Istanbul;Caykur Rizespor;N/A;;N/A;;id1000005261730180
17/04/2026;14:00;Premier League;Gasogi United;Gorilla FC;N/A;;N/A;;id1002016267782824
17/04/2026;14:00;Ettan, Relegation/Promotion;Hassleholms IF;BK Olympic;N/A;;N/A;;id1002741268311516
17/04/2026;14:00;Regionalliga Ost;SV Gloggnitz;SV Oberwart;N/A;;N/A;;id1000016662274148
17/04/2026;14:00;Division 2, Promotion Playoffs;Qviding FIF;Vastra Frolunda IF;N/A;;N/A;;id1002078268377550
17/04/2026;14:00;Steiermark, Landesliga;SV Pachern;ASK Koflach;N/A;;N/A;;id1004380361901964
17/04/2026;14:00;Erovnuli Liga;FC Gagra;FC Torpedo Kutaisi;N/A;;N/A;;id1000070470224268
17/04/2026;14:00;Regionalliga Centre;Union Gurten;USV St. Anna am Aigen;N/A;;N/A;;id1000016861466307
17/04/2026;14:00;Kolmonen;MK United;FC Lahti 69;N/A;;N/A;;id1004667169921714
17/04/2026;14:00;Regionalliga Bavaria;Viktoria Aschaffenburg;TSV Aubstadt;N/A;;N/A;;id1000108561854662
17/04/2026;14:00;Division 2, Promotion Playoffs;Jonsereds IF;IF Boljan Falkenberg;N/A;;N/A;;id1002078268377542
17/04/2026;14:00;Steiermark, Landesliga;FC Union RB Weinland Gamlitz;SV Wildon;N/A;;N/A;;id1004380361901958
17/04/2026;14:00;Regionalliga Centre;SC Kalsdorf;SV Lafnitz;N/A;;N/A;;id1000016861466303
17/04/2026;14:00;Regionalliga Northeast;FC Carl Zeiss Jena;Greifswalder FC;N/A;;N/A;;id1000108361712306
17/04/2026;14:00;Allsvenskan;Degerfors IF;IF Elfsborg;N/A;;N/A;;id1000004067126480
17/04/2026;14:00;Kolmonen;Abo Club de Futbol;Vg-62;N/A;;N/A;;id1004667170683936
17/04/2026;14:00;Allsvenskan;Djurgardens IF;Malmo FF;N/A;;N/A;;id1000004067126472
17/04/2026;14:00;Bayernliga North;ATSV Erlangen;SC Grosschwarzenlohe;N/A;;N/A;;id1000108961555442
17/04/2026;14:00;Danmarksserien;Horsens FS;Vri;N/A;;N/A;;id1003719570663478
17/04/2026;14:00;Liga 3;Csm Targu Jiu;Unirea Bascov;N/A;;N/A;;id1003953370385560
17/04/2026;14:00;Super D2;C. Moulaye M Barek;FC Amitie;N/A;;N/A;;id1004842570752064
17/04/2026;14:00;2nd Division;Naestved BK;FC Roskilde;N/A;;N/A;;id1000006570730286
17/04/2026;14:10;Regionalliga Ost;Favoritner AC;TWL Elektra;N/A;;N/A;;id1000016662274154
17/04/2026;14:15;Division 2, Promotion Playoffs;Vanersborgs FK;Lidkopings FK;N/A;;N/A;;id1002078268320104
17/04/2026;14:15;Tirol, Regionalliga Tirol;SV Worgl;Volser SV;N/A;;N/A;;id1002968261915010
17/04/2026;14:15;Schleswig-Holstein-Liga;FC Kilia Kiel;1 FC Phonix Lubeck II;N/A;;N/A;;id1000051262127444
17/04/2026;14:15;Kolmonen;Atlantis FC/Akatemia;Tips;N/A;;N/A;;id1004667169921718
17/04/2026;14:15;Kolmonen;Sexypoxyt;Hoogee;N/A;;N/A;;id1004667169920584
17/04/2026;14:15;Kolmonen;IF Gnistan/Ogeli;Japs 47;N/A;;N/A;;id1004667169921716
17/04/2026;14:15;Kolmonen;FC Kontu;Atlantis FC/2;N/A;;N/A;;id1004667170684140
17/04/2026;14:15;Danmarksserien;FC Gladsaxe;AB Taarnby;N/A;;N/A;;id1003719570663472
17/04/2026;14:30;Tirol, Regionalliga Tirol;SC Kundl;SPG Silz / Moetz;N/A;;N/A;;id1002968261915002
17/04/2026;14:30;Premiership;Stellenbosch FC;Sekhukhune United;N/A;;N/A;;id1000035862670341
17/04/2026;14:30;Bremen Liga;Leher TS;KSV Vatan Sport;N/A;;N/A;;id1000050862280132
17/04/2026;14:30;Burgenland, Burgenlandliga;Bad Sauerbrunn;St. Margarethen/Burgenland;N/A;;N/A;;id1004377361893992
17/04/2026;14:30;Mittelrheinliga;FC Wegberg-Beeck;1. FC Duren;N/A;;N/A;;id1000110562604578
17/04/2026;14:30;Oberliga Hamburg;Tura Harksheide;HEBC Hamburg;N/A;;N/A;;id1000050961734986
17/04/2026;14:30;Oberliga Niedersachsen;Heeslinger SC;BSV SW Rehden;N/A;;N/A;;id1000081362279576
17/04/2026;14:30;Oberliga Hamburg;SC Victoria Hamburg 1895;Ht 16 Hamburg;N/A;;N/A;;id1000050961734984
17/04/2026;14:30;National;Football Bourg-En-Bresse Peronnas 01;SM Caen;N/A;;N/A;;id1000018362117296
17/04/2026;14:30;Burgenland, Burgenlandliga;ASKO Kohfidisch;ASK Royal Sped Klingenbach;N/A;;N/A;;id1004377361893990
17/04/2026;14:30;Regionalliga Ost;Wiener Sport-Club;SV Horn;N/A;;N/A;;id1000016662274152
17/04/2026;14:30;National 2;Istres FC;FC 93 Bobigny BG;N/A;;N/A;;id1004798662214700
17/04/2026;14:30;National;Quevilly-Rouen Metropole;Le Puy Foot 43 Auvergne;N/A;;N/A;;id1000018362117300
17/04/2026;14:30;Regionalliga West;SC Imst 1933;FC Pinzgau Saalfelden;N/A;;N/A;;id1000016761541354
17/04/2026;14:30;National;FC Versailles 78;LB Chateauroux;N/A;;N/A;;id1000018362117302
17/04/2026;14:30;Regionalliga West;1. FC Cologne II;Fortuna Cologne;N/A;;N/A;;id1000049361853376
17/04/2026;14:30;Division 2, Promotion Playoffs;Lindome GIF;Dalstorps IF;N/A;;N/A;;id1002078268377546
17/04/2026;14:30;Int. Friendly Games W;Morocco;Mali;N/A;;N/A;;id1000085270868052
17/04/2026;14:30;Besta deild;KR Reykjavik;Thor Akureyri;N/A;;N/A;;id1000018868194578
17/04/2026;14:30;National;Dijon FCO;Sochaux-Montbeliard;N/A;;N/A;;id1000018362117294
17/04/2026;14:30;National;FC Fleury 91;Valenciennes FC;N/A;;N/A;;id1000018362117298
17/04/2026;14:30;Bundesliga;Grazer AK 1902;SV Ried;N/A;;N/A;;id1000004569751664
17/04/2026;14:30;Niederosterreich, 1. Landesliga;ASV Schrems;ASK Ebreichsdorf;N/A;;N/A;;id1004377161909582
17/04/2026;14:30;Schleswig-Holstein-Liga;SV Eutin 08;Heider SV;N/A;;N/A;;id1000051262127446
17/04/2026;14:30;Burgenland, Burgenlandliga;ASV Siegendorf;SPG Neudorf / Parndorf Juniors;N/A;;N/A;;id1004377361893984
17/04/2026;14:30;Besta deild;KA Akureyri;Vikingur Reykjavik;N/A;;N/A;;id1000018868194580
17/04/2026;14:30;Bayernliga South;FC Sportfreunde Schwaig 1913;FC Deisenhofen;N/A;;N/A;;id1000109161555982
17/04/2026;14:30;National;SC Aubagne Air Bel;US Orleans;N/A;;N/A;;id1000018362117288
17/04/2026;14:30;Oberliga Westfalen;SC Preussen Munster II;FC Eintracht Rheine;N/A;;N/A;;id1000014662117964
17/04/2026;14:30;National 2;FC Chauray;US Saint-Malo;N/A;;N/A;;id1004798662213892
17/04/2026;14:30;National 2;Aviron Bayonnais FC;Les Herbiers;N/A;;N/A;;id1004798662213904
17/04/2026;14:30;Oberliga NOFV North;TSG Neustrelitz;FC Anker Wismar 1997;N/A;;N/A;;id1000014561705326
17/04/2026;14:30;Burgenland, Burgenlandliga;SPG Edelserpentin;SC Oberpullendorf;N/A;;N/A;;id1004377361893998
17/04/2026;14:30;Superliga;ACS Champions FC Arges;FC CFR 1907 Cluj;N/A;;N/A;;id1000015269785228
17/04/2026;14:30;National;US Concarneau;FC Rouen;N/A;;N/A;;id1000018362117292
17/04/2026;14:30;National;FC Villefranche Beaujolais;Paris 13 Atletico;N/A;;N/A;;id1000018362117304
17/04/2026;14:30;Danmarksserien;Ringkoebing IF;Noerresundby FB;N/A;;N/A;;id1003719570663480
17/04/2026;14:30;Bremen Liga;OSC Bremerhaven;Brinkumer SV;N/A;;N/A;;id1000050862280118
17/04/2026;14:30;National 2;AS Cannes;US Creteil-Lusitanos;N/A;;N/A;;id1004798662214692
17/04/2026;14:45;Liga Portugal 2;Academico de Viseu FC;CD Feirense;N/A;;N/A;;id1000023961732238
17/04/2026;15:00;U21 Premier League 2;FC Everton;Ipswich Town;N/A;;N/A;;id1000112969369096
17/04/2026;15:00;U21 Premier League 2;Blackburn Rovers;Tottenham Hotspur FC;N/A;;N/A;;id1000112970819478
17/04/2026;15:00;Oberosterreich, OO Liga;Su Vortuna Bad Leonfelden;SV Friedburg/Pondorf;N/A;;N/A;;id1004378961910786
17/04/2026;15:00;Niederosterreich, 1. Landesliga;SV Stockerau;SKN St Polten Juniors;N/A;;N/A;;id1004377161909586
17/04/2026;15:00;Oberliga Niederrhein;VfL Juchen Garzweiler;TSV Meerbusch;N/A;;N/A;;id1000110362200788
17/04/2026;15:00;AFC Champions League Elite;Machida Zelvia;Al-Ittihad Club;N/A;;N/A;;id1000046368213770
17/04/2026;15:00;Eerste Divisie;Vitesse Arnhem;MVV Maastricht;N/A;;N/A;;id1000013161380601
17/04/2026;15:00;Challenger Pro League;RSC Anderlecht Futures;Olympic Club De Charleroi;N/A;;N/A;;id1000000961755256
17/04/2026;15:00;Eerste Divisie;Almere City FC;FC Dordrecht;N/A;;N/A;;id1000013161380571
17/04/2026;15:00;Eerste Divisie;Jong FC Utrecht;FC Eindhoven;N/A;;N/A;;id1000013161380595
17/04/2026;15:00;U21 Pro League;RFC Seraing;Olympic Club De Charleroi;N/A;;N/A;;id1000111763311739
17/04/2026;15:00;Challenger Pro League;KV Kortrijk;RWDM Brussels;N/A;;N/A;;id1000000961755264
17/04/2026;15:00;Ligue 2;Le Mans FC;Clermont Foot 63;N/A;;N/A;;id1000018261527964
17/04/2026;15:00;Challenger Pro League;Jong KRC Genk;Jeugd KAA Gent B;N/A;;N/A;;id1000000961755260
17/04/2026;15:00;Besta deild;Fram Reykjavik;Keflavik IF;N/A;;N/A;;id1000018868194584
17/04/2026;15:00;Ligue 2;Rodez Aveyron Football;Amiens SC;N/A;;N/A;;id1000018261527970
17/04/2026;15:00;Challenger Pro League;Koninklijke Lierse Sportkring;KSC Lokeren-Temse;N/A;;N/A;;id1000000961755262
17/04/2026;15:00;Eerste Divisie;ADO Den Haag;RKC Waalwijk;N/A;;N/A;;id1000013161380569
17/04/2026;15:00;Challenger Pro League;K Beerschot VA;Lommel SK;N/A;;N/A;;id1000000961755258
17/04/2026;15:00;Eerste Divisie;De Graafschap;SC Cambuur;N/A;;N/A;;id1000013161380587
17/04/2026;15:00;Eerste Divisie;Helmond Sport;VVV Venlo;N/A;;N/A;;id1000013161380575
17/04/2026;15:00;Eerste Divisie;Jong PSV Eindhoven;Jong Ajax Amsterdam;N/A;;N/A;;id1000013161380579
17/04/2026;15:00;Eerste Divisie;TOP Oss;FC Den Bosch;N/A;;N/A;;id1000013161380591
17/04/2026;15:00;Niederosterreich, 1. Landesliga;SCU Kilb;SC Zwettl;N/A;;N/A;;id1004377161909578
17/04/2026;15:00;Eerste Divisie;Roda JC Kerkrade;FC Emmen;N/A;;N/A;;id1000013161380597
17/04/2026;15:00;Challenger Pro League;RFC Seraing;SK Beveren;N/A;;N/A;;id1000000961755270
17/04/2026;15:00;NB I;Ujpest FC Budapest;Nyiregyhaza Spartacus FC;N/A;;N/A;;id1000018761272891
17/04/2026;15:00;U20 Mineiro, 1. Divisao;Atletico Mineiro MG;Minas Boca Futebol MG;N/A;;N/A;;id1004665168901998
17/04/2026;15:00;U20 Mineiro, 1. Divisao;Coimbra Sports MG;Athletic Club MG;N/A;;N/A;;id1004665168901994
17/04/2026;15:00;Brasileiro A3, Women;Araguari MG;Heips RJ;N/A;;N/A;;id1004694569855676
17/04/2026;15:00;U20 Paranaense, 1. Divisao;Operario Ferroviario EC PR;Galo Maringa PR U20;N/A;;N/A;;id1004688368643346
17/04/2026;15:00;Brasileiro A3, Women;Mauaense GE SP;Criciuma EC SC;N/A;;N/A;;id1004694569855698
17/04/2026;15:00;Challenger Pro League;RFC Liege;KAS Eupen;N/A;;N/A;;id1000000961755268
17/04/2026;15:00;Ligue 2;Montpellier HSC;Grenoble Foot;N/A;;N/A;;id1000018261527978
17/04/2026;15:00;Eerste Divisie;Willem II Tilburg;Jong AZ Alkmaar;N/A;;N/A;;id1000013161380583
17/04/2026;15:00;U21 Premier League 2;Stoke City;Aston Villa FC;N/A;;N/A;;id1000112969368658
17/04/2026;15:00;Ligue 2;Nancy-Lorraine;FC Annecy;N/A;;N/A;;id1000018261527968
17/04/2026;15:00;U21 Pro League;Jeugd RWDM Brussels;RFC Liege;N/A;;N/A;;id1000111762759085
17/04/2026;15:00;Niederosterreich, 1. Landesliga;SC Wieselburg;Scheiblingkirchen-Warth Usv;N/A;;N/A;;id1004377161909588
17/04/2026;15:00;Ligue 2;Pau FC;EA Guingamp;N/A;;N/A;;id1000018261527966
17/04/2026;15:00;Challenger Pro League;Patro Eisden Maasmechelen;Royal Francs Borains;N/A;;N/A;;id1000000961755266
17/04/2026;15:00;2. Liga;Tabor Sezana;Nafta 1903 Lendava;N/A;;N/A;;id1000053261454607
17/04/2026;15:00;Besta deild;Breidablik Kopavogur;IA Akranes;N/A;;N/A;;id1000018868194586
17/04/2026;15:00;Serie D, Group C;AC Este;Union Clodiense;N/A;;N/A;;id1000137862735775
17/04/2026;15:15;Challenge League;Etoile Carouge FC;FC Wil 1900;N/A;;N/A;;id1000021666626768
17/04/2026;15:15;HNL;NK Osijek;NK Varazdin;N/A;;N/A;;id1000017061286543
17/04/2026;15:30;Primera C;CA General Lamadrid;CA Victoriano Arenas;N/A;;N/A;;id1002617467122722
17/04/2026;15:30;Bundesliga;FC St. Pauli;1. FC Cologne;N/A;;N/A;;id1000003561514144
17/04/2026;15:30;U20 Goiano, 1. Divisao;Royal GO;Vila Nova FC GO;N/A;;N/A;;id1004664769279744
17/04/2026;15:30;U21 Pro League;RAAL La Louviere;KV RS Waasland Beveren;N/A;;N/A;;id1000111762759093
17/04/2026;15:30;LaLiga 2;Real Sociedad San Sebastian B;Racing Santander;N/A;;N/A;;id1000005461623822
17/04/2026;15:30;2. Liga;FC Admira Wacker Modling;First Vienna FC 1894;N/A;;N/A;;id1000013561591298
17/04/2026;15:30;Premijer Liga;FK Zeljeznicar Sarajevo;HSK Posusje;N/A;;N/A;;id1000022261737280
17/04/2026;15:30;Ekstraklasa;Legia Warszawa;Zaglebie Lubin;N/A;;N/A;;id1000020261062251
17/04/2026;15:30;I Liga;ZKS Stal Rzeszow;Polonia Warszawa;N/A;;N/A;;id1000022961398987
17/04/2026;15:30;2. Liga;Young Violets Wien;Austria Salzburg;N/A;;N/A;;id1000013561591304
17/04/2026;15:30;Primera C;Sacachispas FC;CSDC Espanol;N/A;;N/A;;id1002617467122738
17/04/2026;15:30;Serie B;Sampdoria Genoa;AC Monza;N/A;;N/A;;id1000005362484332
17/04/2026;15:45;First Division;Athlone Town AFC;Bray Wanderers AFC;N/A;;N/A;;id1000019366854706
17/04/2026;15:45;First Division;Cobh Ramblers;Longford Town FC;N/A;;N/A;;id1000019366854708
17/04/2026;15:45;First Division;Cork City FC;Wexford FC;N/A;;N/A;;id1000019366854710
17/04/2026;15:45;Premier Division;Dundalk FC;Galway United FC;N/A;;N/A;;id1000019266853998
17/04/2026;15:45;Premiership;Glentoran FC;Larne FC;N/A;;N/A;;id1000020070178650
17/04/2026;15:45;Serie A;Inter Milano;Cagliari Calcio;N/A;;N/A;;id1000002361061587
17/04/2026;15:45;First Division;Kerry FC;Treaty United;N/A;;N/A;;id1000019366854712
17/04/2026;15:45;Premier Division;Drogheda United FC;Saint Patrick´s Athletic FC;N/A;;N/A;;id1000019266853996
17/04/2026;15:45;First Division;University College Dublin;Finn Harps FC;N/A;;N/A;;id1000019366854714
17/04/2026;15:45;Ligue 1;Racing Club De Lens;Toulouse FC;N/A;;N/A;;id1000003461526522
17/04/2026;15:45;Premier Division;Shelbourne FC;Derry City FC;N/A;;N/A;;id1000019266854000
17/04/2026;16:00;Premier Division;Shamrock Rovers;Bohemians Dublin FC;N/A;;N/A;;id1000019266854002
17/04/2026;16:00;LaLiga 2;UD Las Palmas;CD Leganes;N/A;;N/A;;id1000005461623820
17/04/2026;16:00;Championship;Blackburn Rovers;Coventry City;N/A;;N/A;;id1000001861491313
17/04/2026;16:15;Primera Federacion;Real Murcia CF;Antequera CF;N/A;;N/A;;id1003483461687546
17/04/2026;16:45;Liga Portugal;Rio Ave FC;AVS Futebol SAD;N/A;;N/A;;id1000023861731466
17/04/2026;17:00;Segunda Division;Resistencia SC;Independiente Campo Grande;N/A;;N/A;;id1000125470806148
17/04/2026;17:00;Liga Prom;Potros del Este;Alianza FC II;N/A;;N/A;;id1001949070839336
17/04/2026;17:00;Division de Honor, Apertura;Sportivo Trinidense;Sportivo San Lorenzo;N/A;;N/A;;id1002709868042440
17/04/2026;17:00;Liga 1;Los Chankas CYC;Atletico Grau;N/A;;N/A;;id1000040670317660
17/04/2026;17:00;Brasileiro A3, Women;R4 CE;Ipojuca Atletico Clube PE;N/A;;N/A;;id1004694569855770
17/04/2026;17:15;Besta deild;Stjarnan Gardabae;FH Hafnarfjordur;N/A;;N/A;;id1000018868194588
17/04/2026;17:30;Serie B;22 de Julio;Cumbaya FC;N/A;;N/A;;id1001502770350942
17/04/2026;18:00;Segunda Division;Plaza Colonia;Paysandu FC;N/A;;N/A;;id1000190870819220
17/04/2026;18:00;Liga Prom;Rayados De Chiriqui;Veraguas United FC B;N/A;;N/A;;id1001949070839474
17/04/2026;18:00;Primera A, Apertura;Boyaca Chico FC;Deportivo Cali;N/A;;N/A;;id1002707067698080
17/04/2026;18:00;Primera A, Apertura;Jaguares de Cordoba;AD Pasto;N/A;;N/A;;id1002707067698078
17/04/2026;18:00;U20 Catarinense, Serie A;Concordia SC;Criciuma EC SC;N/A;;N/A;;id1004688169688476
17/04/2026;19:00;LigaPro Primera A;Leones Futbol Club;SD Aucas;N/A;;N/A;;id1000024068687568
17/04/2026;19:30;Segunda Division;Paraguari AC;Encarnacion FC;N/A;;N/A;;id1000125470806150
17/04/2026;20:00;Segunda Division;Barquisimeto SC;Academia Puerto Cabello B;N/A;;N/A;;id1001730270817516
17/04/2026;20:00;Paranaense, 2. Divisao;Araucaria EC PR;Parana Clube PR;N/A;;N/A;;id1003943968641224
17/04/2026;20:00;Brasileiro Serie A2, Women;Rio Negro RR;Itacoatiara FC AM;N/A;;N/A;;id1003203968971676
17/04/2026;20:00;MLS Next Pro;Toronto FC II;Philadelphia Union II;N/A;;N/A;;id1003647968156496
17/04/2026;20:00;Liga de Expansion MX, Clausura;Atlante FC;Club Atletico La Paz;N/A;;N/A;;id1002738466919554
17/04/2026;20:00;Primera B;CA Excursionistas;Arsenal de Sarandi;N/A;;N/A;;id1000134767119242
17/04/2026;20:00;Primera Division;Albion FC;Central Espanol FC;N/A;;N/A;;id1000027870629740
17/04/2026;20:30;National League;Cashmere Technical;Northern AFC;N/A;;N/A;;id1000059469463234
17/04/2026;20:30;Liga Profesional;Union de Santa Fe;Newell's Old Boys;N/A;;N/A;;id1000015567091934
17/04/2026;20:35;Torneo Federal A;CS Belgrano;Douglas Haig;N/A;;N/A;;id1003010669614134
19/04/2026;21:00;MLS Next Pro;Colorado Rapids 2;Minnesota United FC 2;N/A;;N/A;;id1003647968156520
19/04/2026;21:00;MLS Next Pro;Sporting Kansas City II;Whitecaps FC 2;N/A;;N/A;;id1003647968156522
19/04/2026;21:00;LPR Pro;Ponce FC;Ds Edusoccer;N/A;;N/A;;id1004876969289786
19/04/2026;21:30;Liga 1;CS Cienciano;CD Moquegua;N/A;;N/A;;id1000040670317678
19/04/2026;21:45;Primera Division;Huachipato;Audax Italiano;N/A;;N/A;;id1002766567681824
19/04/2026;22:00;Liga Nacional. Clausura;Antigua GFC;CD Malacateco;N/A;;N/A;;id1002739867524756
19/04/2026;22:00;Primera Division;HYH Sebaco FC;Real Esteli FC;N/A;;N/A;;id1001924270779462
19/04/2026;22:00;Primera Division;CD Suchitepequez;FC Santa Lucia Cotzumalguapa;N/A;;N/A;;id1004800070809958
19/04/2026;22:30;Liga Nacional. Clausura;Olancho FC;CD Victoria La Ceiba;N/A;;N/A;;id1002741670089682
19/04/2026;22:30;Primera A, Apertura;America de Cali;Millonarios FC;N/A;;N/A;;id1002707067698088
20/04/2026;04:00;FA Cup;Xiamen Chengyi;Shenzhen 2028 FC;N/A;;N/A;;id1000088269971040
20/04/2026;04:00;Turkey Super Lig SRL;Gaziantep SRL;Kayserispor SRL;N/A;;N/A;;id1003222570922476
20/04/2026;05:00;Serie A SRL;US Lecce SRL;Fiorentina SRL;N/A;;N/A;;id1003222170922212
20/04/2026;05:30;Liga 1;Semen Padang FC;Persijap Jepara;N/A;;N/A;;id1000101562083096
20/04/2026;06:00;Premier League SRL;Crystal Palace SRL;West Ham United SRL;N/A;;N/A;;id1003221570922148
20/04/2026;06:30;Championship;Shuktara Jubo Sangsad;Dhaka Rangers FC;N/A;;N/A;;id1002887770751522
20/04/2026;07:00;Premier League;FC Oleksandriya;Veres Rivne;N/A;;N/A;;id1000021861651590
20/04/2026;07:00;Premier League;Bahir Dar Kenema FC;Sheger Ketema;N/A;;N/A;;id1003365669950520
20/04/2026;07:00;Pervaya Liga;FC Gomel 2;FC Molodechno;N/A;;N/A;;id1000077670730872
20/04/2026;07:30;Higher League;Menge Belashangul;Dessie Ketema;N/A;;N/A;;id1005117270894816
20/04/2026;07:30;Primera Division Reserve, Apertura;Olimpia Asuncion;Cerro Porteno Asuncion;N/A;;N/A;;id1002721470827006
20/04/2026;07:30;Primera Division Reserve, Apertura;Sportivo Ameliano;Nacional Asuncion;N/A;;N/A;;id1002721470925284
20/04/2026;07:30;I-League 2;Delhi FC;SC de Goa;N/A;;N/A;;id1004209370090054
20/04/2026;07:30;I-League 2;SC Bengaluru;Neroca FC;N/A;;N/A;;id1004209370090052
20/04/2026;07:30;Goa Pro League;Geno Sports Club;Chapora Yuvak Sangh;N/A;;N/A;;id1003197770888796
20/04/2026;08:00;Vtoraya Liga;FC Maxline-2 Vitebsk;FC Baranovichi  2;N/A;;N/A;;id1003231170899484
20/04/2026;08:00;U21 Professional Development League;Sheffield Wednesday Reserve;Crewe Alexandra Reserve;N/A;;N/A;;id1002984268450798
20/04/2026;08:00;Vysshaya Liga;FC Dnepr Mogilev;FC Torpedo Belaz Zhodino;N/A;;N/A;;id1000016970766466
20/04/2026;08:30;Pro Liga;Lochin;PFC Shurtan;N/A;;N/A;;id1002347770314404
20/04/2026;08:30;Premier League;Lion City Sailors FC;Young Lions FC;N/A;;N/A;;id1000063462491846
20/04/2026;09:00;U19 Elit A;Gaziantep FK;Kayserispor;N/A;;N/A;;id1002991263039239
20/04/2026;09:00;U21 Professional Development League;Watford FC;Charlton Athletic;N/A;;N/A;;id1002984269683786
20/04/2026;09:00;U21 Professional Development League;Bristol City;Colchester United;N/A;;N/A;;id1002984268988484
20/04/2026;09:00;Premier League;FC Noah Yerevan;FC Van Charentsavan;N/A;;N/A;;id1000067170629824
20/04/2026;09:00;Primavera 1;Genoa CFC;Torino FC;N/A;;N/A;;id1000234061537588
20/04/2026;09:00;Liga 1;Dewa United;Persib Bandung;N/A;;N/A;;id1000101562083098
20/04/2026;09:00;Liga 2;PSS Sleman;Persiku Kudus;N/A;;N/A;;id1002056068646776
20/04/2026;09:30;First League;Sardarapat FC;FC Ararati Araks;N/A;;N/A;;id1000067270629682
20/04/2026;09:30;First League;FC Ararat Yerevan 2;FC Mika Yerevan;N/A;;N/A;;id1000067270629680
20/04/2026;09:45;Liga A1;Kelantan Red Warrior FC;Manjung City FC;N/A;;N/A;;id1004312565105300
20/04/2026;10:00;U21 Professional Development League;Cardiff City;Hull City;N/A;;N/A;;id1002984266499300
20/04/2026;10:00;Championship League;Gunners FC;Mbuni FC;N/A;;N/A;;id1004893370122030
20/04/2026;10:00;Pro Liga;PFK Metallurg Bekabad;Bukhoro Davlat Universiteti;N/A;;N/A;;id1002347770314400
20/04/2026;10:00;Pro Liga;FC Yaypan Fergana;FC Jayxun;N/A;;N/A;;id1002347770571048
20/04/2026;10:00;Premier League;Ethio Electric;Ethiopian Medhin;N/A;;N/A;;id1003365669950528
20/04/2026;10:00;Higher League;Addis Ababa Ketema;Debre Birhan Ketema;N/A;;N/A;;id1005117270894818
20/04/2026;10:00;Premier League;Shire Endaselassie FC;Wolaita Dicha SC;N/A;;N/A;;id1003365669950530
20/04/2026;10:45;Vysshaya Liga;FK Arsenal Dzerzhinsk;FC Belshina Bobruisk;N/A;;N/A;;id1000016970766468
20/04/2026;11:00;Indian Super League;Punjab FC;Inter Kashi FC;N/A;;N/A;;id1000190068746454
20/04/2026;11:00;Pervaya Liga;FC Minsk 2;Dinamo Minsk 2;N/A;;N/A;;id1000077670730874
20/04/2026;11:00;Primavera 1;Atalanta BC;Parma Calcio 1913 U20;N/A;;N/A;;id1000234070846446
20/04/2026;11:30;Srpska Liga;FK Jedinstvo Paracin;FK Radnicki Pirot;N/A;;N/A;;id1004821369039150
20/04/2026;11:30;Superliga;FC Botosani;Metaloglobus Bucuresti;N/A;;N/A;;id1000015269744610
20/04/2026;12:00;Premier League;FC Shakhtar Donetsk;FC Polissya Zhytomyr;N/A;;N/A;;id1000021861651596
20/04/2026;12:00;3rd Division Group 4;Viking FK 2;Odds BK 2;N/A;;N/A;;id1002464867920306
20/04/2026;12:00;Premier League;FC Shirak Gyumri;FC Ararat-Armenia;N/A;;N/A;;id1000067170629826
20/04/2026;12:00;Elite One;Fauve Azur de Yaounde;Panthere Sportive;N/A;;N/A;;id1000100670803664
20/04/2026;12:00;FNL;SK Artis Brno;FC Silon Taborsko;N/A;;N/A;;id1000020561326569
20/04/2026;12:30;Ligue 1;Stella Club D'Adjame;FC Osa;N/A;;N/A;;id1000121170825428
20/04/2026;12:30;Ykkonen, Women;TPS;HJS;N/A;;N/A;;id1001831870841022
20/04/2026;12:30;Ykkonen;KPV Kokkola;FC Jazz;N/A;;N/A;;id1004229168538208
20/04/2026;12:45;Division 1;Al-Adalah;AL Jandal;N/A;;N/A;;id1000229867953204
20/04/2026;12:45;U21 Elite League;AL Qadisiya;AL Fayha U21;N/A;;N/A;;id1004851370634640
20/04/2026;12:45;Division 1;Al Jubail;Al-Wehda FC;N/A;;N/A;;id1000229867953206
20/04/2026;13:00;3rd Division Group 2;Fk Kvik Trondheim;Molde FK 2;N/A;;N/A;;id1002464467919518
20/04/2026;13:00;2nd Division;Al Ittifaq BHR;AL Tadamun Buri;N/A;;N/A;;id1001972470066142
20/04/2026;13:00;II Lyga;FKS Ukmerge;FK Suduva Marijampole B;N/A;;N/A;;id1003406670161968
20/04/2026;13:00;2nd Division;Bouri;Manama Club;N/A;;N/A;;id1001972470066146
20/04/2026;13:00;U23 Olympic League;AL Sailiya;AL Gharafa;N/A;;N/A;;id1004850970807182
20/04/2026;13:00;3rd Division Group 6;Raelingen;Sarpsborg 08 2;N/A;;N/A;;id1002465267920962
20/04/2026;13:00;I Liga;Miedz Legnica;Gornik Leczna;N/A;;N/A;;id1000022961398979
20/04/2026;13:00;3rd Division Group 3;Sogndal 2;Aasane Fotball 2;N/A;;N/A;;id1002464667919794
20/04/2026;13:00;U23 Olympic League;Umm Salal;AL Duhail;N/A;;N/A;;id1004850970807184
20/04/2026;13:00;U23 Olympic League;AL Rayyan;Qatar SC;N/A;;N/A;;id1004850970085250
20/04/2026;13:00;2nd Division;East Riffa;Al Ittihad;N/A;;N/A;;id1001972470066144
20/04/2026;13:15;AFC Champions League Elite;Vissel Kobe;Al Ahli Saudi FC;N/A;;N/A;;id1000046368213846
20/04/2026;13:45;UEFA Youth League;Club Brugge;Real Madrid;N/A;;N/A;;id1000232470229212
20/04/2026;14:00;3rd Division Group 1;KFUM 2;FK Union Carl Berner;N/A;;N/A;;id1002464267919214
20/04/2026;14:00;Ligue 1;Hlm;Stade de Mbour;N/A;;N/A;;id1000122670873578
20/04/2026;14:00;Superliga;FC Midtjylland;AGF Aarhus;N/A;;N/A;;id1000003969653738
20/04/2026;14:00;3rd Division Group 5;Lillestrom SK 2;Skjetten;N/A;;N/A;;id1002465067920486
20/04/2026;14:00;Super Lig;Gaziantep FK;Kayserispor;N/A;;N/A;;id1000005261730182
20/04/2026;14:00;Superettan;IK Oddevold;Osters IF;N/A;;N/A;;id1000004667126026
20/04/2026;14:00;1st Division;Lyn 1896 FK;Sandnes Ulf;N/A;;N/A;;id1000002267017872
20/04/2026;14:00;Ekstraklasa;KS Lechia Gdansk;GKS Piast Gliwice;N/A;;N/A;;id1000020261062253
20/04/2026;14:05;Superettan;GIF Sundsvall;IK Brage;N/A;;N/A;;id1000004667126028
20/04/2026;14:15;U21 Elite League;AL Okhdood U21;AL Hazem U21;N/A;;N/A;;id1004851370634642
20/04/2026;14:30;U21 Pro League;Jeugd KV Kortrijk;Jeugd Royal Francs Borains ;N/A;;N/A;;id1000111770826996
20/04/2026;14:30;Ettan, Relegation/Promotion;IFK Stocksund;AFC Eskilstuna;N/A;;N/A;;id1002741268310826
20/04/2026;14:30;Superliga;FC Farul Constanta;Fotbal Club FCSB;N/A;;N/A;;id1000015269744608
20/04/2026;14:30;Premier League;NSI Runavik;Eb/Streymur;N/A;;N/A;;id1000067367849952
20/04/2026;14:30;Premier League;07 Vestur Sorvagur;B36 Torshavn;N/A;;N/A;;id1000067367849948
20/04/2026;14:30;Premier League;Skala IF;Vikingur Gota;N/A;;N/A;;id1000067367849954
20/04/2026;14:30;Premier League;AB Argir;KI Klaksvik;N/A;;N/A;;id1000067367849950
20/04/2026;14:45;Liga Portugal 2;FC Porto B;Leixoes SC;N/A;;N/A;;id1000023961732228
20/04/2026;14:45;Division 1;AL Ula;Al-Jabalain;N/A;;N/A;;id1000229867953208
20/04/2026;14:45;Liga Portugal 2;Sporting Lisbon B;FC Felgueiras 1932;N/A;;N/A;;id1000023961732224
20/04/2026;15:00;U21 Pro League;KVC Westerlo;K Beerschot VA;N/A;;N/A;;id1000111770823148
20/04/2026;15:00;Eerste Divisie;FC Den Bosch;Jong FC Utrecht;N/A;;N/A;;id1000013170531580
20/04/2026;15:00;Liga Profesional;CA Barracas Central;CA Belgrano de Cordoba;N/A;;N/A;;id1000015567091944
20/04/2026;15:00;NB II;Vasas FC;Bvsc-Zuglo;N/A;;N/A;;id1000133961690460
20/04/2026;15:30;Primera B;Deportivo Camioneros;CA Defensores Unidos;N/A;;N/A;;id1000134767119226
20/04/2026;15:30;U20 Goiano, 1. Divisao;Inhumas EC GO;AA Aparecidense GO;N/A;;N/A;;id1004664770834628
20/04/2026;15:30;Primera C;CS Barracas;Deportivo Paraguayo;N/A;;N/A;;id1002617467122732
20/04/2026;15:30;LaLiga 2;RC Deportivo De La Coruna;CD Mirandes;N/A;;N/A;;id1000005461623804
20/04/2026;15:30;Primera C;Defensores de Cambaceres;Leones de Rosario FC;N/A;;N/A;;id1002617467122742
20/04/2026;15:45;Southern League Premier South;Taunton Town;Farnham Town;N/A;;N/A;;id1002605870785032
20/04/2026;15:45;Ligue 2;USL Dunkerque;Stade Lavallois MFC;N/A;;N/A;;id1000018261527974
20/04/2026;15:45;Serie A;US Lecce;ACF Fiorentina;N/A;;N/A;;id1000002361061591
20/04/2026;16:00;Premier League;Crystal Palace;West Ham United;N/A;;N/A;;id1000001761301167
20/04/2026;16:15;Liga Portugal;Moreirense FC;Estoril Praia;N/A;;N/A;;id1000023861731468
20/04/2026;17:00;Segunda Division;Deportivo Santani;12 de Junio de Villa Hayes;N/A;;N/A;;id1000125470806160
20/04/2026;17:00;Segunda Division;Deportes Rengo;Deportes Linares;N/A;;N/A;;id1004228369613032
20/04/2026;17:00;Liga 2;Deportivo Binacional FC;CD Estudiantil Cni;N/A;;N/A;;id1001523570484694
20/04/2026;17:00;Copa Ecuador;Astillero FC (Ecu);22 de Julio;N/A;;N/A;;id1002920870484620
20/04/2026;17:00;Kings League Brazil;Desimpain;Funkbol Clube;N/A;;N/A;;id1004723970228856
20/04/2026;17:00;Primera Division;CA Boston River;Cerro Largo FC;N/A;;N/A;;id1000027870629752
20/04/2026;17:15;Liga Profesional;CA Central Cordoba SE;CA Platense;N/A;;N/A;;id1000015567091938
20/04/2026;17:15;Liga Profesional;CA Banfield;Independiente Rivadavia;N/A;;N/A;;id1000015567091954
20/04/2026;18:00;Segunda Division;Club Atletico Rentistas;Club Oriental de Football;N/A;;N/A;;id1000190870802208
20/04/2026;18:00;Kings League Brazil;Loud SC;Capim FC;N/A;;N/A;;id1004723970228848
20/04/2026;18:00;Premier League;Cavalier FC;Spanish Town Police FC;N/A;;N/A;;id1000189270758124
20/04/2026;18:00;Camopeonato Femenino, Women;Sportivo San Lorenzo;Recoleta FC;N/A;;N/A;;id1004675870433664
20/04/2026;18:00;Primera Division;Zamora FC;Caracas FC;N/A;;N/A;;id1000023170831184
20/04/2026;19:00;Campeonato Brasileiro, Women;Ferroviaria SP;America FC MG;N/A;;N/A;;id1001509168215768
20/04/2026;19:00;Campeonato Brasileiro, Women;Sao Paulo FC SP;Gremio FB Porto Alegrense RS;N/A;;N/A;;id1001509168215778
20/04/2026;19:00;Primera Division;Carabobo FC;Academia Anzoategui FC;N/A;;N/A;;id1000023170819826
20/04/2026;19:00;Kings League Brazil;Furia FC;Dibrados FC;N/A;;N/A;;id1004723970228854
20/04/2026;19:00;Campeonato Brasileiro, Women;Santos FC SP;Atletico Mineiro MG;N/A;;N/A;;id1001509168215776
20/04/2026;19:30;Liga Profesional;CA San Lorenzo de Almagro;Velez Sarsfield;N/A;;N/A;;id1000015567091936
20/04/2026;20:00;Liga de Ascenso, Clausura;Pitbulls Santa Barbara FC;Inter San Carlos;N/A;;N/A;;id1002776570795552
20/04/2026;20:00;Mato-Grossense, 2. Divisao;Acao Futebol MT;Club Atletico Matogrossense MT;N/A;;N/A;;id1004753469834768
20/04/2026;20:00;Primera Division;Deportivo La Guaira;Portuguesa FC;N/A;;N/A;;id1000023167691314
20/04/2026;20:00;Primera Nacional;Atletico de Rafaela;Agropecuario Argentino;N/A;;N/A;;id1000070367118330
20/04/2026;20:00;Kings League Brazil;Dendele FC;Fluxo FC;N/A;;N/A;;id1004723970228852
20/04/2026;20:00;Brasileiro Serie C;Maringa FC PR;Brusque FC SC;N/A;;N/A;;id1000128169254950
20/04/2026;20:00;Brasileiro Serie C;Floresta EC CE;Ferroviaria Araraquara SP;N/A;;N/A;;id1000128169254946
20/04/2026;20:20;Primera A, Apertura;CD Once Caldas;Internacional de Bogota.;N/A;;N/A;;id1002707067772630
20/04/2026;20:30;Division de Honor, Apertura;Sportivo Ameliano;Nacional Asuncion;N/A;;N/A;;id1002709868042436
20/04/2026;20:30;Primera Division;CA Penarol Montevideo;CA Juventud de Las Piedras;N/A;;N/A;;id1000027870629754
21/04/2026;21:00;Division Profesional;Club Bolivar;Independiente Petrolero;N/A;;N/A;;id1003398070379094
21/04/2026;21:30;Copa do Brasil;Barra FC SC;SC Corinthians SP;N/A;;N/A;;id1000037370401262
21/04/2026;21:30;LigaPro Primera A;CD Tecnico Universitario;CS Emelec;N/A;;N/A;;id1000024068687578
21/04/2026;21:30;Copa do Brasil;Paysandu SC PA;CR Vasco da Gama RJ;N/A;;N/A;;id1000037370452648
21/04/2026;21:30;Division Honor;FC San Nicolas;Porto Caravel;N/A;;N/A;;id1005104670949494
21/04/2026;22:00;Liga MX, Clausura;Pumas UNAM;FC Juarez;N/A;;N/A;;id1002746666856156
21/04/2026;22:00;Copa Presidente;CD FAS Santa Ana;CD Dragon;N/A;;N/A;;id1005110870633572
21/04/2026;22:00;Liga MX, Clausura;Queretaro FC;CF Cruz Azul;N/A;;N/A;;id1002746666856154
21/04/2026;22:15;Primera Division, Clausura;Sporting FC;Municipal Liberia;N/A;;N/A;;id1002709466443306
21/04/2026;23:00;Primera Division, Women;Chorotega FC;Sporting FC;N/A;;N/A;;id1004242170993846
21/04/2026;23:00;Primera Division, Clausura;CS Cartagines;AD San Carlos;N/A;;N/A;;id1002709466443300
21/04/2026;23:30;K-League 1 SRL;Pohang Steelers SRL;Gwangju FC SRL;N/A;;N/A;;id1003622570922784
21/04/2026;23:30;K-League 1 SRL;Daejeon Citizen FC (Srl);Jeju United FC (Srl);N/A;;N/A;;id1003622570922782
21/04/2026;23:30;K-League 1 SRL;FC Anyang Srl;Ulsan Hyundai FC SRL;N/A;;N/A;;id1003622570922780
22/04/2026;00:05;Liga MX, Clausura;CF Monterrey;Club Puebla;N/A;;N/A;;id1002746666856160
22/04/2026;00:06;Liga MX, Clausura;Club Leon;CF America;N/A;;N/A;;id1002746666856158
22/04/2026;02:00;China Super League SRL;Shanghai Shenhua SRL;Qingdao Hainiu FC Srl;N/A;;N/A;;id1003622770922578
22/04/2026;02:00;China Super League SRL;Liaoning Tieren FC Srl;Dalian Young Boy FC SRL;N/A;;N/A;;id1003622770922574
22/04/2026;02:00;China Super League SRL;Qingdao West Coast FC Srl;Henan Jianye SRL;N/A;;N/A;;id1003622770922576
22/04/2026;04:00;Eredivisie SRL;SC Telstar Srl;Sparta Rotterdam SRL;N/A;;N/A;;id1003237770922444
22/04/2026;05:00;LaLiga SRL;Real Sociedad SRL;Getafe CF SRL;N/A;;N/A;;id1003221970922384
22/04/2026;05:00;Superliga, Women;FC Farul Constanta;AFC Universitatea Olimpia Cluj;N/A;;N/A;;id1004823569718186
22/04/2026;05:00;LaLiga SRL;FC Barcelona SRL;RC Celta de Vigo SRL;N/A;;N/A;;id1003221970922386
22/04/2026;05:00;LaLiga SRL;CF Elche;Atletico Madrid SRL;N/A;;N/A;;id1003221970922382
22/04/2026;05:30;Liga 1;Persis Solo;Bhayangkara Presisi Indonesia FC;N/A;;N/A;;id1000101562083100
22/04/2026;05:30;Super Lig, Women;Hakkarigucu Spor;Fatih Vatan Spor;N/A;;N/A;;id1004874163666397
22/04/2026;05:30;Liga 1;Psim Yogyakarta;Persija Jakarta;N/A;;N/A;;id1000101562083102
22/04/2026;06:00;Premier League SRL;Burnley FC SRL;Manchester City SRL;N/A;;N/A;;id1003221570922154
22/04/2026;06:00;Premier League SRL;AFC Bournemouth SRL;Leeds United SRL;N/A;;N/A;;id1003221570922152
22/04/2026;06:00;U17 UEFA European Championship, Qualification;Hungary;Liechtenstein;N/A;;N/A;;id1000075566712156
22/04/2026;06:00;Northern Territory Premier League;Palmerston Rovers;Port Darwin FC;N/A;;N/A;;id1004994070057570
22/04/2026;06:30;Championship;Brtc Sports Club;Khelaghar Samaj Kalyan Samiti;N/A;;N/A;;id1002887770751526
22/04/2026;06:30;Championship;Chittagong Abahani;Chattogram City Football Club;N/A;;N/A;;id1002887770751524
22/04/2026;07:00;Super Lig, Women;Besiktas;1207 Antalyaspor Kadin FK;N/A;;N/A;;id1004874163666411
22/04/2026;07:00;Super Lig, Women;Fenerbahce Istanbul;Cekmekoy Bilgidoga Sportif;N/A;;N/A;;id1004874163666399
22/04/2026;07:00;Super Lig, Women;Trabzonspor AS;Amed Sportif Faaliyetler;N/A;;N/A;;id1004874163666409
22/04/2026;07:00;Ligue 1 SRL;Paris Saint-Germain SRL;FC Nantes SRL;N/A;;N/A;;id1003222370922168
22/04/2026;07:00;WK-League;Sejong Sportstoto WFC;Suwon WFC;N/A;;N/A;;id1000177269976232
22/04/2026;07:00;Macedonia Cup;GFK Ohrid Lihnidos;FK Sileks Kratovo;N/A;;N/A;;id1000034869294116
22/04/2026;07:00;Super Lig, Women;Yuksekova SK;Galatasaray Istanbul;N/A;;N/A;;id1004874169391532
22/04/2026;07:00;Hun Sen Cup;Visakha FC;Isi Dangkor Senchey FC;N/A;;N/A;;id1003623370241502
22/04/2026;07:00;Premier League;Khoromkhon FC;Hunters FC;N/A;;N/A;;id1002862370976350
22/04/2026;07:00;J.League;Gamba Osaka;Avispa Fukuoka;N/A;;N/A;;id1000019667645074
22/04/2026;07:30;Goa Pro League;Calangute Association;Clube de Salgaocar;N/A;;N/A;;id1003197770888800
22/04/2026;07:30;K-League 1;FC Pohang Steelers;Gwangju FC;N/A;;N/A;;id1000041067817640
22/04/2026;07:30;K-League 1;Daejeon Citizen FC;Jeju SK FC;N/A;;N/A;;id1000041067817638
22/04/2026;07:30;K-League 1;FC Anyang;Ulsan HD FC;N/A;;N/A;;id1000041067817636
22/04/2026;08:00;Super Lig, Women;Unye Kadin SK;Prolift Giresun Sanayispor;N/A;;N/A;;id1004874163666407
22/04/2026;08:00;Western Australia State League 1;Subiaco AFC;Quinns FC;N/A;;N/A;;id1004672070263164
22/04/2026;08:00;U19 League;FK Crvena Zvezda;FK Graficar;N/A;;N/A;;id1004829170992240
22/04/2026;08:00;First League;Noah Yerevan 2;FC Syunik;N/A;;N/A;;id1000067270629690
22/04/2026;08:00;Superliga, Women;VASAS FEMINA FC;Csm Unirea Alba Iulia;N/A;;N/A;;id1004823570581686
22/04/2026;08:20;Northern Territory Premier League;Darwin Hearts FC;Casuarina FC;N/A;;N/A;;id1004994070057572
22/04/2026;08:35;Chinese Super League;Liaoning Tieren FC;Dalian Yingbo FC;N/A;;N/A;;id1000064968995072
22/04/2026;08:35;Chinese Super League;Qingdao West Coast FC;Henan;N/A;;N/A;;id1000064968995070
22/04/2026;09:00;Macedonia Cup;Shkendija Tetovo;KF Shkendija Haracine;N/A;;N/A;;id1000034870058082
22/04/2026;09:00;First Division;Zaqatala FK;Shahdag Qusar FK;N/A;;N/A;;id1000073663637899
22/04/2026;09:00;Treta Liga;SFK Svetkavitsa Targovishte;Benkovski Isperih;N/A;;N/A;;id1004765669734462
22/04/2026;09:00;Super League 2;Nestos Chrysoupoli FC;PAS Giannina;N/A;;N/A;;id1000018668536128
22/04/2026;09:00;Super League 2;AO Kavala 1965;Makedonikos FC;N/A;;N/A;;id1000018668536132
22/04/2026;09:00;First Division;Cabrayil;Energetik Mingechevir;N/A;;N/A;;id1000073663637897
22/04/2026;09:00;Erovnuli Liga;FC Meshakhte Tkibuli;FC Rustavi;N/A;;N/A;;id1000070470224304
22/04/2026;09:00;Cupa Moldovei;CSF Spartanii Selemet;FC Milsami;N/A;;N/A;;id1000074165791442
22/04/2026;09:00;Erovnuli Liga 2;FC Gareji Sagarejo;FC Gori;N/A;;N/A;;id1000072667843236
22/04/2026;09:00;Erovnuli Liga 2;FC Merani Martvili;Sioni Bolnisi;N/A;;N/A;;id1000072670223914
22/04/2026;09:00;Erovnuli Liga 2;FC Kolkheti-1913 Poti;FC Samtredia;N/A;;N/A;;id1000072670223912
22/04/2026;09:00;Chinese Super League;Shanghai Shenhua FC;Qingdao Hainiu FC;N/A;;N/A;;id1000064968995074
22/04/2026;09:00;Super League 2;Kampaniakos;PAOK Thessaloniki B;N/A;;N/A;;id1000018668536130
22/04/2026;09:00;First Division;Safa;Moik Baku;N/A;;N/A;;id1000073663637891
22/04/2026;09:00;U17 UEFA European Championship, Qualification;Armenia;Luxembourg;N/A;;N/A;;id1000075566712154
22/04/2026;09:30;NPL Western Australia, Women;Balcatta FC;Perth Redstar FC;N/A;;N/A;;id1003236970327528
22/04/2026;09:30;First League;FC BKMA Vagharshapat 2;Andranik;N/A;;N/A;;id1000067270629692
22/04/2026;09:30;First League;Lernayin Artsakh FC;FC Ararat-Armenia 2;N/A;;N/A;;id1000067270629694
22/04/2026;10:00;Championship;Venda FC;Milford FC;N/A;;N/A;;id1000190663157209
22/04/2026;10:00;2. Liga;OFK Dynamo Malzenice;Slavia Tu Kosice;N/A;;N/A;;id1000022461677854
22/04/2026;10:00;Superliga;FK Termez Surkhon;PFK Mash AL Mubarek;N/A;;N/A;;id1000077268380354
22/04/2026;10:00;Premier Soccer League;ZPC Kariba;Bulawayo Chiefs FC;N/A;;N/A;;id1002347970852078
22/04/2026;10:00;Championship;Leicesterford City;Lerumo Lions FC;N/A;;N/A;;id1000190663157207
22/04/2026;10:00;Treta Liga;FC Aksakovo;OFK Dorostol 2003 Silistra;N/A;;N/A;;id1004765670762132
22/04/2026;10:00;Championship;Kruger United;Cape Town City FC;N/A;;N/A;;id1000190663157205
22/04/2026;10:00;Super League;Panserraikos FC;Atromitos Athinon;N/A;;N/A;;id1000018570232046
22/04/2026;10:00;Treta Liga;PFC Rilski Sportist Samokov;OFK Kostinbrod;N/A;;N/A;;id1004765670762296
22/04/2026;10:00;Prva Liga;FK Zemun;FK Macva Sabac;N/A;;N/A;;id1000072170681880
22/04/2026;10:00;Kosovo FA Cup;KF Dukagjini;FC Ballkani;N/A;;N/A;;id1001468869793048
22/04/2026;10:00;Treta Liga;Sfk Svetkavitsa 2014 Targovishte;SFK Svetkavitsa Targovishte;N/A;;N/A;;id1004765670763874
22/04/2026;10:00;Treta Liga;FC Spartak 1918 Varna II;Benkovski Isperih;N/A;;N/A;;id1004765670762576
22/04/2026;10:00;Kosovo FA Cup;KF Ferizaj;KF Llapi;N/A;;N/A;;id1001468869793044
22/04/2026;10:00;Treta Liga;FC Chernomorets Balchik;FC Fratria II;N/A;;N/A;;id1004765670762474
22/04/2026;10:00;Championship;Hungry Lion;Pretoria University FC;N/A;;N/A;;id1000190663157203
22/04/2026;10:00;1. Liga;Spartak Kostroma;FC Ska-Khabarovsk;N/A;;N/A;;id1000020470629790
22/04/2026;10:00;Championship;Baroka FC;Gomora United;N/A;;N/A;;id1000190663157201
22/04/2026;10:00;Super League;Nkwazi;Power Dynamos;N/A;;N/A;;id1000214270429464
22/04/2026;10:00;Super League;Zanaco FC;Green Eagles;N/A;;N/A;;id1000214270429468
22/04/2026;10:00;Premier Soccer League;Chicken Inn FC;Highlanders FC;N/A;;N/A;;id1002347970849588
22/04/2026;10:00;Premier League;Kitara FC;Calvary;N/A;;N/A;;id1001486470100772
22/04/2026;10:00;Premier League;Lugazi Municipal FC;SC Villa;N/A;;N/A;;id1001486470100774
22/04/2026;10:30;HNL;HNK Vukovar 1991;HNK Gorica;N/A;;N/A;;id1000017061286553
22/04/2026;10:30;Treta Liga;FK Botev Novi Pazar;Olympic Varna;N/A;;N/A;;id1004765670762786
22/04/2026;11:00;Ligue 2;US Tataouine;Club S Hammam-Lif;N/A;;N/A;;id1002057870803290
22/04/2026;11:00;Ligue 2;Stade Gabesien;Kalaa Sport;N/A;;N/A;;id1002057870784380
22/04/2026;11:00;Ligue 2;Jendouba Sport;ES Bouchamma;N/A;;N/A;;id1002057870784376
22/04/2026;11:00;Srpska Liga;FK Napredak Markovac;FK Jedinstvo Putevi;N/A;;N/A;;id1004821362700119
22/04/2026;11:00;Prva Liga;OFK Vrsac;FK Loznica;N/A;;N/A;;id1000072170681876
22/04/2026;11:00;Srpska Liga;FK Radnicki Valjevo;FK Takovo;N/A;;N/A;;id1004821362700117
22/04/2026;11:00;Srpska Liga;FK Sloga Pozega;FK Polimlje;N/A;;N/A;;id1004821362700115
22/04/2026;11:00;Prva Liga;FK Kabel Novi Sad;FK Borac Cacak;N/A;;N/A;;id1000072170681912
22/04/2026;11:00;Prva Liga;FK Jedinstvo UB;FK Vozdovac Belgrade;N/A;;N/A;;id1000072170681878
22/04/2026;11:00;Prva Liga;FK Trayal Krusevac;FK Tekstilac Odzaci;N/A;;N/A;;id1000072170681914
22/04/2026;11:00;Ligue 2;CS Msaken;ES Hammam Sousse;N/A;;N/A;;id1002057870784336
22/04/2026;11:00;Iraqi League;Al Shorta SC;Al-Qasim SC;N/A;;N/A;;id1002697470767966
22/04/2026;11:00;Iraqi League;AL Mosul SC;AL Naft;N/A;;N/A;;id1002697470767964
22/04/2026;11:00;1. Liga;FC Volga Ulyanovsk;Chayka Peschanokopskoye;N/A;;N/A;;id1000020470629786
22/04/2026;11:00;Vtora Liga;PFC CSKA SOFIA II;FK Hebar Pazardzhik;N/A;;N/A;;id1000113570887980
22/04/2026;11:00;U19 Prva NL Juniori;GNK Dinamo Zagreb;NK Osijek;N/A;;N/A;;id1004806070715386
22/04/2026;11:00;NM Cup Women;Sandefjord Fotball;Arna-Bjoernar;N/A;;N/A;;id1000106270684482
22/04/2026;11:00;Premijer Liga;HSK Posusje;FK Radnik Bijeljina;N/A;;N/A;;id1000022261737296
22/04/2026;11:00;Srpska Liga;FK Mladi Radnik 1940 Radinac;FK Omladinac Zablace;N/A;;N/A;;id1004821362700113
22/04/2026;11:00;Treta Liga;FK Septemvri Tervel;Chernolomets Popovo;N/A;;N/A;;id1004765670762570
22/04/2026;11:00;Cyprus Cup;Pafos FC;AEL Limassol;N/A;;N/A;;id1000031570311954
22/04/2026;11:00;AFC Challenge League;Muras United FC;Kuwait SC;N/A;;N/A;;id1004298368531854
22/04/2026;11:00;3rd Division;Aen Ayiou Georgiou Vrysoullon-Acheritou;Anagennisi Deryneia;N/A;;N/A;;id1000146070914864
22/04/2026;11:00;Super League;AE Larissa FC;AE Kifisia FC;N/A;;N/A;;id1000018570232042
22/04/2026;11:00;Ligue 2;A Sakiet Edayer;CS Korba;N/A;;N/A;;id1002057870784378
22/04/2026;11:00;3rd Division;Kedros Ayia Marina Skylloura;Aep Polemidion;N/A;;N/A;;id1000146070914862
22/04/2026;11:00;Srpska Liga;FK Metalac Gornji Milanovac;FK Zeleznicar Lajkovac;N/A;;N/A;;id1004821362700125
22/04/2026;11:00;1. Liga;FK Ufa;FC Kamaz Naberezhnye Chelny;N/A;;N/A;;id1000020470629780
22/04/2026;11:00;Prva Liga;FK Usce Novi Beograd;Gfk Dubocica;N/A;;N/A;;id1000072170681910
22/04/2026;11:00;Srpska Liga;FK Josanica;FK Real Podunavci;N/A;;N/A;;id1004821362700127
22/04/2026;11:00;1. Liga;FK Ural Yekaterinburg;Torpedo Moscow;N/A;;N/A;;id1000020470629782
22/04/2026;11:00;Srpska Liga;FK Sumadija Kragujevac;FK Buducnost Krusik;N/A;;N/A;;id1004821362700123
22/04/2026;11:00;3rd Division;Anorthosis Mouttagiakas;Aspis Pylas;N/A;;N/A;;id1000146070914860
22/04/2026;11:00;Srpska Liga;FK Zlatibor Cajetina;FK Sloboda Uzice;N/A;;N/A;;id1004821362700121
22/04/2026;11:30;Treta Liga;FC Volov Shumen;PFC Ludogorets Razgrad III;N/A;;N/A;;id1004765670762140
22/04/2026;11:30;1. Liga;FC Neftekhimik Nizhnekamsk;FC Chernomorets Novorossiysk;N/A;;N/A;;id1000020470629776
22/04/2026;11:30;MSFL;TJ Start Brno;FK Hodonin;N/A;;N/A;;id1001414770123212
22/04/2026;11:30;Divize F;1. Bfk Frydlant Nad Ostravici;FK Novy Jicin;N/A;;N/A;;id1004073770398052
22/04/2026;11:30;2. Liga;FC STK 1914 Samorin;MFK Tatran Liptovsky Mikulas;N/A;;N/A;;id1000022461677856
22/04/2026;11:30;Cup Crne Gore;FK Otrant-Olympic Ulcinj;FK Decic Tuzi;N/A;;N/A;;id1000073970851444
22/04/2026;11:30;2. Liga;MSK Puchov;FK Inter Bratislava;N/A;;N/A;;id1000022461677846
22/04/2026;11:30;Premier League;FC Orenburg;FC Pari Nizhny Novgorod;N/A;;N/A;;id1000020361952220
22/04/2026;11:30;2. Liga;FC Petrzalka;OFK Banik Lehota Pod Vtacnikom;N/A;;N/A;;id1000022461677852
22/04/2026;11:30;Premiere Ligue, Women;Paris Saint-Germain;AS Saint-Etienne;N/A;;N/A;;id1000113962033936
22/04/2026;11:30;Elite One;Aigle Royal Du Moungo;Coton Sport de Garoua;N/A;;N/A;;id1000100670971740
22/04/2026;11:30;2. Liga;MSK Zilina B;MSK Povazska Bystrica;N/A;;N/A;;id1000022461677850
22/04/2026;11:30;1. Liga;FC Sokol Saratov;FC Yenisey Krasnoyarsk;N/A;;N/A;;id1000020470629792
22/04/2026;11:30;Prva Liga, Rep of Srpska;Velez Nevesinje;FK Kozara Gradiska;N/A;;N/A;;id1000071570882544
22/04/2026;11:45;Slovenia Cup;NK Radomlje;NK Brinje Grosuplje;N/A;;N/A;;id1000029169877398
22/04/2026;12:00;Super Lig, Women;Bornova Hitab Spor;Galatasaray Istanbul;N/A;;N/A;;id1004874163666401
22/04/2026;12:00;Super Lig, Women;Beylerbeyi SK;Yuksekova SK;N/A;;N/A;;id1004874163666403
22/04/2026;12:00;NM Cup Women;Rana IL;Malvik;N/A;;N/A;;id1000106268960120
22/04/2026;12:00;U21 Liga MX;Atlas FC;Tigres UANL;N/A;;N/A;;id1004805667149986
22/04/2026;12:00;CFL;FK Velke Hamry;N. Byskovice;N/A;;N/A;;id1001415169414290
22/04/2026;12:00;U19 Prva NL Juniori;NK Sesvete;NK Slaven Belupo;N/A;;N/A;;id1004806070689056
22/04/2026;12:00;Divize C;FK Prepere;Vysoke Myto;N/A;;N/A;;id1004073169936536
22/04/2026;12:00;Elite One;Colombe Sportive Du Dja Et Lobo;Gazelle FA de Garoua;N/A;;N/A;;id1000100670971724
22/04/2026;12:00;Ligue 1;Olympique Akbou;JS Kabylie;N/A;;N/A;;id1000084170683618
22/04/2026;12:00;Veikkausliiga;Kuopion Palloseura;AC Oulu;N/A;;N/A;;id1000004167091388
22/04/2026;12:00;U21 Liga MX;Atletico San Luis;Santos Laguna;N/A;;N/A;;id1004805667149988
22/04/2026;12:00;Superliga;FK Radnik Surdulica;FK Novi Pazar;N/A;;N/A;;id1000021070708846
22/04/2026;12:00;Premier League;Al Masry Club;Enppi Club;N/A;;N/A;;id1000080869879930
22/04/2026;12:00;2. Liga;MFK Zvolen;Slovan Bratislava B;N/A;;N/A;;id1000022461677858
22/04/2026;12:00;Erovnuli Liga;FC Spaeri;FC Iberia 1999;N/A;;N/A;;id1000070467912722
22/04/2026;12:00;Erovnuli Liga 2;FC Telavi;SFC Shturmi Sartichala;N/A;;N/A;;id1000072667843242
22/04/2026;12:00;Divize E;FK Nove Sady;SK Batov 1930;N/A;;N/A;;id1004073569727756
22/04/2026;12:00;U21 Liga MX;Necaxa;Guadalajara;N/A;;N/A;;id1004805667149990
22/04/2026;12:00;Superliga;FK Vojvodina Novi Sad;FK Partizan Belgrade;N/A;;N/A;;id1000021070708842
22/04/2026;12:00;Virsliga;Grobinas SC/LFS;FC RFS;N/A;;N/A;;id1000019768492474
22/04/2026;12:00;Cupa Moldovei;FC Balti;Petrocub Hincesti;N/A;;N/A;;id1000074165791446
22/04/2026;12:15;Superliga;FK Buxoro;Pakhtakor;N/A;;N/A;;id1000077268380346
22/04/2026;12:30;NM Cup Women;KFUM Oslo;Aasane;N/A;;N/A;;id1000106268960114
22/04/2026;12:30;Kakkonen Playoffs;SJK Akatemia/2;FF Jaro Akademia;N/A;;N/A;;id1002691069108966
22/04/2026;12:30;Regionalliga Northeast;BFC Preussen Berlin;FC Hertha 03 Zehlendorf;N/A;;N/A;;id1000108369140794
22/04/2026;12:30;Divize A;FK Krimice;FC Rokycany;N/A;;N/A;;id1004072770187246
22/04/2026;12:45;Oberliga NOFV South;VfL Halle 1896;VfB Auerbach 1906;N/A;;N/A;;id1000015069291712
22/04/2026;12:45;Premium Liiga;Nomme Kalju FC;FC Nomme United;N/A;;N/A;;id1000017868214610
22/04/2026;12:45;HNL;NK Varazdin;HNK Rijeka;N/A;;N/A;;id1000017061286559
22/04/2026;12:45;Oberliga NOFV South;FC Einheit Wernigerode;1. FC Lok Stendal;N/A;;N/A;;id1000015069293376
22/04/2026;13:00;LFF Cup;FC Neptunas Klaipeda;Dziugas;N/A;;N/A;;id1000081270861850
22/04/2026;13:00;2. Liga;FK Pohronie Ziar Nad Hronom Dolna Zdana;MFk Dukla Banska Bystrica;N/A;;N/A;;id1000022461677844
22/04/2026;13:00;Oberliga BW;FC Denzlingen;VfR Aalen;N/A;;N/A;;id1000014269788146
22/04/2026;13:00;NM Cup Women;Melbo;Medkila IL;N/A;;N/A;;id1000106270684486
22/04/2026;13:00;NM Cup Women;Ranheim;Tynset;N/A;;N/A;;id1000106270684488
22/04/2026;13:00;Kolmonen;KPV/Akatemia;SJK-J;N/A;;N/A;;id1004667169924062
22/04/2026;13:00;NM Cup Women;Storhamar;HamKam;N/A;;N/A;;id1000106268960116
22/04/2026;13:00;NM Cup Women;Steinkjer FK;Tiller;N/A;;N/A;;id1000106268960118
22/04/2026;13:00;NM Cup Women;Fana IL;Klepp IL;N/A;;N/A;;id1000106270684490
22/04/2026;13:00;Premium Liiga;Tartu JK Tammeka;FCI Levadia Tallinn;N/A;;N/A;;id1000017868214616
22/04/2026;13:00;NM Cup Women;Stroemsgodset IF;Odds BK;N/A;;N/A;;id1000106270684508
22/04/2026;13:00;Superliga;FC Spartak Trnava;DAC 1904 Dunajska Streda;N/A;;N/A;;id1000021170265780
22/04/2026;13:00;Superliga;FC Copenhagen;Odense Boldklub;N/A;;N/A;;id1000003969653800
22/04/2026;13:00;Premijer Liga;FK Sarajevo;FK Sloga Doboj;N/A;;N/A;;id1000022261737288
22/04/2026;13:00;Virsliga;Riga FC;Ogre United;N/A;;N/A;;id1000019768492476
22/04/2026;13:00;NM Cup Women;Amazon Grimstad FK;Bryne FK;N/A;;N/A;;id1000106268960112
22/04/2026;13:00;Kolmonen;Lautp;Lautp/2;N/A;;N/A;;id1004667169924622
22/04/2026;13:00;U19 Elite;BSC Young Boys;FC Basel;N/A;;N/A;;id1004828970372850
22/04/2026;13:00;1. Division;Aarhus Fremad;Middelfart BK;N/A;;N/A;;id1000004770318208
22/04/2026;13:00;1. Liga;PFK Arsenal Tula;FC Chelyabinsk;N/A;;N/A;;id1000020470629788
22/04/2026;13:00;1. Liga;SK Rotor Volgograd;Rodina Moscow;N/A;;N/A;;id1000020470629784
22/04/2026;13:00;1. Liga;FC Fakel Voronezh;FC Shinnik Yaroslavl;N/A;;N/A;;id1000020470629778
22/04/2026;13:00;NM Cup Women;Sarpsborg 08 FF;Kolbotn;N/A;;N/A;;id1000106268960126
22/04/2026;13:00;Superliga;Vejle BK;Silkeborg IF;N/A;;N/A;;id1000003969653802
22/04/2026;13:00;LigaPro Primera A;Leones Futbol Club;Manta FC;N/A;;N/A;;id1000024068687590
22/04/2026;13:00;Women Bundesliga;FC Union Berlin;Bayern Munich;N/A;;N/A;;id1000023261970230
22/04/2026;13:00;Women Bundesliga;Werder Bremen;VfL Wolfsburg;N/A;;N/A;;id1000023270528024
22/04/2026;13:00;LFF Cup;Venta Kursenu;FK Transinvest;N/A;;N/A;;id1000081270861886
22/04/2026;13:00;NM Cup Women;FK Arendal;IK Start;N/A;;N/A;;id1000106268960128
22/04/2026;13:00;AFC Champions League Two;Al Nassr Club;Al Ahli Doha SC;N/A;;N/A;;id1000066868528354
22/04/2026;13:00;Bulgarian Cup;FC Arda Kardzhali;PFC Lokomotiv Plovdiv;N/A;;N/A;;id1000036569088914
22/04/2026;13:00;U21 Liga MX;Mazatlan FC;Deportivo Toluca FC;N/A;;N/A;;id1004805667149992
22/04/2026;13:00;Azerbaijan Cup;Sabah Masazir;Qarabag FK;N/A;;N/A;;id1000074069756618
22/04/2026;13:00;1. Division;Hobro IK;HB Koege;N/A;;N/A;;id1000004770318210
22/04/2026;13:00;Regionalliga North;HSC Hannover;SV Drochtersen/Assel;N/A;;N/A;;id1000004269962520
22/04/2026;13:00;Premium Liiga;Harju JK Laagri;Paide Linnameeskond;N/A;;N/A;;id1000017868214612
22/04/2026;13:00;NM Cup;Bodoe/Glimt;KFUM Oslo;N/A;;N/A;;id1000002970241708
22/04/2026;13:00;Cyprus Cup;Apollon Limassol;APOEL Nikosia;N/A;;N/A;;id1000031570450704
22/04/2026;13:00;Premium Liiga;Tallinna FC Flora;JK Narva Trans;N/A;;N/A;;id1000017868214614
22/04/2026;13:00;Peace Cup;Gorilla FC;Rayon Sports FC;N/A;;N/A;;id1002380570946848
22/04/2026;13:00;NM Cup Women;Alta;Krokelvdalen;N/A;;N/A;;id1000106270684484
22/04/2026;13:15;Schleswig-Holstein-Liga;SV Eichede;Kaltenkirchener Turnerschaft;N/A;;N/A;;id1000051267179642
22/04/2026;13:15;Schleswig-Holstein-Liga;PSV Union Neumunster;TSV Nordmark Satrup;N/A;;N/A;;id1000051266497706
22/04/2026;13:25;Division 1;Al-Orobah;Al-Zulfi FC;N/A;;N/A;;id1000229867953218
22/04/2026;13:25;Division 1;Jeddah Club;Al-Faisaly FC;N/A;;N/A;;id1000229867953220
22/04/2026;13:30;Cup Crne Gore;FK Mornar Bar;FK Jezero Plav;N/A;;N/A;;id1000073970851448
22/04/2026;13:30;U19 DFB Nachwuchsliga;1. FC Heidenheim;FC Augsburg;N/A;;N/A;;id1002470270008652
22/04/2026;13:30;Oberliga Niedersachsen;SV Wilhelmshaven;USI Lupo Martini Wolfsburg;N/A;;N/A;;id1000081370017734
22/04/2026;13:30;Iraqi League;Al Zawraa;Diyala FC;N/A;;N/A;;id1002697470767972
22/04/2026;13:30;Iraqi League;AL Karkh;AL Karma;N/A;;N/A;;id1002697470767968
22/04/2026;13:30;Iraqi League;AL Talaba;Newroz SC;N/A;;N/A;;id1002697470767970
22/04/2026;13:30;Ligue 1;Stade Malien de Bamako;Afrique Football Elite;N/A;;N/A;;id1004081770917506
22/04/2026;13:30;Bundesliga;SK Rapid;TSV Hartberg;N/A;;N/A;;id1000004569751526
22/04/2026;13:30;Bundesliga;FC Salzburg;FK Austria Wien;N/A;;N/A;;id1000004569751524
22/04/2026;13:30;Tercera Federacion, Group 12;CD Union Sur Yaiza;Arucas CF;N/A;;N/A;;id1002604070510766
22/04/2026;13:30;Superliga;OFK Beograd;FK Cukaricki Belgrade;N/A;;N/A;;id1000021070708844
22/04/2026;13:45;Premiere Ligue, Women;Montpellier HSC;Paris FC;N/A;;N/A;;id1000113962033934
22/04/2026;13:45;Premier League;Lokomotiv Moscow;FK Zenit Saint Petersburg;N/A;;N/A;;id1000020361376711
22/04/2026;13:45;Kolmonen;SC Zulimanit;KuPS Akatemia II;N/A;;N/A;;id1004667169924460
22/04/2026;13:45;Premiere Ligue, Women;Le Havre AC;RC Lens;N/A;;N/A;;id1000113962033930
22/04/2026;13:45;Premiere Ligue, Women;Olympique Marseille;FC Nantes;N/A;;N/A;;id1000113962033932
22/04/2026;13:45;Eredivisie, Women;Excelsior Rotterdam;NAC Breda;N/A;;N/A;;id1000227070219992
22/04/2026;13:45;Premiere Ligue, Women;Olympique Lyon;Dijon FCO;N/A;;N/A;;id1000113962033926
22/04/2026;13:45;Premier League;FK Dinamo Moscow;FK Rubin Kazan;N/A;;N/A;;id1000020361376709
22/04/2026;13:45;Premiere Ligue, Women;FC Fleury;RC Strasbourg;N/A;;N/A;;id1000113962033928
22/04/2026;14:00;U19 DFB Nachwuchsliga;Hombrucher SV;Preussen Munster;N/A;;N/A;;id1002470267208062
22/04/2026;14:00;Oberliga Hamburg;Niendorfer TSV 1919;USC Paloma Hamburg;N/A;;N/A;;id1000050968415768
22/04/2026;14:00;Allsvenskan;IF Elfsborg;Djurgardens IF;N/A;;N/A;;id1000004067126494
22/04/2026;14:00;Botola Pro D1;Olympique Club de Safi;Renaissance Zemamra;N/A;;N/A;;id1000093770943694
22/04/2026;14:00;Allsvenskan;Orgryte IS;IF Brommapojkarna;N/A;;N/A;;id1000004067126490
22/04/2026;14:00;Allsvenskan;Hammarby IF;Halmstads BK;N/A;;N/A;;id1000004067126486
22/04/2026;14:00;Super League;Asteras Tripolis;Panaitolikos Agrinio;N/A;;N/A;;id1000018570232040
22/04/2026;14:00;Primera Division Women;RCD Espanyol Barcelona;FC Barcelona;N/A;;N/A;;id1000112761688350
22/04/2026;14:00;Regionalliga Southwest;TSV Steinbach Haiger;TSV Schott Mainz;N/A;;N/A;;id1000107961859460
22/04/2026;14:00;Regionalliga North;SSV Jeddeloh II;VfB Lubeck;N/A;;N/A;;id1000004270352466
22/04/2026;14:00;Tercera Federacion, Group 12;CD Herbania;UD Telde;N/A;;N/A;;id1002604070510768
22/04/2026;14:00;Regionalliga Southwest;Offenbacher FC Kickers 1901;FSV Frankfurt 1899;N/A;;N/A;;id1000107961859458
22/04/2026;14:00;Regionalliga North;1. FC Phonix Lubeck;FC St. Pauli II;N/A;;N/A;;id1000004270759760
22/04/2026;14:00;Regionalliga Southwest;SG Sonnenhof Grossaspach;SGV Freiberg;N/A;;N/A;;id1000107961859476
22/04/2026;14:00;Regionalliga North;FSV Schoningen 2011;VfB Oldenburg;N/A;;N/A;;id1000004270760498
22/04/2026;14:00;Erovnuli Liga;FC Dila Gori;FC Dinamo Batumi;N/A;;N/A;;id1000070470224318
22/04/2026;14:00;Allsvenskan;Vasteraas SK;BK Hacken;N/A;;N/A;;id1000004067126498
22/04/2026;14:00;Ligue 1;Paris Saint-Germain;FC Nantes;N/A;;N/A;;id1000003461526440
22/04/2026;14:00;LaLiga;Elche CF;Atletico Madrid;N/A;;N/A;;id1000000861624590
22/04/2026;14:00;Liga Portugal 2;UD Oliveirense;SL Benfica B;N/A;;N/A;;id1000023961732236
22/04/2026;14:00;Copa Proyeccion Final, Reserves;Estudiantes de LP Reserve;Gimnasia de la Plata Reserve;N/A;;N/A;;id1003694568158658
22/04/2026;14:00;Kolmonen;TPV/2;FC Lasten;N/A;;N/A;;id1004667169923632
22/04/2026;14:00;Erovnuli Liga 2;Aragvi Dusheti;Odishi;N/A;;N/A;;id1000072667843238
22/04/2026;14:00;Kupa e Shqiperise;Af Elbasani;KF Egnatia Rrogozhine;N/A;;N/A;;id1000075669877272
22/04/2026;14:00;Superliga;FK Zeleznicar Pancevo;FK Crvena Zvezda Belgrade;N/A;;N/A;;id1000021070708840
22/04/2026;14:10;Second Division;Hajer FC;Al-Ain FC (SA);N/A;;N/A;;id1004851170851724
22/04/2026;14:10;Ukraine Cup;FC Metalist 1925 Kharkiv;FC Chernigiv;N/A;;N/A;;id1000031270064096
22/04/2026;14:15;Kolmonen;Leppavaaran Pallo;Sexypoxyt;N/A;;N/A;;id1004667169920590
22/04/2026;14:30;Oberliga Hamburg;ETSV Hamburg;SC Vorwarts-Wacker Billstedt;N/A;;N/A;;id1000050969878412
22/04/2026;14:30;Schleswig-Holstein-Liga;Oldenburger SV;1 FC Phonix Lubeck II;N/A;;N/A;;id1000051262127356
22/04/2026;14:30;Oberliga NOFV South;VfB Germania Halberstadt;RSV Eintracht Stahnsdorf 1949;N/A;;N/A;;id1000015069291672
22/04/2026;14:30;Oberliga Niedersachsen;SV Holthausen-Biene;VfV 06 Hildesheim;N/A;;N/A;;id1000081370018354
22/04/2026;14:30;Oberliga Niedersachsen;TSV Wetschen;1. FC Germania Egestorf/Langreder;N/A;;N/A;;id1000081367463024
22/04/2026;14:30;Oberliga Westfalen;TSV Victoria Clarholz;SpVgg Erkenschwick;N/A;;N/A;;id1000014669522036
22/04/2026;14:30;Oberliga Westfalen;SV Westfalia Rhynern;TSG 1881 Sprockhovel;N/A;;N/A;;id1000014669843072
22/04/2026;14:30;Oberliga Westfalen;FC Eintracht Rheine;1. FC Gievenbeck;N/A;;N/A;;id1000014669844094
22/04/2026;14:30;Schleswig-Holstein-Liga;TuS Rotenhof;SV Eutin 08;N/A;;N/A;;id1000051270302530
22/04/2026;14:30;Challenge League;Yverdon-Sport;Neuchatel Xamax;N/A;;N/A;;id1000021666626614
22/04/2026;14:30;Regionalliga West;SSVg Velbert;Borussia Dortmund II;N/A;;N/A;;id1000049370058214
22/04/2026;14:30;Challenge League;FC Aarau;Stade Lausanne Ouchy;N/A;;N/A;;id1000021666626842
22/04/2026;14:30;Premiership;Mamelodi Sundowns;Stellenbosch FC;N/A;;N/A;;id1000035870352372
22/04/2026;14:30;Turkiye Kupasi;Galatasaray Istanbul;Genclerbirligi SK;N/A;;N/A;;id1000009669833210
22/04/2026;15:00;U20 Brasileiro Serie B;Botafogo FC SP;SC Internacional RS;N/A;;N/A;;id1004621169688838
22/04/2026;15:00;U20 Brasileiro Serie B;SC Recife PE;Operario Ferroviario EC PR;N/A;;N/A;;id1004621169688844
22/04/2026;15:00;Copa Proyeccion Final, Reserves;Ferro Carril Oeste;Velez Sarsfield Reserve;N/A;;N/A;;id1003694568158678
22/04/2026;15:00;U20 Brasileiro Serie B;CR Brasil AL;Chapecoense SC;N/A;;N/A;;id1004621169688788
22/04/2026;15:00;Alagoano, Serie B U23;Desportivo Alianca AL;Sporting FC Teotonio AL;N/A;;N/A;;id1004005370806222
22/04/2026;15:00;U20 Brasileiro Serie B;Atletico Mineiro MG;Gremio Novorizontino SP;N/A;;N/A;;id1004621169688784
22/04/2026;15:00;U20 Campeonato Brasileiro;Botafogo FR RJ;EC Bahia BA;N/A;;N/A;;id1001368568751688
22/04/2026;15:00;U20 Campeonato Brasileiro;EC Juventude RS;Gremio FB Porto Alegrense RS;N/A;;N/A;;id1001368568751674
22/04/2026;15:00;U20 Brasileiro Serie B;Goias EC GO;Brusque SC;N/A;;N/A;;id1004621169688786
22/04/2026;15:00;U20 Brasileiro Serie B;Coritiba FC PR;Paysandu SC PA;N/A;;N/A;;id1004621169688842
22/04/2026;15:00;U20 Campeonato Brasileiro;Fortaleza EC CE;America FC MG;N/A;;N/A;;id1001368568751680
22/04/2026;15:00;Eredivisie;SC Telstar;Sparta Rotterdam;N/A;;N/A;;id1000003761320229
22/04/2026;15:00;Alagoano, Serie B U23;Miguelense FC AL;AS Sao Domingos AL;N/A;;N/A;;id1004005370765694
22/04/2026;15:00;U20 Campeonato Brasileiro;Criciuma EC SC;SC Corinthians SP;N/A;;N/A;;id1001368568751690
22/04/2026;15:00;Coupe de Luxembourg;Atert Bissen;FC Progres Niederkorn;N/A;;N/A;;id1000076569978608
22/04/2026;15:00;Copa Proyeccion Final, Reserves;CA Banfield;CA Lanus;N/A;;N/A;;id1003694568158666
22/04/2026;15:00;U20 Campeonato Brasileiro;Cruzeiro EC MG;Avai FC SC;N/A;;N/A;;id1001368568751682
22/04/2026;15:00;Copa Proyeccion Final, Reserves;CA Union Santa Fe Reserve;Colon de Santa Fe Reserve;N/A;;N/A;;id1003694568158676
22/04/2026;15:00;Copa Proyeccion Final, Reserves;At Rafaela Reserve;CA Sarmiento de Junin;N/A;;N/A;;id1003694568158682
22/04/2026;15:00;Championship, Women;Ipswich Town Lfc;Sheffield United LFC;N/A;;N/A;;id1001835069348598
22/04/2026;15:00;Besta deild;IA Akranes;KA Akureyri;N/A;;N/A;;id1000018868194590
22/04/2026;15:00;Copa Proyeccion Final, Reserves;CA Quilmes Reserve;CA Aldosivi Reserve;N/A;;N/A;;id1003694568158684
22/04/2026;15:00;Coupe de Luxembourg;US Feulen;FC Victoria Rosport;N/A;;N/A;;id1000076569978614
22/04/2026;15:00;Coupe de Luxembourg;CS Fola Esch-Alzette;FC Rodange 91;N/A;;N/A;;id1000076569978612
22/04/2026;15:00;Alagoano, Serie B U23;Zumbi EC AL;Jacioba AC AL;N/A;;N/A;;id1004005370765692
22/04/2026;15:00;Coupe de Luxembourg;FC Differdange 03;RFC Union Luxembourg;N/A;;N/A;;id1000076569978610
22/04/2026;15:00;NM Cup;SK Brann;Aalesunds FK;N/A;;N/A;;id1000002970241710
22/04/2026;15:00;Magyar Kupa;Ferencvarosi Budapest;WKW ETO FC Gyor;N/A;;N/A;;id1000030569669194
22/04/2026;15:00;LigaPro Primera A;Delfin SC;CSD Independiente del Valle;N/A;;N/A;;id1000024068687584
22/04/2026;15:00;LaLiga;Real Sociedad San Sebastian;Getafe CF;N/A;;N/A;;id1000000861624596
22/04/2026;15:00;Liga 1;Comerciantes Unidos;Alianza Atletico;N/A;;N/A;;id1000040670292234
22/04/2026;15:00;Copa Proyeccion Final, Reserves;CD Godoy Cruz;San Martin de San Juan Reserve;N/A;;N/A;;id1003694568158680
22/04/2026;15:00;Superliga;Viborg FF;Broendby IF;N/A;;N/A;;id1000003969653740
22/04/2026;15:00;Besta deild;Keflavik IF;Breidablik Kopavogur;N/A;;N/A;;id1000018868194592
22/04/2026;15:00;U20 Campeonato Brasileiro;CA Paranaense PR;Sao Paulo FC SP;N/A;;N/A;;id1001368568751678
22/04/2026;15:00;U20 Campeonato Brasileiro;CR Flamengo RJ;Fluminense FC RJ;N/A;;N/A;;id1001368568751676
22/04/2026;15:00;Premier League;Smouha SC;Ceramica Cleopatra;N/A;;N/A;;id1000080869879928
22/04/2026;15:15;Tercera Federacion, Group 11;CE Felanitx;CF Platges de Calvia;N/A;;N/A;;id1002603863145261
22/04/2026;15:15;HNL;NK Istra 1961;GNK Dinamo Zagreb;N/A;;N/A;;id1000017061286551
22/04/2026;15:30;U20 Brasileiro Serie B;AC Goianiense GO;Vila Nova FC GO;N/A;;N/A;;id1004621169688840
22/04/2026;15:30;Premijer Liga;HSK Zrinjski Mostar;FK Borac Banja Luka;N/A;;N/A;;id1000022261737290
22/04/2026;15:30;Pro League;Union Saint-Gilloise;KAA Gent;N/A;;N/A;;id1000003870207406
22/04/2026;15:30;Pro League;Club Brugge;Yellow-Red KV Mechelen;N/A;;N/A;;id1000003870207408
22/04/2026;15:30;Primera C;CA Fenix Pilar;Club El Porvenir;N/A;;N/A;;id1002617470806278
22/04/2026;15:30;Bundesliga;SK Sturm Graz;LASK Linz;N/A;;N/A;;id1000004569751530
22/04/2026;15:45;DFB Pokal;Bayer Leverkusen;Bayern Munich;N/A;;N/A;;id1000021769191434
22/04/2026;15:45;Championship;Charlton Athletic;Ipswich Town;N/A;;N/A;;id1000001861491359
22/04/2026;15:45;Championship;Sheffield United;Blackburn Rovers;N/A;;N/A;;id1000001861491353
22/04/2026;15:45;League One;Cardiff City;Port Vale;N/A;;N/A;;id1000002470077220
22/04/2026;15:45;Championship;Middlesbrough FC;Sheffield Wednesday;N/A;;N/A;;id1000001861491339
22/04/2026;15:45;Championship;Birmingham City;Preston North End;N/A;;N/A;;id1000001861491357
22/04/2026;16:00;U20 Campeonato Brasileiro;SE Palmeiras SP;CR Vasco da Gama RJ;N/A;;N/A;;id1001368568751686
22/04/2026;16:00;Botola Pro D1;AS Far Rabat;Rs Berkane;N/A;;N/A;;id1000093770943696
22/04/2026;16:00;Premier League;Burnley FC;Manchester City;N/A;;N/A;;id1000001761301187
22/04/2026;16:00;Coupe de France;Strasbourg Alsace;OGC Nice;N/A;;N/A;;id1000033569623606
22/04/2026;16:00;Coppa Italia;Atalanta BC;Lazio Rome;N/A;;N/A;;id1000032868910656
22/04/2026;16:00;Division Profesional;Always Ready;Oriente Petrolero;N/A;;N/A;;id1003398070379096
22/04/2026;16:00;Premier League;AFC Bournemouth;Leeds United;N/A;;N/A;;id1000001761301181
22/04/2026;16:30;LaLiga;FC Barcelona;RC Celta de Vigo;N/A;;N/A;;id1000000861624580
22/04/2026;16:30;Tercera Federacion, Group 12;UD Las Palmas C;CF Panaderia Pulido;N/A;;N/A;;id1002604070510770
22/04/2026;16:45;Taca de Portugal;FC Porto;Sporting CP;N/A;;N/A;;id1000033670241636
22/04/2026;17:00;Copa Ecuador;Deportivo Santo Domingo De Los Tsachilas;Vinotinto FC Ecuador;N/A;;N/A;;id1002920870484624
22/04/2026;17:15;Liga 1;Atletico Grau;Sporting Cristal;N/A;;N/A;;id1000040670292236
22/04/2026;17:30;Premier League;Racing United FC;Molynes;N/A;;N/A;;id1000189270906552
22/04/2026;17:30;Premier League;Montego Bay United;Tivoli Gardens;N/A;;N/A;;id1000189270906550
22/04/2026;17:30;LigaPro Primera A;CD Cuenca;Orense SC;N/A;;N/A;;id1000024068687592
22/04/2026;18:00;Primera Division, Women;LD Alajuelense;CS Herediano;N/A;;N/A;;id1004242170990438
22/04/2026;18:00;Liga Nacional. Clausura;CD Victoria La Ceiba;Juticalpa FC;N/A;;N/A;;id1002741670089688
22/04/2026;18:00;Copa Presidente;CD Aguila San Miguel;AD Izalco;N/A;;N/A;;id1005110870633584
22/04/2026;18:30;Liga Premier Serie A;Halcones FC;Racing de Veracruz;N/A;;N/A;;id1004053370982064
22/04/2026;18:30;Liga Premier Serie A;Zacatepec FC;Alacranes de Durango;N/A;;N/A;;id1004053370982122
22/04/2026;19:00;Copa Espirito Santo;Porto Vitoria ES;Vitoria FC ES;N/A;;N/A;;id1004681170703466
22/04/2026;19:00;Liga Premier Serie A;Tritones Vallarta MFC;Deportiva Venados;N/A;;N/A;;id1004053370980318
22/04/2026;19:00;Copa do Nordeste;AO Itabaiana SE;Botafogo FC PB;N/A;;N/A;;id1000159670506142
22/04/2026;19:00;Copa Argentina;CA Acassuso;Gimnasia y Esgrima La Plata;N/A;;N/A;;id1000102470821496
22/04/2026;19:00;Division Profesional;Real Potosi;Guabira Montero;N/A;;N/A;;id1003398070379098
22/04/2026;19:00;Brasileiro Serie D;America FC RN;ABC FC RN;N/A;;N/A;;id1001533570764292
22/04/2026;19:00;Copa do Brasil;EC Bahia BA;Clube do Remo PA;N/A;;N/A;;id1000037370401268
22/04/2026;19:00;Copa do Brasil;Goias EC GO;Cruzeiro EC MG;N/A;;N/A;;id1000037370401248
22/04/2026;19:30;USL League One;Sarasota Paradise;Corpus Christi FC;N/A;;N/A;;id1002816567171882
22/04/2026;19:30;Copa do Brasil;Santos FC SP;Coritiba FC PR;N/A;;N/A;;id1000037370401254
22/04/2026;20:00;Copa Proyeccion Final, Reserves;Boca Juniors;CA River Plate (Arg);N/A;;N/A;;id1003694568158650
22/04/2026;20:00;Copa do Brasil, Women;FC Pantanal Saf MS;Liga Sao Jao PI;N/A;;N/A;;id1004709770271114
22/04/2026;20:00;USL Super League, Women;DC Power FC;Fort Lauderdale United FC;N/A;;N/A;;id1004343962509036
22/04/2026;20:00;Brasileiro Serie D;Oratorio RC AP;Tocantinopolis EC TO;N/A;;N/A;;id1001533570320556
22/04/2026;20:00;Copa Ecuador;Banos Ciudad de Fuego;Anaconda FC;N/A;;N/A;;id1002920870484626
22/04/2026;20:00;Camopeonato Femenino, Women;Sportivo 2 de Mayo;Cerro Porteno;N/A;;N/A;;id1004675870433672
22/04/2026;20:00;Copa Presidente;Inter Formando UN Atleta;Zacatecoluca FC;N/A;;N/A;;id1005110870633578
22/04/2026;20:00;LigaPro Primera A;Barcelona SC;Mushuc Runa SC;N/A;;N/A;;id1000024068687588
22/04/2026;20:00;Paulista, Serie A3;Marilia AC SP;AA Portuguesa Santista SP;N/A;;N/A;;id1000161470982486
22/04/2026;20:00;Liga 1;Cusco FC;FC Cajamarca;N/A;;N/A;;id1000040670292238
22/04/2026;20:15;Liga Nacional. Clausura;Real CD Espana San Pedro Sula;Platense FC Puerto Cortes;N/A;;N/A;;id1002741670089694
22/04/2026;20:20;Primera A, Apertura;Independiente Medellin;Boyaca Chico FC;N/A;;N/A;;id1002707069388854
22/04/2026;20:30;Copa do Brasil;Athletic Club Sjdr MG;SC Internacional RS;N/A;;N/A;;id1000037370401256
22/04/2026;20:30;MLS;Columbus Crew;Los Angeles Galaxy;N/A;;N/A;;id1000024266299038
22/04/2026;20:30;USL Championship;Rhode Island FC;Charleston Battery;N/A;;N/A;;id1002816367172514
22/04/2026;20:30;MLS;New York Red Bulls;DC United;N/A;;N/A;;id1000024266299042
22/04/2026;20:30;MLS;New York City FC;FC Cincinnati;N/A;;N/A;;id1000024266299040
22/04/2026;20:30;MLS;Toronto FC;Philadelphia Union;N/A;;N/A;;id1000024266299046
22/04/2026;20:30;MLS;Orlando City SC;Charlotte FC;N/A;;N/A;;id1000024266299044
22/04/2026;20:30;Copa do Brasil;Fortaleza EC CE;CR Brasil AL;N/A;;N/A;;id1000037370401270
22/04/2026;20:45;U21 Liga MX;Club Tijuana de Caliente;Pachuca;N/A;;N/A;;id1004805667149994
22/04/2026;20:45;MLS;Atlanta United FC;New England Revolution;N/A;;N/A;;id1000024266299036
20/04/2026;21:00;Primera Nacional;CA Atlanta;Chacarita Juniors;N/A;;N/A;;id1000070367118324
20/04/2026;21:00;Kings League Brazil;G3X FC;Nyvelados FC;N/A;;N/A;;id1004723970228850
20/04/2026;21:00;Campeonato Brasileiro, Women;EC Juventude RS;SC Corinthians SP;N/A;;N/A;;id1001509168215766
20/04/2026;21:00;Primera B;Puerto Montt;Deportes Temuco;N/A;;N/A;;id1000124068097836
20/04/2026;21:00;Primera Nacional;CA Atlanta;Chacarita Juniors;N/A;;N/A;;id1000070367118324
20/04/2026;21:00;Kings League Brazil;G3X FC;Nyvelados FC;N/A;;N/A;;id1004723970228850
20/04/2026;21:00;Campeonato Brasileiro, Women;EC Juventude RS;SC Corinthians SP;N/A;;N/A;;id1001509168215766
20/04/2026;21:00;Primera B;Puerto Montt;Deportes Temuco;N/A;;N/A;;id1000124068097836
20/04/2026;21:30;Primera Division;CD Universidad Catolica;Deportes Union La Calera;N/A;;N/A;;id1002766567681822
20/04/2026;21:30;Campeonato Brasileiro, Women;CR Flamengo RJ;EC Bahia BA;N/A;;N/A;;id1001509168215686
20/04/2026;21:30;Division Honor;Brazil Juniors;SV Caiquetio;N/A;;N/A;;id1005104670946398
20/04/2026;21:45;Liga Profesional;Gimnasia y Esgrima Mendoza;CA Lanus;N/A;;N/A;;id1000015567091940
20/04/2026;21:45;Liga Profesional;CA Tigre;CA Huracan;N/A;;N/A;;id1000015567091950
20/04/2026;22:00;Liga de Ascenso, Clausura;Futbol Consultants Desamparados;Adr Jicaral;N/A;;N/A;;id1002776570795558
20/04/2026;22:00;Liga Nacional. Clausura;Comunicaciones FC ;CD Guastatoya;N/A;;N/A;;id1002739870803130
20/04/2026;22:06;Liga MX, Women, Clausura;FC Juarez;CD Guadalajara;N/A;;N/A;;id1002895569619310
20/04/2026;22:30;Liga Panamena de Futbol, Clausura;CA Independiente de La Chorrera;Herrera FC;N/A;;N/A;;id1002710470835378
20/04/2026;22:30;Primera A, Apertura;Atletico Nacional Medellin;CA Bucaramanga;N/A;;N/A;;id1002707067698096
20/04/2026;23:30;K-League 1 SRL;FC Seoul SRL;Bucheon FC Srl;N/A;;N/A;;id1003622570922778
20/04/2026;23:30;K-League 1 SRL;Gimcheon Sangmu (Srl);Gangwon FC SRL;N/A;;N/A;;id1003622570922774
20/04/2026;23:30;K-League 1 SRL;Jeonbuk Hyundai Motors SRL;Incheon United FC SRL;N/A;;N/A;;id1003622570922776
21/04/2026;02:00;China Super League SRL;Shanghai Port SRL;Chongqing Tonglianglong FC Srl;N/A;;N/A;;id1003622770922570
21/04/2026;02:00;China Super League SRL;Tianjin Jinmen Tiger SRL;Shandong Taishan SRL;N/A;;N/A;;id1003622770922572
21/04/2026;02:00;China Super League SRL;Wuhan Three Towns FC Srl;Zhejiang Professional Srl;N/A;;N/A;;id1003622770922568
21/04/2026;02:00;China Super League SRL;Shenzhen Peng City Srl;Beijing Guoan FC SRL;N/A;;N/A;;id1003622770922564
21/04/2026;02:00;China Super League SRL;Chengdu Rongcheng FC Srl;Yunnan Yukun Srl;N/A;;N/A;;id1003622770922566
21/04/2026;05:00;LaLiga SRL;Girona FC Srl;Real Betis Balompie SRL;N/A;;N/A;;id1003221970922378
21/04/2026;05:00;LaLiga SRL;Athletic Bilbao SRL;CA Osasuna SRL;N/A;;N/A;;id1003221970922380
21/04/2026;05:00;LaLiga SRL;RCD Mallorca SRL;Valencia CF SRL;N/A;;N/A;;id1003221970922374
21/04/2026;05:00;LaLiga SRL;Real Madrid SRL;Deportivo Alaves SRL;N/A;;N/A;;id1003221970922376
21/04/2026;05:00;Diski Challenge, Reserves;Polokwane City;Mamelodi Sundowns;N/A;;N/A;;id1004866370935826
21/04/2026;05:45;Federation Cup;Mohammedan SC Dhaka;Arambagh KS;N/A;;N/A;;id1002725469607604
21/04/2026;05:45;Federation Cup;Bangladesh Police FC;Bashundhara Kings;N/A;;N/A;;id1002725470967180
21/04/2026;06:00;Premier League SRL;Brighton & Hove Albion SRL;Chelsea FC SRL;N/A;;N/A;;id1003221570922150
21/04/2026;06:30;U20 NSW Premier League 2;Hakoah Sydney City East FC;Hills United FC;N/A;;N/A;;id1003330770856228
21/04/2026;06:30;Higher League;Bishoftu FC Ketema;Sululta Ketema;N/A;;N/A;;id1005117270917478
21/04/2026;07:00;U23 Liga Revelacao;Leixoes SC;Santa Clara;N/A;;N/A;;id1002608067131758
21/04/2026;07:00;U23 Liga Revelacao;SC Farense;Estoril Praia;N/A;;N/A;;id1002608067131930
21/04/2026;07:30;K-League 1;Gimcheon Sangmu FC;Gangwon FC;N/A;;N/A;;id1000041067817630
21/04/2026;07:30;I-League 2;Sudeva Delhi FC;Myj-Gmsc;N/A;;N/A;;id1004209370090056
21/04/2026;07:30;Goa Pro League;SC de Goa;Dempo SC;N/A;;N/A;;id1003197769852418
21/04/2026;07:30;K-League 1;Jeonbuk FC;Incheon United FC;N/A;;N/A;;id1000041067817632
21/04/2026;07:30;K-League 1;FC Seoul;Bucheon FC 1995;N/A;;N/A;;id1000041067817634
21/04/2026;08:00;U19 1st Division;Sigma Olomouc;FK Mlada Boleslav;N/A;;N/A;;id1000082270371030
21/04/2026;08:00;U21, Divisie 1;FC Twente Heracles;FC Groningen;N/A;;N/A;;id1003499070372966
21/04/2026;08:00;Chinese Super League;Shenzhen Peng City;Beijing Guoan;N/A;;N/A;;id1000064968995060
21/04/2026;08:30;Premier League 2;BG Tampines Rovers Reserve;Lion City Sailors FC Reserve;N/A;;N/A;;id1004851563133535
21/04/2026;08:30;Premier League 2;Tanjong Pagar United FC Reserve;Hougang United FC Reserve;N/A;;N/A;;id1004851563133537
21/04/2026;08:30;Premier League 2;Geylang International Reserve;Balestier Khalsa Reserve;N/A;;N/A;;id1004851563133539
21/04/2026;08:30;Premier League 2;Albirex Niigata (S) Reserve;Young Lions Reserve;N/A;;N/A;;id1004851563133541
21/04/2026;08:30;Pro Liga;FC Kattaqorgon;Pfk Aral;N/A;;N/A;;id1002347770314410
21/04/2026;08:30;Pro Liga;Fardu Ferghana;FK Gazalkent;N/A;;N/A;;id1002347770314406
21/04/2026;08:35;Chinese Super League;Wuhan Three Towns FC;Zhejiang FC;N/A;;N/A;;id1000064968995064
21/04/2026;08:35;Chinese Super League;Chengdu Rongcheng;Yunnan Yukun;N/A;;N/A;;id1000064968995062
21/04/2026;09:00;Higher League;Soloda Adwa;Addis Ketema;N/A;;N/A;;id1005117270917492
21/04/2026;09:00;Chinese Super League;Shanghai Port FC;Chongqing Tonglianglong FC;N/A;;N/A;;id1000064968995066
21/04/2026;09:00;U19 Ligaen;FC Copenhagen;Odense Boldklub;N/A;;N/A;;id1004818162640997
21/04/2026;09:00;U21 Professional Development League;Huddersfield Town;Coventry City;N/A;;N/A;;id1002984264505283
21/04/2026;09:00;Cupa Moldovei;FC Politehnica Chisinau;FC Zimbru Chisinau;N/A;;N/A;;id1000074165791440
21/04/2026;09:00;Premier League;Saint George SC;Adama City FC;N/A;;N/A;;id1003365669950524
21/04/2026;09:00;Chinese Super League;Tianjin Jinmen Tiger;Shandong Taishan FC;N/A;;N/A;;id1000064968995068
21/04/2026;09:30;First League;FC Pyunik Yerevan 2;FC Hayq;N/A;;N/A;;id1000067270629684
21/04/2026;09:30;I-League 2;Karbi Anglong Morning Star FC;FC Bengaluru United;N/A;;N/A;;id1004209370090058
21/04/2026;09:30;Western Australia State League 1, Reserves;Subiaco AFC Reserve;Quinns FC Reserve;N/A;;N/A;;id1004992870263166
21/04/2026;09:30;First League;FC Shirak Gyumri 2;FC Bentonit;N/A;;N/A;;id1000067270629686
21/04/2026;09:30;Tercera Division, Reserves;Albion FC;Penarol Montevideo;N/A;;N/A;;id1003581170986640
21/04/2026;10:00;LFF Cup;FK Tauras Taurage;FC Hegelmann Kaunas;N/A;;N/A;;id1000081270861880
21/04/2026;10:00;Peace Cup;Etincelles FC;Apr FC;N/A;;N/A;;id1002380570946846
21/04/2026;10:00;Championship;Casric Stars FC;Highbury FC;N/A;;N/A;;id1000190663157197
21/04/2026;10:00;Championship;Black Leopards;The Bees FC;N/A;;N/A;;id1000190663157195
21/04/2026;10:00;Championship;Midlands Wanderers FC;Upington City FC;N/A;;N/A;;id1000190663157199
21/04/2026;10:00;2. Division A;Tanta FC;We SC;N/A;;N/A;;id1001949270968228
21/04/2026;10:00;U23 Liga Revelacao;FC Famalicao;Torreense;N/A;;N/A;;id1002608067131756
21/04/2026;10:00;Paulista, Serie A2;CA Juventus SP;CA Votuporanguense SP;N/A;;N/A;;id1000123470884540
21/04/2026;10:00;Pro Liga;Olimpik Mobiuz;Respublika Football Academy;N/A;;N/A;;id1002347770314408
21/04/2026;10:00;Premier League;Mbarara FC;Maroons FC;N/A;;N/A;;id1001486470100764
21/04/2026;10:00;Premier League;Entebbe UPPC FC;Kampala Capital City Authority FC;N/A;;N/A;;id1001486470100762
21/04/2026;10:00;Premier League;Bul FC;Updf FC;N/A;;N/A;;id1001486470100760
21/04/2026;10:00;Segunda Division;Club Fernando de La Mora;Carapegua;N/A;;N/A;;id1000125470806162
21/04/2026;10:00;Premier League;Uganda Police FC;URA FC;N/A;;N/A;;id1001486470100766
21/04/2026;10:00;Premier League;Buhimba United Saints FC;Vipers SC;N/A;;N/A;;id1001486470100768
21/04/2026;10:00;Tercera Division, Reserves;Juventud de Las Piedras;Nacional de Montevideo;N/A;;N/A;;id1003581170986638
21/04/2026;10:30;U21 Professional Development League;Sheffield United;Swansea City;N/A;;N/A;;id1002984262486588
21/04/2026;11:00;2nd Division;Ethnikos Latsion;Digenis Akritas Morphou FC;N/A;;N/A;;id1000069270914780
21/04/2026;11:00;Prva Liga;FK Fap;FK Dinamo Jug;N/A;;N/A;;id1000072170681916
21/04/2026;11:00;U23 Liga Revelacao;FC Vizela;UD Leiria U23;N/A;;N/A;;id1002608067131924
21/04/2026;11:00;U23 Liga Revelacao;Gil Vicente FC;Maritimo Madeira;N/A;;N/A;;id1002608067131926
21/04/2026;11:00;3rd Division;Atlas Aglantzias;Othellos Athienou;N/A;;N/A;;id1000146070914866
21/04/2026;11:00;U23 Liga Revelacao;Rio Ave;Portimonense;N/A;;N/A;;id1002608067131928
21/04/2026;11:00;3rd Division;EN Thoi Lakatamia;FC Leivadia 2022;N/A;;N/A;;id1000146070914872
21/04/2026;11:00;3rd Division;Kouris Erimis;Apona Anayias;N/A;;N/A;;id1000146070914870
21/04/2026;11:00;Indian Super League;Chennaiyin FC;Mohammedan SC;N/A;;N/A;;id1000190069324022
21/04/2026;11:00;3rd Division;Omonia Psevda;Podosfairkos Omilos Ormideia;N/A;;N/A;;id1000146070914868
21/04/2026;11:00;2nd Division;AEZ Zakakiou;Achyronas Onisilos;N/A;;N/A;;id1000069270914782
21/04/2026;11:00;2nd Division;Iraklis Gerolakkou;Apea Akrotiriou;N/A;;N/A;;id1000069270914784
21/04/2026;11:00;Prva Liga;RFK Graficar Beograd;FK Smederevo 1924;N/A;;N/A;;id1000072170681918
21/04/2026;11:00;2nd Division;Spartakos Kitiou FC;Halkanoras;N/A;;N/A;;id1000069270914776
21/04/2026;11:00;Campeonato Brasileiro, Women;Red Bull Bragantino SP;Mixto EC MT;N/A;;N/A;;id1001509168215770
21/04/2026;11:00;HNL;NK Lokomotiva Zagreb;NK Slaven Belupo;N/A;;N/A;;id1000017061286555
21/04/2026;11:00;First League;FC Urartu Yerevan 2;FC Van Charentsavan 2;N/A;;N/A;;id1000067270629688
21/04/2026;11:00;Ligue 2;AS Agareb;BS Bouhajla;N/A;;N/A;;id1002057870784334
21/04/2026;11:30;Premier League;FK Sochi;PFK Krylia Sovetov Samara;N/A;;N/A;;id1000020361376719
21/04/2026;11:30;2. Liga;MFK Stara Lubovna;FC Vion Zlate Moravce - Vrable;N/A;;N/A;;id1000022461677848
21/04/2026;12:00;U21 Liga MX;Club Leon;Club America;N/A;;N/A;;id1004805667149982
21/04/2026;12:00;Ligue 2;Nrb Teleghma;NR Beni Oulbene;N/A;;N/A;;id1001432170870062
21/04/2026;12:00;U21 Liga MX;Gallos Blancos de Queretaro;Cruz Azul;N/A;;N/A;;id1004805667149978
21/04/2026;12:00;Ligue 2;CA Batna;Js Bordj Menaiel;N/A;;N/A;;id1001432170870072
21/04/2026;12:00;Ligue 2;MO Bejaia;AS Khroub;N/A;;N/A;;id1001432170870076
21/04/2026;12:00;Ligue 2;US Biskra;HB Chelghoum Laid;N/A;;N/A;;id1001432170870066
21/04/2026;12:00;Azerbaijan Cup;Zira FK;Turan Tovuz;N/A;;N/A;;id1000074069756622
21/04/2026;12:00;U21 Liga MX;CF Monterrey;Puebla;N/A;;N/A;;id1004805667149984
21/04/2026;12:00;U21 Liga MX;Universidad Nacional;FC Juarez;N/A;;N/A;;id1004805667149980
21/04/2026;12:00;Ukraine Cup;FSC Bukovyna Chernivtsi;FC Dynamo Kyiv;N/A;;N/A;;id1000031270064122
21/04/2026;12:00;Ligue 2;MO Constantine;US Chaouia;N/A;;N/A;;id1001432170870068
21/04/2026;12:00;Cupa Moldovei;Dacia Buiucani;FC Sheriff Tiraspol;N/A;;N/A;;id1000074165791444
21/04/2026;12:00;Virsliga;FK Tukums 2000/TSS;BFC Daugavpils;N/A;;N/A;;id1000019768492470
21/04/2026;12:00;Ligue 2;CR Beni Thour;MSP Batna;N/A;;N/A;;id1001432170870074
21/04/2026;12:00;Ligue 1;Ben Aknoun;MC Alger;N/A;;N/A;;id1000084170683616
21/04/2026;12:00;Cup;FK Jablonec;FK Mlada Boleslav;N/A;;N/A;;id1000028269883178
21/04/2026;12:00;Ligue 2;JS Djidjel;USM Annaba;N/A;;N/A;;id1001432170870070
21/04/2026;12:00;Ligue 2;Ib Khemis El Khechna;NC Magra;N/A;;N/A;;id1001432170870064
21/04/2026;12:00;Erovnuli Liga;FC Dinamo Tbilisi;FC Gagra;N/A;;N/A;;id1000070470224336
21/04/2026;12:30;Ykkonen, Women;HJK Akatemia;FC Honka;N/A;;N/A;;id1001831870735416
21/04/2026;12:30;Ykkosliiga;FC Haka Valkeakoski;JaPS;N/A;;N/A;;id1000005567604776
21/04/2026;12:45;Premium Liiga;FC Kuressaare;Parnu JK Vaprus;N/A;;N/A;;id1000017868214608
21/04/2026;12:55;Division 1;AL Draih;Al-Raed Club;N/A;;N/A;;id1000229867953210
21/04/2026;13:00;Bayernliga South;FC Gundelfingen;SV Kirchanschoring;N/A;;N/A;;id1000109170802188
21/04/2026;13:00;LFF Cup;FK Atmosfera;Vilnius FK Zalgiris;N/A;;N/A;;id1000081270861878
21/04/2026;13:00;Bayernliga South;TSV 1874 Kottern;SV Erlbach;N/A;;N/A;;id1000109170802186
21/04/2026;13:00;Bayernliga South;Schalding-Heining Passau;TSV 1861 Nordlingen;N/A;;N/A;;id1000109170802180
21/04/2026;13:00;Jordan Cup;AL Salt;Al Wehdat;N/A;;N/A;;id1000182270270670
21/04/2026;13:00;1. Division;AC Horsens;Esbjerg FB;N/A;;N/A;;id1000004770317868
21/04/2026;13:00;Bayernliga South;FC Pipinsried;FC Sturm Hauzenberg;N/A;;N/A;;id1000109169164808
21/04/2026;13:00;Puchar Polski, Women;Pogon Szczecin;Czarni Sosnowiec;N/A;;N/A;;id1004228170500788
21/04/2026;13:00;Regionalliga Bavaria;FC Augsburg II;Schwaben Augsburg;N/A;;N/A;;id1000108561854688
21/04/2026;13:00;Bulgarian Cup;PFC Ludogorets 1945 Razgrad;PFC CSKA Sofia;N/A;;N/A;;id1000036569088920
21/04/2026;13:00;Tirol, Regionalliga Tirol;SC Mils;SV Worgl;N/A;;N/A;;id1002968270352348
21/04/2026;13:00;Premijer Liga;FK Rudar Prijedor;FK Zeljeznicar Sarajevo;N/A;;N/A;;id1000022261737294
21/04/2026;13:00;Ligue 1;Mouna FC;Soa;N/A;;N/A;;id1000121170987220
21/04/2026;13:05;Division 1;Al-Arabi SC (SA);Al Bukiryah;N/A;;N/A;;id1000229867953214
21/04/2026;13:05;Division 1;Al-Batin;AL Anwar;N/A;;N/A;;id1000229867953212
21/04/2026;13:15;Bayernliga North;FSV Stadeln;FC Coburg;N/A;;N/A;;id1000108970802204
21/04/2026;13:15;Division 1;Al-Tai;Abha Club;N/A;;N/A;;id1000229867953216
21/04/2026;13:15;AFC Champions League Elite;Machida Zelvia;Shabab Al Ahli Dubai;N/A;;N/A;;id1000046368213926
21/04/2026;13:30;Regionalliga Bavaria;FC Wurzburger Kickers;SpVgg Bayreuth;N/A;;N/A;;id1000108561854678
21/04/2026;13:30;Puchar Polski, Women;Kks Lech Poznan;GKS Katowice;N/A;;N/A;;id1004228170500786
21/04/2026;13:30;Iraqi League;AL Minaa;Amanat Baghdad SC;N/A;;N/A;;id1002697470767962
21/04/2026;13:30;Romania Cup;ACS Champions FC Arges;FC Universitatea Cluj;N/A;;N/A;;id1000035569638116
21/04/2026;13:30;Bundesliga;SCR Altach;WSG Tirol;N/A;;N/A;;id1000004569751672
21/04/2026;13:30;Bundesliga;Blau-Weiss Linz;Wolfsberger AC;N/A;;N/A;;id1000004569751670
21/04/2026;13:45;Premier League;CSKA Moscow;FK Rostov;N/A;;N/A;;id1000020361376707
21/04/2026;13:45;Kolmonen;Kings SC Kuopio;JIPPO-J/Punamusta;N/A;;N/A;;id1004667169924458
21/04/2026;13:45;HNL;HNK Hajduk Split;NK Osijek;N/A;;N/A;;id1000017061286557
21/04/2026;14:00;Bayernliga North;ATSV Erlangen;ASV Cham;N/A;;N/A;;id1000108970802226
21/04/2026;14:00;Regionalliga Bavaria;SpVgg Ansbach;FC Memmingen;N/A;;N/A;;id1000108561854686
21/04/2026;14:00;Wien, Wiener Stadtliga;Gerasd. Stammersd.;Hellas Kagran;N/A;;N/A;;id1004383170531572
21/04/2026;14:00;Erovnuli Liga;FC Torpedo Kutaisi;FC Samgurali Tskaltubo;N/A;;N/A;;id1000070470224346
21/04/2026;14:00;Premier League;Express FC;NEC FC;N/A;;N/A;;id1001486470100770
21/04/2026;14:00;Virsliga;FS Jelgava;FK Auda Riga;N/A;;N/A;;id1000019768492472
21/04/2026;14:00;1. Division;Hvidovre IF;Kolding IF;N/A;;N/A;;id1000004770317870
21/04/2026;14:00;Regionalliga Bavaria;1 FC Nuremberg II;Bayern Munich II;N/A;;N/A;;id1000108561854684
21/04/2026;14:00;Regionalliga Bavaria;Wacker Burghausen;Greuther Furth II;N/A;;N/A;;id1000108561854680
21/04/2026;14:00;Regionalliga Southwest;FC 08 Homburg-Saar;Eintracht Trier;N/A;;N/A;;id1000107961859466
21/04/2026;14:00;Regionalliga Southwest;Stuttgarter Kickers;TSG Balingen 1848;N/A;;N/A;;id1000107961859462
21/04/2026;14:00;Regionalliga Bavaria;SpVgg Unterhaching;SpVgg Hankofen-Hailing;N/A;;N/A;;id1000108561854674
21/04/2026;14:00;3rd Division Group 6;FK Oern-Horten;Lyn 1896 FK II;N/A;;N/A;;id1002465267920966
21/04/2026;14:00;Regionalliga Southwest;FSV Mainz II;SV Sandhausen;N/A;;N/A;;id1000107961859474
21/04/2026;14:00;Oberliga Westfalen;SC Preussen Munster II;Rot Weiss Ahlen;N/A;;N/A;;id1000014669683844
21/04/2026;14:00;Regionalliga Bavaria;DJK Vilzing;TSV Buchbach;N/A;;N/A;;id1000108561854690
21/04/2026;14:00;Regionalliga Southwest;FC Astoria Walldorf;FC Bayern Alzenau;N/A;;N/A;;id1000107961859472
21/04/2026;14:00;Regionalliga Bavaria;FV Illertissen;Viktoria Aschaffenburg;N/A;;N/A;;id1000108561854676
21/04/2026;14:00;LFF Cup;FM Vilniaus Vytis;FK Banga Gargzdai;N/A;;N/A;;id1000081270861876
21/04/2026;14:00;Regionalliga Southwest;SG Barockstadt Fulda-Lehnerz;KSV Hessen Kassel;N/A;;N/A;;id1000107961859470
21/04/2026;14:00;U21 Ligacupen Elit;Norrby IF;IFK Goteborg;N/A;;N/A;;id1004658768824122
21/04/2026;14:00;Regionalliga Bavaria;TSV Aubstadt;VfB Eichstatt;N/A;;N/A;;id1000108561854682
21/04/2026;14:00;Regionalliga Southwest;SC Freiburg II;Bahlinger SC;N/A;;N/A;;id1000107961859464
21/04/2026;14:00;LFF Cup;FK Pempininkai;FK Sirijus;N/A;;N/A;;id1000081270861894
21/04/2026;14:00;LFF Cup;FK Ataka;FK Sirvena Birzai;N/A;;N/A;;id1000081270861874
21/04/2026;14:00;Regionalliga West;FC Kitzbuhel;SV Wals-Grunau;N/A;;N/A;;id1000016770352338
21/04/2026;14:00;Regionalliga West;SC Imst 1933;SCR Altach;N/A;;N/A;;id1000016770352344
21/04/2026;14:00;Wien, Wiener Stadtliga;SV Schwechat;SC Red Star Penzing;N/A;;N/A;;id1004383170531570
21/04/2026;14:00;LaLiga;RCD Mallorca;Valencia CF;N/A;;N/A;;id1000000861624584
21/04/2026;14:00;LaLiga;Athletic Bilbao;CA Osasuna;N/A;;N/A;;id1000000861624578
21/04/2026;14:00;U23 Liga Revelacao;Sporting Braga;Academico Viseu;N/A;;N/A;;id1002608067131760
21/04/2026;14:00;Superettan;Orebro SK;IFK Norrkoping FK;N/A;;N/A;;id1000004667126024
21/04/2026;14:30;Oberosterreich, OO Liga;Asko Oedt II;SPG Weisskirchen Allhaming;N/A;;N/A;;id1004378970720162
21/04/2026;14:30;Turkiye Kupasi;Konyaspor;Fenerbahce Istanbul;N/A;;N/A;;id1000009669833212
21/04/2026;15:00;U20 Campeonato Brasileiro;Santos FC SP;Cuiaba EC MT;N/A;;N/A;;id1001368568751684
21/04/2026;15:00;Catarinense, Serie B;Blumenau EC SC;CA Tubarao SC;N/A;;N/A;;id1003934369796146
21/04/2026;15:00;Magyar Kupa;Budapest Honved FC;Zalaegerszeg TE;N/A;;N/A;;id1000030569669200
21/04/2026;15:00;Cup;MFK Karvina;FC Banik Ostrava;N/A;;N/A;;id1000028269883180
21/04/2026;15:00;Copa Proyeccion Final, Reserves;CA Tigre Reserve;Defensa Y Justicia Reserve;N/A;;N/A;;id1003694568158654
21/04/2026;15:00;1. Division;Hillerod Fodbold;Lyngby BK;N/A;;N/A;;id1000004770317872
21/04/2026;15:00;Copa Proyeccion Final, Reserves;Rosario Central Reserve;Newells Old Boys;N/A;;N/A;;id1003694568158668
21/04/2026;15:30;Pro League;Standard Liege;Royal Antwerp FC;N/A;;N/A;;id1000003870207478
21/04/2026;15:30;Bundesliga;SV Ried;Grazer AK 1902;N/A;;N/A;;id1000004569751674
21/04/2026;15:30;Pro League;KRC Genk;Royal Charleroi SC;N/A;;N/A;;id1000003870207474
21/04/2026;15:30;Pro League;Oud-Heverlee Leuven;KVC Westerlo;N/A;;N/A;;id1000003870207476
21/04/2026;15:30;Premijer Liga;FK Velez Mostar;NK Siroki Brijeg;N/A;;N/A;;id1000022261737292
21/04/2026;15:45;League One;Stockport County FC;Mansfield Town;N/A;;N/A;;id1000002470347714
21/04/2026;15:45;League Two;Cheltenham Town;Tranmere Rovers FC;N/A;;N/A;;id1000002570100958
21/04/2026;15:45;Northern Premier League Premier;FC United of Manchester;Stockton Town;N/A;;N/A;;id1000111170663250
21/04/2026;15:45;Championship;Dunfermline Athletic FC;St. Johnstone FC;N/A;;N/A;;id1000020670017826
21/04/2026;15:45;National League;Hartlepool United;Southend United;N/A;;N/A;;id1000017369584148
21/04/2026;15:45;League One;Doncaster Rovers;Lincoln City;N/A;;N/A;;id1000002470100814
21/04/2026;15:45;League One;Bradford City FC;Plymouth Argyle;N/A;;N/A;;id1000002470347656
21/04/2026;15:45;National League North;Macclesfield FC;Southport FC;N/A;;N/A;;id1000017669852122
21/04/2026;15:45;National League North;Hereford FC;Marine FC;N/A;;N/A;;id1000017668840802
21/04/2026;15:45;League One;Rotherham United;Luton Town;N/A;;N/A;;id1000002469887096
21/04/2026;15:45;League Two;Cambridge United;Grimsby Town;N/A;;N/A;;id1000002570241646
21/04/2026;15:45;Southern League Premier South;Tiverton Town;Gosport Borough;N/A;;N/A;;id1002605870723168
21/04/2026;15:45;League One;Stevenage FC;Barnsley FC;N/A;;N/A;;id1000002469106832
21/04/2026;15:45;Championship;West Bromwich Albion;Watford FC;N/A;;N/A;;id1000001861491351
21/04/2026;15:45;Championship;Norwich City;Derby County;N/A;;N/A;;id1000001861491341
21/04/2026;15:45;Championship;Leicester City;Hull City;N/A;;N/A;;id1000001861491355
21/04/2026;15:45;Championship;Southampton FC;Bristol City;N/A;;N/A;;id1000001861491347
21/04/2026;15:45;Championship;Stoke City;Millwall FC;N/A;;N/A;;id1000001861491349
21/04/2026;15:45;Championship;Oxford United;Wrexham AFC;N/A;;N/A;;id1000001861491343
21/04/2026;15:45;Championship;Queens Park Rangers;Swansea City;N/A;;N/A;;id1000001861491345
21/04/2026;15:45;Championship;Coventry City;Portsmouth FC;N/A;;N/A;;id1000001861491337
21/04/2026;16:00;Division Profesional;FC Universitario de Vinto;Academia del Balompie Boliviano;N/A;;N/A;;id1003398070379090
21/04/2026;16:00;Coppa Italia;Inter Milano;Como 1907;N/A;;N/A;;id1000032868872112
21/04/2026;16:00;Tercera Division, Reserves;Boston River;Racing Club Montevideo;N/A;;N/A;;id1003581170986634
21/04/2026;16:00;Tercera Division, Reserves;Central Espanol Reserve;Cerro Largo FC;N/A;;N/A;;id1003581170986636
21/04/2026;16:00;Campeonato Brasileiro, Women;Fluminense FC RJ;SE Palmeiras SP;N/A;;N/A;;id1001509168215734
21/04/2026;16:00;Premier League;Brighton & Hove Albion;Chelsea FC;N/A;;N/A;;id1000001761301185
21/04/2026;16:10;Coupe de France;Racing Club De Lens;Toulouse FC;N/A;;N/A;;id1000033569623604
21/04/2026;16:30;LaLiga;Real Madrid;Deportivo Alaves;N/A;;N/A;;id1000000861624588
21/04/2026;16:30;LaLiga;Girona FC;Real Betis Seville;N/A;;N/A;;id1000000861624592
21/04/2026;17:00;Copa Ecuador;CD Dunamis 04 Carchi;CD El Nacional;N/A;;N/A;;id1002920870484622
21/04/2026;17:00;Cearense, Serie B;Guarany SC CE;FC Atletico CE;N/A;;N/A;;id1003666767925426
21/04/2026;17:00;Division de Honor, Apertura;Rubio Nu;Libertad Asuncion;N/A;;N/A;;id1002709868042442
21/04/2026;17:00;Copa do Brasil;Botafogo FR RJ;Chapecoense SC;N/A;;N/A;;id1000037370401266
21/04/2026;18:00;Copa Proyeccion Final, Reserves;Atletico Tucuman Reserve;CA Central Cordoba SE Reserve;N/A;;N/A;;id1003694568158652
21/04/2026;18:00;Copa Presidente;CD Fuerte San Francisco Morazan;CD Platense Municipal Zacatecoluca;N/A;;N/A;;id1005110870633746
21/04/2026;19:00;LigaPro Primera A;Libertad Loja;Guayaquil City FC;N/A;;N/A;;id1000024068687580
21/04/2026;19:00;Campeonato Brasileiro, Women;Cruzeiro EC MG;SC Internacional RS;N/A;;N/A;;id1001509168215774
21/04/2026;19:00;Primera B;Deportivo Merlo;Club Comunicaciones;N/A;;N/A;;id1000134770772766
21/04/2026;19:00;Division Profesional;GV Club Deportivo San Jose de Oruro;Club Aurora;N/A;;N/A;;id1003398070379092
21/04/2026;19:00;Primera Division;Academia Puerto Cabello;Trujillanos FC;N/A;;N/A;;id1000023170821084
21/04/2026;19:15;Copa do Brasil;Sao Paulo FC SP;EC Juventude RS;N/A;;N/A;;id1000037370401252
21/04/2026;19:30;Copa do Brasil;Gremio FB Porto Alegrense RS;AD Confianca SE;N/A;;N/A;;id1000037370401274
21/04/2026;20:00;USL Championship;Brooklyn FC;Sacramento Republic FC;N/A;;N/A;;id1002816367172510
21/04/2026;20:00;Copa Presidente;AD Isidro Metapan;Alianza FC San Salvador;N/A;;N/A;;id1005110870633582
21/04/2026;20:00;Copa Proyeccion Final, Reserves;Independiente Reserve;Racing Club Avellaneda;N/A;;N/A;;id1003694568158662
21/04/2026;20:00;Premier League;Brittons Hill United;Bagatelle;N/A;;N/A;;id1002347170958720
21/04/2026;20:15;Camopeonato Femenino, Women;Rubio Nu;Sportivo Trinidense;N/A;;N/A;;id1004675870973248
21/04/2026;21:00;Division Profesional;Club Bolivar;Independiente Petrolero;N/A;;N/A;;id1003398070379094
18/04/2026;21:00;Liga de Ascenso;Tigres de Chinandega;San Marcos FC;N/A;;N/A;;id1004819770840522
18/04/2026;21:00;Liga Premier Serie A;Santiago FC;Zacatepec FC;N/A;;N/A;;id1004053370825518
18/04/2026;21:00;National League;Nelson Suburbs FC;Selwyn United FC;N/A;;N/A;;id1000059469463238
18/04/2026;21:00;MLS Next Pro;Ventura County FC;Austin FC II;N/A;;N/A;;id1003647968156506
18/04/2026;21:00;LigaPro Primera A;Orense SC;Delfin SC;N/A;;N/A;;id1000024068687572
18/04/2026;21:00;Primera B;CD Santa Cruz;Union San Felipe;N/A;;N/A;;id1000124068097834
18/04/2026;21:00;Primera Division;Deportes Concepcion;Deportes La Serena;N/A;;N/A;;id1002766567681820
18/04/2026;21:00;National League;Coastal Spirit FC;Ferrymead Bays;N/A;;N/A;;id1000059469463240
