"time_id","nome_time","abreviacao","qtd_jogos"
5981,"CR Flamengo RJ","Flamengo","128"
1977,"Atletico Mineiro MG","Atletico Mineiro","127"
1961,"Fluminense FC RJ","Fluminense","126"
1966,"SC Internacional RS","Internacional","124"
1958,"Botafogo FR RJ","Botafogo","124"
1957,"SC Corinthians SP","Corinthians","123"
1963,"SE Palmeiras SP","Palmeiras","122"
42,"Arsenal FC","Arsenal","120"
38,"Chelsea FC","Chelsea","120"
1955,"EC Bahia BA","Bahia","119"
2829,"Real Madrid","Real Madrid","119"
1954,"Cruzeiro EC MG","Cruzeiro","119"
36467,"Boreham Wood FC","Boreham","118"
5926,"Gremio FB Porto Alegrense RS","Gremio","117"
6572,"Liga Deportiva Alajuelense","LD Alajuelense","117"
6102,"America de Cali","America Cali","117"
659691,"Inter Miami CF","Miami","116"
2836,"Atletico Madrid","Atletico","116"
2020,"Fortaleza EC CE","Fortaleza","115"
1644,"Paris Saint-Germain","PSG","115"
2697,"Inter Milano","Inter","115"
2817,"FC Barcelona","Barcelona","115"
6339,"Sutton United","Sutton","115"
17,"Manchester City","Manchester City","115"
62,"Wycombe Wanderers","Wycombe","114"
33,"Tottenham Hotspur","Tottenham","114"
2816,"Real Betis Seville","Real Betis","114"
1974,"CR Vasco da Gama RJ","Vasco da Gama","114"
83,"Leyton Orient London","Leyton Orient","114"
6106,"Atletico Nacional Medellin","Atletico Nacional","114"
2352,"Celtic Glasgow","Celtic","114"
1981,"Sao Paulo FC SP","Sao Paulo","114"
10,"Stockport County FC","Stockport","114"
26,"Walsall FC","Walsall","114"
102,"Tamworth FC","Tamworth","113"
22010,"Vancouver Whitecaps FC","Vancouver","113"
44,"Liverpool FC","Liverpool","113"
128,"Woking FC","Woking","113"
55,"Port Vale","Port Vale","113"
40,"Aston Villa","Aston Villa","113"
9,"Birmingham City","Birmingham","113"
2888,"Club Brugge","Club Brugge","112"
84,"Doncaster Rovers","Doncaster","112"
2672,"Bayern Munich","Bayern Munich","112"
23957,"AFC Wimbledon","Wimbledon","112"
402227,"Los Angeles FC","Los Angeles","112"
43840,"PFC Ludogorets 1945 Razgrad","Ludogorets","112"
87,"FC Halifax Town","Halifax","112"
1980,"EC Juventude RS","Juventude RS","112"
3006,"SL Benfica","SL Benfica","112"
2950,"AZ Alkmaar","Alkmaar","111"
22,"Bradford City FC","Bradford","111"
3301,"Fotbal Club FCSB","FCSB","111"
103,"Rochdale AFC","Rochdale","111"
75,"Aldershot Town FC","Aldershot","111"
238,"Wealdstone FC","Wealdstone","110"
2351,"Glasgow Rangers","Rangers","110"
2513,"Los Angeles Galaxy","LA Galaxy","110"
5,"Bolton Wanderers","Bolton","110"
49,"Wigan Athletic","Wigan","110"
94,"Forest Green Rovers","Forest Green","110"
13,"Rotherham United","Rotherham","109"
182,"Braintree Town FC","Braintree","109"
68,"Chesterfield FC","Chesterfield","109"
110,"Altrincham FC","Altrincham","109"
1962,"EC Vitoria BA","Vitoria","109"
54,"Peterborough United","Peterborough","109"
1925,"Ferencvarosi Budapest","Ferencvarosi","109"
2999,"SC Braga","Braga","109"
70,"Mansfield Town","Mansfield","109"
25935,"Brackley Town FC","Brackley","109"
2825,"Athletic Bilbao","Bilbao","109"
99,"Southend United","Southend","109"
2001,"Ceara SC CE","Ceara","108"
59,"Huddersfield Town","Huddersfield","108"
65,"Oldham Athletic","Oldham","108"
6118,"CD Once Caldas","Once Caldas","108"
6116,"Independiente Santa Fe","Independ. Santa Fe","108"
121,"Dagenham and Redbridge FC","Dagenham","108"
22009,"Seattle Sounders","Seattle","108"
64,"Wrexham AFC","Wrexham","108"
23,"Barnsley FC","Barnsley","108"
5149,"FK Crvena Zvezda Belgrade","Crvena Zvezda","108"
37998,"Salford City","Salford","108"
3001,"Sporting CP","Sporting CP","108"
86,"Exeter City","Exeter","108"
3052,"Fenerbahce Istanbul","Fenerbahce","108"
122,"Southport FC","Southport","108"
69,"Cheltenham Town","Cheltenham","107"
6105,"CD Junior FC","Junior","107"
2685,"Bologna FC","Bologna","107"
187,"Accrington Stanley","Accrington","107"
18,"Grimsby Town","Grimsby","107"
67,"Blackpool FC","Blackpool","107"
2693,"ACF Fiorentina","Fiorentina","107"
39,"Newcastle United","Newcastle","107"
61,"Cardiff City","Cardiff","107"
53,"Swindon Town","Swindon","107"
47,"Charlton Athletic","Charlton","107"
6111,"CD Tolima","Tolima","107"
134,"Burton Albion","Burton","107"
6341,"Weston-super-Mare","Weston-super-Mare","107"
3061,"Galatasaray Istanbul","Galatasaray","107"
21845,"Chapecoense SC","Chapecoense","106"
39634,"Operario Ferroviario EC PR","Ferroviario","106"
63,"Cambridge United","Cambridge","106"
92,"Lincoln City","Lincoln","106"
198,"Slough Town","Slough","106"
157,"Gateshead FC","Gateshead","106"
133,"Stevenage FC","Stevenage","106"
171626,"Pafos FC","Pafos","106"
47289,"Worthing FC","Worthing","106"
1959,"SC Recife PE","Sport Recife","106"
114,"Ebbsfleet United FC","Ebbsfleet","106"
2021,"Vila Nova FC GO","Vila Nova","106"
57,"Northampton Town","Northampton","106"
76,"Bristol Rovers","Bristol Rovers","106"
124,"Boston United FC","Boston","106"
1967,"CA Paranaense PR","Paranaense","106"
6115,"Independiente Medellin","Ind. Medellin","106"
3248,"Panathinaikos Athens","Panathinaikos","105"
23959,"Fleetwood Town","Fleetwood","105"
85,"Scunthorpe United","Scunthorpe","105"
167510,"New York City FC","New York City","105"
2686,"Atalanta BC","Atalanta","105"
19,"Crewe Alexandra","Crewe","105"
22032,"CR Brasil AL","CR Brasil","105"
262,"Chester FC","Chester","105"
245305,"FC Cincinnati","Cincinnati","105"
72,"Luton Town","Luton","105"
5962,"Qarabag FK","Qarabag","105"
28,"Reading FC","Reading","105"
90,"Kidderminster Harriers FC","Kidderminster","105"
180,"Bromley FC","Bromley","105"
171,"Spennymoor Town FC","Spennymoor","105"
2681,"Bayer Leverkusen","Leverkusen","104"
66,"Colchester United","Colchester","104"
190,"Marine FC","Marine","104"
163296,"Antigua GFC","Antigua","104"
4502,"FC Viktoria Plzen","Plzen","104"
7942,"Solihull Moors FC","Solihull","104"
21,"Preston North End","Preston","104"
3002,"FC Porto","Porto","104"
4875,"Crawley Town","Crawley","104"
668063,"Nashville SC","Nashville","104"
935861,"Macclesfield FC","Macclesfield","104"
2413,"NK Celje","NK Celje","104"
6574,"Deportivo Saprissa San Jose","Dep. Saprissa","104"
81,"Morecambe FC","Morecambe","104"
2687,"Juventus Turin","Juventus","104"
82,"Shrewsbury Town","Shrewsbury","104"
159,"Harrogate Town","Harrogate","104"
5184,"Larne FC","Larne","104"
71,"Plymouth Argyle","Plymouth","104"
97,"Barrow AFC","Barrow","103"
25,"Millwall FC","Millwall","103"
217,"Chorley FC","Chorley","103"
34469,"Al Ahli Saudi FC","Al Ahli Saudi","103"
1999,"Red Bull Bragantino SP","Bragantino","103"
56,"Notts County","Notts","103"
41618,"Minnesota United FC","Minnesota","103"
7,"Crystal Palace","Crystal Palace","103"
166,"Maidenhead United FC","Maidenhead","103"
79,"Newport County","Newport","103"
1960,"Goias EC GO","Goias","103"
4,"Milton Keynes Dons","Milton Keynes","103"
3245,"Olympiacos Piraeus","Olympiacos","102"
4860,"Union Saint-Gilloise","Union Gilloise","102"
257,"Radcliffe FC","Radcliffe","102"
14,"Nottingham Forest","Nottingham","102"
25936,"Curzon Ashton FC","Ashton","102"
52237,"Orlando City SC","Orlando","102"
3251,"PAOK Thessaloniki","PAOK","102"
20,"Gillingham FC","Gillingham","102"
51,"Tranmere Rovers FC","Tranmere","102"
206,"Horsham FC","Horsham","102"
11,"Coventry City","Coventry","102"
24383,"Alianza FC San Salvador","Alianza San Salvador","102"
2445,"Young Boys Bern","Young Boys","102"
7045,"CS Herediano","Herediano","102"
2673,"Borussia Dortmund","Dortmund","102"
2702,"AS Roma","Roma","102"
2506,"New York Red Bulls","New York","102"
1982,"Coritiba FC PR","Coritiba","102"
229,"Tonbridge Angels","Tonbridge","102"
2900,"RSC Anderlecht","Anderlecht","102"
1284,"FC Copenhagen","Copenhagen","102"
26003,"Maidstone United FC","Maidstone","101"
38001,"Truro City","Truro","101"
2677,"VfB Stuttgart","Stuttgart","101"
263,"Norwich City","Norwich","101"
34725,"Chippenham Town FC","Chippenham","101"
5991,"Cerro Porteno","Cerro Porteno","101"
1,"Queens Park Rangers","QPR","101"
5996,"Libertad Asuncion","Libertad","101"
3106,"Legia Warszawa","Legia Warszawa","101"
224846,"Peterborough Sports","Peterborough","101"
29,"Stoke City","Stoke","101"
222,"Alfreton Town FC","Alfreton","101"
36381,"Buxton FC","Buxton","101"
23958,"Chelmsford City","Chelmsford","101"
7691,"Jagiellonia Bialystok","Jagiellonia","101"
863473,"Charlotte FC","Charlotte","101"
25939,"Oxford City","Oxford City","101"
6191,"Eastleigh FC","Eastleigh","101"
6334,"Gainsborough Trinity","Gainsborough","101"
3227,"CA Penarol Montevideo","Penarol","101"
73,"York City FC","York","101"
35,"Manchester United","Manchester United","101"
38739,"AFC Fylde","Fylde","101"
15,"Sheffield United","Sheffield United","101"
77,"Barnet FC","Barnet","101"
78,"Carlisle United","Carlisle","101"
24385,"CD Aguila San Miguel","Aguila","100"
155,"Hampton & Richmond Borough","Hampton & Richmond","100"
813492,"Harborough Town FC","Harborough","100"
177,"Chesham United","Chesham","100"
45,"Southampton FC","Southampton","100"
1289,"FC Midtjylland","Midtjylland","100"
1997,"Paysandu SC PA","Paysandu","100"
1968,"Santos FC SP","Santos","100"
772256,"Austin FC","Austin","100"
2032,"GNK Dinamo Zagreb","Dinamo Zagreb","100"
135514,"Gremio Novorizontino SP","Gremio Novorizontino","100"
160,"King's Lynn Town","King's Lynn","100"
47045,"Hemel Hempstead Town","Hemel Hempstead","100"
147,"Eastbourne Borough","Eastbourne","100"
7314,"AC Goianiense GO","AC Goianiense","100"
22007,"Portland Timbers","Portland","99"
21895,"Al Hilal SFC","Al Hilal","99"
220,"Salisbury FC","Salisbury","99"
5994,"Club Guarani Asuncion","Club Guarani","99"
22047,"FC Motagua Tegucigalpa","Motagua Tegucigalpa","99"
5287,"FC CFR 1907 Cluj","CFR Cluj","99"
107,"Hereford FC","Hereford","99"
25358,"CD Olimpia Tegucigalpa","Olimpia","99"
1643,"Lille OSC","Lille","99"
130,"AFC Telford United","Telford","99"
91,"Darlington FC","Darlington","99"
2218,"Sparta Prague","Sparta Prague","99"
46,"Blackburn Rovers","Blackburn","99"
5181,"Cliftonville FC","Cliftonville","99"
2039,"HNK Rijeka","Rijeka","99"
3395,"AC Omonia Nicosia","Omonia Nicosia","99"
74,"Swansea City","Swansea","99"
25934,"AFC Totton","Totton","99"
2824,"Real Sociedad San Sebastian","Real Sociedad","99"
173464,"Dorking Wanderers","Dorking","99"
27,"Derby County","Derby","98"
36,"Middlesbrough FC","Middlesbrough","98"
95,"Oxford United","Oxford United","98"
2051,"SK Sturm Graz","Sturm Graz","98"
7665,"Mamelodi Sundowns","Mamelodi","98"
135,"St. Albans City","St. Albans","98"
25940,"Hornchurch FC","Hornchurch","98"
12,"Sheffield Wednesday","Sheffield Wednesday","98"
5198,"Maccabi Tel Aviv FC","Maccabi Tel Aviv","98"
3135,"Sanfrecce Hiroshima","Hiroshima","98"
2404,"SK Slovan Bratislava","Slovan Bratislava","98"
88,"Farnborough FC","Farnborough","98"
47207,"South Shields","South Shields","98"
2508,"Houston Dynamo","Houston","98"
24,"Watford FC","Watford","98"
7944,"Bath City FC","Bath","98"
1947,"CF Cruz Azul","Cruz Azul","98"
1653,"AS Monaco","Monaco","98"
2046,"FC Salzburg","Salzburg","98"
34728,"Leamington FC","Leamington","98"
45361,"Enfield Town","Enfield","98"
131,"Yeovil Town","Yeovil","97"
6117,"Millonarios FC","Millonarios","97"
173720,"Cavalier FC","Cavalier","97"
3211,"CA River Plate (ARG)","River Plate","97"
5997,"Club Olimpia","Olimpia","97"
2821,"RC Celta de Vigo","Celta Vigo","97"
3215,"Racing Club Avellaneda","Racing Avellaneda","97"
58,"Bristol City","Bristol City","97"
39833,"Philadelphia Union","Philadelphia","97"
104,"Torquay United","Torquay","97"
101,"Hartlepool United","Hartlepool","97"
2,"Portsmouth FC","Portsmouth","97"
1649,"Olympique Lyon","Lyon","97"
46915,"Chatham Town","Chatham","97"
219,"Aveley FC","Aveley","97"
47186,"Scarborough Athletic","Scarborough","97"
305920,"Atlanta United FC","Atlanta","97"
7026,"CSD Xelaju MC","Xelaju","97"
2692,"AC Milan","Milan","97"
2674,"Eintracht Frankfurt","Frankfurt","97"
175002,"Pyramids FC","Pyramids","97"
96,"Hull City","Hull","97"
7025,"CSD Municipal","Municipal","96"
694823,"Arsenal FC SRL","Arsenal SRL","96"
2505,"Chicago Fire","Chicago Fire","96"
2953,"Ajax Amsterdam","Ajax","96"
80,"Worksop Town","Worksop","96"
34218,"Buriram United","Buriram","96"
1939,"CF America","America","96"
260,"Gloucester City","Gloucester","96"
2952,"PSV Eindhoven","Eindhoven","96"
694853,"Tottenham Hotspur SRL","Tottenham SRL","96"
3146,"Vissel Kobe","Kobe","96"
31,"Leicester City","Leicester","96"
1940,"Tigres UANL","Tigres","95"
6103,"CA Bucaramanga","Bucaramanga","95"
694839,"Liverpool FC SRL","Liverpool SRL","95"
694927,"Real Madrid SRL","Real Madrid SRL","95"
5133,"Real Salt Lake","Salt Lake","95"
3050,"Besiktas Istanbul","Besiktas","95"
694913,"FC Barcelona SRL","Barcelona SRL","95"
178,"Weymouth FC","Weymouth","95"
98,"Welling United FC","Welling","95"
137,"Walton and Hersham FC","Walton and Hersham","95"
8,"West Bromwich Albion","West Bromwich","95"
502938,"Mount Pleasant FC","Mount Pleasant FC","95"
3218,"CA Lanus","Lanus","95"
3230,"Club Nacional de Football","Nacional","94"
2818,"Rayo Vallecano","Vallecano","94"
2890,"KRC Genk","Genk","94"
35038,"Rushall Olympic","Rushall","94"
21825,"San Jose Earthquakes","San Jose","94"
2443,"FC Lugano","Lugano","94"
36404,"Real CD Espana San Pedro Sula","Real Espana","94"
2504,"Columbus Crew","Columbus","94"
47031,"Hanwell Town FC","Hanwell","94"
2699,"Lazio Rome","Lazio","94"
2959,"Feyenoord Rotterdam","Feyenoord","94"
2510,"Colorado Rapids","Colorado","94"
189,"Banbury United","Banbury","94"
24388,"CD Luis Angel Firpo Usulutan","Luis Angel Firpo","94"
5178,"HSK Zrinjski Mostar","Zrinjski Mostar","94"
39723,"CSD Independiente del Valle","Ind. del Valle","94"
23400,"Al Nassr Club","Al Nassr","94"
1932,"CF Monterrey","Monterrey","94"
2055,"SK Rapid","SK Rapid","94"
25353,"Real Esteli FC","Esteli","94"
696849,"Paris Saint-Germain SRL","PSG SRL","94"
5272,"Linfield FC","Linfield","94"
116223,"CS Universitatea Craiova","Uni Craiova","94"
3305,"FC Dynamo Kyiv","Dynamo Kyiv","93"
696869,"FC Inter Milan SRL","Inter SRL","93"
46835,"Alvechurch","Alvechurch","93"
45370,"Needham Market","Needham Market","93"
41,"Sunderland AFC","Sunderland","93"
146,"Billericay Town","Billericay","93"
129,"Dover Athletic FC","Dover","93"
58167,"Merthyr Town","Merthyr","93"
2846,"Elche CF","Elche","93"
3404,"AEK Larnaca","Larnaca","93"
3313,"FC Shakhtar Donetsk","Shakhtar","93"
1661,"OGC Nice","Nice","93"
21982,"Mirassol FC SP","Mirassol","93"
2216,"Slavia Prague","Slavia Prague","93"
4921,"The New Saints FC","New Saints","93"
5179,"Glentoran FC","Glentoran","93"
663997,"Amazonas FC AM","Amazonas","93"
277835,"KF Drita","KF Drita","93"
656,"Bodoe/Glimt","Bodoe/Glimt","92"
2714,"SSC Napoli","Napoli","92"
89,"Kettering Town","Kettering","92"
216,"Chertsey Town FC","Chertsey","92"
161,"Ashton United FC","Ashton","92"
5413,"Shkendija Tetovo","Shkendija Tetovo","92"
35033,"Halesowen Town FC","Halesowen","92"
696867,"AS Roma SRL","Roma SRL","92"
2501,"FC Basel 1893","Basel","92"
223,"Guiseley FC","Guiseley","92"
47016,"Gosport Borough","Gosport","92"
32,"Ipswich Town","Ipswich","92"
694899,"Atletico Madrid SRL","Atletico SRL","92"
2835,"Racing Santander","Santander","92"
2416,"Olimpija Ljubljana","Olimpija Ljubljana","92"
1979,"Botafogo FC SP","Botafogo","92"
221,"Dartford FC","Dartford","92"
2512,"FC Dallas","Dallas","92"
251,"Taunton Town","Taunton","92"
2511,"New England Revolution","New England","92"
2355,"Aberdeen FC","Aberdeen","92"
47175,"Royston Town","Royston","92"
694825,"Aston Villa SRL","Aston Villa SRL","92"
370464,"Shabab Al Ahli Dubai","Shabab Al-Ahli","92"
1973,"America FC MG","America FC","92"
874725,"Saint Louis City SC","Saint Louis","92"
25937,"Leiston FC","Leiston","92"
184,"Bishop's Stortford","Bishop's Stortford","92"
24386,"CD FAS Santa Ana","FAS Santa Ana","92"
6335,"Havant & Waterlooville","Havant & Waterlooville","91"
7668,"Orlando Pirates FC","Orlando Pirates","91"
59628,"Esperance Sportive de Tunis","Esperance Tunis","91"
34726,"Folkestone Invicta","Folkestone","91"
780488,"Alianza FC","Alianza","91"
3177,"Shamrock Rovers","Shamrock","91"
502828,"CD. Cacahuatique","CD. Cacahuatique","91"
33001,"Nacional Asuncion","Nacional","91"
38237,"FC United of Manchester","United of Manchester","91"
80011,"Plymouth Parkway","Plymouth","91"
8062,"Cove Rangers FC","Cove","91"
372056,"KF Egnatia Rrogozhine","Egnatia Rrogozhine","91"
7059,"Club Bolivar","Bolivar","91"
255,"Spalding United","Spalding","91"
49202,"Cuiaba EC MT","Cuiaba","91"
2370,"Stenhousemuir FC","Stenhousemuir","91"
2380,"Elgin City FC","Elgin City","91"
7315,"Avai FC SC","Avai","91"
22006,"CF Montreal","Montreal","91"
45006,"Cray Wanderers","Cray","91"
6337,"Hyde United FC","Hyde","91"
2819,"Villarreal CF","Villarreal","91"
5998,"Sportivo Luqueno","Luqueno","91"
1892,"Malmo FF","Malmo","91"
694877,"Bayern Munich SRL","B. Munich SRL","91"
2848,"Albacete Balompie","Albacete","91"
5257,"LDU Quito","LDU Quito","91"
275241,"Municipal Limeno","Municipal Lim","91"
596990,"Stockton Town","Stockton","91"
2442,"FC St. Gallen 1879","St. Gallen","91"
45373,"Poole Town","Poole","90"
694841,"Manchester City SRL","Man City SRL","90"
2207,"SK Sigma Olomouc","Olomouc","90"
34,"Leeds United","Leeds United","90"
23955,"Annan Athletic FC","Annan","90"
5992,"CS 2 de Mayo","CS 2 de Mayo","90"
117232,"AS Giana Erminio","Giana Erminio","90"
36379,"Warrington Town","Warrington","90"
237,"Bracknell Town FC","Bracknell","90"
2367,"Airdrieonians FC","Airdrieonians","90"
2356,"Livingston FC","Livingston","90"
123,"Bedford Town Football Club","Bedford","90"
697109,"Bologna FC SRL","Bologna SRL","90"
372122,"Cray Valley Paper Mills FC","Cray Valley","90"
2858,"UD Almeria","Almeria","90"
2362,"Inverness Caledonian Thistle FC","Inverness","90"
2509,"Sporting Kansas City","Kansas City","90"
2446,"Lausanne-Sport","Lausanne-Sport","90"
5271,"Dungannon Swifts","Dungannon","90"
778014,"AD Isidro Metapan","Isidro Metapan","90"
2852,"Sporting Gijon","Gijon","90"
193,"Dorchester Town","Dorchester","90"
1931,"Deportivo Toluca FC","Toluca","90"
2353,"Heart of Midlothian FC","Heart of Midlothian","90"
696857,"Juventus Turin SRL","Juventus Turin SRL","90"
340986,"Club America","Club America","90"
24382,"AD Isidro Metapan","Isidro","90"
77889,"FC Barcelona","Barcelona","90"
2502,"DC United","DC United","90"
911605,"Nottingham Forest Srl","Nottingham Forest Srl","90"
47279,"Wimborne Town","Wimborne","89"
3398,"APOEL Nikosia","APOEL","89"
696851,"Atalanta BC SRL","Atalanta SRL","89"
2379,"Queens Park FC","Queen's Park","89"
5418,"Vllaznia Shkoder","Vllaznia Shkoder","89"
5270,"Coleraine FC","Coleraine","89"
2382,"East Fife FC","East Fife","89"
2868,"Cultural Leonesa","Cultural Leonesa","89"
694869,"Borussia Dortmund SRL","B. Dortmund SRL","89"
5217,"FC Dinamo City","Dinamo City","89"
3086,"Istanbul Basaksehir","Basaksehir","89"
2538,"SC Freiburg","Freiburg","89"
2350,"Dunfermline Athletic FC","Dunfermline","89"
522312,"Real Madrid","Real Madrid","89"
2903,"KAA Gent","Gent","89"
694867,"Bayer 04 Leverkusen SRL","Bayer Leverkusen SRL","89"
746251,"Hashtag United","Hashtag","89"
2358,"Partick Thistle FC","Partick Thistle","89"
2955,"FC Twente Enschede","Enschede","89"
85741,"Bangkok United FC","Bangkok Utd","89"
37995,"Hungerford Town FC","Hungerford","89"
2364,"Ayr United FC","Ayr","89"
46920,"Chichester City FC","Chichester","89"
106,"Canvey Island","Canvey Island","89"
1659,"Strasbourg Alsace","Strasbourg Alsace","89"
3009,"Vitoria SC Guimaraes","Guimaraes","89"
596860,"Warrington Rylands 1906 FC","Warrington","89"
7046,"Puntarenas FC","Puntarenas","88"
6,"Burnley FC","Burnley","88"
252,"Wingate & Finchley","Wingate & Finchley","88"
5180,"Crusaders FC","Crusaders","88"
7044,"CS Cartagines","Cartagines","88"
4488,"Cadiz CF","Cadiz","88"
2371,"Stranraer FC","Stranraer","88"
3250,"AEK Athens","AEK Athens","88"
6338,"Redditch United","Redditch","88"
179,"Carshalton Athletic FC","Carshalton","88"
42206,"USM Alger","USM Alger","88"
697163,"Galatasaray SK SRL","Galatasaray SRL","88"
697171,"Fenerbahce SRL","Fenerbahce SRL","88"
2393,"Spartans FC","Spartans","88"
3206,"Estudiantes de La Plata","Estudiantes La Plata","88"
694845,"Newcastle United SRL","Newcastle SRL","88"
43555,"Stellenbosch FC","Stellenbosch","88"
24265,"SD Huesca","Huesca","88"
2832,"RC Deportivo De La Coruna","Deportivo De La Coruna","88"
24264,"Girona FC","Girona","88"
253,"Bromsgrove Sporting","Bromsgrove","88"
174970,"CA Boston River","Boston River","88"
694897,"Athletic Bilbao SRL","Bilbao SRL","88"
47217,"St. Ives Town","St. Ives","88"
610334,"FC Andorra","Andorra","88"
45011,"Sholing FC","Sholing","88"
46917,"Cheshunt FC","Cheshunt","88"
2854,"Burgos CF","Burgos","88"
369052,"Ourense CF","Ourense","87"
46708,"AFC Sudbury","Sudbury","87"
5067,"CD Castellon","Castellon","87"
145,"Dulwich Hamlet","Dulwich","87"
213,"Leek Town FC","Leek","87"
50,"Brentford FC","Brentford","87"
21942,"CD Universidad Catolica del Ecuador","Uni Catolica","87"
2708,"Ternana Calcio","Ternana","87"
35092,"CD Mirandes","Mirandes","87"
38463,"Stourbridge FC","Stourbridge","87"
3,"Wolverhampton Wanderers","Wolverhampton","87"
47220,"Stamford AFC","Stamford","87"
43,"Fulham FC","Fulham","87"
33779,"Granada CF","Granada","87"
45376,"Barwell FC","Barwell","87"
3066,"Istanbulspor AS","Istanbulspor","87"
34060,"Sharjah FC","Sharjah","87"
3202,"Boca Juniors","Boca Juniors","87"
47321,"Club Deportivo Eldense","Eldense","87"
212,"Bamber Bridge","Bamber Bridge","87"
2728,"Delfino Pescara","Pescara","87"
2359,"St Mirren FC","St. Mirren","87"
7603,"CSD Coban Imperial","Coban Imperial","87"
210346,"SE Palmeiras SP","Palmeiras","87"
2348,"St. Johnstone FC","St. Johnstone","87"
33583,"Hamrun Spartans FC","Spartans","87"
7024,"Comunicaciones FC ","Comunicaciones","87"
2843,"Racing Club de Ferrol","Ferrol","87"
776944,"CD Fas","Fas","87"
210340,"Sao Paulo FC SP","Sao Paulo","87"
26252,"Edinburgh City FC","Edinburgh City","87"
2076,"Wolfsberger AC","Wolfsberg","87"
4487,"Real Murcia CF","Murcia","87"
2368,"Queen of the South FC","Queen of the South","87"
364474,"FC Noah Yerevan","Noah Yerevan","87"
2845,"CD Leganes","Leganes","86"
694873,"Eintracht Frankfurt SRL","E. Frankfurt SRL","86"
6108,"Cucuta Deportivo FC","Cucuta","86"
30,"Brighton & Hove Albion","Brighton","86"
183,"Basingstoke Town FC","Basingstoke","86"
781566,"CD Luis Angel Firpo","Luis Angel Firpo","86"
2346,"Motherwell FC","Motherwell","86"
6195,"SD Ponferradina","Ponferradina","86"
2830,"Malaga CF","Malaga","86"
3138,"Gamba Osaka","Gamba","86"
24329,"FC Cartagena","Cartagena","86"
6229,"Carabobo FC","Carabobo","86"
2828,"Valencia CF","Valencia","86"
42207,"CR Belouizdad","Belouizdad","86"
34315,"Al-Ittihad Club","Al-Ittihad","86"
42204,"MC Alger","MC Alger","86"
2386,"Montrose FC","Montrose","86"
38005,"Stratford Town","Stratford Town","86"
597880,"Ilkeston Town FC","Ilkeston","86"
116,"Lewes FC","Lewes","86"
2384,"Stirling Albion FC","Stirling","86"
225156,"Kelty Hearts FC","Kelty","86"
2377,"Dumbarton FC","Dumbarton","86"
2376,"Hamilton Academical FC","Hamilton","86"
2375,"Forfar Athletic FC","Forfar","86"
2369,"Alloa Athletic FC","Alloa","86"
45377,"Whitehawk FC","Whitehawk","86"
696855,"Olympique Lyon SRL","Olympique Lyon SRL","86"
6414,"Boluspor","Bolu","86"
3053,"Samsunspor","Samsunspor","86"
2311,"Alianza Lima","Alianza Lima","86"
38239,"Potters Bar Town FC","Potters","86"
3327,"Johor Darul Ta'zim","Johor Darul Ta'zim","86"
2354,"Hibernian FC","Hibernian","86"
2769,"Pro Vercelli 1892","Vercelli","86"
6113,"AD Pasto","Pasto","86"
7629,"CA Huracan","Huracan","86"
700491,"Ajax Amsterdam SRL","Ajax SRL","86"
5235,"FK Borac Banja Luka","Banja Luka","86"
173716,"Arnett Gardens FC","Arnett Gardens FC","85"
607728,"Sportivo Ameliano","Sportivo Ameliano","85"
3273,"PFC Levski Sofia","Levski Sofia","85"
3208,"Velez Sarsfield","Velez Sarsfield","85"
7080,"Toronto FC","Toronto","85"
47120,"Morpeth Town","Morpeth","85"
1984,"Criciuma EC SC","Criciuma","85"
42368,"Zamalek SC","Zamalek","85"
2204,"FC Banik Ostrava","Ostrava","85"
266593,"Managua FC","Managua FC","85"
2361,"Raith Rovers FC","Raith Rovers","85"
334075,"CF Tigres UANL","Tigres UANL","85"
47044,"Hebburn Town","Hebburn","85"
5222,"Partizani Tirana","Partizani Tirana","85"
47700,"CA Nacional Potosi","Nacional Potosi","85"
6910,"AL Ahly SC (EGY)","Al Ahly (EGY)","85"
2839,"SD Eibar","Eibar","85"
2556,"FSV Mainz","Mainz","85"
1168769,"CD Cacahuatique","Cacahuatique","85"
37,"West Ham United","West Ham","85"
47159,"Prescot Cables","Prescot","85"
2979,"Go Ahead Eagles","GA Eagles","85"
36360,"RB Leipzig","Leipzig","85"
1158829,"ACD Ospitaletto","Ospitaletto","85"
2058,"LASK Linz","LASK","85"
6575,"Municipal Liberia","Liberia","85"
3209,"CA Independiente Avellaneda","Independiente Avellaneda","85"
694843,"Manchester United FC SRL","Man United SRL","85"
5276,"Loughgall FC","Loughgall","85"
694925,"Real Betis Balompie SRL","Real Betis SRL","85"
48,"Everton FC","Everton","85"
5250,"Barcelona SC","Barcelona","85"
1037333,"Atalanta BC","Atalanta","85"
2385,"Peterhead FC","Peterhead","85"
216876,"Bodrum FK","Bodrum","85"
36586,"AC Renate","Renate","85"
2948,"FC Utrecht","Utrecht","85"
7936,"Potenza Calcio","Potenza","85"
55603,"Erzurumspor FK","Erzurum","85"
2815,"Real Zaragoza","Zaragoza","85"
245353,"Rivers United FC","Rivers United","85"
2722,"L.R. Vicenza","L.R. Vicenza","84"
2597,"SV Wehen Wiesbaden","Wiesbaden","84"
2705,"Empoli FC","Empoli","84"
2704,"Como 1907","Como","84"
702143,"Feyenoord Rotterdam SRL","Feyenoord SRL","84"
5318,"Ravenna FC 1913","Ravenna","84"
318725,"Diriangen FC Diriamba","Diriangen Diriamba","84"
694831,"Chelsea FC SRL","Chelsea SRL","84"
534017,"CD Fuerte San Francisco Morazan","S. Francisco Morazan","84"
39733,"Al Sadd SC","Al Sadd","84"
5183,"Glenavon FC","Glenavon","84"
89368,"Fortaleza FC","Fortaleza","84"
89374,"Llaneros FC","Llaneros","84"
120,"Whitby Town","Whitby","84"
3294,"FC Farul Constanta","Farul Constanta","84"
1641,"Olympique Marseille","Marseille","84"
3275,"PFC CSKA Sofia","CSKA Sofia","84"
115,"Tiverton Town","Tiverton","84"
1715,"Stade Brest 29","Stade Brest 29","84"
3121,"KKS Lech Poznan","Lech Poznan","84"
35268,"RKS Rakow Czestochowa","Czestochowa","84"
2012,"Clube do Remo PA","Remo","84"
2036,"HNK Hajduk Split","Hajduk","84"
2972,"SC Telstar","Telstar","84"
2966,"ADO Den Haag","Den Haag","84"
5269,"Ballymena United","Ballymena United","84"
2224,"FK Mlada Boleslav","Mlada Boleslav","84"
25355,"CD Marathon San Pedro Sula","Marathon S. Pedro S.","84"
2929,"Cercle Brugge","Cercle Brugge","84"
24798,"FC Botosani","Botosani","84"
2869,"AD Ceuta","Ceuta","84"
2850,"Cordoba CF","Cordoba","84"
2406,"FC Spartak Trnava","Trnava","84"
2840,"Gimnastic de Tarragona","Tarragona","84"
2833,"Sevilla FC","Sevilla","84"
23895,"Bangor FC","Bangor","84"
2448,"Servette Geneva","Servette Geneva","84"
2822,"Tenerife CD","Tenerife","84"
65676,"CA Central Cordoba SE","Central Cordoba","83"
2347,"Kilmarnock FC","Kilmarnock","83"
56021,"Al-Taawoun FC","Al-Taawoun","83"
24322,"AD Alcorcon","Alcorcon","83"
2949,"De Graafschap","De Graafschap","83"
2349,"Dundee United","Dundee United","83"
39224,"Annagh United FC","Annagh United","83"
5197,"Maccabi Haifa FC","Maccabi Haifa","83"
2449,"Grasshopper Club Zurich","Grasshopper","83"
36783,"Carrick Rangers","Carrick","83"
342922,"AFC Hermannstadt","Hermannstadt","83"
39722,"Sportivo Trinidense","Trinidense","83"
47674,"Al Wasl FC","Al Wasl","83"
489698,"Deportivo Mixco","Deportivo Mixco","83"
834506,"Dolomiti Bellunesi","Dolomiti Bellunesi","83"
44409,"Machida Zelvia","Machida Z","83"
2025,"Ituano FC SP","Ituano","83"
334061,"CF Monterrey","Monterrey","83"
697129,"Lille OSC SRL","Lille SRL","83"
694919,"RC Celta de Vigo SRL","Celta Vigo SRL","83"
25856,"FC Petrolul Ploiesti","Petrolul Ploiesti","83"
173724,"Montego Bay United","Montego Bay Utd.","83"
5885,"1. FC Heidenheim","Heidenheim","83"
2731,"SS Arezzo","Arezzo","83"
43680,"Virtus Entella","Entella","83"
2963,"FC Den Bosch","Den Bosch","83"
35285,"Ferroviaria Araraquara SP","Ferroviaria","83"
277829,"FC Prishtina","Prishtina","83"
2889,"Royal Antwerp FC","Royal Antwerp","83"
35607,"BG Pathum United","Pathum United","83"
7734,"FC Universitatea Cluj","Uni Cluj","83"
2831,"Real Valladolid","Valladolid","83"
7730,"CD Malacateco","Malacateco","83"
694909,"Villarreal CF SRL","Villarreal SRL","83"
777406,"Municipal Limeno","Municipal Limeno","83"
1175365,"Juventus Turin","Juventus","83"
368638,"FK TSC Backa Topola","TSC Backa Topola","83"
7653,"Ulsan HD FC","Ulsan HD","83"
526689,"CD Platense Municipal Zacatecoluca","CD Platense Municipal Zacatecoluca","83"
2365,"Ross County FC","Ross County","83"
44069,"Latina Calcio","Latina","83"
313515,"Sporting FC","Sporting","83"
5204,"Beitar Jerusalem FC","Beitar Jerusalem","83"
3241,"OFI Crete","OFI Crete","83"
111883,"AC Bra","Bra","82"
2321,"FK Zenit Saint Petersburg","Saint Petersburg","82"
2718,"FC Crotone","Crotone","82"
89376,"Union Magdalena","Magdalena","82"
2859,"Getafe CF","Getafe","82"
2363,"Falkirk FC","Falkirk","82"
2360,"Clyde FC","Clyde","82"
3402,"Apollon Limassol","Apollon Limassol","82"
697137,"AS Monaco SRL","Monaco SRL","82"
6577,"UD Las Palmas","Las Palmas","82"
2754,"Vis Pesaro 1898","Pesaro","82"
221210,"FC Uta Arad","Uta Arad","82"
5150,"FK Vojvodina Novi Sad","Vojvodina Novi Sad","82"
281373,"Guidonia Montecelio 1937 FC","Guidonia Montecelio","82"
2527,"Borussia Monchengladbach","M´gladbach","82"
2976,"MVV Maastricht","Maastricht","82"
32529,"The Strongest","The Strongest","82"
2973,"FC Dordrecht","Dordrecht","82"
2696,"Torino FC","Torino","82"
2735,"Spezia Calcio","Spezia","82"
3051,"Trabzonspor","Trabzonspor","82"
3201,"CA San Lorenzo de Almagro","San Lorenzo de Almagro","82"
697099,"SS Lazio SRL","Lazio SRL","82"
846036,"San Antonio Bulo Bulo","San Antonio Bulo Bulo","82"
60,"AFC Bournemouth","Bournemouth","82"
702151,"PSV Eindhoven SRL","Eindhoven SRL","82"
5274,"Limavady United FC","Limavady Utd.","82"
2820,"CA Osasuna","Osasuna","82"
1175349,"Atalanta BC","Atalanta","82"
111,"Lancaster City","Lancaster","82"
1682,"Stade Reims","Reims","82"
1033161,"Real Cundinamarca","Real Cundinamarca","82"
6059,"Paksi FC","Paksi","82"
25010,"Racing Club Montevideo","Racing Club","82"
25009,"Cerro Largo FC","Cerro Largo","82"
43560,"Al Masry Club","Al Masry","82"
61532,"Al Shorta SC","Al Shorta","82"
3302,"Rapid Bucuresti 1923","Rapid Bucuresti","82"
42371,"Enyimba","Enyimba","82"
68718,"FC RFS","FC RFS","82"
739507,"VfB Stuttgart Srl","VfB Stuttgart Srl","82"
203,"Workington AFC","Workington","82"
2849,"Levante UD","Levante","82"
2726,"US Livorno 1915","Livorno","82"
6366,"Ankara Keciorengucu","Keciorengucu","82"
39534,"Harland And Wolff Welders","H. W. Welders","82"
2374,"Greenock Morton FC","Greenock","82"
2851,"Real Oviedo","Oviedo","82"
2885,"Deportivo Alaves","Alaves","82"
5237,"FK Sarajevo","Sarajevo","82"
397522,"Nottingham Forest FC","Nottingham","81"
47567,"CF Talavera de La Reina","Talavera","81"
43917,"HNK Gorica","Gorica","81"
2366,"Arbroath FC","Arbroath","81"
2729,"AC Monza","Monza","81"
77879,"Atletico Madrid","Atletico","81"
37082,"Al Ain FC","Al Ain","81"
116221,"ACS Champions FC Arges","Champions FC Arges","81"
5279,"Portadown FC","Portadown","81"
6109,"Deportivo Pereira FC SA","Pereira","81"
5152,"FK Partizan Belgrade","Partizan Belgrade","81"
6114,"Envigado FC","Envigado","81"
2994,"FC Eindhoven","FC Eindhoven","81"
2719,"Cagliari Calcio","Cagliari","81"
277847,"KF Llapi","KF Llapi","81"
501260,"Deportivo Achuapa","Achuapa","81"
90186,"US Lecce","Lecce","81"
7019,"CD Marquense","Marquense","81"
2569,"TSG Hoffenheim","Hoffenheim","81"
80395,"Rs Berkane","Berkane","81"
6968,"Blooming Santa Cruz","Blooming","81"
5182,"Ards FC","Ards","81"
3292,"FC Dinamo Bucuresti 1948","Dinamo Bucuresti","81"
377716,"Juventus Turin","Juventus","81"
6231,"Deportivo Tachira","Tachira","81"
24750,"Van Spor FK","Van","81"
2357,"Dundee FC","Dundee FC","81"
89370,"Jaguares de Cordoba","Jaguares","81"
696853,"SSC Napoli SRL","Napoli SRL","81"
3088,"Igdir FK","Igdir","81"
2961,"Willem II Tilburg","Willem II","81"
1938,"CD Guadalajara","Guadalajara","81"
168476,"FK Kosice","Kosice","81"
2814,"Espanyol Barcelona","Espanyol","81"
382568,"Sabah Masazir","Sabah Masazir","81"
1936,"CF Pachuca","Pachuca","81"
509432,"AS Roma","Roma","81"
170634,"FC Arzignano Valchiampo","Arzignano","81"
5202,"Hapoel Be`er Sheva FC","Be`er Sheva","81"
2826,"RCD Mallorca","Mallorca","81"
2453,"FC Luzern","Luzern","81"
3224,"CA Juventud de Las Piedras","Las Piedras","81"
5203,"Bnei Yehuda Tel Aviv FC","Bnei Yehuda","81"
5127,"Kawasaki Frontale","Frontale","81"
368732,"Audace Cerignola","Cerignola","81"
3085,"Konyaspor","Konyaspor","81"
26243,"Arsenal WFC","Arsenal","81"
3229,"Defensor Sporting","Defensor","81"
2695,"Udinese Calcio","Udinese","81"
2898,"Royal Charleroi SC","Royal Charleroi","81"
781486,"CD Aguila","Aguila","81"
1175369,"Sassuolo Calcio","Sassuolo","81"
5396,"Hapoel Tel Aviv FC","Hapoel Tel Aviv","80"
2042,"NK Slaven Belupo","Slaven Belupo","80"
1933,"Pumas UNAM","Pumas UNAM","80"
163298,"CD Guastatoya","Guastatoya","80"
7918,"GKS Piast Gliwice","Gliwice","80"
173734,"Tivoli Gardens","Tivoli Gardens","80"
124528,"Portmore United","Portmore Utd","80"
2970,"SC Cambuur","Cambuur","80"
3204,"Union de Santa Fe","Union Santa Fe","80"
1760,"BK Hacken","BK Hacken","80"
2732,"US Albinoleffe","Albinoleffe","80"
1098993,"Alianza FC Valledupar","Alianza FC Valledupar","80"
834514,"Alcione Milano","Alcione Milano","80"
834548,"AC Carpi","Carpi","80"
1654,"EA Guingamp","Guingamp","80"
113761,"Virtus Verona","Virtus Verona","80"
1043821,"CD Fuerte San Francisco","Fuerte San Francisco","80"
305396,"Trabzonspor","Trabzon","80"
2878,"CP Cacereno SAD","Cacereno","80"
4954,"Fatih Karagumruk Istanbul","Karagumruk","80"
2325,"CSKA Moscow","CSKA Moscow","80"
24360,"Real Sociedad San Sebastian B","Real Sociedad B","80"
6908,"Jeonbuk FC","Jeonbuk","80"
77859,"Real Avila CF","Avila","80"
77629,"Corum FK","Corum","80"
2402,"MSK Zilina","Zilina","80"
6230,"Caracas FC","Caracas","80"
362800,"Guadalupe FC","Guadalupe","80"
6119,"Real Cartagena FC","Cartagena","80"
64289,"Persib Bandung","Persib Bandung","80"
43684,"S.S.D. Casarano Calcio","Casarano","80"
694887,"SC Freiburg SRL","Freiburg SRL","80"
1021051,"Af Elbasani","Af Elbasani","80"
2447,"FC Aarau","Aarau","80"
56019,"FK Macva Sabac","Macva","80"
697133,"OGC Nice SRL","Nice SRL","80"
44320,"Bandirmaspor","Bandirma","80"
2458,"FC Winterthur","Winterthur","80"
347514,"AC Trento","Trento","80"
5273,"Institute FC","Institute","80"
697103,"AC Milan SRL","Milan SRL","80"
5324,"Juve Stabia","Stabia","80"
2689,"US Lecce","Lecce","80"
2688,"Venezia FC","Venezia","80"
780362,"Olancho FC","Olancho FC","80"
2710,"US Salernitana","Salernitana","80"
2711,"Sampdoria Genoa","Sampdoria","80"
2761,"US Cremonese","Cremonese","80"
2715,"Palermo FC","Palermo","80"
1175363,"Inter Milano","Inter","80"
2746,"Pro Patria Busto Arsizio","Pro Patria","80"
1175345,"ACF Fiorentina","Fiorentina","80"
2738,"AC Lumezzane","Lumezzane","80"
2737,"Pisa SC","Pisa","80"
34312,"Al Gharafa SC","Al Gharafa","80"
170406,"Beyoglu Yeni Carsi","Beyoglu","80"
2841,"Real Jaen CF","Jaen","79"
117238,"USD Lavagnese 1919","Lavagnese","79"
2783,"Forli FC","Forli","79"
3103,"MKE Ankaragucu","Ankaragucu","79"
621770,"Caldiero Terme","Caldiero Terme","79"
1656,"FC Lorient","Lorient","79"
1175353,"Cagliari Calcio","Cagliari","79"
7650,"FC Pohang Steelers","Pohang Steelers","79"
1186067,"Racing United FC","Racing United FC","79"
2530,"Schalke 04","Schalke","79"
2753,"SEF Torres Sassari","Sassari","79"
7933,"Calcio Lecco 1912","Lecco","79"
24745,"US Citta Di Pontedera","Pontedera","79"
2717,"AS Cittadella","Cittadella","79"
5398,"Hapoel Ra`anana FC","Ra`anana","79"
3216,"Argentinos Juniors","Argentinos Juniors","79"
3076,"Sivasspor","Sivasspor","79"
2725,"Calcio Catania","Catania","79"
1673,"Stade Lavallois MFC","Stade Lavallois","79"
25736,"FK Novi Pazar","Novi Pazar","79"
2230,"FK Pardubice","Pardubice","79"
7682,"Armagh City FC","Armagh City","79"
2730,"US Avellino","Avellino","79"
4912,"Connah's Quay Nomads FC","Connah's Quay","79"
2756,"ASD Martina Calcio 1947","Martina","79"
238670,"Simba SC","Simba","79"
1175361,"Hellas Verona","Hellas Verona","79"
280003,"FC Ballkani","Ballkani","79"
1175351,"Bologna FC","Bologna","79"
46523,"Newington FC","Newington","79"
2397,"MFK Ruzomberok","Ruzomberok","79"
1281,"Broendby IF","Broendby","79"
460707,"AC Milan","Milan","79"
334069,"CF Pachuca","Pachuca","79"
364786,"FC Arda Kardzhali","Arda Kardzhali","79"
2742,"Cesena FC","Cesena","79"
24351,"Merida AD","Merida","79"
2796,"US Catanzaro","Catanzaro","79"
3137,"Yokohama F Marinos","Marinos","79"
2724,"Triestina Calcio 1918","Triestina","79"
7047,"AD San Carlos","San Carlos","79"
1175343,"AC Monza","Monza","79"
55785,"UCAM Murcia","UCAM Murcia","79"
2793,"Sassuolo Calcio","Sassuolo","79"
2452,"FC Sion","Sion","79"
1154099,"Milan Futuro","Milan Futuro","79"
39526,"Maccabi Kabilio Jaffa","Kabilio Jaffa","79"
39533,"Dundela FC","Dundela","79"
2600,"FC Augsburg","Augsburg","79"
5307,"Giugliano Calcio 1928","Giugliano","79"
288687,"FC CSKA 1948","CSKA 1948","79"
301250,"Remo Stars","Remo Stars","79"
6918,"USL Dunkerque","Dunkerque","79"
223490,"A.C. Mestre","Mestre","79"
37737,"NK Radomlje","Radomlje","79"
365676,"Esenler Erokspor","Esenler","79"
2741,"Calcio Padova","Padova","79"
2302,"Sporting Cristal","Sporting Cristal","79"
113757,"US Pergolettese Crema","Crema","79"
24338,"Villarreal CF B","Villarreal B","79"
40660,"Al Rayyan SC","Al Rayyan","79"
36195,"SP Tre Fiori","Tre Fiori","79"
2526,"FC St. Pauli","St. Pauli","78"
2978,"TOP Oss","Oss","78"
175686,"Sondrio Calcio","Sondrio","78"
35186,"Barry Town United FC","Barry","78"
2534,"Werder Bremen","Bremen","78"
2713,"Genoa CFC","Genoa","78"
2536,"TSV 1860 Munich","1860 Munich","78"
1972,"Guarani FC SP","Guarani","78"
2540,"Arminia Bielefeld","Bielefeld","78"
2759,"Benevento Calcio","Benevento","78"
238982,"FC Kafr Qasim","FC Kafr Qasim","78"
378096,"Always Ready","Always Ready","78"
173736,"Waterhouse FC","Waterhouse FC","78"
6578,"Gimnastica Segoviana CF","Segoviana","78"
6576,"Perez Zeledon","Zeledon","78"
3397,"Aris Limassol FC","Aris Limassol","78"
466279,"Torino FC","Torino","78"
5044,"Yellow-Red KV Mechelen","Mechelen","78"
2855,"CD Numancia","Numancia","78"
24354,"Orihuela CF","Orihuela","78"
2323,"FK Spartak Moscow","Spartak Moscow","78"
24363,"UE Sant Andreu","Sant Andreu","78"
2877,"Hercules de Alicante CF","Alicante","78"
1175355,"Cesena FC","Cesena","78"
2879,"Barakaldo CF","Barakaldo","78"
2315,"FK Dinamo Moscow","Dinamo Moscow","78"
24348,"Marbella FC","Marbella","78"
24368,"UD Ibiza","Ibiza","78"
24379,"Zamora CF","Zamora","78"
6362,"Alanyaspor","Alanyaspor","78"
6342,"Asteras Tripolis","Asteras Tripolis","78"
76317,"Club Deportiva Minera","Minera","78"
7004,"Panaitolikos Agrinio","Panaitolikos","78"
544005,"Molynes","Molynes","78"
7032,"Pendikspor","Pendik","78"
828586,"Club Milano SSD","Club Milano","78"
7041,"Fethiyespor","Fethiye","78"
1096475,"Inter San Carlos","San Carlos","78"
42373,"Kwara United","Kwara Utd","78"
37177,"Siracusa Calcio","Siracusa","78"
22050,"Harbour View FC","Harbour View","78"
24332,"CD Lugo","Lugo","78"
697125,"Olympique Marseille SRL","Olymp. Marseille SRL","78"
6224,"FK Sutjeska Niksic","Sutjeska Niksic","78"
1175347,"AS Roma","Roma","78"
225940,"Amed Sportif Faaliyetler","Amed","78"
2750,"US Sambenedettese","Sambenedettese","78"
24324,"Athletic Bilbao B","Athletic Bilbao B","78"
37123,"Bylis Ballsh","Bylis Ballsh","78"
24323,"Antequera CF","Antequera","78"
3291,"ASC Otelul Galati","Otelul Galati","78"
48912,"Gwangju FC","Gwangju","78"
25137,"SS Monopoli","Monopoli","78"
702133,"AZ Alkmaar SRL","Alkmaar SRL","78"
43686,"Trapani Calcio","Trapani","78"
6112,"Deportivo Cali","Cali","78"
502940,"Dunbeholden FC","Dunbeholden FC","78"
1672,"Le Mans FC","Le Mans","78"
1923,"WKW ETO FC Gyor","ETO Gyor","78"
7385,"Hapoel Ramat Gan Givatayim FC","Ramat Gan Givatayim","78"
7478,"Maccabi Herzliya","M. Herzliya","78"
25596,"Puskas Akademia FC Felcsut","Puskas Akademia","78"
2562,"Rot-Weiss Essen","Rot-Weiss Essen","78"
2954,"Roda JC Kerkrade","Roda","78"
117230,"US Folgore Caratese","Folgore Caratese","78"
35097,"CF Fuenlabrada","Fuenlabrada","78"
2956,"RKC Waalwijk","Waalwijk","78"
44441,"Al Duhail SC","AL Duhail","78"
2958,"Vitesse Arnhem","Vitesse","78"
373128,"Volos NPS","Volos","78"
35096,"UD Barbastro","Barbastro","78"
345762,"ASD Cjarlins Muzane","Cjarlins Muzane","78"
822802,"CD Platense","Platense","78"
117250,"USD Sestri Levante 1919","Sestri Levante","78"
2964,"SC Heerenveen","Heerenveen","78"
2968,"FC Volendam","Volendam","78"
36938,"POFC Botev Vratsa","Vratsa","78"
959123,"Brentford","Brentford","78"
286017,"Unionistas de Salamanca CF","Salamanca","78"
117356,"US Pianese","Pianese","78"
36839,"Defensa y Justicia","Defensa y Justicia","78"
1179385,"Zacatecoluca FC","Zacatecoluca FC","78"
3056,"Antalyaspor","Antalyaspor","78"
36785,"Ballinamallard United","Ballinamallard Utd","78"
957655,"Chapelton Maroons FC","Chapelton Maroons FC","78"
702141,"FC Utrecht SRL","Utrecht SRL","78"
2706,"Modena FC","Modena","78"
2698,"Perugia Calcio Spa","Perugia","78"
3174,"Shelbourne FC","Shelbourne","78"
926919,"ASD Sant'Angelo","Sant'Angelo","78"
2974,"Helmond Sport","Helmond","78"
2690,"Parma Calcio","Parma Calcio","78"
2017,"AD Confianca SE","Confianca","78"
2782,"AS Gubbio","Gubbio","78"
3011,"Santa Clara Azores","Santa Clara Azores","78"
2398,"AS Trencin","Trencin","77"
5200,"Hapoel Kfar Saba FC","Kfar Saba","77"
5199,"Hapoel Petah Tikva FC","H. Petah Tikva","77"
5063,"APO Levadiakos FC","Levadiakos","77"
5069,"Real Madrid Castilla","Real Madrid Castilla","77"
5138,"Gaziantep FK","Gaziantep","77"
697117,"Udinese Calcio SRL","Udinese Calcio SRL","77"
55611,"Karacabey Belediyespor","Karacabey","77"
55625,"Umraniyespor","Umraniye","77"
1055809,"Pro Palazzolo","Palazzolo","77"
56027,"Al Qadsiah","Al Qadsiah","77"
43858,"Campobasso FC","Campobasso","77"
61504,"Boyaca Patriotas","Patriotas","77"
42370,"Enugu Rangers International FC","Enugu Rangers","77"
42365,"Al Mokawloon Al Arab","Al Mokawloon","77"
425691,"FK IMT Novi Beograd","IMT Novi Beograd","77"
39521,"Hapoel Afula FC","Hapoel Afula","77"
77397,"Real Aviles CF","Aviles","77"
78135,"SL Benfica","Benfica","77"
680297,"HYH Sebaco FC","Sebaco","77"
1159,"SK Brann","Brann","77"
93105,"CD Armenio","Armenio","77"
111061,"MFK Skalica","Skalica","77"
37121,"KF Laci","Laci","77"
1684,"Angers SCO","Angers","77"
117252,"Vado FC","Vado","77"
1759,"Djurgardens IF","Djurgarden","77"
134320,"Young Africans SC","Young Africans SC","77"
170408,"Iskenderunspor AS","Iskenderun","77"
2040,"NK Osijek","Osijek","77"
2052,"Grazer AK 1902","GAK","77"
173406,"Zira FK","Zira","77"
2075,"TSV Hartberg","Hartberg","77"
174972,"Montevideo City Torque","Montevideo City","77"
374918,"Real Pilar FC","Real Pilar","77"
25401,"CD Toledo Sad","Toledo","77"
24336,"RC Celta Fortuna","Celta Fortuna","77"
24330,"CD Guadalajara","Guadalajara","77"
2417,"FC Koper","Koper","77"
2450,"FC Zurich","Zurich","77"
2463,"FC Vaduz","Vaduz","77"
216190,"CF Rayo Majadahonda","Majadahonda","77"
216878,"Manisa Futbol Kulubu","Manisa","77"
1175371,"SS Lazio","Lazio","77"
2528,"Hertha BSC","Hertha","77"
2532,"Energie Cottbus","Cottbus","77"
1175359,"Genoa CFC","Genoa CFC","77"
2553,"Karlsruher SC","Karlsruhe","77"
2581,"VfL 1899 Osnabruck","Osnabruck","77"
223518,"AZ Picerno","Picerno","77"
2707,"Ascoli Calcio 1898","Ascoli","77"
2744,"S.S.D. Virtus Ciseranobergamo 1909","Ciseranobergamo","77"
2745,"Carrarese Calcio","Carrarese","77"
2767,"Novara FC","Novara","77"
2770,"Mantova 1911","Mantova","77"
2801,"Frosinone Calcio","Frosinone","77"
2803,"Calcio Foggia","Foggia","77"
2901,"Standard Liege","Standard","77"
2918,"Oud-Heverlee Leuven","Leuven","77"
2922,"FCV Dender EH","Dender","77"
2965,"FC Emmen","Emmen","77"
2980,"VVV Venlo","Venlo","77"
275501,"ASD Pineto Calcio","Pineto","77"
3041,"Lion City Sailors FC","Lion City Sailors","77"
3054,"Goztepe Izmir","Goztepe Izmir","77"
3064,"Caykur Rizespor","Rizespor","77"
3065,"Kocaelispor","Kocaeli","77"
3080,"Sakaryaspor","Sakarya","77"
3091,"Hatayspor Antakya","Hatayspor","77"
7887,"FK Zeleziarne Podbrezova","Podbrezova","77"
7762,"Sevilla Atletico","Sevilla Atletico","77"
1015661,"GV Club Deportivo San Jose de Oruro","GV Club Deportivo San Jose de Oruro","77"
3342,"FCI Levadia Tallinn","Levadia Tallinn","77"
6226,"FK Decic Tuzi","FK Decic","77"
6107,"Boyaca Chico FC","Boyaca Chico","77"
823400,"SSD Novaromentin","Novaromentin","77"
5880,"FC Ingolstadt 04","Ingolstadt","77"
5393,"Hapoel Nof Hagalil FC","Hapoel Nof Hagalil","77"
4909,"Caernarfon Town FC","Caernarfon","77"
4915,"Haverfordwest County AFC","Haverfordwest","77"
5240,"FK Zeljeznicar Sarajevo","Zeljeznicar Sarajevo","77"
4952,"Sariyer SK","Sariyer","77"
24326,"Atletico Madrid B","Atletico Madrid B","76"
2671,"1. FC Cologne","1. FC Cologne","76"
43568,"Wadi Degla SC","Wadi Degla","76"
474236,"Juventus Next Gen","Juventus Next Gen","76"
1681,"Toulouse FC","Toulouse","76"
749377,"Torrent CF","Torrent","76"
362744,"Bravo Ljubljana","Bravo Ljubljana","76"
1174847,"Atletic Lleida CE","Lleida","76"
2010,"CS Alagoano AL","Alagoano","76"
4941,"Pontevedra CF","Pontevedra","76"
34316,"Esteghlal FC Tehran","Esteghlal","76"
21884,"Brusque FC SC","Brusque","76"
65204,"Hapoel Kfar Shalem FC","Hapoel Kfar Shelem","76"
1175375,"US Cremonese","Cremonese","76"
2547,"Union Berlin","Union Berlin","76"
2712,"SSC Bari","Bari","76"
42214,"CD Victoria La Ceiba","Victoria La Ceiba","76"
7692,"Polonia Bytom","Polonia","76"
39866,"Internacional FC De Palmira","Palmira","76"
2542,"VfL Bochum","Bochum","76"
5395,"Maccabi Netanya FC","Netanya","76"
77413,"Atletico Sanluqueno","Sanluqueno","76"
7380,"Hapoel Acre FC","Hapoel Acre","76"
493040,"Villa d'Alme Valle Brembana","Villa Valle","76"
219094,"ASD Varesina Calcio","Varesina","76"
421949,"Irapuato","Irapuato","76"
2760,"FC Sudtirol Bolzano","Sudtirol Bolzano","76"
336781,"Bergantinos FC","Bergantinos","76"
5403,"FK Vardar Skopje","FK Vardar Skopje","76"
5417,"KF Teuta","Teuta","76"
7937,"ASD Sorrento 1945","Sorrento","76"
1285,"Silkeborg IF","Silkeborg","76"
282653,"NK Varazdin","Varazdin","76"
153474,"Preah Khan Reach Svay Rieng FC","Svay Rieng","76"
2680,"SV Waldhof Mannheim 07","Mannheim","76"
37860,"SP La Fiorita","La Fiorita","76"
36019,"FK Mornar Bar","FK Mornar","76"
917495,"Mus 1984 Musspor","Mus","76"
3346,"Tallinna FC Flora","Tallinna","76"
2893,"KVC Westerlo","Westerlo","76"
2808,"ASD Nocerina 1910","Nocerina","76"
48244,"Aguilas Doradas Rionegro","Aguilas Doradas Rionegro","76"
7040,"Eyupspor","Eyupspor","76"
24516,"Reggiana 1919","Reggiana","76"
617264,"KF Malisheva","Malisheva","76"
1648,"Racing Club De Lens","Lens","76"
7802,"Genclerbirligi SK","Genclerbirligi","76"
36261,"AC Virtus","Virtus","76"
3140,"Kashiwa Reysol","Kashiwa","76"
2700,"Piacenza Calcio 1919","Piacenza","76"
1652,"ESTAC Troyes","Troyes","76"
36837,"CA Platense","Platense","76"
694929,"Real Sociedad SRL","Real Sociedad SRL","76"
24749,"Altinordu FK","Altinordu","76"
281275,"AC Vigasio","Vigasio","76"
44346,"VV Noordwijk","Noordwijk","76"
55393,"CS Constantine","Constantine","76"
2716,"Cosenza Calcio","Cosenza","76"
5330,"Birkirkara FC","Birkirkara","76"
391688,"AFK Csikszereda Miercurea Ciuc","AFK Csikszereda Miercurea Ciuc","76"
25529,"NK Istra 1961","Istra 1961","76"
3210,"CA Talleres de Cordoba","Talleres Cordoba","76"
194302,"Zesco United","Zesco Utd.","76"
2554,"1. FC Saarbrucken","Saarbrucken","76"
193312,"Abia Warriors FC","Abia Warriors","76"
2962,"NEC Nijmegen","Nijmegen","76"
2573,"Holstein Kiel","Kiel","76"
281285,"USD Adriese 1906","Adriese","76"
25737,"FK Radnicki Nis","Radnicki Nis","76"
397528,"Cardiff City","Cardiff","76"
24312,"FK Jezero Plav","Jezero","76"
24325,"CD Atletico Baleares","Atletico Baleares","76"
43751,"CD Teruel","Teruel","76"
5121,"Diosgyori VTK","Diosgyori","76"
368724,"Team Altamura","Altamura","76"
7739,"Dukla Prague","Dukla Prague","75"
135672,"CE Europa","Europa","75"
48224,"Utebo FC","Utebo","75"
2524,"VFL Wolfsburg","Wolfsburg","75"
3111,"Wisla Krakow","Wisla Krakow","75"
37689,"Kastamonuspor","Kastamonu","75"
621736,"ASD Calcio Brusaporto","Brusaporto","75"
3115,"Widzew Lodz","Widzew Lodz","75"
36525,"Club Tijuana de Caliente","Tijuana de Caliente","75"
195258,"Power Dynamos","Power Dynamos","75"
46160,"Jong Ajax Amsterdam","Jong Ajax Amsterdam","75"
2566,"Erzgebirge Aue","Aue","75"
499914,"Calcio Desenzano","Desenzano","75"
7674,"FK Napredak Krusevac","Napredak","75"
24328,"CA Osasuna B","Osasuna B","75"
2990,"Almere City FC","Almere","75"
24394,"AS Far Rabat","Far Rabat","75"
1758,"Hammarby IF","Hammarby","75"
33584,"Floriana FC","Floriana","75"
56313,"Kirklarelispor","Kirklareli","75"
6149,"FK Radnik Bijeljina","Bijeljina","75"
6151,"FK Velez Mostar","Velez Mostar","75"
2593,"SC Verl","Verl","75"
115185,"Pen-y-Bont FC","Pen-y-Bont","75"
24335,"CE Sabadell FC","Sabadell","75"
53064,"FK Kukesi","Kukesi","75"
5201,"Hapoel Haifa FC","Hapoel Haifa","75"
3272,"PFC Lokomotiv Plovdiv","Lok Plovdiv","75"
2576,"SV Darmstadt 98","Darmstadt","75"
1676,"Amiens SC","Amiens","75"
34220,"Gangwon FC","Gangwon","75"
694885,"RB Leipzig SRL","Leipzig SRL","75"
43981,"FK Radnicki 1923 Kragujevac","Radnicki Kragujevac","75"
36246,"NK Lokomotiva Zagreb","Lokomotiva","75"
1651,"FC Metz","Metz","75"
334071,"CD Guadalajara","Guadalajara","75"
533451,"Bendel Insurance FC","Bendel Insurance FC","75"
43759,"Yeclano Deportivo","Yeclano","75"
5195,"KF Tirana","Tirana","75"
66768,"Chelsea FC","Chelsea","75"
7061,"Yokohama FC","Yokohama","75"
2205,"FK Jablonec","Jablonec","75"
168806,"CD Plaza Amador Panama City","Plaza Amador","75"
36551,"Wolverhampton Wanderers FC","Wolverhampton","75"
498470,"Serik Belediyespor","Serik","75"
2567,"Jahn Regensburg","Regensburg","75"
544535,"Queens Park Rangers","Queens Park","75"
5394,"Hapoel Rishon Lezion FC","H. Rishon Lezion","75"
1173295,"CD Extremadura","Extremadura","75"
3252,"Aris Thessaloniki","Aris Thessaloniki","75"
599932,"US Follonica Gavorrano","Follonica Gavorrano","75"
5224,"Skenderbeu Korce","Skenderbeu Korce","75"
193318,"El Kanemi Warriors","El Kanemi","75"
24358,"Betis Deportivo Balompie","Betis Balompie","75"
425695,"FK Zeleznicar Pancevo","FK Zeleznicar Pancevo","75"
119066,"Araz Nakhchivan PFK","Araz","75"
5254,"CD El Nacional","El Nacional","75"
4489,"CF Algeciras","Algeciras","75"
23833,"DAC 1904 Dunajska Streda","Dunajska Streda","75"
36842,"Independiente Rivadavia","Rivadavia","75"
661,"Molde FK","Molde","75"
4485,"Treviso FBC 1993","Treviso","75"
2326,"FK Rostov","Rostov","75"
3161,"Universidad de Chile","U de Chile","75"
266595,"Academia Puerto Cabello","Puerto Cabello","75"
5062,"Atromitos Athinon","Atromitos Athinon","75"
81443,"Karaman FK","Karaman","75"
382284,"RFK Graficar Beograd","Graficar Beograd","75"
7628,"CA Tigre","Tigre","75"
44259,"FC Unirea 2004 Slobozia","Unirea Slobozia","75"
621774,"USD Breno","Breno","75"
3205,"Gimnasia y Esgrima La Plata","Gimnasia La Plata","75"
116312,"FC Iberia 1999","Iberia","75"
126304,"Lincoln Red Imps","Lincoln Red Imps","75"
5143,"FK Buducnost","Buducnost","75"
6585,"CD Alcoyano","Alcoyano","75"
1915,"MTK Budapest","MTK Budapest","75"
6586,"CF Badalona","Badalona","75"
32476,"Paide Linnameeskond","Paide","75"
117244,"ACD Asti Calcio","Asti","75"
611094,"CD Estepona","Estepona","75"
223522,"Reggina 1914","Reggina","75"
3090,"Sanliurfaspor","Sanliurfaspor","75"
2701,"Hellas Verona","Hellas Verona","75"
834504,"Sangiuliano City FC","Sangiuliano","75"
3099,"Batman Petrolspor","Batman","75"
3101,"Adana Demirspor","Adana","75"
401743,"Maccabi Bney Reine","Maccabi Bney Reine","75"
3280,"PFC Cherno More Varna","Varna","74"
279991,"KF Dukagjini","KF Dukagjini","74"
1671,"Grenoble Foot","Grenoble","74"
1678,"AS Saint-Etienne","Saint-Etienne","74"
36437,"Deportivo La Guaira","La Guaira","74"
120868,"Galatasaray SK","Galatasaray","74"
7663,"Kaizer Chiefs","Kaizer Chiefs","74"
3169,"Saint Patrick´s Athletic FC","St. Patrick´s","74"
216186,"RC Recreativo de Huelva","Huelva","74"
5316,"Portogruaro Calcio","Portogruaro","74"
2460,"Yverdon-Sport","Yverdon-Sport","74"
120224,"AE Kifisia FC","Kifisia","74"
36967,"FK Spartak Subotica","Spartak","74"
5239,"NK Siroki Brijeg","Siroki Brijeg","74"
117412,"ASD Gelbison","Gelbison","74"
697115,"Fiorentina SRL","Fiorentina SRL","74"
3217,"CA Rosario Central","Rosario","74"
1762,"IF Elfsborg","Elfsborg","74"
117262,"Legnago Salus","Legnago","74"
477280,"Gfk Dubocica","Gfk Dubocica","74"
510490,"Kahrabaa Ismailia","Kahrabaa Ismailia","74"
46168,"Jong PSV Eindhoven","Jong Eindhoven","74"
2420,"NK Maribor","Maribor","74"
46161,"Jong AZ Alkmaar","Jong AZ Alkmaar","74"
2551,"Greuther Furth","Greuther Furth","74"
927193,"Ikorodu City","Ikorodu City","74"
24337,"Valencia CF Mestalla","Valencia Mestalla","74"
53067,"Jong FC Utrecht","Utrecht","74"
4856,"SCR Altach","SCR Altach","74"
24352,"CDA Navalcarnero","Navalcarnero","74"
1173873,"Brian Lignano Calcio","Brian Lignano","74"
2541,"Hannover 96","Hannover","74"
2320,"Lokomotiv Moscow","Lokomotiv Moscow","74"
53365,"FC Viktoria Cologne","Viktoria Cologne","74"
44979,"Kepez Spor Futbol AS","Kepez","74"
2580,"SSV Ulm 1846","Ulm","74"
5556,"VfL Wolfsburg","Wolfsburg","74"
2308,"FBC Melgar","Melgar","74"
2723,"Pistoiese FC","Pistoiese","74"
2895,"St. Truidense VV","St. Truidense","74"
5764,"Inegolspor","Inegol","74"
54103,"SD Amorebieta","Amorebieta","74"
336771,"SD Tarazona","Tarazona","74"
621798,"CD Estradense","Estradense","74"
54369,"Swansea City","Swansea","74"
621772,"Luparense FC","Luparense","74"
2244,"Kuopion Palloseura","Kuopion Palloseura","74"
2242,"HJK Helsinki","HJK Helsinki","74"
25403,"Club Portugalete","Portugalete","74"
1042583,"Bournemouth","Bournemouth","74"
2947,"NAC Breda","Breda","74"
2219,"FC Slovan Liberec","Slovan Liberec","74"
933627,"Chisola Calcio","Chisola","74"
193328,"Shooting Stars","Shooting Stars","74"
2208,"FK Teplice","Teplice","74"
193324,"Nasarawa United","Nasarawa","74"
242060,"Niger Tornadoes FC","Niger Tornadoes","74"
191648,"Deportivo Riestra AFBC","Riestra","74"
5216,"Besa Kavaje","Besa Kavaje","74"
2522,"VfB Stuttgart II","Stuttgart II","74"
498464,"24 Erzincanspor","Erzincan","74"
43756,"Rayo Vallecano B","Rayo Vallecano B","74"
355890,"SDA Tordesillas","Tordesillas","74"
242062,"Plateau United","Plateau Utd","74"
43682,"AC Este","Este","74"
173810,"FK Vora","FK Vora","74"
223340,"SCD Ligorna 1922","Ligorna","74"
3000,"UD Leiria","Leiria","74"
170668,"Notaresco Calcio","Notaresco","74"
749373,"Girona FC B","Girona B","74"
34035,"Kataller Toyama","Kataller T","74"
531999,"FC Spaeri","FC Spaeri","74"
169260,"K Beerschot VA","Beerschot","74"
42369,"Bayelsa United FC","Bayelsa Utd","74"
273511,"FK Trayal Krusevac","Trayal","74"
41755,"Asante Kotoko","Asante","74"
1969,"AA Ponte Preta SP","Ponte Preta","74"
275325,"Erbaaspor","Erbaa","74"
8091,"Nomme Kalju FC","Nomme","74"
167564,"CD Varea","Varea","74"
4503,"MFk Dukla Banska Bystrica","Banska Bystrica","74"
6361,"Cavese 1919","Cavese","74"
369260,"Burgos CF Promesas","Burgos","74"
2676,"Hamburger SV","Hamburg","74"
167156,"CD Lealtad de Villaviciosa","Villaviciosa","74"
167106,"Cardiff Metropolitan University FC","Cardiff Met","74"
234888,"FC Annecy","Annecy","74"
364902,"Adr Jicaral","Adr Jicaral","74"
2747,"L’Aquila Calcio 1927","L’Aquila","74"
1922,"Zalaegerszeg TE","Zalaegerszeg","74"
3068,"Elazigspor","Elazig","74"
85743,"Ratchaburi FC","Ratchaburi","74"
1288,"Viborg FF","Viborg","74"
308036,"Katsina United FC","Katsina United FC","74"
734591,"AC Saluzzo Calcio","Saluzzo","74"
35888,"Al Zawraa","Al Zawraa","74"
2694,"AC Chievo Verona","Chievo","74"
3113,"Zaglebie Lubin","Zaglebie Lubin","74"
134976,"Mushuc Runa SC","Mushuc Runa","74"
2557,"Eintracht Braunschweig","Braunschweig","74"
739509,"Fulham FC","Fulham","74"
746593,"USD Casatese Merate","Casatese Merate","74"
134276,"Kano Pillars FC","Kano Pillars","74"
5144,"FK Javor Ivanjica","Javor","74"
366802,"CD Arenteiro","Arenteiro","74"
1655,"SC Bastia","Bastia","74"
3343,"JK Narva Trans","Narva","73"
2546,"Alemannia Aachen","Aachen","73"
2772,"Pro Sesto","Sesto","73"
2533,"Hansa Rostock","Rostock","73"
1044649,"SD Sarriana","Sarriana","73"
5157,"FK Zemun","Zemun","73"
369282,"Juventud Torremolinos CF","Torremolinos","73"
218350,"Sheffield United","Sheffield United","73"
214210,"CD Walter Ferretti","Walter Ferretti","73"
2454,"FC Thun","Thun","73"
2403,"1. FC Tatran Presov","Presov","73"
24349,"Club Marino de Luanco","Luanco","73"
2853,"CD Badajoz","Badajoz","73"
2857,"Terrassa FC","Terrassa","73"
1173861,"Oltrepo FBC","Oltrepo","73"
369458,"CD Quintanar del Rey","Quintanar del Rey","73"
1173857,"ASD Cairese 1919","Cairese","73"
2883,"UD San Sebastian Reyes","San Sebastian Reyes","73"
2305,"Universitario de Deportes","Universitario","73"
2301,"CS Cienciano","Cienciano","73"
5160,"FK Borac Cacak","Cacak","73"
24744,"Union Clodiense","Clodiense","73"
369058,"AD Torrejon CF","Torrejon","73"
25153,"Scafatese Calcio 1922","Scafatese","73"
2960,"Sparta Rotterdam","Sparta","73"
191850,"KFC Komarno","Komarno","73"
2967,"Excelsior Rotterdam","Excelsior","73"
25787,"SCU Torreense","Torreense","73"
2977,"Heracles Almelo","Heracles Almelo","73"
368702,"AC Crema 1908","Crema","73"
2998,"SC Farense","Farense","73"
21905,"Shonan Bellmare","Shonan","73"
34425,"FK Krasnodar","Krasnodar","73"
749259,"CD Cortes Navarre","Cortes","73"
167164,"UD Socuellamos CF","Socuellamos","73"
1949,"Atlas FC","Atlas","73"
5251,"CD Cuenca","Cuenca","73"
35076,"Patro Eisden Maasmechelen","Maasmechelen","73"
336783,"SD Beasain","Beasain","73"
336785,"CD Palencia Cristo Atletico","Palencia Cristo","73"
697167,"Besiktas JK SRL","Besiktas SRL","73"
277837,"KF Ferizaj","KF Ferizaj","73"
277839,"SC Gjilani","SC Gjilani","73"
746597,"SSD Real Calepina FC","Calepina","73"
7827,"TSV Havelse","Havelse","73"
746589,"ASD Imperia 1923","Imperia","73"
36546,"Sunderland","Sunderland","73"
7646,"FC Seoul","Seoul","73"
618454,"USD Castellanzese 1921","Castellanzese","73"
397540,"Charlton Athletic","Charlton Athletic","73"
3203,"CA Belgrano de Cordoba","Belgrano de Cordoba","73"
117318,"Imolese Calcio","Imolese","73"
117198,"Beykoz Anadoluspor","Beykoz","73"
117186,"68 Aksaray Belediyespor","Aksaray","73"
1680,"Clermont Foot 63","Clermont Foot","73"
37057,"UD Logrones","UD Logrones","73"
1658,"Stade Rennais FC","Stade Rennais","73"
1647,"FC Nantes","Nantes","73"
1642,"Montpellier HSC","Montpellier","73"
37141,"KS Pogradeci","Pogradec","73"
115051,"CD Tropezon","Tropezon","73"
6982,"Volta Redonda FC RJ","Volta Redonda","73"
6921,"US Orleans","Orleans","73"
37956,"FK Arsenal Tivat","FK Arsenal","73"
1291,"AGF Aarhus","Aarhus","73"
3407,"AEL Limassol","AEL Limassol","73"
1036059,"Real Madrid C","Real Madrid C","73"
6363,"1928 Bucaspor","Buca","73"
6347,"Panserraikos FC","Panserraikos","73"
39946,"Muang Thong United","Muang Thong","73"
1031053,"AVS Futebol SAD","AVS Futebol SAD","73"
434002,"Deportes Limache","Deportes Limache","73"
6233,"Monagas SC","Monagas","73"
65672,"CA Excursionistas","Excursionistas","73"
65668,"CA Barracas Central","Barracas","73"
6216,"OFK Petrovac","Petrovac","73"
361482,"CD Ciudad de Lucena","Lucena","73"
694827,"Brighton & Hove Albion SRL","Brighton SRL","73"
694833,"Crystal Palace SRL","Crystal Palace SRL","73"
1037339,"Aliaga Futbol","Aliaga","73"
5068,"CF Lorca Deportiva","Lorca","73"
357042,"ASD Seravezza Pozzi Calcio","Seravezza","73"
58327,"Gzira United FC","Gzira Utd","73"
6070,"Paris FC","Paris","73"
1037357,"Adana 01 FK","Adana","73"
933647,"Tau Calcio Altopascio","Altopascio","73"
933643,"Orvietana Calcio","Orvietana","73"
350748,"CD Villacanas","Villacanas","73"
44443,"Al Ahli Doha SC","Al Ahli Doha","73"
458599,"CF Intercity","Intercity","73"
53857,"Casertana FC","Casertana","73"
5543,"Bayern Munich","Munich","73"
5407,"FK Sileks Kratovo","Sileks Kratovo","73"
49199,"Rio Branco AC ES","Rio Branco","73"
5333,"Maccabi Petah Tikva FC","Maccabi Petah Tikva","73"
342882,"Al Wahda FC (UAE)","Al Wahda","73"
476270,"US Citta Di Fasano","Fasano","73"
47328,"SD Ejea","Ejea","73"
5295,"FC Bassano 1903 ASD","Bassano","73"
2598,"SV 07 Elversberg","Elversberg","73"
2721,"US Ancona 1905","Ancona","73"
2591,"1. FC Magdeburg","Magdeburg","73"
223500,"Lentigione Calcio","Lentigione","73"
223496,"ACD Campodarsego Calcio","Campodarsego","73"
223494,"FC Calvi Noale","Noale","73"
37124,"Kastrioti Kruje","Kastrioti Kruje","72"
5331,"Hibernians FC Paola","Hibernians","72"
215048,"FC Juarez","Juarez","72"
7034,"Muglaspor","Mugla","72"
111127,"FK Radnik Surdulica","Radnik","72"
737435,"FC Dynamo-Makhachkala","Dynamo-Makhachkala","72"
108211,"AF Sporting San Miguelito","San Miguelito","72"
5206,"Sliema Wanderers","Sliema","72"
1884,"Hammarby IF","Hammarby","72"
3117,"Pogon Szczecin","Pogon Szczecin","72"
3112,"GKS Katowice","Katowice","72"
93525,"Argentino de Quilmes","Quilmes","72"
3105,"Ruch Chorzow","Ruch Chorzow","72"
307068,"El Sekka El Hadid","El Sekka El Hadid","72"
37862,"SP Tre Penne","Tre Penne","72"
223506,"GSD Ghiviborgo VDS","Ghiviborgo","72"
3361,"FC Dinamo Minsk","Dinamo Minsk","72"
35191,"Ankara Demirspor","Ankara Demirspor","72"
1161,"Rosenborg BK","Rosenborg","72"
697119,"Torino FC SRL","Torino SRL","72"
552141,"OFK Vrsac","OFK Vrsac","72"
879513,"We SC","We SC","72"
78151,"Sporting CP","Sporting","72"
38729,"Puszcza Niepolomice","Niepołomice","72"
77863,"Watford FC","Watford","72"
6475,"De Treffers Groesbeek","Treffers Groesbeek","72"
77623,"Guzide Gebzespor","Guzide Gebzespor","72"
3043,"BG Tampines Rovers","BG Tampines Rovers","72"
77267,"SD Logrones","SD Logrones","72"
933657,"Sarrabus Ogliastra","Sarrabus","72"
39525,"Hapoel Hadera FC","Hapoel Hadera","72"
223502,"Sammaurese Calcio","Sammaurese","72"
215484,"Racing Club Villalbes","Villalbes","72"
276385,"ACS Sepsi OSK Sfantu Gheorghe","Sepsi OSK","72"
34990,"AC Savoia 1908","Savoia","72"
547561,"Athletic Club Sjdr MG","Athletic Club Sjdr","72"
5255,"CS Emelec","Emelec","72"
3025,"GD Chaves","Chaves","72"
168088,"Al-Riyadh SC","Al-Riyadh","72"
438132,"Indigenas de Matagalpa FC","Indigenas de Matagalpa","72"
314333,"Phrae United","Phrae United","72"
362898,"Lobos UPNFM","Lobos","72"
218210,"Juticalpa FC","Juticalpa FC","72"
170664,"G.S.D. Castelfidardo Calcio","Castelfidardo","72"
1048261,"AVC Vogherese 1919","Vogherese","72"
1053645,"ASD Sora Calcio 1907","Sora","72"
1170829,"Kahramanmaras Istiklalspor","Kahramanmaras","72"
33819,"FC Dila Gori","Dila Gori","72"
694821,"AFC Bournemouth SRL","Bournemouth SRL","72"
5159,"FK Vozdovac Belgrade","Vozdovac Belgrade","72"
1173933,"ASD Castrumfavara","Castrumfavara","72"
694835,"Everton FC SRL","Everton SRL","72"
361464,"CD Coria","Coria","72"
694859,"Wolverhampton Wanderers SRL","Wolverhampton SRL","72"
33572,"Mosta FC","Mosta","72"
6110,"Deportes Quindio","Quindio","72"
2113,"Blau-Weiss Linz","BW Linz","72"
921117,"FC Vigor Senigallia","Senigallia","72"
1173937,"Enna Calcio SCSD","Enna","72"
1180035,"UE Porreres","Porreres","72"
43749,"Caudal Deportivo","Caudal","72"
6074,"CD Godoy Cruz","Godoy Cruz","72"
625712,"Isparta 32 Sporu","Isparta","72"
32642,"PFC Montana 1921","Montana","72"
6063,"Kasimpasa Istanbul","Kasimpasa","72"
43753,"Getafe CF B","Getafe B","72"
462413,"CA Antoniano","Antoniano","72"
369152,"Real Oviedo Vetusta","Real Oviedo Vetusta","72"
376284,"Abo Qair Semads","Abo Qair Semads","72"
2203,"FK Austria Wien","Austria","72"
2595,"Dynamo Dresden","Dresden","72"
2951,"FC Groningen","Groningen","72"
2217,"FC Hradec Kralove","Hradec Kralove","72"
2220,"FC Zlin","Zlin","72"
25144,"ASD Cassino Calcio 1924","Cassino","72"
323413,"Colchester United","Colchester","72"
210336,"Cruzeiro EC MG","Cruzeiro","72"
350828,"FC Polissya Zhytomyr","Polissya Zhytomyr","72"
210370,"Argentino de Merlo","Argentino de Merlo","72"
2720,"ACR Messina","Messina","72"
44459,"Viimsi JK","Viimsi","72"
687,"Fredrikstad FK","Fredrikstad","72"
5153,"OFK Beograd","Beograd","72"
54125,"Real Zaragoza Deportivo Aragon","Zaragoza Aragon","72"
24366,"UB Conquense","Conquense","72"
2881,"Real Union de Irun","Irun","72"
53755,"Naxxar Lions FC","Naxxar Lions","72"
5131,"RFK Akhmat Grozny","Akhmat Grozny","72"
5419,"FC Torpedo Kutaisi","Kutaisi","72"
2880,"CD Linares","Linares","72"
1044789,"Forsempronese 1949 SD ARL","Forsempronese 1949 SD ARL","72"
775024,"La Viena FC","La Viena FC","72"
24364,"Sestao River Club","Sestao","72"
24361,"Real Valladolid Promesas","Valladolid Promesas","72"
24350,"UD Melilla","Melilla","72"
369426,"CD Binefar","Binefar","72"
5392,"Bnei Sakhnin FC","Bnei Sakhnin","72"
5391,"MS Ashdod","Ashdod","72"
4865,"SK Hanacka Slavia Kromeriz","SK Hanacka Slavia Kromeriz","72"
369388,"CD Arnedo","Arnedo","72"
2838,"CD Xerez","CD Xerez","72"
2410,"Mura Murska Sobota","Mura Murska Sobota","72"
369334,"CA Pulpileno","Pulpileno","72"
117272,"AC Gozzano","Gozzano","72"
401285,"FK Jedinstvo UB","FK Jedinstvo UB","72"
1764,"AIK","AIK","72"
1711,"US Boulogne","Boulogne","72"
36833,"Atletico Tucuman","Tucuman","72"
117226,"Derthona FBC 1908 ASD","Derthona","72"
117190,"1461 Trabzon FK","Trabzon","72"
37053,"RSD Alcala SAD","Alcala","72"
117422,"FC Francavilla 1931","Francavilla 1931","72"
36550,"Burnley FC","Burnley","72"
2588,"Fortuna Dusseldorf","Dusseldorf","72"
3240,"Montevideo Wanderers","Wanderers","72"
36387,"Flamurtari Vlore","Flamurtari","72"
2451,"Neuchatel Xamax","Neuchatel Xamax","72"
299146,"FC Struga Trim Lum","Struga Trim Lum","72"
746587,"Varese FC","Varese FC","72"
37064,"FK Sloga Doboj","Sloga","72"
37090,"Flint Town United","Flint Town Utd","72"
2455,"FC Wil 1900","Wil","72"
37120,"Apolonia Fier","Apolonia Fier","72"
3277,"FC Lokomotiv 1929 Sofia","Lokomotiv Sofia","72"
278257,"Xerez Deportivo FC","Xerez Deportivo","72"
3143,"Avispa Fukuoka","Avispa","72"
239026,"Al Quwa Al Jawiya","Al Quwa Al Jawiya","72"
134190,"El Qanah FC","Al Qanah","72"
2785,"US Grosseto","Grosseto","71"
5399,"Hapoel Ironi Kiryat Shmona FC","Kiryat Shmona","71"
58317,"El Dakhleya Sc","El Dakhleya","71"
53296,"Chrobry Glogow","Glogow","71"
7105,"JK Tallinna Kalev","Tallinna Kalev","71"
24356,"Rayo Cantabria","Rayo Cantabria","71"
624080,"OFK Mladost DG","OFK Mladost DG","71"
37137,"KS Burreli","Burreli","71"
188567,"El Mansurah","El Mansurah","71"
37153,"FK Otrant-Olympic Ulcinj","Otrant-Ol. Ulcinj","71"
115059,"UE Olot","Olot","71"
115057,"Elche Ilicitano CF","Elche Ilicitano","71"
6064,"Bohemians Prague 1905","Bohemians Prague","71"
37179,"Olimpia Grudziadz","Grudziadz","71"
5212,"FK Rabotnicki Skopje","Rabotnicki Skopje","71"
113763,"SSD Ischia Calcio","Ischia","71"
1685,"Pau FC","Pau","71"
37297,"FC Dinamo Batumi","Dinamo Batumi","71"
112491,"CA Acassuso","Acassuso","71"
111201,"Termoli","Termoli","71"
365992,"CD Roda","Roda","71"
1662,"Le Havre AC","Le Havre","71"
7916,"Odra Opole","Opole","71"
2971,"PEC Zwolle","Zwolle","71"
109319,"CD Dragon","Dragon","71"
2459,"AC Bellinzona","Bellinzona","71"
188577,"Baladiyyat AL Mehalla","AL Mehalla","71"
37390,"FC Rapperswil-Jona","Rapperswil-Jona","71"
24343,"FC Barcelona Atletic","Barcelona Atletic","71"
3238,"CA Progreso","Progreso","71"
2740,"AC Prato 1908","Prato 1908","71"
24342,"RC Deportivo Fabril","Deportivo Fabril","71"
37750,"FK Kapaz","Kapaz","71"
3147,"FC Tokyo","Tokyo","71"
193668,"Aguilas FC","Aguilas","71"
3141,"Cerezo Osaka","Cerezo","71"
6925,"Rodez Aveyron Football","Rodez","71"
219174,"CD Cayon","Cayon","71"
697147,"Stade Brestois 29 SRL","Stade Brestois SRL","71"
694907,"Valencia CF SRL","Valencia SRL","71"
7084,"FC Vion Zlate Moravce - Vrable","Zlate Moravce","71"
494374,"Manchester United WFC","Manchester United","71"
7934,"Paganese Calcio","Paganese","71"
6879,"Liverpool Montevideo","Liverpool M","71"
148072,"Atletico Petroleos de Luanda","Luanda","71"
5322,"SSD Sanremese Calcio","Sanremese","71"
386360,"Al-Kholood","Al-Kholood","71"
6588,"Pena Sport FC","Pena Sport","71"
466253,"Atletico Ascoli","Ascoli","71"
37055,"Espanyol Barcelona B","Esp. Barcelona B","71"
5241,"Botev Plovdiv","Botev Plovdiv","71"
35162,"Stade Lausanne Ouchy","Lausanne Ouchy","71"
86406,"Hapoel Jerusalem FC","Hapoel Jerusalem","71"
1164,"Viking FK","Viking","71"
56031,"Al-Raed Club","Al-Raed","71"
3405,"Enosis Neon Paralimni FC","Paralimni","71"
393756,"NK Dubrava Zagreb","Dubrava Zagreb","71"
3069,"Adanaspor","Adana","71"
1924,"Ujpest FC Budapest","Ujpest Budapest","71"
621306,"CD Utiel","Utiel","71"
44227,"SD Oyonesa","Oyonesa","71"
3057,"Ankaraspor","Ankaraspor","71"
38396,"CD Tondela","Tondela","71"
36255,"Bala Town FC","Bala","71"
818704,"Club General Caballero JLM","Caballero","71"
308746,"UD Poblense","Poblense","71"
3055,"Bursaspor","Bursa","71"
3212,"Newell's Old Boys","Newell's Old Boys","71"
391386,"Asyut Petroleum","Asyut Petroleum","71"
167154,"Atletico Astorga FC","Astorga","71"
3145,"Urawa Red Diamonds","Urawa","71"
167158,"CF Trival Valderas Alcoron","Alcoron","71"
44321,"UD Almeria B","Almeria B","71"
927029,"ASD Terranuova Traiana","Terranuova Traiana","71"
1033891,"Reus FC Reddis","Reus","71"
2535,"Borussia Dortmund II","Dortmund II","71"
44355,"Menemenspor AS","Menemen","71"
117390,"SSD Albalonga","Albalonga","71"
7581,"FK Bokelj Kotor","FK Bokelj","71"
55121,"FC LA Union Atletico","LA UNION ATLETICO","71"
36951,"Turan Tovuz","Turan Tovuz","71"
3036,"Rio Ave FC","Rio Ave","71"
47330,"CF Atletico de Monzon","Monzon","71"
493560,"UD Tamaraceite","Tamaraceite","71"
2555,"SpVgg Unterhaching","Unterhaching","71"
76755,"ASD Sarnese 1926","Sarnese","71"
73885,"SC Wiener Viktoria","Wiener Viktoria","71"
697123,"Genoa CFC SRL","Genoa SRL","71"
24759,"Yeni Malatyaspor","Malatya","71"
336769,"UD San Fernando","San Fernando","71"
42202,"JS Kabylie","Kabylie","71"
5151,"FK Smederevo 1924","Smederevo","71"
168802,"CA Independiente de La Chorrera","CAI de La Chorrera","71"
3018,"Leixoes SC","Leixoes","71"
169150,"Brighton and Hove Albion","Brighton and Hove","71"
5148,"FK Cukaricki Belgrade","Cukaricki","71"
616722,"Somaspor","Somaspor","71"
216196,"Arenas Club Getxo","Getxo","71"
216774,"SD Formentera","Formentera","71"
283185,"SC Trestina","Trestina","71"
336787,"CD Huetor Tajar","Huetor Tajar","71"
3014,"Moreirense FC","Moreirense","71"
54117,"Arandina CF","Arandina","71"
3013,"Nacional da Madeira","Nacional","71"
621976,"CD Mirandes B","Mirandes B","71"
34313,"Al-Shabab FC (SA)","Al-Shabab","71"
622168,"CD Cuarte","Cuarte","71"
623396,"UD Castellonense","Castellonense","71"
346122,"Kenya Police FC","Kenya Police FC","71"
2561,"SC Paderborn 07","Paderborn","71"
461193,"AD Llerenense","Llerenense","71"
362650,"CD Cieza","Cieza","71"
750157,"Club Atletico Central","Atletico Central","71"
3134,"Kashima Antlers","Kashima","71"
369276,"SD Almazan","Almazan","71"
934343,"Union Molinense CF 2020","Union Molinense","71"
366880,"Puente Genil FC","Puente Genil","71"
53715,"Tractor Tabriz","Tractor Tabriz","71"
23951,"MFK Karvina","Karvina","71"
3149,"Kyoto Sanga FC","Kyoto Sanga","71"
498412,"Independiente Petrolero","Independiente Petrolero","71"
33578,"Zabbar Saint Patrick FC","St Patrick","71"
369272,"Salamanca CF UDS","Salamanca","71"
824474,"UD Torre Del Mar","Torre Del Mar","71"
24365,"Sporting Atletico","Sporting Atletico","71"
1037343,"Kucukcekmece Sinop Spor","Kucukcekmece","71"
694871,"Borussia Monchengladbach SRL","Monchengladbach SRL","71"
49531,"FC Famalicao","Famalicao","71"
1115485,"Cittadella Vis Modena","Modena","71"
1180041,"CF Santomera","Santomera","71"
7605,"FC Differdange 03","Differdange","71"
2497,"Etoile Carouge FC","Etoile Carouge","71"
5405,"WSG Tirol","Tirol","71"
3255,"Athens Kallithea FC","Athens Kallithea","71"
1950,"Atletico San Luis","San Luis","70"
702139,"FC Twente Enschede SRL","Twente Enschede SRL","70"
47326,"CD Valle de Egues","Valle de Egues","70"
923161,"Quepos Cambute","Quepos Cambute","70"
493536,"CD Ibiza Islas Pitiusas","Ibiza Islas Pitiusas","70"
493708,"CDFC La Calzada","La Calzada","70"
921727,"UE Tona","Tona","70"
456607,"Calvo Sotelo Puertollano","Puertollano","70"
1646,"AJ Auxerre","Auxerre","70"
1667,"SM Caen","Caen","70"
1675,"Nancy-Lorraine","Nancy-Lorraine","70"
834276,"Real Monterotondo Scalo","Monterotondo","70"
1944,"Club Necaxa","Necaxa","70"
831304,"CD Escorpiones Belen","CD Escorpiones Belen","70"
2019,"AS Arapiraquense AL","Arapiraquense","70"
378092,"FC Universitario de Vinto","Universitario de Vinto","70"
376278,"National Bank of Egypt SC","National Bank Egypt","70"
376192,"El Terasanah","El Terasanah","70"
2221,"SK Dynamo Ceske Budejovice","Ceske Budejovice","70"
2319,"Torpedo Moscow","Torpedo Moscow","70"
2424,"Aluminij Kidricevo","Aluminij Kidricevo","70"
2586,"Offenbacher FC Kickers 1901","Offenbach","70"
2709,"Siena 1904","Siena","70"
2748,"Chieti FC 1922","Chieti","70"
2752,"Teramo Calcio","Teramo","70"
369172,"UD Samano","Samano","70"
2780,"Aquila Montevarchi","Aquila Montevarchi","70"
369140,"CD Covadonga","Covadonga","70"
2798,"Fidelis Andria","Andria","70"
2872,"CF Motril","Motril","70"
2957,"Fortuna Sittard","Sittard","70"
3003,"FC Pacos Ferreira","Pacos Ferreira","70"
3010,"Gil Vicente Barcelos","Vicente Barcelos","70"
3026,"Portimonense SAD","Portimonense SAD","70"
3072,"Kayserispor","Kayserispor","70"
3108,"WKS Slask Wroclaw","Slask Wroclaw","70"
3132,"Jubilo Iwata","Jubilo I","70"
3139,"Tokyo Verdy","Tokyo V","70"
3219,"CA Banfield","Banfield","70"
3265,"AE Larissa FC","Larissa","70"
365678,"52 Orduspor FK","Ordu","70"
364910,"AD Cariari Pococi","Cariari Pococi","70"
3403,"Anorthosis Famagusta","Anorthosis Famagusta","70"
825968,"Rayo Vallecano","Vallecano","70"
4871,"1. FC Slovacko Uherske Hradiste","Slovacko Uherske H.","70"
4937,"Instituto AC Cordoba","Instituto Cordoba","70"
337647,"FC Telavi","Telavi","70"
5136,"FC Vizela","Vizela","70"
5171,"FC Dinamo Tbilisi","Dinamo Tbilisi","70"
603052,"SV Rot-Weiss Walldorf","Walldorf","70"
5215,"Neftchi Baku PFC","Baku","70"
5249,"SD Aucas","Aucas","70"
5325,"SS Manfredonia Calcio","Manfredonia","70"
6001,"CSD Macara","Macara","70"
318005,"Parnu JK Vaprus","Parnu Vaprus","70"
6157,"SV Sandhausen","Sandhausen","70"
806274,"CD Castellon B","Castellon B","70"
473994,"UD Ourense","Ourense","70"
297884,"Bristol City","Bristol","70"
7529,"FK Ural Yekaterinburg","Ural Yekaterinburg","70"
281379,"FBC Gravina","Gravina","70"
618572,"Coventry City","Coventry","70"
7771,"FK Mladost Lucani","Mladost Lucani","70"
7885,"MFK Zemplin Michalovce","Michalovce","70"
276757,"Al-Adalah","Al-Adalah","70"
274083,"CF Montanesa","Montanesa","70"
274015,"FK Tekstilac Odzaci","Tekstilac Odzaci","70"
1168911,"SD Eibar B","Eibar B","70"
621776,"SCD Progresso","Progresso","70"
250225,"CD Marchamalo","Marchamalo","70"
223534,"Virtus Francavilla Calcio","Virtus Francavilla","70"
218154,"ASD Trastevere Calcio","Trastevere","70"
218152,"UD Santa Marta","Santa Marta","70"
215822,"ND Beltinci","Beltinci","70"
215218,"CD Ebro","Ebro","70"
24036,"Shamakhi FK","Shamakhi ","70"
204573,"FC Samartex","Samartex","70"
25313,"CD Alfaro","Alfaro","70"
627082,"CF Jaraiz","Jaraiz","70"
197434,"FK Panevezys","Panevezys","70"
25542,"Omonia Aradippou","Aradippou","70"
751951,"CD Mostoles URJC","Mostoles","70"
189099,"Gimnasia y Esgrima Mendoza","Mendoza","70"
26245,"Olympique Lyon","Lyon","70"
1180029,"CD Atletico Mansilles","Mansilles","70"
33714,"Club Aurora","Aurora","70"
1182769,"Atletico Lodigiani","Lodigiani","70"
170660,"ASD Flaminia Civita Castellana","Civita Castellana","70"
170654,"ASD San Donato Tavarnelle","San Donato Tavarnelle","70"
34318,"Al-Ittifaq FC","Al-Ittifaq","70"
168086,"Al-Hazm","Al-Hazm","70"
168072,"Al-Tai","Al-Tai","70"
167168,"UP Langreo","Langreo","70"
167162,"UE Cornella","Cornella","70"
167160,"SD Leioa","Leioa","70"
166002,"UM Escobedo","Escobedo","70"
162368,"Riga FC","Riga FC","70"
998831,"Proxy SC","Proxy SC","70"
36365,"Casa Pia Lisbon","Casa Pia","70"
130034,"Briton Ferry","Briton Ferry","70"
36540,"Hull City","Hull","70"
36865,"FC Gagra","FC Gagra","70"
117404,"ASD Anzio Calcio 1924","Anzio","70"
744135,"Estrela Amadora","Estrela Amadora","70"
117204,"Al Hussein Irbid","Al Hussein Irbid","70"
743099,"Arnavutkoy Belediyesi Genclik Ve Spor","Arnavutkoy","70"
37864,"Cosmos Serravalle","Cosmos Serravalle","70"
90138,"Paris Saint-Germain FC","PSG","70"
79081,"Metaloglobus Bucuresti","Metaloglobus","70"
76805,"CF Peralada","Peralada","70"
42361,"Stade D abidjan","Stade D abidjan","70"
42611,"Berekum Chelsea","Berekum Ch.","70"
61702,"Ironi Tiberias","Ironi Tiberias","70"
694857,"West Ham United SRL","West Ham SRL","70"
43564,"Enppi Club","Enppi","70"
694865,"FSV Mainz SRL","Mainz SRL","70"
59638,"US Monastir","Monastir","70"
694891,"TSG 1899 Hoffenheim SRL","Hoffenheim SRL","70"
694893,"VfL Wolfsburg SRL","Wolfsburg SRL","70"
694895,"Werder Bremen SRL","Bremen SRL","70"
475506,"RCD Carabanchel","Carabanchel","70"
694915,"Sevilla FC SRL","Sevilla SRL","70"
55779,"Naxara CD","Naxara","70"
44230,"CD Tudelano","Tudelano","70"
44497,"Sumqayit FK","Sumqayit","70"
460341,"FE Grama","Grama","69"
4490,"Atletico Malagueno","Atletico Malagueno","69"
4499,"Karsiyaka","Karsiyaka","69"
697107,"Parma Calcio 1913 SRL","Parma SRL","69"
697105,"Hellas Verona SRL","Hellas Verona SRL","69"
4500,"Estoril Praia","Estoril","69"
664,"Lillestroem SK","Lillestroem","69"
494222,"Cultural Deportiva Leonesa B","Cultural Leonesa B","69"
55841,"SSV Scheveningen","Scheveningen","69"
460323,"CD Tarancon","Tarancon","69"
188587,"Raya Ghazl SC","Raya Ghazl","69"
55511,"FC Twente Enschede","Twente","69"
44343,"VV Katwijk","Katwijk","69"
515042,"Al Bukiryah","Al Bukiryah","69"
44463,"CS Sfaxien","Sfaxien","69"
361472,"Moralo CP","Moralo","69"
493228,"Las Rozas CF","Las Rozas","69"
459823,"UD Tomares","Tomares","69"
4916,"Llanelli Town","Llanelli Town","69"
26011,"Matsumoto Yamaga FC","Matsumoto","69"
752197,"RAAL La Louviere","La Louviere","69"
117382,"Sassari Calcio Latte Dolce","Sassari","69"
117364,"US Recanatese","Recanatese","69"
117334,"AS Ostia Mare Lido Calcio","Ostia","69"
190658,"SC Sagamihara","Sagamihara","69"
37048,"CD Izarra","Izarra","69"
2211,"FK Viktoria Zizkov","Zizkov","69"
37051,"CF Villanovense","Villanovense","69"
195280,"Red Arrows","Red Arrows","69"
25400,"CD Don Benito","Don Benito","69"
37097,"Cambrian United","Cambrian","69"
116239,"AD San Juan Pamplona","San Juan Pamplona","69"
626998,"EF Puebla de la Calzada","Puebla de la Calzada","69"
1039997,"CD Villaralbo","Villaralbo","69"
210348,"Gremio FB Porto Alegrense RS","Gremio Porto Alegrense","69"
24802,"CSM Unirea Alba Iulia","CSM Unirea Alba Iulia","69"
113765,"AC Tuttocuoio 1957","Tuttocuoio","69"
369456,"CD Pedroneras","Pedroneras","69"
2333,"FK Rubin Kazan","Rubin Kazan","69"
2334,"FK Sochi","Sochi","69"
2414,"Primorje Ajdovscina","Primorje Ajdovscina","69"
964055,"Nations FC","Nations FC","69"
828282,"AD Ceuta FC B","Ceuta B","69"
214054,"FK Septemvri Sofia","Septemvri Sofia","69"
105963,"MKS Chojniczanka Chojnice","Chojnice","69"
216192,"CD Mensajero","Mensajero","69"
168094,"Al-Fayha FC","Al-Fayha","69"
37800,"BVV Barendrecht","Barendrecht","69"
758264,"Ceramica Cleopatra","Ceramica Cleopatra","69"
2472,"FC Biel-Bienne","Biel-Bienne","69"
167232,"Petrocub Hincesti","Petrocub Hincesti","69"
216776,"CD Laredo","Laredo","69"
37858,"SC Faetano","Faetano","69"
369298,"CD Utrera","Utrera","69"
216992,"Atletico Albacete","Albacete","69"
37861,"SS San Giovanni","San Giovanni","69"
759502,"Al-Najma","Al-Najma","69"
2490,"FC Stade Nyonnais","Stade Nyonnais","69"
369266,"CD Becerril","Becerril","69"
369248,"CF La Nucia","La Nucia","69"
220340,"KF Korabi Peshkopi","Korabi Peshkopi","69"
939965,"Mazidagi Fosfat Spor","Mazidagi","69"
2590,"SC Preussen 06 Munster","Munster","69"
4868,"FK Usti nad Labem","Usti nad Labem","69"
625836,"Yeni Mersin Idmanyurdu","Mersin","69"
35330,"Miedz Legnica","Legnica","69"
168084,"Al-Batin","AL Batin","69"
230486,"Aswan SC","Aswan","69"
35329,"Zawisza Bydgoszcz","Zawisza","69"
2675,"1 FC Kaiserslautern","Kaiserslautern","69"
233162,"Quevilly-Rouen Metropole","Quevilly-Rouen","69"
369192,"Castro FC","Castro","69"
369184,"SD Atletico Albericia","Albericia","69"
388096,"Ironi Modiin","Ironi Modiin","69"
240150,"Al-Jabalain","Al-Jabalain","69"
1173953,"AS Sambiase","Sambiase","69"
2784,"USD Poggibonsi","Poggibonsi","69"
680295,"Rancho Santana FC","Rancho Santana FC","69"
243484,"Dreams FC","Dreams","69"
1173915,"ASD Real Acerrana 1926","Acerrana","69"
2809,"ASD Citta di Acireale 1946","Acireale","69"
2856,"SD Compostela","Compostela","69"
2863,"CE L'Hospitalet","L'Hospitalet","69"
35272,"GKS Tychy","Tychy","69"
248321,"Tanta FC","Tanta","69"
248333,"Dayrout","Dayrout","69"
38146,"Renofa Yamaguchi","Renofa Y","69"
80741,"FK Kauno Zalgiris","Kauno","69"
622146,"CE Andratx","Andratx","69"
38154,"V-Varen Nagasaki","V-Varen","69"
336775,"SCD Durango","Durango","69"
79907,"FC Imabari","Imabari","69"
838668,"Porto Vitoria ES","Porto Vitoria ES","69"
34729,"Amsterdamsche FC","Amsterdamsche FC","69"
77871,"Southampton FC","Southampton","69"
368714,"ASD Sasso Marconi 1924","Sasso Marconi","69"
422897,"Samsunspor","Samsun","69"
21902,"Montedio Yamagata","Montedio","69"
336789,"CD Azuaga","Azuaga","69"
2049,"SV Ried","Ried","69"
3012,"FC Alverca SAD","Alverca","69"
1059696,"Corluspor 1947","Corlu","69"
77403,"CD Constancia","Constancia","69"
935381,"US Palmese 1914","Palmese","69"
273589,"CA Bembibre","Bembibre","69"
273937,"Atletico Saguntino","Saguntino","69"
274049,"SAD Villaverde San Andres","Villaverde","69"
839874,"CD Lunda Sul","Lunda Sul","69"
275019,"KF Feronikeli","Feronikeli","69"
749749,"SD Huesca B","Huesca B","69"
275287,"UD Mutilvera","Mutilvera","69"
336759,"Deportivo Alaves B","Deportivo Alaves B","69"
276201,"CD Santurtzi KE","Santurtzi","69"
5801,"Hannover 96 II","Hannover II","69"
8055,"K.v.v. Quick Boys","Quick Boys","69"
544845,"Al-Arabi SC (SA)","Al-Arabi","69"
277551,"SD Deusto","Deusto","69"
36534,"Club Leon","Leon","69"
5345,"Vilnius FK Zalgiris","Zalgiris Vilnius","69"
8018,"Sepahan SC","Sepahan","69"
3110,"Gornik Zabrze","Gornik Zabrze","69"
3122,"Wisla Plock","Wisla Plock","69"
4942,"Lleida CF","Lleida","69"
36537,"FK Rudar Prijedor","Rudar Prijedor","69"
40650,"Al Wehdat","Al Wehdat","69"
3136,"Nagoya Grampus","Nagoya","69"
3144,"JEF United Chiba","United Chiba","69"
7693,"Zaglebie Sosnowiec","Sosnowiec","69"
52874,"Red Star FC","Red Star","69"
281389,"ASD Sancataldese Calcio","Sancataldese","69"
3180,"Drogheda United FC","Drogheda United","69"
800032,"Dewa United","Dewa United","69"
285827,"Lusitano GC","Lusitano","69"
5130,"RB Omiya Ardija","Omiya ArdijaA","69"
33127,"Nam Dinh FC","Nam Dinh","69"
42360,"ASEC Mimosas","Mimosas","69"
290818,"Konyaspor","Konya","69"
3228,"Danubio FC","Danubio","69"
366876,"CD Virgen Del Camino","Virgen Del Camino","69"
934275,"Palencia CF","Palencia","69"
62202,"Vaalerenga Oslo","Valerenga","69"
47701,"Guabira Montero","Guabira","69"
300248,"FC San Pedro","FC San Pedro","69"
32994,"Al-Wehda FC"," Al-Wehda","69"
43561,"Talaea El Gaish","El Gaish","69"
3274,"PFC Slavia Sofia","Slavia Sofia","69"
614334,"CD Galapagar","Galapagar","69"
366804,"CF Noia","Noia","69"
328943,"Unan Managua","Unan Managua","69"
3286,"FC Dunav Ruse","Dunav Ruse","69"
3320,"FC Kryvbas Kriviy Rih","Kryvbas Kriviy","69"
3323,"Selangor FC","Selangor FC","69"
59636,"Stade Tunisien","Stade Tunisien","69"
5242,"PFC Dobrudzha Dobrich","Dobrudzha","69"
305324,"Kasimpasa","Kasimpasa","69"
305332,"Eyupspor","Eyupspor","69"
305336,"Fenerbahce","Fenerbahce","69"
36552,"West Ham United FC","West Ham","69"
305348,"Antalyaspor","Antalya","69"
5314,"Olbia Calcio","Olbia","69"
6917,"US Concarneau","Concarneau","69"
806270,"UD Vall de Uxo","Vall de Uxo","69"
6672,"HNK Vukovar 1991","Vukovar 1991","69"
1180031,"CD Mojados","Mojados","69"
3396,"Ethnikos Achnas FC","Achnas","69"
43755,"Coruxo FC","Coruxo","69"
6490,"Rijnsburgse Boys","Rijnsburgse","69"
1946,"Mazatlan FC","Mazatlan","69"
43846,"AC Nardo","Nardo","69"
369420,"AD Almudevar","Almudevar","68"
167228,"Al-Khaleej Club","Al-Khaleej","68"
35174,"Lusitania FC Lourosa","Lourosa","68"
142658,"Manchester City WFC","Manchester City","68"
35226,"NK Rudes Zagreb","Rudes Zagreb","68"
5124,"Nyiregyhaza Spartacus FC","Nyiregyhaza","68"
474734,"Bollullos CF","Bollullos","68"
5762,"Ventforet Kofu","Ventforet","68"
602568,"AC Torrellano","Torrellano","68"
5128,"Albirex Niigata","Albirex","68"
5129,"Oita Trinita","Oita","68"
336767,"AD Union Adarve","Adarve","68"
5887,"TSG Hoffenheim II","Hoffenheim II","68"
610154,"SD Lenense","Lenense","68"
4901,"MKS Cracovia Krakow","Cracovia Krakow","68"
5971,"Sydney FC","Sydney FC","68"
610330,"CE Manresa","Manresa","68"
597692,"CD Illescas","Illescas","68"
350760,"Colonia Moscardo","Moscardo","68"
321741,"FC Gareji Sagarejo","Gareji Sagarejo","68"
931661,"CD Soneja","Soneja","68"
493170,"Pasaia KE","Pasaia","68"
44523,"Blaublitz Akita","Blaublitz A","68"
359016,"CDJ Tamarite","Tamarite","68"
44480,"NK Opatija","Opatija","68"
361456,"CD Santa Amalia","Santa Amalia","68"
44444,"Al Arabi Doha SC","Al Arabi Doha","68"
44440,"AL Wakrah SC","AL Wakrah","68"
522144,"AL Jandal","AL Jandal","68"
6219,"FK Jedinstvo Bijelo Polje","FK Jedinstvo","68"
44225,"Atletico Mancha Real","Mancha","68"
6237,"Zamora FC","Zamora","68"
56023,"Al-Fateh SC","Al-Fateh","68"
56035,"Al-Faisaly FC","Al-Faisaly","68"
697339,"US Lecce SRL","Lecce SRL","68"
463345,"Recoleta FC","Recoleta FC","68"
365600,"CD Leganes B","Leganes B","68"
305386,"Caykur Rizespor","Rize","68"
694875,"FC Augsburg SRL","Augsburg SRL","68"
825976,"Brentford FC","Brentford","68"
600136,"FC Juarez","Juarez","68"
365712,"Karakopru Belediye SK","Karakopru","68"
302738,"Al-Ain FC (SA)","Al-Ain","68"
7015,"APS Zakynthos","Zakynthos","68"
529779,"Al-Okhdood Club","Al-Okhdood","68"
529781,"Neom SC","Neom SC","68"
300922,"Kayserispor","Kayseri","68"
3281,"PFK Beroe Stara Zagora","Stara Zagora","68"
3278,"FK Spartak 1918 Varna","Spartak Varna","68"
694863,"Union Berlin SRL","Union Berlin SRL","68"
7106,"FC Kuressaare","Kuressaare","68"
43510,"West Bromwich Albion","West Bromwich","68"
677,"Aalesunds FK","Aalesund","68"
42610,"Aduana FC","Aduana","68"
443824,"Bibiani Gold Stars FC","Bibiani Gold Stars FC","68"
615604,"CD Atletico Paso","Paso","68"
7517,"FC Baltika Kaliningrad","Kaliningrad","68"
366888,"CD Bala Azul","Bala Azul","68"
432661,"OKS Swit Szczecin","OKS Swit Szczecin","68"
366890,"SFC Minerva","Minerva","68"
7703,"FC Rustavi","Rustavi","68"
3155,"Colo-Colo","Colo-Colo","68"
40661,"Port FC","Port FC","68"
618606,"Inter Milano","Inter","68"
3133,"Shimizu S-Pulse","Shimizu","68"
5334,"CSM Politehnica Iasi","Politehnica Iasi","68"
7913,"KS Lechia Gdansk","Lechia Gdansk","68"
276651,"FC Jove Espanol San Vicente","San Vicente","68"
40029,"Giravanz Kitakyushu","Giravanz K","68"
8074,"PFK Sportist Svoge","Sportist","68"
3030,"FC Felgueiras 1932","Felgueiras","68"
1166703,"CD Zuera","Zuera","68"
3022,"Academico de Viseu FC","Viseu","68"
21831,"UD Oliveirense","Oliveirense","68"
77395,"CD Marino","Marino","68"
77407,"Atletico Levante UD","Levante","68"
21907,"Tokushima Vortis","Vortis","68"
368676,"Jeddah Club","Jeddah Club","68"
2985,"SV Spakenburg","Spakenburg","68"
266591,"Art Municipal Jalapa","Art Municipal Jalapa","68"
22011,"CA Cerro","Cerro","68"
2933,"SV Zulte Waregem","Zulte Waregem","68"
838486,"Libertad Loja","Libertad Loja","68"
369108,"Estudiantes Rio Cuarto","Rio Cuarto","68"
369126,"CD Colunga","Colunga","68"
2909,"Royale Union Tubize-Braine","Tubize-Braine","68"
2866,"UD Lanzarote","Lanzarote","68"
38140,"Fukushima United FC","Fukushima U","68"
2807,"Igea Virtus Barcellona","Barcellona","68"
369138,"UD Llanera","Llanera","68"
369146,"CD Mosconia","Mosconia","68"
81951,"Medeama SC","Medeama","68"
241730,"Orsomarso SC","Orsomarso","68"
86578,"Madura United","Madura United","68"
5221,"KF Lushnja","Lushnja","68"
89354,"Tigres FC","Tigres","68"
1290,"Aalborg BK","Aalborg","68"
89366,"Boca Juniors de Cali","Boca Juniors","68"
2594,"SG Wattenscheid 09","Wattenscheid","68"
224780,"Besiktas JK","Besiktas","68"
1301,"Randers FC","Randers","68"
223430,"Kirikkale FK","Kirikkale FK","68"
223228,"FC Osaka","FC Osaka","68"
222544,"CD Basconia","Basconia","68"
37958,"FK Iskra Danilovgrad","FK Iskra","68"
2544,"1. FC Schweinfurt 05","Schweinfurt","68"
2523,"1 FC Nuremberg","Nuremberg","68"
369256,"AD Alcorcon B","Alcorcon B","68"
218448,"Koninklijke HFC","Koninklijke","68"
37863,"SS Folgore Falciano Calcio","Falciano Calcio","68"
553552,"Mahasarakham United FC","Mahasarakham United FC","68"
216184,"SD Gernika Club","Gernika","68"
696861,"Istanbul Basaksehir FK SRL","Basaksehir SRL","68"
37572,"FC Nomme United","Nomme United","68"
214066,"Silva SD","Silva","68"
24045,"AC Juvenes/Dogana","Juvenes/Dogana","68"
369346,"CD Ardoi FE","Ardoi","68"
24267,"FV Illertissen","Illertissen","68"
369380,"Yague CF","Yague","68"
24346,"CD Guijuelo","Guijuelo","68"
369428,"CD Calamonte","Calamonte","68"
24353,"Ontinyent CF","Ontinyent","68"
369452,"Villarrubia CF","Villarrubia","68"
2322,"PFK Krylia Sovetov Samara","Kryliya Sovetov","68"
24369,"UD Las Palmas Atletico","Las Palmas","68"
37302,"FC Kolkheti-1913 Poti","Kolkheti Poti","68"
114259,"Al-Orobah","Al-Orobah","68"
37207,"ZKS Stal Rzeszow","Stal Rzeszow","68"
115065,"CR Granada","Granada","68"
1657,"Sochaux-Montbeliard","Sochaux-Montbeliard","68"
25157,"US Vibonese Calcio","Vibonese","68"
203457,"Sagrada Esperanca","Sagrada","68"
37061,"CD San Roque de Lepe","Lepe","68"
37054,"CD Tenerife B","Tenerife B","68"
4858,"KV Kortrijk","Kortrijk","68"
25539,"Orijent 1919 Rijeka","Orijent Rijeka","68"
25777,"FC Arouca","Arouca","68"
190576,"Celtic LFC","Celtic","68"
36866,"FC Samtredia","Samtredia","68"
5065,"Korona Kielce","Korona Kielce","68"
1787,"IF Brommapojkarna","Brommapojkarna","68"
178252,"RSC Anderlecht","Anderlecht","68"
2100,"SR Donaufeld","Donaufeld","68"
36535,"Leones Negros UDEG","Leones Negros","68"
1182025,"FC Marbelli","Marbelli","68"
33820,"Oriente Petrolero","Oriente","68"
344474,"Chanthaburi","Chanthaburi","68"
2050,"FC Admira Wacker Modling","Admira Wacker","68"
170410,"Etimesgut Belediyespor","Etimesgut","68"
391146,"Istanbul Basaksehir FK","Istanbul Basaksehir","68"
746705,"ASD Paterno Calcio","Paterno","68"
168090,"Abha Club","Abha","68"
36024,"FC Vlasim","Vlasim","68"
622148,"SD Portmany","Portmany","67"
1180039,"Deportivo Maritimo","Marítimo","67"
258463,"Deportivo Madryn","Madryn","67"
34017,"PFC Nasaf","Nasaf","67"
257257,"UC Ceares","Ceares","67"
1173815,"CE Europa B","Europa B","67"
218688,"UDC Torredonjimeno","Torredonjimeno","67"
828304,"UD Caravaca","Caravaca","67"
2882,"Jerez CF","Jerez","67"
747703,"CD San Miguel","San Miguel","67"
34034,"Fagiano Okayama","Fagiano O","67"
748907,"Real Titanico FC","Real Titanico","67"
613958,"CD Real Tomayapo","CD Real Tomayapo","67"
249057,"Zed FC","Zed","67"
764772,"Sisaket United FC","Sisaket United FC","67"
851131,"CD Utrillas","Utrillas","67"
38138,"Zweigen Kanazawa","Zweigen Kanazawa","67"
529647,"Al Jubail","Al Jubail","67"
614068,"SP Villafranca","Villafranca","67"
81445,"Belediye Kutahyaspor","Kutahya","67"
195256,"Green Buffaloes","Green Buffaloes","67"
369136,"L'Entregu CF","L'Entregu","67"
1173935,"FC Pompei","Pompei","67"
369142,"CD Praviano","Praviano","67"
937183,"Ethiopian Medhin","Ethiopian Medhin","67"
242064,"Posta Rangers FC","Posta Rangers","67"
167166,"UD Somozas","Somozas","67"
933889,"Touring KE","Touring","67"
2543,"MSV Duisburg","Duisburg","67"
369178,"CD Guarnizo","Guarnizo","67"
624828,"UD Logrones B","Logrones B","67"
388100,"CS Dock Sud","Dock Sud","67"
369188,"CF Vimenor","Vimenor","67"
369242,"UE Vilassar de Mar","Vilassar de Mar","67"
1044711,"CD Derio","Derio","67"
220298,"Damac FC","Damac","67"
606044,"CP Villarrobledo","Villarrobledo","67"
388194,"CA Ferrocarril Midland","Midland","67"
1180043,"Atletico Artajones","Artajones","67"
323291,"Bangkok FC","Bangkok FC","67"
44217,"FC Samgurali Tskaltubo","Samgurali Tskaltubo","67"
36276,"FC Chelyabinsk","Chelyabinsk","67"
493700,"CD Beti Onak","Beti Onak","67"
344406,"Nakhon SI United","Nakhon SI U.","67"
34310,"Pakhtakor","Pakhtakor","67"
403305,"NK Brinje Grosuplje","NK Brinje Grosuplje","67"
1298,"B93 Copenhagen","B93 Copenhagen","67"
403235,"Orense SC","Orense","67"
2592,"Chemnitzer FC","Chemnitz","67"
117196,"Ayvalikgucu Belediyespor","Ayvalikgucu","67"
369480,"UCAM Murcia II","UCAM Murcia II","67"
2587,"Sportfreunde Siegen 1899","Siegen","67"
1063444,"CP Mijas-Las Lagunas","Mijas","67"
1037347,"Erciyes 38 FK","Erciyes","67"
46170,"Jong Sparta Rotterdam","Jong Sparta","67"
2577,"SV Werder Bremen II","Bremen II","67"
369244,"CF Villarreal C","Villarreal C","67"
828292,"CD Herbania","Herbania","67"
112505,"CSD Flandria","Flandria","67"
112501,"Club Comunicaciones","Comunicaciones","67"
369348,"CD Huarte","Huarte","67"
749257,"FC Bidezarra","Bidezarra","67"
165922,"TSV Steinbach Haiger","Steinbach Haiger","67"
694905,"Getafe CF SRL","Getafe SRL","67"
366874,"CDF Tres Cantos","Tres Cantos","67"
744369,"Macarthur FC","Macarthur","67"
497134,"Mardin 1969 Spor","Mardin","67"
612356,"CD Pozoblanco","Pozoblanco","67"
112475,"CD Martos","Martos","67"
44229,"AD Parla","Parla","67"
926267,"CD Cazalegas","Cazalegas","67"
364896,"Futbol Consultants Desamparados","F. C. Desamparados","67"
851135,"CFJ Mollerussa","Mollerussa","67"
597088,"Colwyn Bay","Colwyn Bay","67"
42614,"Hearts of Oak","Hearts of Oak","67"
42613,"Heart of Lions","Heart of Lions","67"
24093,"1. FC Lokomotive Leipzig","Lok Leipzig","67"
66562,"Police Tero FC","Police Tero FC","67"
36741,"MFK Chrudim","Chrudim","67"
934321,"Arenas Armilla CD","Armilla","67"
460351,"CP San Cristobal","San Cristobal","67"
406859,"FC Yantra Gabrovo","Yantra Gabrovo","67"
291068,"CD Union Sur Yaiza","Sur Yaiza","67"
308650,"Paris FC","Paris FC","67"
369342,"CD Subiza","Subiza","67"
42366,"Ismaily SC","Ismaily","67"
115061,"Cordoba CF B","Cordoba B","67"
1038851,"FC Fratria Varna","FC Fratria Varna","67"
72012,"America FC MG","America FC","67"
115063,"El Palo FC","El Palo","67"
109883,"Coria CF","Coria","67"
1044761,"San Bartolome CF","San Bartolome","67"
24359,"Real Murcia Imperial FC","Real Murcia Imperial","67"
432781,"FK Akron Tolyatti","Akron Tolyatti","67"
432665,"FC Tallinn","FC Tallinn","67"
36393,"Spartak Kostroma","Spa. Kostroma","67"
138566,"Tartu JK Tammeka","Tartu","67"
1941,"Club Puebla","Puebla","67"
24357,"RB Linense","Linense","67"
474014,"SD Torina","Torina","67"
336793,"CD Anguiano","Anguiano","67"
610158,"CD Barquereno","Barquereno","67"
24370,"UD Villa Santa Brigida","Santa Brigida","67"
7645,"Daejeon Citizen FC","Daejeon Citizen","67"
48223,"Club Haro Deportivo","Haro","67"
3170,"Derry City FC","Derry City","67"
612216,"Comillas CF","Comillas","67"
108355,"VfB 03 Hilden","Hilden","67"
3164,"Huachipato","Huachipato","67"
206011,"Louisville City FC","Louisville City","67"
324069,"UCV FC","UCV","67"
824802,"CF Os Belenenses","Belenenses","67"
5894,"SG Sonnenhof Grossaspach","Großaspach","67"
369336,"CD Pamplona","CD Pamplona","67"
3157,"CD Palestino","Palestino","67"
369324,"CF Panaderia Pulido","Panaderia Pulido","67"
7704,"Marsaxlokk FC","Marsaxlokk","67"
361466,"CD Diocesano","Diocesano","67"
361452,"Atletico Club Pueblonuevo","Pueblonuevo","67"
163820,"FC Cartagena B","Cartagena B","67"
117428,"ASD Ragusa Calcio","Ragusa","67"
7735,"Olympic Club De Charleroi","Charleroi","67"
359526,"Crevillente Deportivo","Crevillente","67"
359402,"Muleno CF","Muleno","67"
3148,"Vegalta Sendai","Vegalta","67"
309410,"CD Bezana","Bezana","67"
36543,"Blackburn Rovers","Blackburn","67"
934357,"Pena Balsamaiso CF","Pena Balsamaiso","67"
458143,"Unia Skierniewice","Unia Skierniewice","67"
107199,"CA Villa San Carlos","Villa San Carlos","67"
7786,"Schwarz-Weiss Bregenz","Bregenz","67"
178246,"Oud-Heverlee Leuven","Leuven","67"
749445,"Viveiro CF","Viveiro","67"
5964,"SS Murata","Murata","67"
55037,"Olympique Club de Safi","Olympique de Safi","67"
366826,"Cerdanyola del Valles","Valles","67"
3131,"KS Gornik Polkowice","Polkowice","67"
1921,"Debreceni VSC","Debreceni","67"
612802,"Atletico Porcuna CF","Porcuna","67"
1044709,"Deportivo Alaves C","Alaves C","67"
697113,"Cagliari SRL","Cagliari SRL","67"
203453,"FC Bravos do Maquis","Bravos","67"
36380,"Manchester United FC","Manchester United","67"
134306,"Gor Mahia FC","Gor Mahia","67"
25354,"San Francisco FC","San Francisco","67"
25383,"GVVV Veenendaal","GVVV","67"
3119,"Polonia Warszawa","Polonia Warszawa","67"
694921,"RCD Espanyol Barcelona SRL","Espanyol SRL","67"
5824,"FC 08 Homburg-Saar","Homburg-Saar","67"
116241,"CD Tuilla","Tuilla","67"
366894,"Beti Kozkor KE","Beti Kozkor","67"
366902,"CD Caspe","Caspe","67"
1179993,"UD Aretxabaleta","Aretxabaleta","67"
24367,"UD Alzira","Alzira","67"
366904,"CD La Almunia","La Almunia","67"
694923,"RCD Mallorca SRL","Mallorca SRL","67"
1985,"Figueirense FC SC","Figueirense","67"
1179995,"SD Eibar C","Eibar C","67"
369312,"UD Collerense","Collerense","67"
43567,"Petrojet FC","Petrojet","67"
366908,"CD Manchego Ciudad Real","Ciudad Real","67"
116243,"SCR Pena Deportiva","Pena Deportiva","67"
37588,"CD Lagun Onak","Lagun Onak","67"
25397,"Kisvarda FC","Kisvarda FC","67"
8060,"Ehime FC","Ehime","67"
2461,"FC Schaffhausen","Schaffhausen","67"
1948,"Club Santos Laguna","Santos Laguna","67"
8073,"PFC Minyor Pernik","Minyor Pernik","67"
135526,"AA Internacional Limeira SP","Internacional","67"
8090,"Al Jazira (UAE)","Al Jazira","67"
6281,"SKU Amstetten","Amstetten","67"
3356,"FC Neman Grodno","Grodno","67"
493522,"CD Torreperogil","Torreperogil","67"
37687,"Balikesirspor","Balikesir","67"
369430,"CD Belchite 97","Belchite","67"
369308,"CE Felanitx","Felanitx","67"
493714,"CF Calamocha","Calamocha","67"
460335,"Conil CF","Conil","67"
216194,"CD Llosetense","Llosetense","67"
273935,"CD Calahorra","Calahorra","67"
273933,"CD Boiro","Boiro","67"
369304,"CF Platges de Calvia","Calvia","67"
369300,"Atletico Onubense","Onubense","67"
273931,"CA Cirbonero","Cirbonero","67"
76775,"1.SK Prostejov","Prostejov","67"
37857,"FC Fiorentino","Fiorentino","67"
273591,"UD Montijo","Montijo","67"
749177,"CF Epila","Epila","67"
4905,"Aberystwyth Town FC","Aberystwyth","67"
3017,"FC Penafiel","Penafiel","67"
273491,"KKS 1925 Kalisz","KKS Kalisz","67"
822,"Sarpsborg 08","Sarpsborg","67"
37086,"Llandudno FC","Llandudno","67"
54131,"Andorra CF","Andorra","67"
171484,"FC Hegelmann Kaunas","Hegelmann Kaunas","67"
466487,"CD Lugo B","Lugo B","67"
5765,"Giresunspor","Giresun","67"
306254,"Real Sociedad C","Real Sociedad C","67"
34731,"Excelsior Maassluis","Excelsior M.","67"
748879,"Aviles Stadium CF","Aviles","67"
369294,"Cadiz CF Mirandilla","Cadiz Mirandilla","67"
21904,"Sagan Tosu","Tosu","67"
369414,"CD Agoncillo","Agoncillo","67"
498468,"Fatsa Belediyespor","Fatsa","67"
268349,"El Palmar CF-Estrella Grana","El Palmar","67"
369410,"CD Berceo","Berceo","67"
34997,"RCD Mallorca B","Mallorca B","67"
366810,"El San Martin Ra","El San Martin","67"
749173,"CD Huracan de Balazote","Balazote","67"
54119,"CD Manacor","Manacor","67"
266599,"UDC Chantrea","Chantrea","67"
493216,"Atzeneta UE","Atzeneta","67"
1044715,"FC L'Escala","L'Escala","67"
55781,"Mexico FC","Mexico","67"
368858,"Alondras CF","Alondras","67"
5244,"Marek Dupnica","Dupnica","67"
760704,"Sekhukhune United","Sekhukhune United","67"
368874,"Arosa SC","Arosa","67"
611012,"CA Arteixo"," Arteixo","67"
368954,"UD Barbadas","Barbadas","67"
1037351,"Silifke Belediyespor","Silifke","67"
493174,"CD San Ignacio","San Ignacio","67"
912413,"CS Dinamo Bucuresti","CS Dinamo Bucuresti","67"
195270,"Napsa Stars","Napsa Stars","67"
5959,"Sioni Bolnisi","Sioni Bolnisi","67"
36548,"Fulham FC","Fulham","67"
369406,"CA Vianes","Vianes","67"
218208,"CD Azuqueca","Azuqueca","67"
354984,"Avia Swidnik","Avia Swidnik","67"
761290,"KSC Lokeren-Temse","Lokeren-Temse","67"
1180037,"Aguilas FC B","Aguilas B","67"
493706,"CD Autol","Autol","67"
260739,"SC Corinthians SP","Corinthians","67"
369292,"Sevilla FC C","Sevilla FC C","67"
369290,"CD Huetor Vega","Huetor Vega","67"
1176555,"Durban City","Durban","67"
317857,"Orapa United","Orapa United","66"
134316,"Nkana FC","Nkana","66"
47485,"AL Talaba","AL Talaba","66"
786,"KFUM Oslo","KFUM Oslo","66"
861429,"Diyala FC","Diyala FC","66"
427189,"Khon Kaen United FC","Khon Kaen","66"
206015,"FC Tulsa","Tulsa","66"
2119,"SKN St Polten","St. Polten","66"
262015,"FK AP Brera Strumica","FK AP Brera Strumica","66"
2223,"SK Kladno","Kladno","66"
697161,"Trabzonspor SRL","Trabzonspor SRL","66"
138496,"Tusker Football Club","Tusker","66"
6079,"Pelister Bitola","Pelister Bitola","66"
1039701,"FC Suhareka","FC Suhareka","66"
7712,"AC Libertas","Libertas","66"
508988,"AL Naft","AL Naft","66"
74469,"FC Porto B","Porto B","66"
7727,"FK Lovcen","Lovcen","66"
405349,"Al Kahrabaa SC","Al Kahrabaa SC","66"
32490,"Umm-Salal SC","Umm-Salal","66"
2062,"Austria Lustenau","Lustenau","66"
633006,"Muranga Seal","Muranga Seal","66"
1926,"Fehervar FC Szekesfehervar","Fehervar Szekesfeh.","66"
370024,"CE Santanyi","Santanyi","66"
38744,"CD Mafra","Mafra","66"
273553,"FC Paradiso","FC Paradiso","66"
5777,"FSV Frankfurt 1899","FSV Frankfurt","66"
75251,"CS Uruguay de Coronado","Ur. d. Coronado","66"
333025,"Trat FC","Trat FC","66"
38148,"Nara Club","Nara","66"
911599,"Girona FC Srl","Girona FC Srl","66"
195268,"Nkwazi","Nkwazi","66"
120154,"PAS Lamia 1964","Lamia 1964","66"
37052,"RS Gimnastica de Torrelavega","Torrelavega","66"
7295,"RKS Radomiak Radom","Radomiak Radom","66"
3142,"Hokkaido Consadole Sapporo","Sapporo","66"
136548,"Shkupi Cair","Shkupi Cair","66"
195282,"Mufulira Wanderers","Mufulira Wanderers","66"
45657,"PFC Spartak Pleven","Spartak Pleven","66"
45002,"USM EL Harrach","EL Harrach","66"
4907,"Airbus UK Broughton","Airbus UK Broughton","66"
6223,"FK Rudar Pljevlja","FK Rudar","66"
35300,"Sanatatea Cluj","Sanatatea Cluj","66"
381272,"Wolaita Dicha SC","Wolaita Dicha","66"
364472,"FC Ararat-Armenia","Ararat-Armenia","66"
242066,"Kakamega Homeboyz","Kakamega Hb","66"
35188,"ES Sahel","Sahel","66"
1951,"Queretaro FC","Queretaro","66"
4918,"Newtown AFC","Newtown","66"
138474,"Bandari FC","Bandari","66"
212844,"FC Pari Nizhny Novgorod","Novgorod","66"
53475,"FC Milsami","Milsami","66"
1173939,"SSD Nissa FC","Nissa","66"
241468,"Delfin SC","Delfin","66"
35301,"PFK Arsenal Tula","Arsenal Tula","66"
2400,"FC Petrzalka","Petrzalka","66"
162296,"Blekitni Stargard","Blekitni Stargard","66"
1786,"GAIS","GAIS","66"
3125,"Gornik Leczna","Gornik Leczna","66"
694901,"CA Osasuna SRL","Osasuna SRL","66"
36840,"Deportivo Merlo","Deportivo Merlo","66"
766834,"Kanchanaburi Power FC","Kanchanaburi","66"
77405,"CD Binissalem","Binissalem","66"
613902,"Arucas CF","Arucas","66"
369318,"CE Mercadal","Mercadal","66"
220436,"RWDM Brussels","RWDM Brussels","66"
625710,"Bursa Yildirim SK","Bursa Yildirim SK","66"
36843,"CS Italiano","Italiano","66"
37466,"Caerau Ely FC","Caerau Ely","66"
138482,"Mathare United FC","Mathare United","66"
4501,"CD Feirense","Feirense","66"
195274,"Nchanga Rangers","Nchanga Rangers","66"
226202,"Amarante FC","Amarante","66"
334057,"Deportivo Toluca FC","Deportivo Toluca","66"
697141,"Strasbourg Alsace SRL","Strasbourg SRL","66"
1292,"FC Nordsjaelland","Nordsjaelland","66"
334073,"Pumas Unam","Pumas Unam","66"
327623,"Kasetsart FC","Kasetsart","66"
334055,"Cruz Azul","Cruz Azul","66"
3092,"Kahramanmarasspor","Kahramanmaras","66"
949957,"Basake Holy Stars","Basake Holy Stars","66"
5031,"Deportes La Serena","Deportes La Serena","66"
166162,"ASC 09 Dortmund","ASC Dortmund","66"
346130,"Bidco United","Bidco United","66"
2054,"First Vienna FC 1894","First Vienna","66"
2571,"FSV Mainz II","Mainz II","66"
270565,"Jaiba Brava","Jaiba Brava","66"
631308,"Al-Qasim SC","Al-Qasim SC","66"
5046,"Lommel SK","Lommel","66"
277645,"FC Rukh Lviv","Rukh Lviv","66"
1098325,"AL Karma","AL Karma","66"
36941,"SFC Etar Veliko Tarnovo","Etar Veliko Tarnovo","66"
5343,"FK Suduva Marijampole","Suduva Marijampole","66"
5817,"SSVg Velbert","Velbert","66"
557322,"FA Siauliai","Siauliai","66"
1761,"IFK Goteborg","Goteborg","66"
138488,"Sofapaka FC","Sofapaka","66"
24118,"FC Orenburg","Orenburg","66"
37534,"FC Elva","Elva","66"
214588,"FCM Traiskirchen","Traiskirchen","66"
494288,"CD Revilla","Revilla","66"
3007,"Maritimo Madeira","Madeira","66"
307288,"Ethiopia Nigd Bank","Ethiopia Nigd Bank","66"
63760,"Cusco FC","Cusco","66"
2330,"FC Shinnik Yaroslavl","Yaroslavl","66"
3234,"Deportivo Maldonado","Dep Maldonado","66"
5245,"FC Pirin Blagoevgrad","Pirin","66"
934389,"Casric Stars FC","Casric Stars FC","66"
217120,"SpVg Schonnebeck 1910","Schonnebeck","66"
475016,"TS Galaxy FC","Galaxy","66"
739069,"Union Rochefortoise","Rochefortoise","66"
21900,"FC Gifu","Gifu","66"
21901,"Mito Hollyhock","Mito H","66"
36766,"Sandecja Nowy Sacz","Nowy Sacz","66"
26190,"Denbigh Town","Denbigh Town","66"
443800,"Young Apostles FC","Young Apostles FC","66"
1092285,"Rhode Island FC","Rhode Island FC","66"
872787,"Mara Sugar FC","Mara Sugar FC","66"
441260,"Tegevajaro Miyazaki","Tegevajaro","66"
3399,"Nea Salamina Famagusta","Nea Salamina","66"
138478,"Kenya Commercial Bank","Commercial Bank","66"
21903,"Roasso Kumamoto","Roasso K","66"
536689,"FC Muza","FC Muza","66"
828254,"CD Colindres","Colindres","66"
36720,"Glasgow City LFC","Glasgow City","66"
76433,"Leopards SC","Leopards","66"
43565,"El Gouna FC","El Gouna","66"
330037,"Nakhon Pathom United FC","Nakhon Pathom","66"
138498,"Ulinzi Stars FC","Ulinzi Stars","66"
69324,"Djoliba AC","Djoliba","66"
69326,"Stade Malien de Bamako","Stade Malien","66"
42338,"CA Sarmiento Junin","Junin","66"
315363,"Kariobangi Sharks","Kariobangi Sharks","66"
77627,"Silivrispor","Silivri","66"
3284,"PFC Belasitsa Petrich","Belasitsa","66"
42210,"Melbourne City FC","Melbourne City","66"
5861,"BFC Dynamo","BFC","66"
177962,"CA Paranaense PR","Paranaense","66"
367886,"Marumo Gallants FC","Marumo Gallants","66"
44476,"NK BSK Bijelo Brdo","BSK Bijelo Brdo","66"
115787,"Bechem United","Bechem","66"
118500,"Fujieda MYFC","Fujieda","66"
428219,"Atletico Grau","Atletico Grau","66"
544137,"AL Karkh","AL Karkh","66"
21946,"FC Volga Ulyanovsk","Volga Ulyanovsk","66"
3173,"Bohemians Dublin FC","Bohemians D.","66"
5791,"Viktoria Aschaffenburg","Aschaffenburg","65"
5846,"SpVgg Erkenschwick","Erkenschwick","65"
810514,"Deportivo Rayo Zuliano","Rayo Zuliano","65"
373230,"FC Metalist 1925 Kharkiv","Metalist 1925 Kharkiv","65"
109797,"FV Ravensburg","Ravensburg","65"
54323,"Sokol Kleczew","Sokol K.","65"
344470,"Pattaya Dolphins United","Pattaya Dolphins","65"
345090,"Iwaki FC","Iwaki FC","65"
53137,"FK Hodonin","FK Hodonin","65"
210338,"CR Flamengo RJ","Flamengo","65"
375678,"Modern Sport FC","Modern","65"
697127,"Stade Rennais FC SRL","Rennes SRL","65"
344428,"Chiangmai United","Chiangmai United","65"
7648,"Incheon United FC","Incheon Utd","65"
7649,"Jeju SK FC","Jeju SK","65"
39126,"FC Versailles 78","Versailles","65"
364904,"AD Municipal Santa Ana","Municipal S. A.","65"
41537,"Shanghai Port FC","Shanghai Port","65"
312744,"LNZ Cherkasy","Cherkasy","65"
3165,"Coquimbo Unido","Coquimbo","65"
2464,"SC Kriens","Kriens","65"
5064,"MKS Arka Gdynia","Arka Gdynia","65"
112509,"Villa Dalmine","Villa Dalmine","65"
112507,"CD UAI Urquiza","Urquiza","65"
89364,"Barranquilla FC","Barranquilla","65"
162354,"TSV Schott Mainz","Schott Mainz","65"
25528,"NK Karlovac 1919","Karlovac","65"
314423,"Chayka Peschanokopskoye","Peschanokopskoye","65"
74241,"FK Ufa","Ufa","65"
447507,"1. FC Phonix Lubeck","Phonix Lubeck","65"
6068,"FK Fotbal Trinec","Trinec","65"
370326,"Agrispor 1970 SK","Agri","65"
336777,"UD Alcudia","Alcudia","65"
5173,"FC Sheriff Tiraspol","Tiraspol","65"
697159,"Toulouse FC SRL","Toulouse SRL","65"
340526,"Zaglebie Lubin II","Zaglebie Lubin II","65"
1295,"Soenderjyske","Soenderjyske","65"
4493,"FC Rouen","Rouen","65"
1686,"Dijon FCO","Dijon","65"
6480,"HHC Hardenberg","Hardenberg","65"
1299,"Bronshoj BK","Bronshoj","65"
475010,"TJ Start Brno","Start Brno","65"
2430,"Nafta 1903 Lendava","Nafta Lendava","65"
1889,"Hacken Gothenburg","Hacken Gothenburg","65"
2614,"FC Carl Zeiss Jena","Jena","65"
1037361,"Sebat Genclik Spor","Sebat Genclik","65"
273669,"CSCD Laferrere","Laferrere","65"
4859,"SK Beveren","Beveren","65"
196432,"CSD Liniers","Liniers","65"
35190,"Zonguldak Komurspor","Zonguldak","65"
2011,"Nautico PE","Nautico","65"
694911,"Deportivo Alaves SRL","Alaves","65"
350248,"Podhale Nowy Targ","Podhale Nowy Targ","65"
561594,"SC Preussen Munster II","Munster II","65"
314323,"Ayutthaya United FC","Ayutthaya Utd","65"
43566,"Haras El Hodood","El Hodood","65"
215050,"Cimarrones de Sonora FC","Cimarrones","65"
73172,"FC Neftekhimik Nizhnekamsk","Nizhnekamsk","65"
3070,"Altay Izmir","Altay","65"
216968,"Pogon Grodzisk Mazowiecki","Grodzisk Mazowiecki","65"
116294,"Cankaya FK","Cankaya","65"
75867,"TuS Ennepetal","Ennepetal","65"
196371,"Cong An Ha Noi FC","CONG AN","65"
36268,"Wydad AC","Wydad","65"
367882,"Richards Bay FC","Richards Bay FC","65"
508998,"AL Najaf","AL Najaf","65"
2568,"Bayern Munich II","Bayern Munich II","65"
277833,"KF Drenica Skenderaj","KF Drenica Skenderaj","65"
738679,"Blau-Weiss Lohne","Lohne","65"
5838,"SV Lippstadt 08","Lippstadt","65"
162480,"Metropolitanos FC","Metropolitanos","65"
5047,"Kickers Emden","Emden","65"
2139,"SV Oberwart","Oberwart","65"
43254,"SK Austria Klagenfurt","Austria Klagenfurt","65"
2582,"Hallescher FC","Halle","65"
159946,"CD Mineros de Zacatecas","Zacatecas","65"
572997,"CD Fuerte Aguilares","CD Fuerte Aguilares","65"
247353,"Kabwe Warriors","Warriors","65"
35264,"SK Artis Brno","Artis","65"
666,"HamKam","HamKam","65"
2578,"FC Rot-Weiss Erfurt","Erfurt","65"
5837,"FC Eintracht Rheine","Rheine","65"
75747,"Ratingen SV Germania 04/19","Ratingen","65"
1170653,"Tire 2021 FK","Tire","65"
21853,"AO Itabaiana SE","Itabaiana","65"
5848,"SV Schermbeck","Schermbeck","65"
195264,"Green Eagles","Green Eagles","65"
689389,"Singida Black Stars SC","Singida Black Stars SC","65"
823636,"Orduspor 1967","Ordu","65"
811266,"Als Omonia","Als Omonia","65"
1036027,"Mutondo Stars","Mutondo Stars","65"
5061,"Valenciennes FC","Valenciennes","65"
34985,"RFC Seraing","Seraing","65"
35056,"Football Bourg-En-Bresse Peronnas 01","Bourg-En-Bresse","65"
53841,"FK Makedonija Gjorce Petrov","Makedonija Gjorce Petrov","65"
7518,"FC Kamaz Naberezhnye Chelny","FC Kamaz Naberezhnye Chelny","65"
4911,"Carmarthen Town","Carmarthen Town","65"
110507,"Leicester City","Leicester","65"
2789,"Rimini FC 1912","Rimini","65"
1767,"Halmstads BK","Halmstad","65"
508994,"AL Naft Maysan","AL Naft Maysan","65"
743101,"Diyarbekirspor AS","Diyarbekir","65"
402031,"CR Temouchent","Temouchent","65"
1023785,"Scm Ramnicu Valcea","Scm Ramnicu Valcea","65"
35047,"ADO 20 Heemskerk","ADO '20","65"
406863,"Wieczysta Krakow","Wieczysta Krakow","65"
671115,"TSV Victoria Clarholz","Clarholz","65"
5804,"SV Meppen 1912","Meppen","65"
66564,"Chainat Hornbill FC","Chainat Hornbill","65"
25916,"GFK Ohrid Lihnidos","Ohrid Lihnidos","65"
672,"Kongsvinger IL Toppfotball","Kongsvinger","65"
32644,"OFC Nesebar","Nesebar","65"
45655,"FK Hebar Pazardzhik","Hebar Pazardzhik","65"
5776,"FC Bayern Alzenau","Alzenau","65"
1170667,"Nigde Belediyesi Spor","Nigde","65"
845058,"Newroz SC","Newroz SC","65"
168078,"Al Safa SC (SA)","Al Safa","65"
476940,"NK Jarun Zagreb","Jarun Zagreb","65"
2031,"HNK Cibalia Vinkovci","Cibalia","65"
35239,"NK Radnik Krizevci","Radnik Krizevci","65"
86306,"Hapoel Umm AL Fahm","Hapoel Umm AL Fahm","65"
417775,"Albion FC","Albion","65"
305308,"Fatih Karagumruk","Fatih Karagumruk","65"
2210,"FC Zbrojovka Brno","Brno","65"
6218,"OFK Grbalj","OFK Grbalj","65"
32934,"FC Villefranche Beaujolais","Villefranche","65"
1286,"Odense Boldklub","Odense","65"
6348,"Panthrakikos FC Komotini","Panthrakikos","65"
7915,"LKP Motor Lublin","Motor Lublin","65"
1371,"Hillerod Fodbold","Hillerod","65"
43378,"SV Gonsenheim","Gonsenheim","65"
43688,"SV Westfalia Rhynern","Rhynern","65"
6147,"HSK Posusje","Posusje","65"
38157,"Kamatamare Sanuki","Kamatamare S","65"
6175,"Schwarz-Weiss Essen","Essen","65"
24072,"Eintracht Norderstedt","Norderstedt","65"
1287,"Esbjerg FB","Esbjerg","65"
221182,"RFC Liege","Liege","65"
3123,"LKS Lodz","Lodz","65"
276285,"HSC Hannover","HSC Hannover","65"
45146,"AD Fafe","Fafe","65"
1378,"Holbaek B&I","Holbaek","65"
5050,"SpVgg Bayreuth","Bayreuth","65"
2550,"VfR Aalen","Aalen","65"
89508,"Deportes Magallanes","Magallanes","64"
560360,"Harju JK Laagri","Harju JK Laagri","64"
36836,"CA Aldosivi","Aldosivi","64"
114685,"Legia Warszawa","Legia","64"
24779,"FK Frydek-Mistek","Frydek-Mistek","64"
1177703,"Apollon Kalamarias","Apollon Kalamarias","64"
210344,"Santos FC SP","Santos","64"
299172,"Fortaleza EC CE","Fortaleza","64"
406217,"Jwaneng Galaxy","Jwaneng Galaxy","64"
206017,"Colorado Springs Switchbacks FC","Colorado Springs Sw.","64"
26009,"Tochigi SC","Tochigi","64"
662,"Moss FK","Moss FK","64"
189818,"Zakho FC","Zakho","64"
116075,"Koninklijke Lierse Sportkring","Lierse","64"
509492,"Tura Harksheide","Harksheide","64"
298866,"Adama City FC","Adama City","64"
189992,"Nakhon Ratchasima FC","Nakhon Ratchasima","64"
37083,"Gresford Athletic","Gresford Ath","64"
405353,"AL Minaa","AL Minaa","64"
36851,"Bruk-Bet Termalica Nieciecza","Nieciecza","64"
25488,"MFK Tatran Liptovsky Mikulas","Liptovsky Mikulas","64"
389004,"Aigle Noir CS","Aigle Noir","64"
195260,"Zanaco FC","Zanaco","64"
25580,"FC Ajka","Ajka","64"
404171,"Karela United FC","Karela United","64"
373090,"ACF Fiorentina","Fiorentina","64"
375412,"SC Villa","SC Villa","64"
697145,"FC Nantes SRL","Nantes SRL","64"
25733,"FK Sloboda Uzice","Uzice","64"
4906,"Afan Lido","Afan Lido","64"
165916,"CS Barracas","Barracas","64"
43074,"Austria Salzburg","Austria Salzburg","64"
55391,"CA Batna","Batna","64"
6188,"Bonner SC","Bonn","64"
66566,"Chiangrai United","Chiangrai","64"
5400,"KF Bashkimi Kumanovo 1947","Baskhimi","64"
1038335,"Santiago FC","Santiago FC","64"
538327,"Hartford Athletic","Hartford Athletic","64"
2106,"Kremser SC","Krems","64"
71044,"Al-Seeb","Al-Seeb","64"
821352,"Karkonosze Jelenia Gora","Karkonosze Jelenia Gora","64"
36398,"Akritas Chlorakas","Akritas","64"
4899,"TUS Koblenz 1911","TUS Koblenz","64"
315449,"Defense Force SC","Defense Force","64"
284535,"Ethnikos OFPF","Ethnikos OFPF","64"
53449,"FK Igalo 1929","Igalo 1929","64"
684007,"Vision FC (GHA)","Vision","64"
3190,"Sligo Rovers FC","Sligo Rovers","64"
924577,"FK Arsimi 1973","Arsimi 1973","64"
5844,"VfL Sportfreunde Lotte 1929","Lotte","64"
7644,"Daegu FC","Daegu","64"
5332,"Valletta FC","Valletta","64"
41498,"BFC Daugavpils","Daugavpils","64"
799746,"NEC FC","NEC FC","64"
7664,"Lamontville Golden Arrows","Lamontville","64"
74465,"SL Benfica B","Benfica B","64"
5839,"VfL Bochum II","Bochum II","64"
280181,"Royal Francs Borains","Royal Francs Borains","64"
3154,"CSD Rangers","Rangers","64"
7745,"Estudiantes de Merida","Est. Merida","64"
75725,"Sportfreunde Baumberg","Baumberg","64"
44528,"FC Ryukyu","Ryukyu","64"
75729,"SV Sonsbeck","Sonsbeck","64"
7911,"GKS Jastrzebie","Jastrzebie","64"
75745,"TSV Meerbusch","Meerbusch","64"
7919,"Podbeskidzie Bielsko-Biała","Bielsko-Biała","64"
7922,"Warta Poznan","Warta Poznan","64"
7923,"MKS Znicz Pruszkow","Znicz Pruszkow","64"
5825,"FK 03 Pirmasens","Pirmasens","64"
3089,"Amasyaspor 1968 FK","Amasya","64"
5820,"VfB Homberg","Homberg","64"
5346,"FK Auda Riga","Auda","64"
75859,"1. FC Gievenbeck","Gievenbeck","64"
76319,"Persebaya Surabaya","Persebaya","64"
8059,"Kazincbarcikai SC","Kazincbarcikai","64"
602380,"Rodina Moscow","Rodina Moscow","64"
58951,"Gorna Oryahovitsa","Gorna Oryahovitsa","64"
6376,"Pazarspor","Pazar","64"
500920,"Rkav Volendam","Rkav Volendam","64"
5778,"FSV Fernwald","Fernwald","64"
76997,"CD Real Sociedad Tocoa","Real Sociedad","64"
77055,"Legia Warszawa II","L. Warszawa II","64"
21858,"Maranhao AC MA","Maranhao","64"
334059,"Mazatlan FC","Mazatlan","64"
36539,"Chelsea FC","Chelsea","64"
305354,"Goztepe","Goztepe","64"
3005,"Varzim SC","Varzim","64"
21941,"CD Tecnico Universitario","Tecnico Uni","64"
422921,"SpVgg Vreden 1921","Vreden","64"
2992,"ACV Assen","Assen","64"
5567,"ZFC Meuselwitz","Meuselwitz","64"
36358,"FSV Luckenwalde","Luckenwalde","64"
305352,"Aytemiz Alanyaspor","Alanya","64"
896919,"Hellas Syrou","Hellas Syrou","64"
77893,"FC Badalona Women","Badalona","64"
38732,"FKS Stal Mielec","Stal Mielec","64"
38719,"KS Hutnik Krakow SSA","Hutnik Krakow","64"
911603,"AJ Auxerre Srl","AJ Auxerre Srl","64"
1059706,"Yozgat Bld Bozokspor","Yozgat","64"
2931,"Royal Excelsior Virton","Virton","64"
2926,"KAS Eupen","Eupen","64"
355084,"RC Deportivo De La Coruna","Deportivo De La Coruna","64"
36357,"Sportfreunde Eisbachtal","Eisbachtal","64"
22162,"Kolding IF","Kolding IF","64"
610054,"Paris 13 Atletico","Paris 13 Atletico","64"
5541,"Eintracht Frankfurt","Frankfurt","64"
6986,"Anagennisi Arta","Anagennisi Arta","64"
5109,"FC Hlucin","Hlucin","64"
2906,"R AEC Mons","Mons","64"
815456,"FC Phoenix Johvi","Phoenix Johvi","64"
38141,"Gainare Tottori","Gainare T","64"
610880,"Csa Steaua Bucuresti","Csa Steaua Bucuresti","64"
2022,"Londrina EC PR","Londrina","64"
243972,"Milford FC","Milford","64"
153498,"Sacramento Republic FC","Sacramento Republic","64"
47479,"Duhok FC","Duhok","64"
83185,"FC Strumska Slava Radomir","Strumska Slava","64"
678191,"Fleetwood Town","Fleetwood","64"
240366,"Rekord Bielsko Biala","Bielsko Biala","64"
238650,"Azam FC","Azam","64"
4872,"Vejle BK","Vejle","64"
45144,"1 Dezembro","1 Dezembro","64"
327591,"Hawassa Kenema SC","Hawassa Kenema","64"
89352,"Bogota FC","Bogota","64"
89362,"Itagui Leones FC","Leones","64"
2626,"Hertha BSC II","Hertha II","64"
2620,"FSV Zwickau","Zwickau","64"
89372,"Atletico FC Cali","Atletico Cali","64"
36274,"Hapoel Nir Ramat Hasharon FC","Nir Ramat Hasharon","64"
397536,"Ipswich Town","Ipswich Town","64"
35886,"Chonburi FC","Chonburi","64"
120838,"Karmiotissa FC","Karmiotissa","64"
2549,"SV Babelsberg","Babelsberg","64"
552679,"Millwall","Millwall","64"
593802,"SG Finnentrop/Bamenohl","Finnentrop/Bamenohl","64"
2111,"SV Horn","Horn","64"
220302,"Ohod Medina","Ohod Medina","64"
90166,"Virtus Entella","Virtus Entella","64"
376766,"Atlas FC","Atlas","64"
940809,"Karabuk Idmanyurdu Spor","Karabuk","64"
2531,"Hamburger SV II","HSV II","64"
1783,"Mjallby AIF","Mjallby","64"
7035,"Nazilli Belediyespor","Nazilli","64"
37937,"Pontypridd Town","Pontypridd Town","64"
7042,"AD Carmelita","Carmelita","64"
671137,"SC Verl II","Verl II","64"
120152,"AO Trikala 1963","Trikala","64"
119854,"Osmaniyespor FK","Osmaniye","64"
32672,"Ferroviario AC CE","Ferroviario","64"
822666,"O Elvas Cad","O Elvas Cad","64"
162632,"Kagoshima United","Kagoshima Utd","64"
2476,"SC Cham","Cham","64"
216872,"Duzcespor","Duzce","64"
388242,"CSD San Martin","San Martin","64"
328105,"Nongbua Pitchaya FC","Nongbua Pitchaya","64"
35609,"Elana Torun","Torun","64"
43576,"GFK Tikvesh 1930","Tikvesh","64"
184969,"Sacachispas FC","Sacachispas","64"
669303,"Hadiya Hossana FC","Hadiya Hossana","64"
106331,"FK Blansko","Blansko","64"
107201,"CA Brown de Adrogue","Adrogue","64"
186100,"ES Mostaganem","Mostaganem","64"
118478,"Vanraure Hachinohe FC","Vanraure Hachinohe","64"
556940,"Shabana FC","Shabana FC","64"
213074,"FC Grand-Saconnex","Grand-Saconnex","64"
36768,"MKS Kluczbork","Kluczbork","64"
496128,"AD Marco 09","AD Marco 09","64"
476426,"FK Detonit Plackovica","Detonit Plackovica","64"
829952,"Belisia Bilzen SV","Bilzen","64"
381656,"NK Bistrica Slovenska Bistrica","Bistrica Slovenska Bistrica","64"
2317,"FC Fakel Voronezh","Voronezh","64"
2314,"FC Sokol Saratov","Sokol Saratov","64"
35889,"Erbil SC","Erbil","64"
37920,"KS Lechia Zielona Gora","Lechia","63"
381014,"Fasil Kenema SC","Fasil Kenema","63"
1037349,"Eskisehir Anadolu Spor Faaliyetleri AS","Eskisehir Anadolu Spor Faaliyetleri AS","63"
623788,"KVK Ninove","Ninove","63"
49196,"Botafogo FC PB","Botafogo","63"
734807,"RC Lens Srl","RC Lens Srl","63"
1666,"LB Chateauroux","Chateauroux","63"
255653,"Ethiopian Coffee SC","Ethiopian Coffee","63"
600138,"Atletico San Luis","San Luis","63"
1842,"IFK Varnamo","Varnamo","63"
331325,"PSBS Biak","PSBS Biak","63"
174568,"AS Monaco","Monaco","63"
3244,"AO Egaleo 1931 PAE","Egaleo","63"
79883,"AC Nagano Parceiro","Nagano Parceiro","63"
79073,"FC Crotone","Crotone","63"
459507,"FC Giessen","Giessen","63"
702147,"Heracles Almelo SRL","Heracles SRL","63"
263659,"Red Bull Bragantino SP","Bragantino","63"
5561,"FC Eilenburg","Eilenburg","63"
78117,"FC Porto","Porto","63"
51908,"Eimsbutteler TV","Eimsbuttel","63"
334053,"Club Tijuana de Caliente","Tijuana","63"
135864,"PSM Makassar","Makassar","63"
218002,"CD Tenerife","Tenerife","63"
395950,"Welwalo Adigrat","Welwalo Adigrat","63"
21906,"Thespakusatsu","Kusatsu G","63"
1987,"Joinville EC SC","Joinville","63"
305380,"Gaziantep FK","Gaziantep","63"
6013,"Rot Weiss Ahlen","Ahlen","63"
43716,"Bayer 04 Leverkusen","Leverkusen","63"
270785,"BSG Chemie Leipzig","Chemie Leipzig","63"
37859,"SP Cailungo","Cailungo","63"
370072,"AS FC Agricola Borcea","Agricola Borcea","63"
660,"Tromsoe IL","Tromsoe","63"
745535,"SV Biemenhorst","Biemenhorst","63"
702137,"FC Groningen SRL","Groningen SRL","63"
608442,"FC Buderich 02","Buderich","63"
34794,"SK Sparta Kolin","Sparta Kolin","63"
743195,"Alanya 1221 FSK","Alanya","63"
93107,"CA Estudiantes","Estudiantes","63"
93109,"Deportivo Moron","Moron","63"
728055,"CD Tapatio","Tapatio","63"
2307,"Alianza Atletico","Alianza Atletico","63"
164518,"FC Hertha 03 Zehlendorf","Zehlendorf","63"
366558,"URA FC","URA","63"
392500,"Ethio Electric","Ethio Electric","63"
35605,"Phnom Penh Crown FC","Phnom Penh","63"
298868,"Dire Dawa Kenema","Dire Dawa Kenema","63"
6220,"FK Kom Podgorica","Kom Podgorica","63"
614088,"Retro FC PE","Retro","63"
5214,"FC Pyunik Yerevan","Pyunik Yerevan","63"
5207,"F91 Dudelange","Dudelange","63"
2466,"Vevey-Sports","Vevey Sports","63"
5781,"KSV Hessen Kassel","Kassel","63"
168446,"Dziugas","Dziugas","63"
458565,"HEBC Hamburg","HEBC Hamburg","63"
54297,"NK Sesvete","Sesvete","63"
25220,"SC Bruhl St Gallen","Bruhl St Gallen","63"
307074,"Pharco FC","Pharco","63"
275865,"PFC CSKA SOFIA II","CSKA Sofia II","63"
33821,"SS Pennarossa","Pennarossa","63"
44590,"FC STK 1914 Samorin","1914 Samorin","63"
501762,"Leones Negros Udg II","Leones Negros Udg II","63"
681381,"LKS Lodz II","LKS Lodz II","63"
428239,"Tilikratis FC","Tilikratis","63"
1943,"Atlante FC","Atlante","63"
5809,"1. FC Kleve","Kleve","63"
1129249,"AO Anthoupolis Larisas","AO Anthoupolis Larisas","63"
75853,"SSV Jeddeloh II","Jeddeloh II","63"
915975,"FSV Schoningen 2011","Schoningen","63"
33818,"FC Domagnano","Domagnano","63"
276679,"Cape Town City FC","Cape Town","63"
23635,"Pittsburgh Riverhounds","Pittsburgh","63"
138486,"Nairobi City Stars FC","City Stars","63"
43848,"Favoritner AC","FavAC","63"
52801,"TSV Sasel 1925","Sasel","63"
5261,"RFC Union Luxembourg","Union Luxembourg","63"
934381,"Newport City FC","Newport City FC","63"
7977,"UR Namur","Namur","63"
7920,"ZKS Stal Stalowa Wola","Stal Stalowa Wola","63"
697175,"Gaziantep SRL","Gaziantep SRL","63"
6104,"CD Atletico Huila",NULL,"63"
7864,"Greifswalder FC","Greifswald","63"
7785,"FAC Wien","FAC Wien","63"
36076,"Tallinna JK Legion","Tallinna Legion","63"
7772,"San Martin de San Juan","San Juan","63"
75131,"SpVgg Hankofen-Hailing","Hankofen-Hailing","63"
544765,"FC Talanta","FC Talanta","63"
23950,"San Martin de Tucuman","Tucuman","63"
4910,"Caersws","Caersws","63"
74483,"VSG Altglienicke","Altglienicke","63"
6909,"Auckland City FC","Auckland City","63"
23956,"Kecskemeti TE","Kecskemeti TE","63"
58319,"Ghazl El Mahallah","El Mahallah","63"
344738,"1. FC Monheim","Monheim","63"
702145,"Fortuna Sittard SRL","Fortuna SRL","63"
43918,"NK Dugopolje","Dugopolje","63"
821350,"Mkp Carina Gubin","Mkp Carina Gubin","63"
107707,"FC Dynamo Kyiv","Dynamo Kyiv","63"
7655,"AmaZulu FC","AmaZulu","63"
3373,"Shanghai Shenhua FC","Shanghai Shenhua","63"
7639,"FC Yenisey Krasnoyarsk","Krasnoyarsk","63"
3172,"Galway United FC","Galway Utd","63"
73716,"CD Universitario Penonome","Universitario","63"
3194,"Waterford FC","Waterford","63"
41756,"ES Setif","Setif","63"
109827,"Siarka Tarnobrzeg","Tarnobrzeg","63"
1179989,"Union Saint-Gilloise B","Union Saint-Gilloise B","63"
617260,"Krasava ENY Ypsonas FC","Krasava ENY Ypsonas","63"
917185,"SC St. Tonis 11/20","St. Tonis","63"
461815,"OFK Banik Lehota Pod Vtacnikom","Banik Lehota","63"
1039703,"KF Prishtina E Re","KF Prishtina E Re","63"
697173,"Goztepe SRL","Goztepe SRL","63"
291538,"Barra FC SC","Barra","63"
114819,"Granada CF","Granada","63"
6183,"Altona 93","Altona","63"
3401,"Olympiakos Nicosia","Olympiakos Nicosia","63"
24082,"SV Halstenbek-Rellingen","Halstenbek-Rellingen","63"
5872,"1 FC Nuremberg II","Nuremberg II","63"
2067,"Kapfenberger SV","Kapfenberg","63"
110635,"Jong Almere City FC","Almere","63"
4505,"Wuppertaler SV","Wuppertal","63"
912463,"SL16 Football Campus","SL16 Campus","63"
42740,"Tartu JK Welco","Tartu Welco","63"
607060,"FC Hradec Kralove B","FC Hradec Kralove B","63"
26189,"Penrhyncoch","Penrhyncoch","63"
53089,"FK Banik Most-Sous","Banik Most-Sous","63"
25914,"Qatar SC","Qatar SC","63"
123522,"Trefelin BGC","Trefelin","63"
559182,"Sidama Bunna SC","Sidama Bunna","63"
24148,"SV Drochtersen/Assel","Drochtersen/Assel","63"
524392,"Shire Endaselassie FC","Shire Endaselassie FC","63"
626946,"RRC Stockay-Warfusee","Stockay-Warfusee","63"
399497,"Miedz Legnica II","Legnica II","63"
34762,"FC Breitenrain","Breitenrain","63"
36952,"Gabala FK","Gabala","63"
2584,"Bahlinger SC","Bahlingen","63"
1302,"FC Fredericia","Fredericia","63"
224570,"Como 1907","Como","63"
1009799,"Aris Filiaton","Aris Filiaton","63"
2560,"VfB Lubeck","VfB Lubeck","63"
365714,"Usakspor","Usak","63"
2558,"Eintracht Trier","Trier","63"
224978,"FK Podgorica","Podgorica","63"
226860,"Apollon 1960 Krya Vrysi FC","Apollon 1960 Krya Vrysi FC","63"
2552,"RW Oberhausen","Oberhausen","63"
36095,"HB Koege","HB Koege","63"
24272,"TSG Balingen 1848","Balingen","63"
674015,"Flambeau Du Centre FC","Flambeau Du Centre FC","63"
625780,"Hanauer SC 1960","Hanauer SC","63"
133466,"El Bayadh","El Bayadh","63"
112495,"CA Fenix Pilar","Fenix Pilar","63"
120244,"Nestos Chrysoupoli FC","Chrysoupoli","63"
211852,"Persis Solo","Persis Solo","63"
2316,"FC Chernomorets Novorossiysk","Chernomorets","63"
86576,"Persita Tangerang","Persita","63"
112497,"Club Atletico Los Andes","Los Andes","63"
2679,"VfR Mannheim","Mannheim","63"
298864,"Arba Minch Ketema","Arba Minch Ketema","63"
235850,"Orange County SC","Orange County","63"
352796,"FC Teutonia Ottensen 1905","Teutonia Ottensen","63"
86066,"Semen Padang FC","Semen Padang","63"
1162,"Stabaek IF","Stabaek","63"
169272,"Royal Knokke FC","Knokke","63"
552055,"LKS Goczalkowice-Zdroj","LKS Goczalkowice-Zdroj","63"
402253,"Mekelle 70 Enderta FC","Mekelle Enderta","63"
3316,"Karpaty Lviv","Karpaty LVIV","63"
558872,"Bahir Dar Kenema FC","Bahir Dar Kenema FC","63"
211836,"FC Luzern","Luzern","63"
373210,"CD Ocotal","Ocotal","63"
135866,"Persik Kediri","Persik Kediri","63"
154018,"Phoenix Rising FC","Phoenix Rising","63"
47465,"Arema FC","Arema FC","63"
5225,"FC Urartu Yerevan","Urartu Yerevan","63"
2215,"SFC Opava","Opava","63"
2023,"America FC RN","America","63"
249455,"NK Croatia Zmijavci","Zmijavci","63"
194312,"Apr FC","Apr FC","63"
489628,"CS Gloria 2018 Bistrita-Nasaud","Bistrita-Nasaud","63"
2640,"SGV Freiberg","Freiberg","62"
4497,"FC Bulle","Bulle","62"
5970,"Melbourne Victory","Melbourne Victory","62"
851741,"Shahrdari Nowshahr","Shahrdari Nowshahr","62"
6670,"NK Hrvace","Hrvace","62"
34778,"Uniao SC Paredes","Uniao SC Paredes","62"
1037353,"Bornova 1877 SY","Bornova","62"
364906,"AD Cofutpa","AD Cofutpa","62"
4898,"FC Nottingen","Nottingen","62"
43719,"Borussia Dortmund","Dortmund","62"
36529,"Atletico Morelia","Atletico Morelia","62"
36522,"Alacranes de Durango","Alacranes","62"
327929,"Etincelles FC","Etincelles","62"
7029,"Nublense","Nublense","62"
1037341,"Inegol Kafkas Genclikspor","Inegol","62"
498442,"Kirsehir FSK","Kirsehir","62"
59792,"SC Aubagne Air Bel","Aubagne Air Bel","62"
662715,"MFk Karvina B","MFk Karvina B","62"
46353,"FC Una Strassen","Una Strassen","62"
2081,"ASK Voitsberg","Voitsberg","62"
5893,"1. FC Normannia Gmund","Gmund","62"
5889,"SC Freiburg II","Freiburg II","62"
43380,"FSV Hollenbach","Hollenbach","62"
395722,"SS Monopoli","Monopoli","62"
347438,"FK Veles Moscow","Veles","62"
295214,"San Lorenzo de Almagro Res.","S. L. de Almagro R.","62"
64157,"Spezia Calcio","Spezia","62"
64295,"Persija Jakarta","Persija","62"
64299,"Bali United","Bali United","62"
395630,"AC Reggiana 1919","Reggiana","62"
295180,"CA River Plate (Arg)","CA River Plate (Arg)","62"
1048949,"CD Cruzeiro","CD Cruzeiro","62"
667,"IK Start","Start","62"
437422,"BSC Young Boys","Young Boys","62"
42208,"NA Hussein Dey","Hussein Dey","62"
73668,"Paykan FC","Peykan","62"
3179,"Dundalk FC","Dundalk","62"
281393,"Sabail FK","Sabayil","62"
5842,"FC Gutersloh 2000","Gutersloh","62"
7647,"Gimcheon Sangmu FC","Gimcheon Sangmu","62"
41617,"Tampa Bay Rowdies","Tampa Bay","62"
3160,"Deportes Concepcion","D. Concepcion","62"
395598,"Union Brescia U19","Union Brescia U19","62"
41261,"Suwon FC","Suwon","62"
74475,"Vitoria Guimaraes B","Guimaraes B","62"
3150,"Santiago Wanderers","Santiago Wanderers","62"
7828,"SC Victoria Hamburg 1895","Victoria Hamburg","62"
3128,"GKS Belchatow","Belchatow","62"
7870,"VfB Oldenburg","Oldenburg","62"
7872,"FC Astoria Walldorf","Walldorf","62"
7878,"Jorge Wilstermann",NULL,"62"
5827,"FV Engers 07","Engers","62"
276395,"Stinta Poli Timisoara","Stinta Poli Timisoara","62"
5800,"FC St. Pauli II","St. Pauli II","62"
76451,"Jeugd KAA Gent B","Gent B","62"
4874,"Aarhus Fremad","Aarhus Fremad","62"
5785,"SC 1929 Waldgirmes","Waldgirmes","62"
5782,"KSV Baunatal","Baunatal","62"
547277,"FK Riteriai","Riteriai","62"
334067,"Club Necaxa","Necaxa","62"
334065,"Club Santos Laguna","Santos Laguna","62"
1170639,"Cayelispor","Cayeli","62"
1170647,"Turk Metal 1963","Turk Metal","62"
77619,"Izmir Coruhlu FK","Izmir Coruhlu","62"
21892,"Cianorte FC PR","Cianorte","62"
1170673,"1926 Polatli Belediyespor","Polatli","62"
5601,"CD Antofagasta","Antofagasta","62"
421975,"Tepatitlan FC","Tepatitlan","62"
21978,"CN Marcilio Dias SC","Marcilio Dias","62"
77897,"Real Sociedad San Sebastian","Real Sociedad","62"
621314,"Wiliete SC","Wiliete SC","62"
22004,"Charleston Battery","Charleston","62"
79037,"Pro Vercelli 1892","Vercelli","62"
2924,"KFC Dessel Sport","Dessel","62"
22163,"Middelfart BK","Middelfart","62"
79069,"Ascoli Calcio 1898 FC","Ascoli","62"
38358,"Hibernian LFC","Hibernian","62"
920,"Egersunds IK","Egersunds","62"
79565,"JS Saoura","Saoura","62"
38323,"RCD Espanyol Barcelona","Espanyol","62"
421557,"CF Correcaminos Uat II","CF Correcaminos Uat II","62"
258465,"Gimnasia Y Tiro de Salta","Salta","62"
52220,"Grobinas SC/LFS","Grobinas","62"
250005,"San Antonio FC","San Antonio","62"
81153,"Holywell Town","Holywell Town","62"
957,"Kristiansund BK","Kristiansund","62"
238138,"Paradou AC","Paradou","62"
2682,"Stuttgarter Kickers","Stuttgart","62"
380048,"AS Kigali","AS Kigali","62"
917493,"Efeler 09 SFK","Efeler","62"
89358,"CD Real Santander","Real Santander","62"
170366,"Al-Shamal","Al-Shamal","62"
2599,"SpVgg Ansbach","Ansbach","62"
162360,"SV Leobendorf","Leobendorf","62"
34314,"Persepolis FC","Persepolis","62"
2583,"USC Paloma Hamburg","Paloma Hamburg","62"
2559,"Wacker Burghausen","Burghausen","62"
35388,"FK Banga Gargzdai","FK Banga","62"
565847,"TJ Unie Hlubina","Unie Hlubina","62"
170364,"Al Shahaniya","Al Shahaniya","62"
148874,"US Ben Guerdane","Ben Guerdane","62"
2548,"SSV Reutlingen 1905","Reutlingen","62"
90170,"US Avellino","Avellino","62"
34421,"FC Volgar Astrakhan","Volgar Astrakhan","62"
391584,"Lech II Poznan","Poznan II","62"
1305,"Hvidovre IF","Hvidovre","62"
90844,"Magesi FC","Magesi","62"
146336,"FK Liepaja","Liepaja","62"
35412,"BK Fremad Amager","Fremad Amager","62"
217974,"Leeds United","Leeds","62"
35177,"Atletico Clube de Portugal","Atletico CP","62"
37805,"Wigry Suwalki","Suwalki","62"
94787,"Saint George SC","Saint George","62"
1916,"Budapest Honved FC","Budapest Honved","62"
216180,"FK Zvijezda 09","Zvijezda","62"
216014,"Slask II Wroclaw","Slask II Wroclaw","62"
134274,"Kampala Capital City Authority FC","Kampala Capital City Authority FC","62"
23566,"FK Belasica Strumica","Belasica Strumica","62"
214400,"FC Turkiye Wilhelmsburg","Wilhelmsburg","62"
23947,"FC Wurzburger Kickers","Wurzburg","62"
23949,"TSV Buchbach","Buchbach","62"
213480,"Express FC","Express","62"
108711,"TUS Dassendorf 1948","Dassendorf","62"
24039,"Bremer SV 1906","Bremer SV","62"
134310,"Kabuscorp SCP","Kabuscorp","62"
24057,"Eintracht Stadtallendorf","Stadtallendorf","62"
24064,"Tauro FC","Tauro","62"
24083,"TSV Buchholz 08","Buchholz","62"
24158,"MKS Flota Swinoujscie","Flota Swinoujscie","62"
212878,"PFC Ludogorets Razgrad II","Ludog. Razgrad II","62"
163450,"FC Suderelbe 1949","Suderelbe","62"
2399,"FK Inter Bratislava","Inter Bratislava","62"
2340,"FC Ska-Khabarovsk","Khabarovsk","62"
2318,"SK Rotor Volgograd","Volgograd","62"
370158,"Artvin Hopaspor","Hopa","62"
24775,"Tj Jiskra Domazlice","Tj Jiskra Domazlice","62"
37204,"CWKS Resovia","Resovia","62"
24782,"FC Silon Taborsko","FC Silon Taborsko","62"
407263,"Orbit College FC","Orbit College FC","62"
35082,"K. Lyra-Lierse","K. Lyra-Lierse","62"
371176,"AFC Metalul Buzau","Metalul Buzau","62"
115157,"Eastern SC","Eastern","62"
37113,"FK Arsenal Ceska Lipa","Ceska Lipa","62"
37112,"Spartak Myjava","Spartak Myjava","62"
202485,"Sukhothai FC","Sukhothai","62"
4863,"FC Vysocina Jihlava","Jihlava","62"
37089,"Mold Alexandra FC","Mold Alexandra","62"
37085,"Buckley Town","Buckley Town","62"
25463,"SK Unicov","Unicov","62"
2213,"FK Pribram","Pribram","62"
374916,"CA Ituzaingo","Ituzaingo","62"
165914,"CSDC Espanol","CSDC Espanol","62"
335007,"Madrid CFF","Madrid CFF","62"
344214,"CSC Dumbravita","Dumbravita","62"
1769,"IFK Norrkoping FK","Norrkoping","62"
32525,"Kuwait SC","Kuwait SC","62"
376764,"Club Leon","Leon","62"
185095,"Borneo Samarinda","Borneo Samarinda","62"
1217911,"San Diego FC","San Diego","62"
36572,"SC Weiche Flensburg 08","Flensburg","62"
36555,"Birmingham City","Birmingham","62"
2108,"Young Violets Wien","Young Violets","62"
36036,"KS Sleza Wroclaw","KS Sleza","62"
1891,"Kalmar FF","Kalmar","62"
45148,"SC Sao Joao de Ver","Sao Joao de Ver","62"
459941,"FC Hertha Wels","Hertha Wels","62"
459543,"SG Barockstadt Fulda-Lehnerz","Fulda-Lehnerz","62"
917467,"Bulvarspor","Bulvarspor","62"
1029279,"ETSV Hamburg","ETSV Hamburg","62"
45000,"MC Saida","Saida","62"
354990,"Pogon Nowe Skalmierzyce","Pogon Nowe Skalmierzyce","62"
355032,"GKS Wikielec","GKS Wikielec","62"
44881,"Caldas SC","Caldas","62"
458511,"Club Puebla","Club Puebla","62"
55371,"ACSM Resita","Resita","62"
44351,"Beykoz Ishakli SF","Beykoz","62"
1037795,"Gfk Sloven Ruma","Gfk Sloven Ruma","62"
55505,"Paris Saint-Germain","PSG","62"
459943,"FC Marchfeld Donauauen","Marchfeld","62"
917183,"SV Adler Weidenhausen","Weidenhausen","62"
174984,"Amora FC","Amora FC","62"
350336,"FC Schalke 04 II","Schalke II","62"
1055373,"Malut United","Malut United","62"
916477,"FC Lugano","Lugano","62"
376768,"Queretaro FC","Queretaro","62"
525913,"Rukinzo FC","Rukinzo FC","62"
44060,"Sks Unia Swarzedz","Unia Swarzedz","62"
1037363,"Tokat Belediye Plevne Spor","Tokat","62"
24076,"Niendorfer TSV 1919","Niendorf","61"
109831,"Lechia Tomaszow Mazowiecki","Lechia Tomaszow","61"
109803,"SV Oberachern","Oberachern","61"
213478,"Maroons FC","Maroons","61"
186086,"ESM Kolea","Kolea","61"
467295,"AE Evosmou","AE Evosmou","61"
37467,"Ammanford","Ammanford","61"
1919,"Vasas FC","Vasas","61"
23537,"DJK Vilzing","Vilzing","61"
395750,"Cosenza Calcio","Cosenza","61"
215500,"Gornik Zabrze II","Gornik Zabrze II","61"
134272,"Rayon Sports FC","Rayon Sports","61"
561320,"Aris Petroupolis","Aris Petroupolis","61"
43563,"Smouha SC","Smouha","61"
363528,"TSG Backnang","Backnang","61"
5034,"Universidad de Concepcion","U de Concepcion","61"
34809,"KS Warta Sieradz","Warta Sieradz","61"
35187,"Al Ittihad Al Sakandary","Al Ittihad","61"
133488,"NC Magra","Magra","61"
218192,"CR Vasco da Gama RJ","Vasco da Gama","61"
761576,"AL-Khaldiya SC","AL-Khaldiya","61"
2482,"FC Zurich","Zurich","61"
823306,"Trethomas Bluebirds","Trethomas Bluebirds","61"
1860,"IK Oddevold","Oddevold","61"
218704,"Vipers SC","Vipers","61"
37872,"Kozani FC","Kozani","61"
2487,"FC Basel","Basel","61"
2525,"1. FC Cologne II","1. FC Cologne II","61"
2537,"1. FC Kaiserslautern II","Kaiserslautern II","61"
181638,"PSS Sleman","PSS Sleman","61"
2545,"Eintracht Frankfurt II","Eintracht Frankfurt II","61"
37946,"Inter Club de Escaldes","IC Escaldes","61"
702157,"Sparta Rotterdam SRL","Sparta SRL","61"
221184,"KFC Merelbeke","Merelbeke","61"
5292,"Gimnasia y Esgrima de Jujuy","Jujuy","61"
6392,"FC Helsingoer","Helsingoer","61"
59630,"ES Zarzis","Zarzis","61"
672413,"Uthai Thani FC","Uthai Thani FC","61"
36553,"FC Everton","Everton","61"
461195,"Warta Gorzow Wielkopolski","Warta Gorzow Wielkopolski","61"
7010,"Thermaikos Thermis","Thermaikos","61"
7007,"Pierikos FC","Pierikos","61"
1300,"BK Frem","Frem","61"
1793,"IK Sirius","Sirius","61"
53098,"SK Zapy","Zapy","61"
162350,"FV Diefflen","Diefflen","61"
87306,"ASC Jaraaf","Jaraaf","61"
35238,"NK Mladost Zdralovi","Mladost Zdralovi","61"
53121,"Club Celaya FC","Celaya","61"
53701,"Sanat Naft Abadan FC","Sanat Naft","61"
321791,"Prachuap FC","Prachuap FC","61"
238168,"US Biskra","Biskra","61"
238172,"RC Kouba","Kouba","61"
459935,"Turk Gucu Friedberg","Friedberg","61"
133462,"US Chaouia","Chaouia","61"
933565,"Real Apodaca FC","Real Apodaca","61"
6971,"AO Agia Napa","Agia Napa","61"
162252,"Pogon Siedlce","Pogon Siedlce","61"
162238,"Tabor Sezana","Tabor Sezana","61"
676,"Sandefjord Fotball","Sandefjord","61"
45001,"MC Oran","MC Oran","61"
159832,"JK Tabasalu","Tabasalu","61"
923761,"Achyronas Onisilos","Achyronas Onisilos","61"
250575,"TSV Essingen","Essingen","61"
5969,"FC Bregalnica 2008 AD","Bregalnica 2008 AD","61"
527315,"Olympique Akbou","Olympique Akbou","61"
36355,"SV Auersmacher","Auersmacher","61"
262017,"JK Tallinna Kalev","Tallinna Kalev","61"
44997,"AS Khroub","Khroub","61"
79067,"Ternana Calcio","Ternana","61"
58689,"Baniyas Club","Baniyas","61"
903,"Mjoendalen IF","Mjoendalen","61"
79063,"Pescara Calcio","Pescara","61"
307570,"Bron Radom","Bron Radom","61"
2925,"KVK Tienen","Tienen","61"
43728,"Bayern Munich","Bayern Munich","61"
79055,"Calcio Padova","Padova","61"
501790,"Bvsc-Zuglo","Bvsc-Zuglo","61"
77877,"Athletic Bilbao","Bilbao","61"
924565,"AD Sarchi","AD Sarchi","61"
38989,"Atert Bissen","Bissen","61"
268339,"FV Eppelborn","Eppelborn","61"
34797,"1. SC Znojmo FK","Znojmo","61"
791232,"Maxline Vitebsk","Maxline Vitebsk","61"
424753,"Kitara FC","Kitara FC","61"
21826,"Guilsfield FC","Guilsfield","61"
274047,"AE Alexandrias","AE Alexandrias","61"
274073,"FC Rot-Weiss Koblenz","Rot-Weiss Koblenz","61"
274911,"Polonia Sroda Wielkopolska","Polonia Sroda Wielkopolska","61"
3024,"Leca FC","Leca FC","61"
1042947,"Spartakos Kitiou FC","Spartakos Kitiou FC","61"
276211,"1. FC Slovacko B","Slovacko B","61"
75777,"FSV 08 Bietigheim-Bissingen","Bietigheim-Bissingen","61"
544779,"Lamphun Warriors FC","Lamphun Warriors","61"
7931,"Fortuna Dusseldorf II","Dusseldorf II","61"
7914,"LKS 1926 Lomza","Lomza","61"
277849,"KF Trepca 89","Trepca","61"
277855,"KVV Thes Sport Tessenderlo","Tessenderlo","61"
594740,"Csm Olimpia Satu Mare","Csm Olimpia Satu Mare","61"
5836,"VfR Wormatia 08 Worms","Worms","61"
7790,"FC Liefering","Liefering","61"
395584,"AC Renate","Renate","61"
75207,"FC Tyumen","FC Tyumen","61"
279985,"KF 2 Korriku","KF 2 Korriku","61"
75115,"TSV Aubstadt","Aubstadt","61"
279997,"KF Vushtrria","Vushtrria","61"
7719,"FK Laktasi","Laktasi","61"
697139,"Angers SCO SRL","Angers SRL","61"
74467,"Sporting Lisbon B","Sporting Lisbon B","61"
3162,"Audax Italiano","Audax","61"
73999,"AEZ Zakakiou","Zakakiou","61"
897687,"PAOK Kristonis","PAOK Kristonis","61"
42201,"ASO Chlef","Chlef","61"
42203,"USM Annaba","Annaba","61"
3200,"Nueva Chicago","Chicago","61"
4936,"Quilmes AC","Quilmes","61"
3207,"Colon de Santa Fe","Santa Fe","61"
53439,"Arminia Ludwigshafen","Ludwigshafen","61"
7528,"FC Tekstilshchik Ivanovo","Ivanovo","61"
928847,"Apea Akrotiriou","Apea Akrotiriou","61"
7520,"FC Mashuk-KMV Pyatigorsk","Mashuk-KMV","61"
36406,"CD Arabe Unido","Arabe Unido","61"
69318,"AFAD Djekanou","AFAD","61"
47504,"Sao Bernardo FC","Sao Bernardo","61"
437402,"Detroit City FC","Detroit City FC","61"
291142,"GS Marko","Marko","61"
292362,"Llantwit Major","Llantwit Major","61"
3359,"FC Torpedo Belaz Zhodino","Belaz Zhodino","61"
2066,"Wiener Sport-Club","Wiener Sport-Club","61"
6184,"FC 08 Villingen","Villingen","61"
6187,"1. CfR Pforzheim","Pforzheim","61"
295172,"Boca Juniors","Boca Juniors","61"
46332,"Al-Nasr Dubai CSC","Al-Nasr","61"
312014,"Veraguas United FC","Veraguas United","61"
42733,"AS Cittadella","Cittadella","61"
44255,"SC FC Voluntari","Voluntari","61"
607062,"FK Mlada Boleslav B","FK Mlada Boleslav B","61"
3408,"Digenis Akritas Morphou FC","Digenis Akritas","61"
64125,"LR Vicenza","Vicenza","61"
3235,"Plaza Colonia","Colonia","61"
5883,"Greuther Furth II","Furth II","61"
61692,"EC XV de Novembro Piracicaba SP","XV de Novembro Piracicaba","61"
36885,"Korona II Kielce SA","Korona II","61"
1756,"Lyngby BK","Lyngby","61"
657,"Lyn 1896 FK","Lyn 1896","61"
190586,"Rangers LFC","Rangers","61"
37043,"Hoogstraten VV","Hoogstraten","61"
25621,"Soroksar SC","Soroksar","61"
452087,"SL Benfica","Benfica","61"
165784,"SK Aritma Prague","Aritma Prague","61"
25533,"Halkanoras","Halkanoras","61"
25479,"FC Oleksandriya","Oleksandriya","61"
37084,"Ruthin Town","Ruthin Town","61"
496574,"Edirnespor","Edirne","61"
5390,"FC Wiltz 71","Wiltz 71","61"
37104,"Raca Bratislava","Raca","61"
1031177,"Star Starachowice","Star Starachowice","61"
1031171,"MKS Notec Czarnkow","MKS Notec Czarnkow","61"
25196,"FC Bavois","Bavois","61"
36074,"Tallinna FC Flora","Flora U21","61"
1398,"Brabrand IF","Brabrand","61"
3262,"AO Kavala 1965","Kavala","61"
25002,"Polokwane City","Polokwane","61"
460895,"Orestis Orestiadas","Orestis Orestiadas","61"
1031169,"CS Vulturii Farcasesti","CS Vulturii Farcasesti","61"
210418,"CA Talleres de Remedios","Talleres Remedios","61"
210420,"Police FC Rwanda","Police FC","61"
37256,"FC Jeunesse Canach","Jeunesse Canach","61"
37285,"Budafoki Mte","Budafoki Mte","61"
466305,"Pogon Szczecin II","Pogon Szczecin II","61"
1032453,"Torreense","Torreense","61"
951655,"Imisli FK","Imisli FK","61"
168798,"Alianza FC Panama","Alianza Panama","61"
34718,"Gotham FC","Gotham","61"
2415,"Triglav Kranj","Triglav Kranj","61"
337511,"Rayong FC","Rayong FC","61"
24080,"SC Vorwarts-Wacker Billstedt","Billstedt","61"
36739,"SK Sokol Brozany","Brozany","61"
5265,"FC Zimbru Chisinau","Zimbru","60"
1021747,"Upington City FC","Upington City FC","60"
342944,"Schwaben Augsburg","Schwaben Augsburg","60"
4873,"FC Roskilde","Roskilde","60"
600058,"FC Sibir Novosibirsk","Novosibirsk","60"
928851,"Ethnikos Latsion","Ethnikos Latsion","60"
5811,"Borussia Monchengladbach II","M'gladbach II","60"
5874,"Wurzburger FV","Wurzburg","60"
5895,"BFC Preussen Berlin","Preussen Berlin","60"
5966,"Central Coast Mariners","Central Coast","60"
5987,"FC Zorya Luhansk","FC Zorya Luhansk","60"
818648,"MKS Mlawianka Mlawa","MKS Mlawianka Mlawa","60"
352802,"SV Atlas Delmenhorst","Delmenhorst","60"
823544,"SC Farense","Farense","60"
1151091,"SV Darmstadt 98 2","Darmstadt 2","60"
6150,"FK Slavija Sarajevo","Slavija Sarajevo","60"
312246,"AS Nordia Jerusalem","AS Nordia Jerusalem","60"
364898,"Aserri FC","Aserri","60"
6666,"FK Slovan Duslo Sala","Slovan Duslo","60"
307588,"Wislanie Skawina","Wislanie Skawina","60"
3352,"FC Belshina Bobruisk","Belshina Bobruisk","60"
6972,"Anagennisi Deryneia","Anagennisi","60"
6973,"Doxa Katokopias","Katokopias","60"
6987,"Anagennisi Karditsas 1904","Anagennisi Karditsas","60"
1154821,"LKS Wybrzeze Rewalskie Rewal","LKS Wybrzeze Rewalskie Rewal","60"
302764,"AS Inter Star","AS Inter Star","60"
1154833,"Wisla II Krakow","Wisla II Krakow","60"
299336,"Centro Espanol","Centro Espanol","60"
287749,"Criciuma EC SC","Criciuma","60"
284549,"GC Mascara","Mascara","60"
3171,"Bray Wanderers AFC","Bray Wanderers","60"
3151,"CD Universidad Catolica","Universidad Catolica","60"
7877,"SC Idar-Oberstein","Idar-Oberstein","60"
3124,"Swit Nowy Dwor Mazowiecki","Nowy Dwor","60"
3118,"KSZO Ostrowiec Swietokrzyski","KSZO Ostrowice","60"
934375,"Baglan Dragons","Baglan Dragons","60"
277569,"Benevento Calcio","Benevento","60"
794998,"FA Tartu Kalev","Tartu Kalev","60"
277567,"Pisa Calcio","Pisa","60"
276255,"1. Goppinger SV","Goppingen","60"
274753,"SK Benatky Nad Jizerou","Benatky Nad Jizerou","60"
52767,"Eintracht Bamberg","Bamberg","60"
591013,"FK Pardubice B","FK Pardubice B","60"
272767,"Vsk Aarhus","Aarhus","60"
21864,"Sousa EC PB","Sousa","60"
21872,"Anapolis FC GO","Anapolis","60"
270783,"Slavia Tu Kosice","Slavia Tu Kosice","60"
2946,"Adelaide United FC","Adelaide","60"
253593,"Chelmianka Chelm","Chelm","60"
246139,"Vitalo FC","Vitalo","60"
912459,"RSC Anderlecht Futures","RSC Anderlecht Futures","60"
2683,"Fortuna Cologne","Fortuna Cologne","60"
473205,"Ishoej IF","Ishoej","60"
1175215,"Royal Vision 2026","Royal Vision 2026","60"
224586,"US Salernitana","Salernitana","60"
216966,"GKS Pniowek Pawlowice","Pniowek Pawlowice","60"
23482,"Saipa FC Tehran","Saipa","60"
216334,"WDA Swiecie","Swiecie","60"
215972,"FK Motorlet Prague","Motorlet","60"
214070,"FC Zlin B","Zlin B","60"
24043,"Hunfelder SV 1919","Hunfeld","60"
24094,"FC Magdeburg II","Magdeburg II","60"
2401,"MSK Puchov","Puchov","60"
2312,"Sport Boys Association","Sport Boys","60"
24790,"CS Concordia Chiajna","Concordia Chiajna","60"
210354,"Atletico Mineiro MG","Atletico Mineiro","60"
1043355,"San Marino Academy","San Marino Academy","60"
203445,"Petroleos Do Lobito","Petroleos","60"
202343,"Hwaseong FC","Hwaseong FC","60"
1031179,"Swidniczanka Swidnik","Swidniczanka Swidnik","60"
25532,"Asil Lysis","Asil","60"
25783,"Rebordosa AC","Rebordosa","60"
375406,"Bul FC","Bul FC","60"
375676,"Venezia FC","Venezia","60"
2143,"SC Weiz","Weiz","60"
186815,"Bechar Djedid","Bechar Djedid","60"
2103,"SK Sturm Graz II","Sturm Graz II","60"
174896,"Baroka FC","Baroka","60"
377556,"CA General Lamadrid","Lamadrid","60"
33595,"Curico Unido","Curico","60"
33596,"Deportes Iquique","Deportes Iquique","60"
378002,"AS Soliman","Soliman","60"
378922,"Besat Kermanshah","Besat Kermanshah","60"
926675,"Estrela Amadora","Amadora","60"
1183715,"Luanda City FC","Luanda City FC","60"
35081,"Sporting Hasselt","Hasselt","60"
35221,"NK Bjelovar","Bjelovar","60"
35293,"FC Corvinul Hunedoara 1921","Corvinul Hunedoara 1921","60"
35326,"FK Indjija","Indjija","60"
36020,"FC 1931 Eddersheim","Eddersheim","60"
388974,"Union Mauer","Union Mauer","60"
134318,"Primeiro de Agosto","De Agosto","60"
36080,"FK Tukums 2000/TSS","Tukums 2000","60"
655781,"Asociacion Deportiva Tarma","Asociacion Deportiva Tarma","60"
36201,"FC Progres Niederkorn","Niederkorn","60"
133486,"JSM Tiaret","Tiaret","60"
133484,"ASM Oran","ASM Oran","60"
133444,"Ben Aknoun","Aknoun","60"
395588,"US Albinoleffe","Albinoleffe","60"
36400,"Othellos Athienou","Othellos","60"
395606,"FC Sudtirol Bolzano","Sudtirol Bolzano","60"
397010,"Cartusia Kartuzy","Cartusia Kartuzy","60"
36570,"VfB Marburg","Marburg","60"
120226,"Kilkisiakos","Kilkisiakos","60"
120172,"Neas Ionias","Neas Ionias","60"
1781,"Osters IF","Osters","60"
1772,"Landskrona BoIS","Landskrona","60"
1766,"Orgryte IS","Orgryte","60"
37114,"FK Admira Prague","Ad. Praha","60"
37164,"FK Famos Vojkovici","Famos Vojkovici","60"
1392,"Hobro IK","Hobro","60"
112647,"ES Metlaoui","Metlaoui","60"
667125,"Gorilla FC","Gorilla FC","60"
412621,"Olympic Star FC","Olympic Star FC","60"
107723,"FC Shakhtar Donetsk","Shakhtar Donetsk","60"
1339,"Sundby BK","Sundby","60"
105803,"FC Slovan Liberec B","Slovan Liberec B","60"
37570,"Nomme Kalju FC","Nomme Kalju","60"
1320,"Naestved BK","Naestved","60"
1304,"Skive IK","Skive","60"
37962,"Atletic Club d'Escaldes","Atletic Club","60"
734689,"Jagiellonia II Bialystok","Jagiellonia II Bialystok","60"
672777,"Hungry Lion","Hungry Lion","60"
672949,"JS Omrane","Omrane","60"
673713,"Wisla Plock II","Wisla Plock II","60"
79065,"SSC Bari","Bari","60"
79053,"Modena","Modena","60"
38713,"MKS Czarni Polaniec","Czarni Polaniec","60"
38728,"MKS Podlasie Biala Podlaska","Podlasie Biala Podlaska","60"
77909,"Valencia CF","Valencia","60"
77903,"Sevilla FC","Sevilla","60"
38737,"KS Wisloka Debica","Wisloka Debica","60"
39617,"Monte Azul SP","Monte Azul","60"
39618,"Africain","Africain","60"
39734,"Sanat Mes Kerman FC","Mes Kerman","60"
545599,"El Paso Locomotive FC","El Paso Locomotive FC","60"
76459,"Oud Heverlee Leuven B","Oud Heverlee Leuven B","60"
76443,"Jong Cercle","Cercle","60"
76431,"GD Interclube","Interclube","60"
41753,"MO Constantine","Constantine","60"
42213,"Platense FC Puerto Cortes","Platense","60"
538329,"Loudoun United FC","Loudoun United FC","60"
72016,"SC Corinthians SP","Corinthians","60"
70944,"FC Augsburg II","FC Augsburg II","60"
65630,"Pretoria University FC","Pretoria University","60"
64119,"Palermo FC","Palermo","60"
43511,"Newcastle United FC","Newcastle","60"
59634,"Olympique de Beja","Olympique de Beja","60"
59616,"AS Gabes","Gabes","60"
528591,"Gasogi United","Gasogi United","60"
494590,"Mes Shahr-e Babak","Shahr-e Babak","60"
697179,"Antalyaspor SRL","Antalyaspor SRL","60"
1075766,"CD Sao Salvador","CD Sao Salvador","60"
697189,"Caykur Rizespor SRL","Caykur Rizespor SRL","60"
55573,"MFK Zvolen","Zvolen","60"
524200,"Bumamuru FC","Bumamuru","60"
55387,"CS Tunari","Tunari","60"
663,"Bryne FK","Bryne FK","60"
1039263,"GO Ahead Eagles Srl","GO Ahead Eagles Srl","60"
476164,"Estoril Praia","Estoril","60"
458465,"Poseidonas Michanionas","Poseidonas","60"
720917,"Pogon Sokol Lubaczow","Pogon Sokol Lubaczow","60"
458707,"Leningradets","Leningradets","60"
53799,"CA Atlanta","Atlanta","60"
605666,"UD Santarem","Santarem","60"
337371,"CDM Leandro N. Alem","Leandro N. Alem","60"
607054,"FK Teplice B","FK Teplice B","60"
300198,"Dimona Sport Club","Dimona Sport Club","59"
6156,"1. FC Bocholt","Bocholt","59"
6178,"Holstein Kiel II","Kiel II","59"
607096,"Bohemians Prague 1905 B","Bohemians Prague B","59"
217116,"SC Paderborn 07 II","Paderborn II","59"
606854,"FC Alania Vladikavkaz","FC Alania Vladikavkaz","59"
295812,"Naft Gachsaran","Naft Gachsaran","59"
562732,"SD Eibar","Eibar","59"
5797,"Eintracht Braunschweig II","Braunschweig II","59"
44314,"Tartu JK Tammeka","Tartu Tammeka","59"
2178,"FC Dornbirn","Dornbirn","59"
523598,"Kayanza United FC","Kayanza United FC","59"
220910,"SC Popesti Leordeni","Popesti Leordeni","59"
295226,"Velez Sarsfield Reserve","Velez Sarsfield Reserve","59"
120280,"A.P.O. Thyella Rafina FC","Thyella Rafina","59"
697185,"Konyaspor KIF SRL","Konyaspor SRL","59"
402055,"Nrb Teleghma","Teleghma","59"
217112,"Heeslinger SC","Heesling","59"
93513,"CSD Tristan Suarez","Tristan Suarez","59"
42589,"VfB Eichstatt","Eichstatt","59"
702155,"SC Heerenveen SRL","Heerenveen SRL","59"
616140,"FC Zbrojovka Brno B","FC Zbrojovka Brno B","59"
216970,"SKRA Czestochowa","Czestochowa","59"
945317,"Asteras Stavrou","Asteras Stavrou","59"
373324,"Niroye Zamini Tehran","Niroye Zamini Tehran","59"
25624,"Szeged-Csanad Grosics Akademia","Szeged-Csanad Gr.","59"
180408,"Alisontia Steinsel","Alisontia Steinsel","59"
25608,"Mezokovesd Zsory SE","Mezokovesdi","59"
5384,"UN Kaerjeng 97","Kaerjeng 97","59"
25544,"PAEEK Kyrenia","PAEEK","59"
25536,"MEAP Pera Choriou Nisou","MEAP Nisou","59"
181636,"PSIS Semarang","PSIS Semarang","59"
70946,"Chippa United FC","Chippa","59"
120230,"Kyanous Asteras Varis","Kyanous Asteras","59"
44163,"Slavia Prague","Slavia Prague","59"
592295,"Ngozi City FC","Ngozi City FC","59"
168566,"Dinamo Stavropol","Stavropol","59"
1039699,"KF Dinamo Ferizaj","KF Dinamo Ferizaj","59"
35176,"FC Oliveira do Hospital","Oliveira do Hospital","59"
6344,"Chaidari AO","Chaidari","59"
53133,"FK Loko Prague","FK Loko Prague","59"
120218,"Kampaniakos","Kampaniakos","59"
928845,"Aspis Pylas","Aspis Pylas","59"
617258,"Omonia Psevda","Omonia Psevda","59"
835668,"Halcones FC","Halcones De Zapopan","59"
120212,"Giouchtas","Giouchtas","59"
667213,"Rutsiro FC","Rutsiro FC","59"
826604,"Venda FC","Venda FC","59"
5963,"FK Karvan Yevlakh","Karvan Yevlakh","59"
25393,"Kozarmisleny SE","Kozarmisleny","59"
203443,"CD Huila","Huila","59"
53709,"Malavan Bandar Anzali FC","Malavan Bandar","59"
126312,"St Josephs FC","St Josephs","59"
36282,"NK Solin","Solin","59"
41757,"Raja Casablanca Athletic","Raja Casablanca","59"
32766,"Ypiranga FC RS","Ypiranga","59"
1890,"Helsingborgs IF","Helsingborgs","59"
2619,"VFC Plauen","Plauen","59"
148992,"Indy Eleven","Indy Eleven","59"
25228,"Makedonikos FC","Makedonikos","59"
1031155,"SV Meppen II","Meppen II","59"
377570,"CA Claypole","Claypole","59"
406215,"Gaborone United","Gaborone United","59"
219176,"OFK Dynamo Malzenice","Dynamo Malzenice","59"
37942,"Cwmbran Celtic","Cwmbran Celtic","59"
1175511,"Highbury FC","Highbury FC","59"
317861,"Le Messager Ngozi FC","Le Messager Ngozi","59"
7760,"CD Fatima","Fatima","59"
1403,"Thisted FC","Thisted","59"
279977,"KF Vellaznimi","KF Vellaznimi","59"
35892,"Al Arabi","Al Arabi","59"
1175513,"Kruger United","Kruger United","59"
37146,"FK Novaci 2005","Novaci","59"
34976,"Atletico de Rafaela","Rafaela","59"
278073,"KF Trepca Mitrovice","Trepca Mitrovice","59"
659215,"NK Uljanik","Uljanik","59"
934363,"Flint Mountain","Flint Mountain","59"
7875,"SC Wiedenbruck","Wiedenbruck","59"
277843,"KF Liria Prizren","Liria Prizren","59"
219120,"FC Slovan Galanta","Slovan Galanta","59"
413909,"JK Narva Trans","Narva Trans","59"
667719,"Js Bordj Menaiel","Js Bordj Menaiel","59"
396500,"AFC Odorheiu Secuiesc","Odorheiu Secuiesc","59"
6880,"Miramar Misiones","Miramar Misiones","59"
167854,"Perugia","Perugia","59"
276297,"FK Belusa","Belusa","59"
3037,"SC Covilha","Covilha","59"
276283,"TuS Bersenbruck","Bersenbruck","59"
213222,"Laanemaa JK Haapsalu","Haapsalu","59"
36769,"ZKS Olimpia Elblag","Olimpia Elblag","59"
76445,"Club NXT","NXT","59"
545601,"New Mexico United","New Mexico United","59"
52769,"SC Eltersdorf","Eltersdorf","59"
5387,"FC Victoria Rosport","FC Victoria Rosport","59"
425115,"SK Super Nova","Super Nova","59"
619730,"Sports Dynamic","Sports Dynamic","59"
1168489,"FC Leivadia 2022","FC Leivadia 2022","59"
1168491,"Anorthosis Mouttagiakas","Anorthosis Mouttagiakas","59"
2028,"NK Hrvatski Dragovoljac","H. Dragovoljac","59"
791482,"Podosfairkos Omilos Ormideia","Podosfairkos Omilos Ormideia","59"
164596,"SC Spelle-Venhaus","Spelle-Venhaus","59"
36516,"USI Lupo Martini Wolfsburg","Wolfsburg","59"
169138,"Gil Vicente","Gil Vicente","59"
39220,"San Luis de Quillota","SL de Quillota","59"
33580,"Tarxien Rainbows FC","Tarxien R","59"
39219,"San Marcos de Arica","Arica","59"
912461,"Jong KRC Genk","KRC Genk","59"
95619,"Boeung Ket Angkor FC","Boeung Ket Angkor","59"
86542,"Barito Putera","Barito Putera","59"
77869,"Crystal Palace FC","Crystal Palace","59"
1901,"Breidablik Kopavogur","Breidablik","59"
36834,"CA All Boys","All Boys","59"
735513,"Kouris Erimis","Kouris Erimis","59"
266565,"Deportes Recoleta","Deportes Recoleta","59"
6975,"CD LA Equidad",NULL,"59"
5289,"EN Thoi Lakatamia","Thoi Lakatamias","59"
78113,"SC Braga","Braga","59"
6990,"PO Atsaleniou","Atsaleniou","59"
38665,"FC Tirsense","Tirsense","59"
6997,"GS Ilioupoli","Ilioupoli","59"
59618,"CA Bizertin","Bizertin","59"
1768,"Orebro SK","Orebro","59"
702149,"PEC Zwolle SRL","Zwolle SRL","59"
1037337,"Santa Cruz PFA","Santa Cruz PFA","59"
112493,"CA Colegiales","Colegiales","59"
1173105,"Como 1907 Srl","Como 1907 Srl","59"
655773,"Deportivo Garcilaso","Deportivo Garcilaso","59"
59712,"Ilisiakos FC","Ilisiakos","59"
22185,"IF Lyseng","Lyseng","59"
38322,"Levante UD","Levante","59"
108351,"SV Rodinghausen","Rodinghausen","59"
1182771,"Palayesh Naft Bandar Abbas FC","Palayesh Naft Bandar Abbas FC","59"
736107,"FC Verden 04","Verden","59"
92539,"Bucheon FC 1995","Bucheon","59"
81139,"CSF Spartanii Selemet","Spartanii Selemet","59"
556460,"FC Kurim","FC Kurim","59"
300444,"USM Khenchela","Khenchela","59"
783164,"Iraklis Gerolakkou","Iraklis Gerolakkou","59"
87854,"UTC de Cajamarca","Cajamarca","59"
82803,"US Feulen","Feulen","59"
1308,"HIK Hellerup","Hellerup","59"
380060,"Bugesera FC","Bugesera FC","59"
452133,"Gil Vicente FC","Gil Vicente","59"
213176,"Kolos Kovalivka","Kovalivka","59"
7101,"Varbergs BoIS","Varbergs","59"
928849,"Aep Polemidion","Aep Polemidion","59"
241512,"CA San Telmo","San Telmo","59"
964241,"Wa Mostaganem","Wa Mostaganem","59"
239124,"MS Football Hapoel Kiryat Yam","Hapoel Kiryat Yam","59"
6154,"CD Trofense","Trofense","59"
238160,"JS Djidjel","Djidjel","59"
59964,"FC Rodange 91","Rodange 91","59"
1042949,"Kedros Ayia Marina Skylloura","Kedros Ayia Marina Skylloura","59"
421601,"Mineros de Fresnillo FC","Mineros de Fresnillo FC","58"
2934,"Newcastle United Jets","Newcastle","58"
112499,"CA Temperley","Temperley","58"
33895,"Sport Huancayo","Huancayo","58"
262687,"Marines FC Gisenyi","Marines FC Gisenyi","58"
112465,"RC Arbaa","Arbaa","58"
421573,"Club Calor","Club Calor","58"
589687,"SV Gloggnitz","Gloggnitz","58"
784754,"Umecit","Umecit","58"
659835,"Ib Khemis El Khechna","Ib Khemis El Khechna","58"
241860,"Comerciantes Unidos","Comerciantes U.","58"
155650,"FK Vardar Negotino","Vardar Negotino","58"
24095,"BSV SW Rehden","Rehden","58"
24090,"VfV 06 Hildesheim","Hildesheim","58"
213180,"Veres Rivne","Rivne","58"
412157,"Las Vegas Lights","Las Vegas Lights","58"
1177419,"FC Soimii Gura Humorului","FC Soimii Gura Humorului","58"
1163,"Stroemsgodset IF","Stroemsgodset","58"
1165,"Vaalerenga IF","Valerenga","58"
238656,"Kagera Sugar","Kagera Sugar","58"
5383,"AS La Jeunesse D Esch/Alzette","Esch/Alzette","58"
226210,"SC Vianense","SC Vianense","58"
967255,"Js El Biar","Js El Biar","58"
552291,"Sao Paulo FC SP","Sao Paulo","58"
1297,"AC Horsens","Horsens","58"
326745,"POT Iraklis","POT Iraklis","58"
169140,"FCM Baia Mare","Baia Mare","58"
52215,"CA Defensores de Belgrano","Defensores","58"
213940,"Dinamo Moscow Res.","Dinamo Moscow R.","58"
37423,"AFC Dunarea 2005 Calarasi","Dunarea Calarasi","58"
89936,"NK Dugo Selo","Dugo Selo","58"
106317,"SK Petrin Plzen","Petrin Plzen","58"
37949,"UE Santa Coloma","Santa Coloma","58"
390434,"Barnsley FC","Barnsley","58"
2456,"SR Delemont","Delemont","58"
219114,"FC Zolik Malacky","Malacky","58"
218750,"AB Gladsaxe","Gladsaxe","58"
2462,"FC Baden","Baden","58"
1323,"Nykoebing FC","Nykoebing","58"
94785,"Recreativo Do Libolo","Libolo","58"
1319,"Naesby BK","Naesby","58"
1314,"Vendsyssel FF","Vendsyssel","58"
93515,"CA Defensores Unidos","Defensores Unidos","58"
172070,"Ok Castkovce","Ok Castkovce","58"
6008,"SV Wilhelmshaven","Wilhelmshaven","58"
53699,"Damash Gilan FC","Damash","58"
173432,"Potros del Este","Potros del Este","58"
53717,"Fajr Sepasi FC","Fajr Sepasi","58"
823542,"FC Vizela","Vizela","58"
354964,"Club Mercedes","Mercedes","58"
46350,"FC Mamer 32","Mamer 32","58"
395762,"CS Blejoi","CS Blejoi","58"
355232,"FK Bospor Bohumin","FK Bospor Bohumin","58"
36498,"FC Irtysh Omsk","Irtysh Omsk","58"
651414,"Racing Club Dabidjan","Racing Club Dabidjan","58"
54307,"FK Pobeda AD Prilep","FK Pobeda AD Prilep","58"
380066,"SC Kiyovu ","Kiyovu ","58"
396596,"Gol Gohar Sirjan FC","Gohar Sirjan","58"
316969,"Municipal Grecia","Municipal Grecia","58"
54689,"CSM Slatina","Slatina","58"
594704,"CS Gheorgheni","CS Gheorgheni","58"
34789,"FK Varnsdorf","Varnsdorf","58"
583919,"ASV Cham","Cham","58"
6144,"FK Leotar Trebinje","Leotar Trebinje","58"
594698,"CS Viitorul Daesti","CS Viitorul Daesti","58"
36542,"Wigan Athletic","Wigan","58"
950503,"Ario Eslamshahr","Ario Eslamshahr","58"
36081,"FS Jelgava","Jelgava","58"
950423,"Mes Sungun Varzaghan","Mes Sungun Varzaghan","58"
363446,"Crewe Alexandra Reserve","Crewe Alexandra Reserve","58"
6234,"Portuguesa FC","Portuguesa","58"
454115,"ATSV Erlangen","Erlangen","58"
120278,"Thesprotos","Thesprotos","58"
44164,"Sparta Prague","Sparta Prague","58"
44141,"Aqvital FC Csakvar","Csakvar","58"
56127,"AFC Chindia Targoviste","Chindia Targoviste","58"
6349,"PAS Giannina","Giannina","58"
664083,"Peterborough United","Peterborough","58"
44017,"FA 2000","FA 2000","58"
312398,"FC Vsetin","FC Vsetin","58"
32767,"EC Sao Jose RS","Sao Jose","58"
312000,"Herrera FC","Herrera","58"
119072,"Deportes Temuco","Temuco","58"
43901,"SV Todesfelde","Todesfelde","58"
53027,"FC Viktoria 1889 Berlin","Viktoria Berlin","58"
309102,"NK Dekani","Dekani","58"
308860,"CD Santa Cruz","Santa Cruz","58"
1031165,"ACS Viitorul Arad","ACS Viitorul Arad","58"
364778,"USV St. Anna am Aigen","St. Anna","58"
330537,"Los Chankas CYC","Los Chankas CYC","58"
1179583,"Zacatepec FC","Zacatepec FC","58"
495600,"LOSC Lille","Lille","58"
43733,"Eintracht Frankfurt","Eintracht Frankfurt","58"
43732,"VfB Stuttgart","VfB Stuttgart","58"
307736,"Sokol Hostoun","Sokol Hostoun","58"
164500,"Sheffield Wednesday Reserve","Sheffield Wednesday Reserve","58"
1775,"Vasteraas SK","Vasteraas","58"
35089,"Jahn Regensburg II","Jahn Regensburg II","58"
306574,"Club Lujan","Lujan","58"
43720,"1. FC Cologne","1. FC Cologne","58"
1771,"Trelleborgs FF","Trelleborgs","58"
301360,"Musongati FC","Musongati FC","58"
300448,"MB Rouissat","Rouissat","58"
1927,"Bekescsaba 1912 Elore","Bekescsaba Elore","58"
1155077,"Deportivo Upala FC","Deportivo Upala FC","58"
25929,"CS Fola Esch-Alzette","Fola Esch-Alzette","58"
452125,"FC Famalicao","Famalicao","58"
36890,"FKM Nove Zamky","Nove Zamky","58"
1156423,"Auckland FC","Auckland","58"
452097,"Portimonense","Portimonense","58"
25837,"NK Gosk Gabela","Gosk Gabela","58"
3247,"Panionios Athens","Panionios","58"
1844,"Sandvikens IF","Sandvikens","58"
3243,"Panachaiki 1891 FC","Panachaiki","58"
981613,"Artesanos Metepec FC","Artesanos Metepec FC","58"
295810,"FC Pars Jonoubi Jam","Pars Jonoubi Jam","58"
43193,"SFK Vrchovina","Vrchovina","58"
25786,"AD Sanjoanense","Sanjoanense","58"
190582,"Heart of Midlothian WFC","Heart of Midlothian","58"
295224,"CA Union Santa Fe Reserve","CA Union Santa Fe Reserve","58"
295212,"Rosario Central Reserve","Rosario Central Reserve","58"
445409,"Dundee United WFC","Dundee","58"
445395,"Queen's Park LFC","Queen's Park","58"
25672,"FK Kozara Gradiska","Kozara","58"
290572,"Khor Fakkan Club","Khor Fakkan","58"
290554,"Inter Playa Del Carmen","Inter Playa Carmen","58"
373076,"CA San Miguel","San Miguel","58"
25527,"Ermis Aradippou FC","Aradippou","58"
288581,"CS Paulesti","Paulesti","58"
196936,"Dfk Dainava Alytus","Dainava Alytus","58"
72926,"Western Sydney Wanderers","Western Sydney Wanderers","58"
332407,"Dynamos Harare FC","Dynamos Harare FC","58"
3221,"Arsenal de Sarandi","Sarandi","58"
25418,"FK Kraluv Dvur","Kraluv Dvur","58"
25417,"FC Pisek","Pisek","58"
388236,"AD Berazategui","Berazategui","58"
116257,"CS Sporting Liesti","Liesti","58"
406019,"FCI Levadia Tallinn","Levadia Tallinn U21","58"
25395,"Szentlorinc SE","Szentlorinc","58"
2235,"MFK Vitkovice","Vitkovice","58"
1663,"Nimes Olympique","Nimes","58"
41754,"MSP Batna","Batna","58"
7658,"Black Leopards","Black Leopards","58"
344636,"FK Kozuf Gevgelija","FK Kozuf Gevgelija","58"
3163,"CD O´Higgins","O´Higgins","58"
35223,"NK Trnje","Trnje","58"
280203,"Real Betis Seville","Real Betis","58"
335545,"FC Strani","Strani","58"
35240,"NK Grobnican","Grobnican","58"
923249,"KF Rilindja 1974","Rilindja","58"
371368,"Agropecuario Argentino","Agropecuario","58"
279975,"KF Istogu","Istogu","58"
35249,"CSK Uhersky Brod","Uhersky Brod","58"
8027,"Panegialios FC","Panegialios","58"
35252,"Tj Jiskra Usti Nad Orlici","Tj Jiskra Usti Nad Orlici","58"
609308,"FC Van Charentsavan","Van","58"
210350,"Botafogo FR RJ","Botafogo","58"
40267,"FC Andijon","FC Andijon","58"
75855,"1. FC Germania Egestorf/Langreder","Egestorf/Langreder","58"
4867,"SK Sigma Olomouc B","Olomouc B","58"
8067,"FK Skopje","Skopje","58"
3021,"SC Vila Real","SC Vila Real","58"
747547,"Velez Nevesinje","Velez Nevesinje","58"
838728,"Lobos Ulmx","Lobos Ulmx","58"
37263,"US Hostert","Hostert","58"
38994,"FC Marisca Mersch","Marisca Mersch","58"
77867,"Reading FC","Reading","58"
211970,"FC Ingulets Petrove","Ingulets Petrove","58"
936527,"CS Gloria Baneasa","CS Gloria Baneasa","58"
5378,"Union Titus Petange","Union Titus","58"
5043,"SC Neusiedl am See 1919","Neusiedl","58"
1173057,"ACS FC Bacau","FC Bacau","58"
134296,"Mochudi Centre Chiefs","Mochudi CC","57"
36200,"FC Luxemburg City","Luxemburg City","57"
2000,"SER Caxias do Sul","Caxias do Sul","57"
380062,"Amagaju","Amagaju","57"
380056,"Mukura VS","Mukura","57"
170622,"East Kilbride FC","East Kilbride","57"
392492,"Nassaji Mazandaran FC","Nassaji","57"
126306,"Lions Gibraltar","Lions","57"
172064,"Druzstevnik Velke Ludince","D. Velke Ludince","57"
377558,"Yupanqui","Yupanqui","57"
120862,"Olympique Marseille","Marseille","57"
1807,"Degerfors IF","Degerfors","57"
377552,"Central Ballester","Central Ballester","57"
178262,"PSV Eindhoven","Eindhoven","57"
178306,"Mortagua FC","Mortagua","57"
182701,"CA Atlas","Atlas","57"
118516,"NK Kustosija Zagreb","Kustosija Zagreb","57"
5548,"Hamburger SV","Hamburg","57"
186134,"HB Chelghoum Laid","Chelghoum Laid","57"
1777,"IK Brage","Brage","57"
399415,"CA Racing de Cordoba","Cordoba","57"
36787,"Nd Dravinja","Nd Dravinja","57"
2164,"SK Treibach","Treibach","57"
632694,"Pangitheatikos","Pangitheatikos","57"
190572,"Spartans WFC","Spartans","57"
25834,"FK Drina Zvornik","Drina Zvornik","57"
37065,"FK Romanija Pale","Romanija Pale","57"
1177825,"AE Mykonou","AE Mykonou","57"
25416,"FC Slavia Karlovy Vary","Slavia Karlovy Vary","57"
2236,"SK Hranice","SK Hranice","57"
406201,"Bdf Xi","Bdf Xi","57"
406211,"Extension Gunners","Extension Gunners","57"
206609,"SV Erlbach","Erlbach","57"
406235,"Nico United","Nico United","57"
406247,"Tafic FC","Tafic FC","57"
37161,"FK BSK Banja Luka","Banja Luka","57"
24805,"CS Minerul Lupeni","Minerul L","57"
836102,"Tritones Vallarta MFC","Tritones Vallarta MFC","57"
211584,"Ilirija Ljubljana","Ilirija Ljubljana","57"
370826,"KF Kika","KF Kika","57"
370734,"AO Loutraki","AO Loutraki","57"
1374,"Vanloese IF","Vanlose","57"
2412,"NK Rudar Velenje","Velenje","57"
2418,"NK Domzale","Domzale","57"
111291,"SCU Torreense","Torreense","57"
5388,"US Rumelange","US Rumelange","57"
409111,"Visakha FC","Visakha","57"
24056,"Werder Bremen III","Werder Bremen III","57"
603560,"FC Viktoria Plzen B","FC Viktoria Plzen B","57"
24038,"Blumenthaler SV","Blumenthal","57"
2428,"NK Bilje","Bilje","57"
23946,"FC Ingolstadt II","Ingolstadt II","57"
106309,"Vysoke Myto","Myto","57"
105969,"SV Lafnitz","Lafnitz","57"
1008869,"Horni Redice","Horni Redice","57"
626370,"Morupule Wanderers","Morupule Wanderers","57"
993217,"Simba Bhora FC","Simba Bhora FC","57"
1026765,"ACS Medias 2022","ACS Medias 2022","57"
1009627,"Mouna FC","Mouna FC","57"
1023811,"ACS LPS HD Clinceni","ACS LPS HD Clinceni","57"
224836,"CA Central Cordoba Rosario","Central Cordoba Rosario","57"
2630,"SV Lichtenberg 47","SV Lichtenberg","57"
912431,"ASC Unirea Branistea","ASC Unirea Branistea","57"
2656,"Bayern Hof","Hof","57"
780238,"Cumbaya FC","Cumbaya FC","57"
2661,"FC Oberneuland","Oberneuland","57"
238652,"Coastal Union FC","Coastal Union FC","57"
552275,"SE Palmeiras SP","Palmeiras","57"
240854,"CD Maipu","Maipu","57"
84057,"Soa","Soa","57"
22395,"Seinajoen JK","Seinajoen","57"
253137,"Miami FC","Miami","57"
260733,"SV Fortuna Regensburg","Fortuna Regensburg","57"
260735,"TSV Kornburg","Kornburg","57"
79091,"CS Afumati","Afumati","57"
263587,"FK Babrungas Plunge","Babrungas Plunge","57"
79035,"TJ Banik Kalinovo","Banik Kalinovo","57"
78131,"Vitoria Guimaraes","Guimaraes","57"
5379,"FC Etzella Ettelbruck","FC Etzella Ettelbruck","57"
77981,"FK Pohronie Ziar Nad Hronom Dolna Zdana","Ziar Nad Hronom","57"
338295,"Turkspor Augsburg","Augsburg","57"
3015,"Academica de Coimbra","Coimbra","57"
1036023,"Andranik","Andranik","57"
424793,"FK Velke Hamry","Velke Hamry","57"
21828,"Anadia FC","Anadia","57"
728019,"Cancun FC","Cancun FC","57"
618700,"SK Artis B","SK Artis B","57"
8057,"Gyirmot FC Gyor","Gyirmot","57"
277831,"KF Besa Peje","KF Besa Peje","57"
40591,"FC Schifflange 95","Schifflange 95","57"
7711,"FC Santa Coloma","FC Coloma","57"
74451,"SV Wals-Grunau","Wals-Grunau","57"
73883,"Deutschlandsberger SC","Deutschlandsberg","57"
3168,"University College Dublin","UC Dublin","57"
544099,"Academico Viseu","Viseu","57"
431243,"Ethnikos Keramidiou","Keramidiou","57"
7568,"Wellington Phoenix FC","Wellington","57"
542677,"Partick Thistle LFC","Partick Thistle","57"
332409,"CA Chaco For Ever","Chaco For Ever","57"
66774,"Liverpool LFC","Liverpool","57"
437908,"PAS Korinthos","PAS Korinthos","57"
295192,"Gimnasia de la Plata Reserve","Gimnasia de la Plata Reserve","57"
697169,"Alanyaspor SRL","Alanyaspor SRL","57"
295202,"Newells Old Boys","Newells","57"
3237,"CA River Plate (URU)","River Plate","57"
300702,"Holon Yermiyahu FC","Holon Yermiyahu","57"
3309,"FC Vorskla Poltava","Poltava","57"
463817,"FK Prepere","FK Prepere","57"
59632,"JS Kairouanaise","Kairouanaise","57"
59622,"EGS Gafsa","Gafsa","57"
1021963,"Cso Baicoi","Cso Baicoi","57"
307208,"SC Lusitania Angra","Lusitania","57"
309554,"Csm Flacara Moreni","Csm Flacara Moreni","57"
916491,"ACS Oltul Curtisoara","ACS Oltul Curtisoara","57"
43874,"FK Kamenica Sasa","Kamenica Sasa","57"
591961,"FK Chlumec Nad Cidlinou","Chlumec Nad Cidlinou","57"
494232,"FC Pucioasa","FC Pucioasa","57"
822006,"FC Livyi Bereh Kyiv","Livyi Bereh Kyiv","57"
697193,"Kayserispor SRL","Kayserispor SRL","57"
55575,"MSK Povazska Bystrica","Povazska Bystrica","57"
6202,"BSV Eintracht Mahlsdorf","Mahlsdorf","57"
872963,"Matebele","Matebele","57"
6173,"SV Bergisch Gladbach 09","Bergisch Gladbach","57"
55373,"CSM Cetatea Turnu Magurele","Cetatea Turnu Magurele","57"
673,"FK Haugesund","Haugesund","57"
917205,"SC Freital","Freital","57"
316869,"Turkgucu Munich","Turkgucu Munich","57"
44679,"GFK Osogovo Kocani","GFK Osogovo Kocani","57"
611282,"SV Hemelingen","Hemelingen","57"
595590,"FK Podkonice","Podkonice","57"
351528,"DJK Gebenbach","Gebenbach","57"
610536,"FC Banik Ostrava B","FC Banik Ostrava B","57"
347986,"Angkor Tiger FC","Angkor Tiger","57"
53101,"FA Povltavska","Povltavska","57"
1908,"Vikingur Reykjavik","Vikingur Reykjavik","57"
747493,"Csm Sighetu Marmatiei","Csm Sighetu Marmatiei","57"
153476,"Nagaworld FC","Nagaworld","57"
162344,"TSV Neudrossenfeld","Neudrossenfeld","57"
162364,"Union Gurten","Gurten","57"
1032457,"Santa Clara","Santa Clara","57"
164372,"LASK Amateure OO","Amateure OO","57"
35671,"ASKO Oedt","Oedt","57"
697183,"Kasimpasa SRL","Kasimpasa SRL","57"
476168,"Sporting CP","Sporting","57"
5871,"FC Memmingen","Memmingen","57"
36059,"Gandzasar Kapan FC","Gandzasar Kapan","57"
461203,"Brito SC","Brito SC","57"
475194,"Tai Po FC","Tai Po FC","56"
35389,"FK Tauras Taurage","Tauras Taurage","56"
3159,"CD Cobreloa Calama","Cobreloa Calama","56"
135324,"Maringa FC PR","Maringa","56"
743,"SK Brann","Brann","56"
25230,"Panargiakos FC","Panargiakos","56"
36287,"Schalding-Heining Passau","Schalding-Heining","56"
226702,"ESC Geestemunde","Geestemunde","56"
5813,"FC Wegberg-Beeck","Wegberg-Beeck","56"
947425,"AS Usv Iasi","AS Usv Iasi","56"
863921,"Deportiva Venados","Deportiva Venados","56"
317965,"Operario FC MS","Operario","56"
249393,"Tokyo Verdy Beleza","Tokyo Verdy Beleza","56"
317869,"Ngezi Platinum","Ngezi Platinum","56"
911839,"SpVgg SV Weiden","Weiden","56"
6209,"FSV Optik Rathenow","Rathenow","56"
283347,"US Tataouine","Tataouine","56"
37105,"MFK Snina","Snina","56"
377574,"Juventud Unida San Miguel","San Miguel","56"
24047,"OSC Bremerhaven","Bremerhaven","56"
377554,"Deportivo Paraguayo","Paraguayo","56"
6671,"NK Segesta","Segesta","56"
826672,"Lazio Rome","Lazio","56"
43740,"Club Almirante Brown","Almirante Brown","56"
499630,"West Ham United FC","West Ham","56"
1032081,"Csl Stefanestii de Jos","Csl Stefanestii de Jos","56"
5285,"CSM Jiul Petrosani","Petrosani","56"
1177823,"AO Miltiadis","AO Miltiadis","56"
1148681,"ACS Cil Blaj","ACS Cil Blaj","56"
728119,"Rodina-2","Rodina-2","56"
659283,"SSD Napoli","Napoli","56"
287485,"UA Zacatecas","UA Zacatecas","56"
7536,"Utsiktens BK","Utsiktens","56"
25470,"Krka Novo Mesto","Krka Novo Mesto","56"
1038323,"Racing de Veracruz","Racing de Veracruz","56"
178250,"Club Brugge YLA","Brugge","56"
776284,"Kengold FC","Kengold FC","56"
37258,"FC Koeppchen Wormeldange","Koeppchen Wormeldange","56"
288579,"CS Stiinta Miroslava","Stiinta Miroslava","56"
260729,"FC Deisenhofen","Deisenhofen","56"
55377,"CSO Plopeni","Plopeni","56"
76763,"FC Rokycany","Rokycany","56"
5172,"FC Kairat Almaty","Kairat","56"
274041,"CS Timisul Sag","CS Timisul Sag","56"
290396,"Crystal Palace","Crystal Palace","56"
6169,"SV Heimstetten","Heimstetten","56"
53129,"TJ Tatran Bohunice","Tatran Bohunice","56"
355240,"FK Spartak Sobeslav","FK Spartak Sobeslav","56"
36531,"Venados  FC","Venados","56"
37201,"Standard Liege","Liege","56"
810954,"TWL Elektra","Elektra","56"
53130,"FC Hlinsko","Hlinsko","56"
36394,"Dinamo Kirov","Kirov","56"
708,"Ranheim","Ranheim","56"
594748,"CS Lotus Baile Felix","Lotus Baile Felix","56"
380068,"Musanze FC","Musanze","56"
403233,"SG Dynamo Schwerin","Schwerin","56"
362698,"FC Vratimov","Vratimov","56"
830806,"PAOK Thessaloniki B","PAOK B","56"
528159,"Lugazi Municipal FC","Lugazi Municipal","56"
500292,"AD Machico","AD Machico","56"
295162,"Argentinos Juniors Reserve","Argentinos Juniors Reserve","56"
212032,"SV Kirchanschoring","Kirchanschoring","56"
923253,"KF Vjosa","Vjosa","56"
55049,"Moghreb Athletic de Tetouan","Moghreb Tetouan","56"
2092,"Rapid Wien II","Rapid Wien II","56"
172056,"MSK Fomat Martin","Fomat Martin","56"
868669,"Monterey Bay FC","Monterey Bay FC","56"
258467,"CS Metalurgistul Cugir","Cugir","56"
220424,"MSK Tesla Stropkov","Tesla Stropkov","56"
5794,"Brinkumer SV","Brinkum","56"
295190,"Estudiantes de LP Reserve","Estudiantes de LP Reserve","56"
274759,"Tj Slovan Velvary","Tj Slovan Velvary","56"
413745,"Tj Sokol Lanzhot","Sokol Lanzhot","56"
218708,"Updf FC","Updf FC","56"
218180,"CD Tondela","Tondela","56"
35175,"Louletano DC","Louletano","56"
384648,"Paide Linnameeskond","Paide Linnameeskond","56"
5563,"FSV Budissa Bautzen","Bautzen","56"
79083,"Sc Olimpia Mcmxxi Satu Mare","Mcmxxi","56"
218146,"KRC Genk","Genk","56"
2132,"VfB Hohenems","Hohenems","56"
22208,"Odder IGF","Odder","56"
112441,"SSV Merten","Merten","56"
791414,"Niva Dolbizno","Niva Dolbizno","56"
929,"Sandnes Ulf","Sandnes","56"
216340,"Brandys Nad Labem","Brandys N. Labem","56"
530167,"AD Espartano","AD Espartano","56"
726425,"Teutonia Weiden","Weiden","56"
273107,"Siegburger SV 04","Siegburg","56"
24049,"SG Aumund-Vegesack","Aumund-Vegesack","56"
168558,"FC Sevastopol","Sevastopol","56"
5382,"Swift Hesperange","Hesperange","56"
263071,"Ferroviaria SP","Ferroviaria","56"
675171,"Porto Velho EC/RO","Porto Velho","56"
43081,"SVG Reichenau","Reichenau","56"
945403,"Aer Afantou","Aer Afantou","56"
607848,"Uruguay Montevideo FC","Uruguay Montevideo FC","56"
851259,"Sua Flamingoes","Sua Flamingoes","56"
911245,"Club Atletico La Paz","Club Atletico La Paz","56"
24041,"Habenhauser FV","Habenhaus","56"
400491,"Township Rollers","Township Rollers","56"
610870,"Csm FC Vaslui","Csm FC Vaslui","56"
24044,"KSV Vatan Sport","Vatan Sport","56"
61708,"Maccabi Y.","Yavne","56"
369660,"AC Marinhense","AC Marinhense","56"
276291,"FTC Filakovo","FTC Filakovo","56"
495358,"Jkt Tanzania","Jkt Tanzania","56"
917713,"ACS Progresul Fundulea","ACS Progresul Fundulea","56"
2409,"ND Gorica","Gorica","56"
936539,"AFC Campulung Muscel 2022","AFC Campulung Muscel 2022","56"
25835,"FK Sutjeska Foca","Sutjeska Foca","56"
475574,"Havadar SC","Havadar","56"
258743,"NK Jadran LP","NK Jadran LP","56"
53331,"FC Union 60 Bremen","Union Bremen","56"
665,"Sogndal Fotball","Sogndal","56"
452101,"Rio Ave","Rio Ave","56"
369674,"LGC Moncarapachense","Moncarapachense","56"
21852,"SD Imperatriz MA","Imperatriz","56"
936391,"Spartak Police Nad Metuji","Spartak Police Nad Metuji","56"
633534,"AO Neas Artakis","AO Neas Artakis","56"
742479,"TV Eiche Horn","Eiche Horn","56"
621106,"Sol FC","Sol FC","56"
885005,"FK Transinvest","Transinvest","56"
793870,"Acad Viitorul Cluj","Acad Viitorul Cluj","56"
5877,"FC Ismaning","Ismaning","56"
375398,"Uganda Police FC","Uganda Police FC","56"
25858,"CS Tricolorul Breaza","Tricolorul B","56"
784448,"Be1 Nfa","Be1 Nfa","56"
742997,"ACS Kids Tampa Brasov","ACS Kids Tampa Brasov","56"
830722,"Uf Comercio E Industria Setubal","Uf Comercio E Industria Setubal","56"
38996,"SC Bettembourg","Bettembourg","56"
7085,"GD Braganca","Braganca","56"
392490,"Kheybar Khorramabad FC","Kheybar Khorramabad FC","56"
732813,"FC Balti","FC Balti","56"
38997,"US Mondorf-Les-Bains","Mondorf-Les-Bains","56"
53333,"TS Woltmershausen","Woltmershausen","56"
325273,"Mbarara FC","Mbarara FC","56"
1067120,"Tigres de Alica FC","Tigres de Alica FC","56"
24777,"SK Horovice","Horovice","56"
732609,"RSV Eintracht Stahnsdorf 1949","Stahnsdorf","56"
43657,"MFK Trutnov","MFK Trutnov","56"
7884,"MFK Stara Lubovna","Stara Lubovna","56"
36439,"Sol de America Villa Elisa","Sol de America","56"
388964,"Csm Bucovina Radauti","Csm Bucovina Radauti","56"
3310,"FC Chernomorets Odessa","Chernomorets Odessa","56"
3312,"FC Obolon Kyiv","Obolon","56"
607066,"Dukla Prague B","Dukla Prague B","56"
38304,"Balzan FC","Balzan","56"
5335,"FC Bihor Oradea","Oradea","56"
371178,"CSA Axiopolis Sport Cernavoda","Axiopolis Cernavoda","56"
75181,"FC Kaluga","Kaluga","56"
611338,"Fortuna Koln II","Fortuna Koln II","56"
565983,"FC Famalicao","Famalicao","56"
377720,"Sassuolo Calcio","Sassuolo","56"
460129,"PFC Kuban Krasnodar","Kuban Krasnodar","56"
1934,"Tecos FC","Tecos","56"
55705,"Ittihad Kalba FC","Ittihad Kalba","56"
36841,"Ferro Carril Oeste","Ferro Carril Oeste","56"
75123,"ASV Neumarkt","Neumarkt","56"
115109,"SK Bischofshofen","Bischofshofen","56"
279995,"KF Kek-U","Kek-U","56"
84053,"Club Omnisports de Korhogo","C.O. Korhogo","56"
3152,"Union San Felipe","San Felipe","56"
3353,"FC Brest","Brest","56"
125980,"Berdenia Berbourg","Berdenia","56"
830734,"FC Alpendorada","FC Alpendorada","56"
82799,"Residence Walferdange","Walferdange","56"
682063,"FC Neptunas Klaipeda","FC Neptunas Klaipeda","56"
185296,"Bouake FC","Bouake","56"
377564,"CA Victoriano Arenas","Victoriano Arenas","56"
280005,"KF Ramiz Sadiku","KF Ramiz Sadiku","56"
227542,"Melbourne City FC","Melbourne City","56"
227114,"ACS Inainte Modelu","I. Modelu","56"
226704,"BTS Neustadt","Neustadt","56"
58687,"Ajman Club","Ajman","56"
551821,"Manica Diamonds FC","Manica Diamonds FC","55"
5566,"VfB Auerbach 1906","Auerbach","55"
920989,"FC Syunik","FC Syunik","55"
213092,"SV Wildon","Wildon","55"
1179391,"AD Batanecos","AD Batanecos","55"
495616,"AJ Auxerre","Auxerre","55"
352088,"VfB 1921 Krieschow","Krieschow","55"
817864,"Dynamo Vladivostok","Dynamo Vladivostok","55"
634516,"AL Bataeh (UAE)","AL Bataeh","55"
5338,"FK Ekranas","Ekranas","55"
43741,"CA Patronato Parana","Parana","55"
33817,"FC Shirak Gyumri","Shirak","55"
377568,"Argentino de Rosario","Argentino Rosario","55"
169148,"Derby County","Derby","55"
164662,"SV Eutin 08","Eutin","55"
38305,"Melita FC","Melita","55"
822668,"FC Serpa","FC Serpa","55"
57449,"Al Shabab","Al Shabab","55"
421531,"Chicken Inn FC","Chicken Inn","55"
557320,"FK Minija 2017","Minija 2017","55"
1168357,"AFC Viitorul Onesti","AFC Viitorul Onesti","55"
36082,"FK Metta / Lu","FK Metta / Lu","55"
120228,"Chania FC","Chania","55"
364498,"FC Pesch","Pesch","55"
79903,"Sintrense","Sintrense","55"
4938,"Club Almagro","Almagro","55"
380444,"Highlanders FC","Highlanders FC","55"
6280,"FC Gleisdorf 09","Gleisdorf","55"
36618,"FC Union Berlin","Berlin","55"
827066,"Nd Slovan","Nd Slovan","55"
317569,"Caps United FC","Caps United FC","55"
396574,"SV Kuchl","Kuchl","55"
21838,"ABC FC RN","ABC","55"
6247,"FK Sloboda Tuzla","Tuzla","55"
313625,"Mitre Santiago del Estero","Santiago del Estero","55"
5377,"Ararat Yerevan FC","Ararat Yerevan","55"
972503,"Kerry FC","Kerry FC","55"
1114069,"Tj Ligmet Milin","Tj Ligmet Milin","55"
54367,"Norwich City FC","Norwich","55"
1136405,"FC Osa","FC Osa","55"
5564,"VfB Germania Halberstadt","Halberstadt","55"
600296,"FK Jablonec B","FK Jablonec B","55"
6208,"TuS Makkabi Berlin","Makkabi Berlin","55"
5291,"CSD Dorados Sinaloa","Dorados","55"
612256,"SpVg Porz","Porz","55"
151012,"Washington Spirit","Washington","55"
548031,"TJ Hluboka Nad Vlatvou","Hluboka Nad Vlatvou","55"
593822,"FC Einheit Wernigerode","Wernigerode","55"
55381,"FC Unirea Dej","Unirea Dej","55"
598758,"Oakland Roots SC","Oakland Roots SC","55"
6159,"Hansa Rostock II","Rostock II","55"
594744,"ACS Recolta Gheorghe Doja","ACS Recolta Gheorghe Doja","55"
22386,"Tampereen Ilves","Ilves","55"
340928,"Deportivo Muniz","Muniz","55"
594724,"Asc Olimpic Zarnesti","Asc Olimpic Zarnesti","55"
931681,"Os Marialvas","Os Marialvas","55"
22212,"Hoersholm-Usseroed IK","Hoersholm-Usseroed","55"
618770,"FC BKMA Yerevan","BKMA Yerevan","55"
162348,"TSV Landsberg am Lech","Landsberg am Lech","55"
24102,"Heider SV","Heide","55"
22173,"Vejgaard BK","Vejgaard","55"
5862,"FC Anker Wismar 1997","Wismar","55"
1836,"Ostersunds FK","Ostersund","55"
1177423,"ACS Petrolul 52 2","ACS Petrolul 52 2","55"
331639,"SV Tasmania Berlin","Tasmania Berlin","55"
585727,"Torpedo Miass","Torpedo Miass","55"
40263,"Navbahor","Navbahor","55"
618696,"SK Kosmonosy","SK Kosmonosy","55"
465783,"SPVG Frechen 20","Frechen","55"
24813,"CS Aerostar Bacau","Aerostar Bacau","55"
34085,"Brunei DPMM FC","Brunei DPMM","55"
371170,"Acs Kse Targu Secuiesc","Targu Secuiesc","55"
344224,"ACS Progresul Pecica","ACS Progresul Pecica","55"
87202,"Tombense FC MG","Tombense","55"
344284,"Unirea Bascov","Unirea Bascov","55"
108319,"SG Union Sandersdorf","Sandersdorf","55"
52803,"FC Pinzgau Saalfelden","Saalfelden","55"
75135,"TSV 1874 Kottern","Kottern","55"
79033,"MSK Namestovo","Namestovo","55"
40896,"Cork City FC","Cork City","55"
412665,"FC Platinum","FC Platinum","55"
74487,"Einheit Rudolstadt","Rudolstadt","55"
3153,"Union Espanola","Union Espanola","55"
35210,"Spisska Nova Ves","Spisska Nova Ves","55"
372788,"Brighton and Hove Albion WFC","Brighton and Hove","55"
79029,"Lok. Kosice","Lokomotiva Kosice","55"
2636,"Berliner AK 07","Berliner AK","55"
108177,"FC Pipinsried","Pipinsried","55"
252167,"Chengdu Rongcheng","Chengdu Rongcheng","55"
34217,"Dempo SC","Dempo","55"
731,"Rosenborg BK Kvinner","Rosenborg","55"
41824,"EC Bahia BA","Bahia","55"
2623,"TSG Neustrelitz","Neustrelitz","55"
2233,"FC Chomutov","Chomutov","55"
603728,"SV Preussen 09 Reinfeld","Reinfeld","55"
3198,"Athlone Town AFC","Athlone Town","55"
73170,"Hennef 05","Hennef","55"
3214,"Chacarita Juniors","Chacarita Juniors","55"
37317,"CA Atenas de San Carlos","Atenas San Carlos","55"
558504,"FK Atmosfera","Atmosfera","55"
2615,"FC Grimma","Grimma","55"
78123,"Rio Ave FC","Rio Ave","55"
621476,"Amarinthiakos","Amarinthiakos","55"
1023781,"ACS Aro Muscelul C-Lung Muscel","ACS Aro Muscelul C-Lung Muscel","55"
502832,"AC Milan","Milan","55"
170588,"Mouloudia Club of Oujda","Mouloudia Oujda","55"
290466,"SC Imst 1933","Imst","55"
2565,"Tennis Borussia Berlin","TB Berlin","55"
36363,"VfL Halle 1896","Halle","55"
42362,"Stella Club D'Adjame","Stella Club D'Adjame","55"
772370,"Shams Azar Qazvin","Shams Azar Qazvin","55"
538325,"Birmingham Legion FC","Birmingham Legion FC","55"
3225,"Tacuarembo FC","Tacuarembo","55"
90136,"Olympiacos Piraeus","Olympiacos","55"
23832,"SC Schwaz","Schwaz","55"
220520,"Stade Marocain","St. Marocain","55"
295176,"CA Belgrano","Belgrano","55"
1048887,"Difai Agsu","Difai Agsu","55"
220514,"Jeunesse Sportive Soualem","Soualem","55"
929949,"KVC Westerlo","Westerlo","55"
344212,"CSC Ghiroda SI Giarmata Vii","Ghiroda","55"
214174,"Bischofswerdaer FV 1908","Bischofswerda","55"
765326,"FC Jerusalem","FC Jerusalem","55"
914071,"Isi Dangkor Senchey FC","Isi Dangkor Senchey FC","55"
295196,"CA Huracan","Huracan","55"
5385,"FC Mondercange","Mondercange","55"
421547,"ZPC Kariba","ZPC Kariba","55"
295198,"Independiente Reserve","Independiente Reserve","55"
295200,"CA Lanus","Lanus","55"
1189697,"Inova Sca","Inova Sca","55"
2945,"Perth Glory FC","Perth","55"
217016,"Oldenburger SV","Oldenburg","55"
7383,"Hapoel Herzelia FC","H. Herzelia","55"
53142,"TJ Sokol Tasovice","S. Tasovice","55"
53143,"Zdar Nad Sazavou","Z. N. Sazavou","55"
834502,"Shimshon Tel Aviv","Shimshon Tel Aviv","55"
421535,"Herentals FC","Herentals FC","55"
265479,"EC Juventude RS","EC Juventude","55"
36930,"FC Lida","Lida","55"
45474,"Al-Muharraq SC","Al-Muharraq","55"
295814,"Mes Rafsanjan FC","Mes Rafsanjan FC","55"
652870,"TuS BW Konigsdorf","Konigsdorf","55"
299162,"VfL Vichttal","Vichttal","55"
43336,"FSC Bukovyna Chernivtsi","Bukovyna Chernivtsi","55"
25847,"FC Slonim-2017","Slonim","55"
7128,"Wexford FC","Wexford","55"
25848,"FC Volna Pinsk","Volna Pinsk","55"
742521,"Feyenoord Rotterdam","Feyenoord","55"
36875,"FC Baranovichi","Baranovichi","55"
3282,"FC Lovech","FC Lovech","55"
3303,"CSM Ceahlaul Piatra Neamt","Ceahlaul Piatra","55"
77865,"Tottenham Hotspur FC","Tottenham","55"
744413,"Universitatea Alba Iulia","Universitatea Alba Iulia","55"
1032455,"Academico Viseu","Viseu","55"
370066,"AFC Progresul 1944 Spartac","Progresul Spartac","55"
854363,"Instituto AC Cordoba Reserves","Instituto AC Cordoba Reserves","55"
301890,"Tottenham Hotspur FC","Tottenham","55"
48614,"PFC Sogdiana","Sogdiana","55"
1930,"FC Tatabanya","Tatabanya","55"
682,"Aasane Fotball","Asane","55"
80393,"Raja Beni Mellal","Raja","55"
5170,"FC Lokomotivi Tbilisi",NULL,"55"
390340,"SK Polanka Nad Odrou","Polanka Nad Odrou","55"
59614,"Avenir S Marsa","Avenir Marsa","55"
266889,"CA Guemes","Guemes","55"
6991,"Diagoras Rhodes","Diagoras","55"
45228,"TSV 1861 Nordlingen","Nordlingen","55"
26059,"CD Cinfaes","CD Cinfaes","55"
53703,"Foolad KHouzestan FC","Foolad","55"
680113,"Scm Zalau","Scm Zalau","55"
551819,"Telone FC","Telone FC","55"
36639,"SC Sand","Sand","54"
81309,"Dibba Al Fujairah","Dibba Al Fujairah","54"
624248,"SK Dynamo Ceske Budejovice B","SK Dynamo Ceske Budejovice B","54"
24099,"FC Kilia Kiel","Kiel","54"
421571,"Club Deportivo de Futbol Zitacuaro","Club Deportivo de Futbol Zitacuaro","54"
80157,"CSM Alexandria","Alexandria","54"
111299,"GD Chaves","Chaves","54"
1001279,"Zoman FC","Zoman FC","54"
261759,"Mons Calpe SC","Mons Calpe SC","54"
421613,"Reboceros de La Piedad","Reboceros de La Piedad","54"
2941,"Marconi Stallions","Marconi","54"
927033,"Fountain Gate FC","Fountain","54"
421937,"Pioneros de Cancun","Pioneros de Cancun","54"
1976,"Santa Cruz FC PE","Santa Cruz","54"
602164,"SK Slavia Prague B","Slavia Prague B","54"
421971,"Gavilanes de Matamoros","Gavilanes de Matamoros","54"
421979,"Sporting Canamy","Sporting Canamy","54"
788884,"TRA United","United","54"
211856,"ASD Justo Jose de Urquiza","Justo Jose de Urquiza","54"
1379,"BK Avarta","Avarta","54"
2997,"SC Salgueiros","Salgueiros","54"
37250,"FK Igman Konjic","Igman","54"
114683,"Bialystok","Bialystok","54"
1899,"Valur Reykjavik","Valur Reykjavik","54"
2271,"IF Gnistan","Gnistan","54"
1168423,"Csm Adjud 1946","Csm Adjud 1946","54"
2016,"CS Sergipe SE","Sergipe","54"
114695,"Polonia Warszawa","Polonia","54"
426241,"FK Bilovec","FK Bilovec","54"
21830,"GD Lagoa","Lagoa","54"
76761,"FK Slavoj Cesky Krumlov","Cesky Krumlov","54"
114709,"Lech Poznan","Lech Poznan","54"
1042285,"FS Trebic","FS Trebic","54"
151008,"Portland Thorns FC","Portland","54"
40019,"The Cong - Viettel FC","The Cong - Viettel","54"
5032,"CD Everton Vina del Mar","Everton","54"
24785,"FK Turnov","Turnov","54"
114715,"KS Lechia Gdansk","Lechia Gdansk","54"
114729,"Odra Opole","Odra Opole","54"
3034,"CF Uniao de Lamas","Uniao Lamas","54"
114745,"Slask Wroclaw","Slask","54"
114747,"Zaglebie Lubin","Zaglebie","54"
53088,"SK Benesov","Benesov","54"
40259,"PFK Dinamo Samarqand","Dinamo","54"
114767,"Wisla Krakow","Wisla","54"
276321,"FK Mas Taborsko II","Mas Taborsko II","54"
114771,"Stal Rzeszow","Rzeszow","54"
210330,"Fluminense FC RJ","Fluminense","54"
281405,"Kochi United SC","Kochi United","54"
3185,"Cobh Ramblers","Cobh Ramblers","54"
932055,"Chadormalu Ardakan SC","ChadorMalu Ardakan","54"
748323,"Colima FC","Colima FC","54"
25468,"TJ Jednota Banova","Jednota Banova","54"
602162,"FK Pribram B","FK Pribram B","54"
196456,"Sunderland AFC","Sunderland","54"
25490,"MFK Dolny Kubin","Dolny Kubin","54"
290394,"Charlton Athletic","Charlton","54"
1031355,"MTSV Hohenwestedt","Hohenwestedt","54"
295168,"Atletico Tucuman Reserve","Atletico Tucuman Reserve","54"
295182,"CA Tigre Reserve","CA Tigre Reserve","54"
65196,"Maccabi Ironi Kiryat Malakhi","Maccabi Ironi","54"
191070,"Seoul E-Land FC","Seoul E-Land","54"
295210,"Racing Club Avellaneda","Racing Club Avellaneda","54"
42965,"FC Isloch","Isloch","54"
7384,"Hapoel Marmorek FC","Hapoel Marmorek","54"
2182,"FC Lauterach","Lauterach","54"
43194,"MFK Havirov","Havirov","54"
451105,"FK Bumprom","Bumprom","54"
451647,"Escola Varsovia Warszawa","Escola Varsovia Warszawa","54"
832436,"CD Inca","CD Inca","54"
36924,"FC Orsha","Orsha","54"
452091,"Sporting Braga","Sporting Braga","54"
452123,"Leixoes SC","Leixoes","54"
7296,"FC Dynamo Bryansk","Dynamo Bryansk","54"
1763,"GIF Sundsvall","Sundsvall","54"
5234,"Naftan Novopolotsk","Naftan Novopolotsk","54"
331435,"FK Garliava","FK Garliava","54"
190570,"Aberdeen LFC","Aberdeen","54"
1154889,"TuS Rotenhof","Rotenhof","54"
983393,"Scm Dunarea Giurgiu","Scm Dunarea Giurgiu","54"
43656,"SK Senco Doubravka","Senco","54"
376100,"SV Zulte Waregem","Waregem","54"
340394,"FCB Magpies","Magpies","54"
1031463,"LNZ Cherkasy","Cherkasy","54"
3350,"Bate Borisov","Bate Borisov","54"
3351,"FC Vitebsk","Vitebsk","54"
306572,"Defensores de Cambaceres","Cambaceres","54"
5114,"AC Oulu","Oulu","54"
36256,"FK Neftchi Fargona","Neftchi","54"
697613,"FC Ostrovets","Ostrovets","54"
3358,"FC Slavia Mozyr","Slavia Mozyr","54"
308032,"SV Sparta Lichtenberg","Sparta Lichtenberg","54"
364844,"Maccabi Ironi Ashdod FC","Maccabi Ironi","54"
1778,"Gefle IF","Gefle","54"
118936,"SKN St. Polten","St. Polten","54"
390338,"Birkenhead United AFC","Birkenhead United AFC","54"
43880,"AFC 1919 Dacia Unirea Braila","Dacia Uni. Braila","54"
890445,"FC Pobeda Khasavyurt","Pobeda Khasavyurt","54"
36656,"Werder Bremen","Bremen","54"
56557,"Sport Benfica Castelo Branco","Castelo","54"
624442,"Namungo FC","Namungo","54"
36624,"Borussia Monchengladbach","M´gladbach","54"
165088,"Gornik Zabrze","Gornik Zabrze","54"
44155,"FC Banik Ostrava","Banik Ostrava","54"
462391,"Gd Peniche","Gd Peniche","54"
36582,"Energetik Mingechevir","Energetik","54"
505982,"Hanauer FC 1893","Hanauer FC","54"
453073,"FC Nantes","Nantes","54"
44167,"FC Zbrojovka Brno","Zbrojovka Brno","54"
592393,"FC Nart Cherkessk","FC Nart Cherkessk","54"
6235,"Trujillanos FC","Trujillanos","54"
525389,"FK Rostov 2","Rostov 2","54"
36573,"PSV Union Neumunster","Union Neumunster","54"
36094,"SPG Wallern/ASV St. Marienkirchen","Wallern/St. Marienkirchen","54"
1180063,"Tapachula Soconusco FC","Tapachula Soconusco FC","54"
1180065,"Cordobes FC","Cordobes FC","54"
2107,"FC Kufstein","Kufstein","54"
36208,"SCR Altach","Altach","54"
513370,"MOI Kompong Dewa FC","MOI Kompong Dewa FC","54"
178244,"KAA Gent","Gent","54"
1039231,"1.FC Heidenheim Srl","1.FC Heidenheim Srl","54"
1039255,"Samsunspor Srl","Samsunspor Srl","54"
594738,"CS Gilortul Targu Carbunesti","CS Gilortul Targu Carbunesti","54"
357068,"Wolfsberger AC (A)","Wolfsberg (A)","54"
1080914,"Baku Sporting","Baku Sporting","54"
44591,"FK Poprad","FK Poprad","54"
54679,"Dacia Buiucani","Dacia","54"
918013,"CS Crisul Santandrei","CS Crisul Santandrei","54"
4900,"TSV 1860 Munich II","1860 Munich II","54"
36487,"FK Dobrovice","Dobrovice","54"
355228,"FC PBS Velka Bites","Velka Bites","54"
377562,"CA Puerto Nuevo","Puerto Nuevo","54"
322819,"Tiffy Army FC","Tiffy Army","54"
933557,"CD Avispones de Chilpancingo AC","Avispones de Chilpancingo","54"
45149,"AD Os Limianos","AD Os Limianos","54"
932749,"Los Cabos United","Los Cabos United","54"
1886,"FC Rosengaard Malmo","Rosengaard","54"
5999,"Tacuary Asuncion","Tacuary","54"
460433,"FC Nordsjaelland","Nordsjaelland","54"
1313,"Holstebro BK","Holstebro","54"
37752,"Moik Baku","Moik Baku","54"
23481,"FC Bunyodkor","Bunyodkor","54"
92202,"APIA Leichhardt","Leichhardt","54"
626760,"US Musulmane Oujda","Musulmane Oujda","54"
413705,"Kuching City FC","Kuching City","54"
106277,"Young Boys FD Silkeborg","Young Boys Silkeborg","54"
5965,"FC Rangers","Rangers","54"
106319,"SK Steti","Steti","54"
342210,"Marica FC RJ","Marica FC RJ","54"
37405,"CS Electrosid Titu","Electrosid Titu","54"
779084,"Treaty United","Treaty United","54"
644788,"Lernayin Artsakh FC","Lernayin Artsakh","54"
407669,"FC Viktoriya Sumy","Viktoriya Sumy","54"
82259,"AL Nasr SC (OMA)","AL Nasr (OMA)","54"
81835,"Lank FC Vilaverdense","Vilaverdense","54"
1153517,"TJ Prestice","TJ Prestice","53"
36704,"Everton FC","Everton","53"
751799,"TJ Dalnice Sperice","Dalnice Sperice","53"
43877,"FC Podillya Khmelnytskyi","Khmelnytskyi","53"
916511,"CF Esperanca D Andorra","CF Esperanca D Andorra","53"
2005,"Sampaio Correa FC MA","Sampaio Correa","53"
118824,"Racing Athletic Club Casablanca","RAC Casablanca","53"
874807,"One Knoxville SC","One Knoxville SC","53"
376310,"Polissya Zhytomyr","Polissya Zhytomyr","53"
495508,"Kmc FC","Kmc FC","53"
495604,"SM Caen","Caen","53"
376308,"Obolon Kyiv","Obolon Kyiv","53"
43730,"TSG Hoffenheim","Hoffenheim","53"
376304,"Kolos Kovalivka","Kolos Kovalivka","53"
463647,"Chabab Ben Guerir","Chabab Ben Guerir","53"
153382,"Ferencvarosi Budapest","Ferencvarosi Budap.","53"
550729,"Kirivong Soksen Chey","Kirivong Soksen","53"
597042,"FC Ingolstadt 04","Ingolstadt","53"
39328,"Zob Ahan Isfahan FC","Isfahan","53"
1170867,"Eyupspor Srl","Eyupspor Srl","53"
6981,"Nova Iguacu RJ","Nova Iguacu","53"
926565,"SK Petrin Plzen B","SK Petrin Plzen B","53"
495640,"Stade Brestois 29","Brestois","53"
59620,"Club S Hammam-Lif","Hammam-Lif","53"
37305,"FC Meshakhte Tkibuli","Meshakhte Tkibuli","53"
78133,"OS Belenenses","Belenenses","53"
45362,"Brentwood Town FC","Brentwood","53"
302328,"A Sakiet Edayer","A Sakiet Edayer","53"
460243,"SV Ried II","Ried II","53"
806076,"Sanfrecce Hiroshima Regina","Sanfrecce Hiroshima Regina","53"
348474,"Dinamo Minsk 2","Dinamo Minsk","53"
3329,"Sabah FC","Sabah","53"
301374,"Tj Slovan Bzenec","Slovan Bzenec","53"
5968,"Brisbane Roar FC","Brisbane","53"
53337,"SV Meppen","Meppen","53"
48242,"Deportes Union La Calera","Union La Calera","53"
399447,"Tlaxcala FC","Tlaxcala","53"
61700,"Hapoel Azor FC","H. Azur","53"
238674,"Tanzania Prisons","Tanzania Prisons","53"
43099,"VfL Bochum","Bochum","53"
529973,"Capital CF DF","Capital","53"
5231,"FC Dnepr Mogilev","Dnepr Mogilev","53"
216770,"FC Oleksandria","Oleksandria","53"
36957,"Csm Ramnicu Sarat","Csm Ramnicu Sarat","53"
369374,"Lee Man FC","Lee Man","53"
446861,"Montrose FC","Montrose","53"
1173109,"FC St Pauli Srl","FC St Pauli Srl","53"
217678,"ASV Siegendorf","Siegendorf","53"
497324,"FC Tzeirey Tira","FC Tzeirey Tira","53"
736087,"SC Cambuur","SC Cambuur","53"
25723,"MFK Vranov Nad Toplou","Vranov Nad Toplou","53"
109859,"Alebrijes de Oaxaca FC","Oaxaca","53"
35256,"FK Meteor Prague VIII","Meteor Prague VIII","53"
50525,"PK-35 Helsinki","PK-35 Helsinki","53"
295194,"CD Godoy Cruz","Godoy Cruz","53"
445391,"Motherwell LFC","Motherwell","53"
110757,"Slovan Bratislava","Slovan Bratislava","53"
626766,"Chabab Mohammedia","Chabab Mohammedia","53"
388934,"Club El Porvenir","El Porvenir","53"
926881,"CD Mafra","Mafra","53"
4902,"MSK Rimavska Sobota","Rimavska Sobota","53"
53139,"FK Novy Jicin","FK Novy Jicin","53"
37483,"Middlesbrough FC","Middlesbrough","53"
25722,"SK Odeva Lipany","Odeva Lipany","53"
295188,"Defensa Y Justicia Reserve","Defensa Y Justicia Reserve","53"
689375,"Mashujaa FC","Mashujaa FC","53"
259959,"FK Nove Sady","Nove Sady","53"
38158,"Breidablik Kopavogur","Breidablik","53"
126298,"Europa FC","Europa","53"
802520,"FC Twente Heracles","Twente Heracles","53"
1026405,"Life FC","Life FC","53"
668,"Raufoss IL","Raufoss","53"
23831,"TSV St. Johann","St. Johann","53"
66766,"Birmingham City WFC","Birmingham","53"
802514,"FC Groningen","Groningen","53"
290574,"Al Urooba UAE","Al Urooba","53"
435708,"Baltijos Futbolo Akademija","Baltijos Futbolo Akademija","53"
739751,"FC Rukh LVIV","Rukh LVIV","53"
245093,"Orlando Pride","Orlando","53"
35180,"AD Camacha","Camacha","53"
1031353,"TSV Nordmark Satrup","Nordmark Satrup","53"
110753,"MSK Zilina","Zilina","53"
224170,"Zaqatala FK","Zaqatala","53"
67966,"FC Alashkert Yerevan","Alashkert Yerevan","53"
288413,"NK Veres Rivne","Veres Rivne","53"
142724,"Heidelberg United FC","Heidelberg United","53"
604000,"Colon FC","Colon FC","53"
107713,"FC Karpaty LVIV","Karpaty LVIV","53"
575661,"FSK Mariupol","FSK Mariupol","53"
852453,"Dynamic Herb Cebu FC","Cebu FC","53"
5169,"Union Vocklamarkt","Vocklamarkt","53"
107731,"FC Zorya Lugansk","Lugansk","53"
1163813,"FC Bate Borisov 2","FC Bate Borisov 2","53"
3181,"Finn Harps FC","Finn Harps","53"
7652,"Suwon Bluewings","Suwon Bluewings","53"
372786,"Aston Villa WFC","Aston Villa","53"
2247,"FC Inter Turku","Inter Turku","53"
74473,"SC Braga B","Braga B","53"
75095,"FC Astrakhan","Astrakhan","53"
24946,"Ringsted IF","Ringsted","53"
594700,"CSC 1599 Selimbar","1599 Selimbar","53"
174594,"FC Goa","Goa","53"
1080920,"Cabrayil","Cabrayil","53"
44464,"CS Msaken","Msaken","53"
390344,"Aluminium Arak","Aluminium Arak","53"
35262,"SK Jiskra Rymarov","Rymarov","53"
33121,"SHB Da Nang","Da Nang","53"
1039247,"Le Havre AC Srl","Le Havre AC Srl","53"
36544,"Manchester City FC","Manchester City","53"
135510,"EC Agua Santa SP","Agua Santa","53"
40648,"Al Nahda","Al Nahda","53"
34791,"SK Tatran Zdirec Nad Doubravou","SK Tatran Zdirec Nad Doubravou","53"
34978,"Vorwarts Steyr","Steyr","53"
383740,"Sheffield United LFC","Sheffield","53"
55503,"Bristol City WFC","Bristol","53"
1180055,"ACF Zapotlanejo","Zapotlanejo","53"
659,"Odds BK","Odd","53"
4866,"Sparta Prague B","Sparta Prague B","53"
274747,"FC Viktoria Marianske Lazne","Marianske Lazne","53"
36526,"CF Correcaminos UAT","Correcaminos","53"
156,"Hednesford Town","Hednesford","53"
931273,"FC Kryvbas Kriviy Rih","FC Kryvbas Kriviy Rih","53"
36574,"SV Eichede","Eichede","53"
902417,"FK Slovan Hradek Nad Nisou 1910","FK Slovan Hradek Nad Nisou 1910","53"
500618,"Newcastle United WFC","Newcastle","53"
6345,"PAE PS Kalamata","Kalamata","53"
182126,"CA Lugano","Lugano","53"
4504,"VfR Neumunster","VfR Neumunster","53"
76771,"N. Byskovice","Byskovice","53"
355236,"FK Komarov","FK Komarov","53"
338869,"FC Slovan Havlickuv Brod","Havlickuv Brod","53"
24776,"FC Velke Mezirici","Velke Mezirici","53"
109573,"Esteghlal Khuzestan FC","Esteghlal Khuzestan","53"
167130,"Al-Ahly Amman","Al-Ahly Amman","52"
475362,"Canoneros Marina","Canoneros Marina","52"
495628,"RC Strasbourg Alsace","Strasbourg","52"
495634,"Sochaux-Montbeliard","Sochaux-Montbeliard","52"
839838,"NK Stupcanica Olovo","Stupcanica Olovo","52"
838430,"EC Juventude RS","EC Juventude RS","52"
837140,"Montaneses FC","Montaneses FC","52"
926557,"Academia del Balompie Boliviano","Academia del Balompie Boliviano","52"
1953,"Jaguares FC","Jaguares","52"
2060,"DSV Leoben","Leoben","52"
2252,"FF Jaro","Jaro","52"
2254,"Turun Palloseura","Turun","52"
2436,"NK Tolmin","Tolmin","52"
2939,"Sydney United 58 FC","Sydney Utd","52"
2943,"NWS Spirit","NWS Spirit","52"
2996,"SC Beira Mar","Beira Mar","52"
3156,"Santiago Morning","Santiago Morn.","52"
3167,"Cobresal","Cobresal","52"
3175,"Longford Town FC","Longford Town","52"
3223,"CA Fenix Montevideo","Fenix Montevideo","52"
3333,"Terengganu FC","Terengganu","52"
3376,"Beijing Guoan","Beijing Guoan","52"
865429,"SSD FC Como","Como","52"
5229,"FC Mika Yerevan","Mika Yerevan","52"
5551,"SGS Essen-Schonebeck 19/68","Essen-Schonebeck","52"
5761,"Niki Volou 1924 PAE","Niki Volou","52"
6067,"FK Banik Sokolov","Sokolov","52"
6146,"NK Celik Zenica","Zenica","52"
6669,"MSK Breclav","Breclav","52"
7063,"Skovde AIK","Skovde","52"
7305,"FC Smorgon","Smorgon","52"
783222,"AF Sporting San Miguelito II","AF Sporting San Miguelito II","52"
779068,"Dubai United FC","Dubai United","52"
774162,"Independiente Rivadavia de Mendoza Reserve","Independiente Rivadavia de Mendoza Reserve","52"
23954,"FC Carl Zeiss Jena","Jena","52"
33119,"Becamex Ho Chi Minh City","Becamex Ho Chi Minh City","52"
33125,"Hoang Anh Gia Lai","Gia Lai","52"
33129,"Song Lam Nghe An","Nghe An","52"
37303,"FC Merani Martvili","Merani Martvili","52"
733519,"ACS Sepsi Osk Sfantu Gheorghe 2","ACS Sepsi Osk Sfantu Gheorghe 2","52"
732809,"FK Petrvald Na Morave","FK Petrvald Na Morave","52"
40265,"Qizilqum Zarafshon","Qizilqum","52"
40268,"AGMK FC","AGMK","52"
40647,"Saham","Saham","52"
43653,"FC Zlin","Zlin","52"
43694,"Werder Bremen","Bremen","52"
43706,"VfL Wolfsburg","Wolfsburg","52"
43717,"Borussia Monchengladbach","M´gladbach","52"
43718,"Arminia Bielefeld","Bielefeld","52"
43837,"FC Predni Kopanina","Kopanina","52"
44156,"SK Dynamo Ceske Budejovice","Ceske Budejovice","52"
44157,"FC Pardubice","Pardubice","52"
44158,"1. FC Slovacko","Slovacko","52"
44162,"Sigma Olomouc","Sigma Olomouc","52"
44165,"FC Viktoria Plzen","Viktoria Plzen","52"
44166,"FC Vysocina Jihlava","Vysocina Jihlava","52"
44168,"FK Mlada Boleslav","Mlada Boleslav","52"
44438,"Al-Khor SC","Al-Khor","52"
724773,"FA Siauliai B","FA Siauliai B","52"
47482,"AL Faisaly (Jor)","AL Faisaly","52"
53058,"FC Kitzbuhel","Kitzbuhel","52"
54329,"CD Choloma","Choloma","52"
54595,"Ramtha SC","Ramtha","52"
55029,"JS Massira","Massira","52"
55031,"KAC Kenitra","Kenitra","52"
55033,"Wydad Fes","Wydad Fes","52"
69322,"AL Hilal (SDN)","AL Hilal (SDN)","52"
72470,"FC Slovan Liberec","Slovan Liberec","52"
680791,"SV Eintracht Hohkeppel","Hohkeppel","52"
79165,"Dinamo-2 Tbilisi",NULL,"52"
83851,"FC Ordino","Ordino","52"
83995,"Stade Gabesien","Gabesien","52"
88744,"Sao Jose EC SP","Sao Jose","52"
672813,"Club Ciudad de Bolivar","Ciudad de Bolivar","52"
669745,"BS Bouhajla","BS Bouhajla","52"
112697,"IF Brommapojkarna","Brommapojkarna","52"
118816,"Chabab Atlas Khenifra","Khenifra","52"
118834,"Union Touarga","Union Touarga","52"
1218557,"FC Naples","FC Naples","52"
136294,"RB Leipzig","Leipzig","52"
148862,"Sfax Railways","Railways","52"
148864,"Jendouba Sport","Jendouba Sp.","52"
164534,"1. FC Nuremberg","Nuremberg","52"
164544,"SG 99 Andernach","Andernach","52"
178260,"Ajax Amsterdam","Ajax","52"
202341,"Gimpo FC","Gimpo","52"
210894,"FK Olympie Brezova","Brezova","52"
626736,"CA Central Cordoba SE Reserve","CA Central Cordoba SE Reserve","52"
227294,"Club Oriental de Football","Club Oriental","52"
249389,"Urawa Red Diamonds","Red Diamonds","52"
1170865,"NAC Breda Srl","NAC Breda Srl","52"
269301,"Sportivo General San Martin Formosa","San Martin Formosa","52"
270859,"MSK Novohrad Lucenec","Novohrad Lucenec","52"
270931,"MSK Spisske Podhradie","Spisske Podhradie","52"
272443,"Hatta SC","Hatta","52"
1159521,"FC Bentonit","FC Bentonit","52"
288949,"Acso Filiasi","Acso Filiasi","52"
295170,"CA Banfield","Banfield","52"
295218,"CA Sarmiento de Junin","Sarmiento de Junin","52"
295220,"CA Talleres de Cordoba Reserve","CA Talleres de Cordoba Reserve","52"
295984,"CA Barracas Central Reserve","CA Barracas Central Reserve","52"
299998,"CA Platense","Platense","52"
302312,"AS Djelma","AS Djelma","52"
312224,"Dibba Al-Hisn SC","Dibba Al-Hisn","52"
312642,"Azul Claro Numazu",NULL,"52"
329911,"Canuelas FC","Canuelas FC","52"
606004,"London City Lionesses","London","52"
337015,"FC Kuban Holding Pavlovskaya","Kuban H. Pavlovskaya","52"
341070,"CA Central Norte Salta","Central Norte","52"
342616,"SK Slany","SK Slany","52"
597272,"Western Springs AFC","Western Springs AFC","52"
355186,"1. Bfk Frydlant Nad Ostravici","1. Bfk Frydlant Nad Ostravici","52"
367652,"FC Kuressaare",NULL,"52"
588621,"MFk Chrudim B","MFk Chrudim B","52"
587901,"Pamba Jiji SC","Pamba Jiji","52"
1109271,"Academia Costa Del Este","Academia Costa Del Este","52"
372790,"Durham LFC","Durham","52"
585173,"FK Arsenal Dzerzhinsk","Arsenal Dzerzhinsk","52"
584551,"CA Tembetary Ypane","CA Tembetary Ypane","52"
380920,"Deportivo Riestra Afbc Reserve","Deportivo Riestra Afbc Reserve","52"
424837,"FK Termez Surkhon","Surkhon","52"
438552,"Leicester City WFC","Leicester","52"
520172,"Portsmouth FC","Portsmouth","52"
1039257,"NEC Nijmegen Srl","NEC Nijmegen Srl","52"
463839,"AFC Humpolec","AFC Humpolec","52"
466769,"Dukla Prague","Dukla Prague","52"
516812,"Em Mahdia","Em Mahdia","51"
734611,"Montfermeil FC","Montfermeil","51"
669741,"AS Agareb","AS Agareb","51"
7388,"AIK DFF","AIK","51"
55039,"Hassania Union Sport Agadir","Hassania Agadir","51"
933563,"Dragones Toluca FC","Dragones Toluca","51"
7391,"Linkopings FC","Linkopings","51"
541735,"Ha Tinh FC","Ha Tinh FC","51"
369160,"Pusta Polom","Pusta Polom","51"
36395,"FK Angusht Nazran","Angusht Nazran","51"
37211,"Taarnby FF","Taarnby FF","51"
32675,"FC Anyang","FC Anyang","51"
142194,"Kaya FC–Iloilo","Kaya Iloilo","51"
44439,"Al-Sailiya SC","Al-Sailiya","51"
495608,"US Orleans","Orleans","51"
222416,"Olympique Lyon","Lyon","51"
224744,"Stade Reims","Reims","51"
69658,"Shan United","Shan United","51"
37952,"FC Victoria Chisinau","Victoria","51"
290576,"Al-Hamriyah","Al-Hamriyah","51"
33124,"Haiphong FC","Haiphong","51"
1167687,"Racing Club de France 92","Racing Club","51"
495606,"Le Havre AC","Le Havre","51"
495602,"Valenciennes FC","Valenciennes","51"
364278,"Cerezo Osaka Sakai Ladies","Cerezo Osaka Sakai Ladies","51"
36623,"Bayer Leverkusen","Leverkusen","51"
397002,"CA Alvarado","Alvarado","51"
330155,"Spartak Myjava","Spartak Myjava","51"
2944,"South Melbourne FC","South Melbourne","51"
312226,"Masfoot Sports Club","Masfoot Sports Club","51"
273503,"AA Altos PI","Altos","51"
36652,"TSG Hoffenheim","Hoffenheim","51"
401925,"Floresta EC CE","Floresta","51"
61724,"SD Juazeirense BA","Juazeirense","51"
3039,"Balestier Khalsa FC","Balestier Khalsa","51"
495598,"Amiens SC","Amiens","51"
57443,"Oman Club","Oman","51"
319507,"Ansan Greeners FC","Ansan Greeners","51"
7642,"Busan I Park","Busan","51"
495636,"FC Metz","Metz","51"
81305,"Al Dhafra SSC","Al Dhafra","51"
689393,"Dodoma FC","Dodoma FC","51"
7643,"Jeonnam Dragons","Jeonnam","51"
494940,"USL Dunkerque","Dunkerque","51"
586811,"SC Poltava","SC Poltava","51"
7651,"Seongnam Ilhwa","Seongnam","51"
495626,"Dijon FCO","Dijon","51"
624484,"Aguacateros CD Uruapan","Aguacateros CD Uruapan","51"
365538,"CD Plaza Amador","Plaza Amador","51"
494936,"US Quevilly-Rouen Metropole","Quevilly-Rouen","51"
6877,"CS Cerrito","Cerrito","51"
78447,"Hong Kong Rangers","Hong Kong Rangers","51"
381958,"Colo Colo","Colo Colo","51"
43708,"FC Schalke 04","Schalke","51"
982007,"FC Dynamo-2 Makhachkala","FC Dynamo-2 Makhachkala","51"
249403,"INAC Kobe Leonessa","Kobe Leonessa","51"
388842,"Opava B","Opava B","51"
348068,"FC Murom","Murom","51"
106305,"Tempo Prague","Tempo","51"
597684,"RB Omiya Ardija","Omiya Ardija","51"
213964,"FC Ingolstadt 04","Ingolstadt","51"
495624,"Estac Troyes","Estac Troyes","51"
106311,"FK Ostrov","Ostrov","51"
1878,"Djurgardens IF DFF","Djurgardens","51"
22216,"Goerslev IF","Goerslev","51"
2344,"FC Spartak Nalchik","Spartak Nalchik","51"
676363,"Chungnam Asan FC","Chungnam Asan","51"
34081,"Albirex Niigata (S)","Albirex Niigata (S)","51"
275327,"Afjet Afyonspor","Afyonspor","51"
5194,"KI Klaksvik","Klaksvik","51"
59626,"ES Hammam Sousse","H. Sousse","51"
35280,"Vitoria FC ES","Vitoria","51"
435158,"MFC Metalurh Zaporizhya","Zaporizhya","51"
148872,"AS Kasserine","Kasserine","51"
223600,"EO Sidi Bouzid","Sidi Bouzid","51"
1369,"Herlev IF","Herlev","51"
749357,"Red Bull Bragantino SP","Bragantino","51"
210332,"Ceara SC CE","Ceara","51"
922485,"Cdt Real Oruro","Cdt Real Oruro","51"
838594,"AL Jazira AL Hamra","AL Jazira AL Hamra","51"
207835,"FC Molodechno","Molodechno","51"
391910,"Paris FC","Paris FC","51"
552283,"Cruzeiro EC MG","Cruzeiro","51"
166150,"MSK Zilina B","Zilina B","51"
321509,"AL Salt","AL Salt","51"
1036073,"FC Ucsa Tarasivka","Ucsa Tarasivka","51"
110737,"AS Trencin","Trencin","51"
171976,"Guayaquil City FC","Guayaquil City","51"
980885,"Lexington SC","Lexington SC","51"
75101,"FC Druzhba Maykop","Druzhba","51"
865803,"FC 93 Bobigny BG","Bobigny","51"
22003,"North Carolina FC",NULL,"51"
465779,"1. FC Duren","Duren","51"
53801,"Guillermo Brown","Guillermo Brown","51"
366562,"Sporting Cp","Sporting Cp","51"
36881,"FC Slutsk","Slutsk","51"
44844,"FS La Massana","La Massana","51"
7304,"FC Minsk","Minsk","51"
740743,"ASA Aarhus","ASA Aarhus","51"
683979,"Azuriz FC PR","Azuriz","51"
589357,"Tj Jiskra Domazlice II","Tj Jiskra Domazlice II","51"
552647,"TJ Bridlicna","TJ Bridlicna","51"
297290,"Teungueth FC","Teungueth","51"
297288,"Generation Foot","Generation Foot","51"
296216,"FC Rubin Yalta","FC Rubin Yalta","51"
3222,"Club Olimpo","Olimpo","51"
296036,"CS Korba","Korba","51"
425649,"Montpellier HSC","Montpellier","50"
238856,"Kiryat Gat SC","Kiryat Gat","50"
668761,"Union Omaha SC","Union Omaha SC","50"
245541,"Tochigi City FC","Tochigi City","50"
502706,"Southampton FC","Southampton","50"
1225877,"CD Genesis PN","Genesis","50"
37966,"FC Penya d`Andorra","Penya","50"
245545,"Tocantinopolis EC TO","Tocantinopolis","50"
36061,"Kedainiai Nevezis","Nevezis","50"
321623,"Sonacos","Sonacos","50"
495686,"GFC Ajaccio","Ajaccio","50"
102033,"IFK Norrkoping DFK","Norrkoping","50"
47864,"FC Zenit-2 St Petersburg","St Petersburg","50"
269723,"FK Tuzla City","Tuzla City","50"
518700,"North District FC","North District FC","50"
35189,"Club Atletico Rentistas","Rentistas","50"
745,"Roea","Roea","50"
402381,"CS Redeyef","CS Redeyef","50"
543597,"Walidaan Dkr","Walidaan Dkr","50"
475052,"SL Benfica Lisbon","Benfica Lisbon","50"
1169057,"Majd FC","Majd","50"
3232,"Central Espanol FC","Central Espanol","50"
270853,"FK Humenne","FK Humenne","50"
3324,"Kuala Lumpur City FC","Kuala Lumpur City","50"
991029,"Melaka FC","Melaka FC","50"
603998,"La Luz FC","La Luz FC","50"
267767,"Dakar Sacre Coeur","Dakar Sacre Coeur","50"
413861,"Hlm","Hlm","50"
302318,"SC Moknine","Moknine","50"
90972,"Sportivo San Lorenzo","San Lorenzo","50"
33130,"Hanoi FC","Hanoi","50"
684789,"LD Alajuelense","LD Alajuelense","50"
2938,"Sydney Olympic FC","Sydney Olympic","50"
44684,"NK TOSK Tesanj","Tesanj","50"
54587,"AL Jazeera Club Amman","Al Jazeera","50"
224596,"Vaxjo DFF","Vaxjo","50"
222386,"Bayern Munich II","Munich II","50"
89506,"Deportes Copiapo","Copiapo","50"
348514,"Boca Juniors","Boca Juniors","50"
1179387,"CD Olimpico Litoral","CD Olimpico Litoral","50"
567083,"Chungbuk Cheongju FC","Cheongju","50"
36151,"FC Pyunik Yerevan 2","Pyunik 2","50"
36549,"Stoke City","Stoke","50"
126310,"Manchester 62 FC","Manchester 62","50"
237888,"Goias EC GO","Goias","50"
43009,"Lokomotiv Gomel","Lokomotiv Gomel","50"
36556,"Liverpool FC","Liverpool","50"
312228,"AL Arabi (UAE)","AL Arabi","50"
1056905,"FK Usti Nad Labem II","FK Usti Nad Labem II","50"
33120,"Cong An TP Ho Chi Minh City FC","TP Ho Chi Minh City FC","50"
477222,"Dijon FCO","Dijon","50"
7516,"FC Avangard Kursk","Kursk","50"
5550,"SC Freiburg","Freiburg","50"
1385,"GVI","GVI","50"
22213,"Ledoje-Smorum Fodbold","Ledoje-Smorum","50"
734619,"Clermont Foot","Clermont Foot","50"
296028,"SA Menzel Bourguiba","Menzel Bourguiba","50"
1140551,"Bunga Raya FC","Bunga Raya FC","50"
222384,"Eintracht Frankfurt II","Frankfurt II","50"
1367,"Dbk Fortuna Hjoerring","Hjoerring","50"
781966,"CA Independiente B","CA Independiente B","50"
165788,"FK Kozlovice","Kozlovice","50"
87308,"ASC Linguere","Linguere","50"
561522,"Le Havre AC","Le Havre","50"
1262357,"CD Hercules","CD Hercules","50"
802326,"Ajel de Rufisque","Ajel de Rufisque","50"
908321,"Academia Anzoategui FC","Academia Anzoategui FC","50"
37116,"Tj Valasske Mezirici","Valasske","50"
2187,"SC Rothis","Rothis","50"
296026,"AS Ariana","Ariana","50"
8086,"Kristianstads DFF","Kristianstads","50"
5542,"1. FFC Turbine Potsdam 71","Potsdam","50"
687515,"FK Kauno Zalgiris B","FK Kauno Zalgiris B","50"
57439,"Sur SC","Sur","50"
36155,"FC Astana","Astana","50"
329249,"Wellington Olympic","Wellington Olympic","50"
874723,"San Diego Wave FC","San Diego","50"
418115,"Paju Citizen FC","Paju Citizen","50"
781968,"Cocle FC","Cocle FC","50"
87314,"Casa Sport","Casa","50"
6963,"Paulista FC SP","Paulista","50"
191832,"Kalaa Sport","Kalaa Sport","50"
22148,"Alleroed FK","Alleroed","50"
3331,"Negeri Sembilan","Negeri Sembilan","50"
25832,"NK Bratstvo Gracanica","Gracanica","50"
593568,"CA Sarmiento de la Banda","CA Sarmiento de la Banda","50"
87328,"US Ouakam","Ouakam","50"
336147,"Deportivo Camioneros","Deportivo Camioneros","50"
43698,"1 FC Magdeburg","Magdeburg","50"
421607,"Ciervos FC","Ciervos FC","50"
41263,"Cheonan City FC","Cheonan City","50"
36736,"FK Sumperk","Sumperk","50"
47481,"AL Ansar SC","AL Ansar","50"
40646,"Shabab AL Ordun","Shabab AL Ordun","50"
35209,"Slovan Bratislava B","S. Bratislava B","50"
41264,"Daejeon Korail FC","Daejeon Korail","50"
35315,"FC Niva Ternopil","Niva Ternopil","50"
1092287,"Spokane Velocity FC","Spokane Velocity FC","50"
3349,"FC Gomel","Gomel","50"
46994,"Farnham Town","Farnham","50"
784444,"Hegelmann Litauen B","Hegelmann Litauen B","50"
43697,"Energie Cottbus","Cottbus","50"
74429,"Stuttgarter Kickers","Stuttgarter Kickers","50"
505010,"OC Kerkennah","Kerkennah","50"
50935,"Pocheon Citizen FC","Pocheon Citizen","50"
1408,"OKS","OKS","50"
1757,"BK Skjold","Skjold","50"
87326,"US Goree","Goree","50"
1154355,"Asteras Tripolis B","Tripolis B","50"
433802,"Tatran Vsechovice","Tatran Vsechovice","49"
923119,"SC Air Bel","Air Bel","49"
1041663,"Juan Pablo II College","Juan Pablo II College","49"
1015457,"Ogre United","Ogre United","49"
366078,"Real Frontera FC","Real Frontera FC","49"
43726,"Karlsruher SC","Karlsruhe","49"
7720,"NK Travnik","Travnik","49"
43723,"1. FC Kaiserslautern","Kaiserslautern","49"
189838,"EC Primavera SP","Primavera","49"
47280,"Winchester City FC",NULL,"49"
418095,"Siheung Citizen FC","Siheung Citizen","49"
144856,"Lagarto FC SE","Lagarto SE","49"
189013,"Avondale FC","Avondale","49"
61572,"Vittsjo GIK","Vittsjo","49"
1098129,"Moreton City Excelsior FC","Moreton City Excelsior FC","49"
43693,"Hertha BSC","Hertha","49"
278255,"1 FC Cologne","Cologne","49"
399451,"US Colomiers","Colomiers","49"
35251,"FC Tvd Slavicin","FC Tvd Slavicin","49"
278365,"FK Austria Wien","Austria Wien","49"
47466,"Emirates Club","Emirates Club","49"
1312,"Noerresundby FB","Norresundby","49"
6143,"NK Jedinstvo Bihac","Jedinstvo","49"
239028,"CS Chebba","Chebba","49"
80505,"Swieqi United FC","Swieqi","49"
714197,"Pohang Steelers SRL","Pohang Steelers SRL","49"
79647,"Zurrieq","Zurrieq","49"
312222,"Al-Dhaid","Al-Dhaid","49"
602316,"FC Epitsentr Kamianets-Podilskyi","Epitsentr Kamianets-Podilskyi","49"
37696,"FK Radnik Hadzici","Radnik Hadzici","49"
599780,"RB Leipzig","Leipzig","49"
35893,"Safa SC","Safa","49"
714189,"Gangwon FC SRL","Gangwon SRL","49"
866,"Levanger FK","Levanger","49"
2273,"KaPa Kapylan Pallo","Kapylan Pallo","49"
1350,"BK Marienlyst","Marienlyst","49"
99993,"Sohar","Sohar","49"
249395,"Albirex Niigata","Niigata","49"
87300,"AS Pikine","Pikine","49"
106275,"SfB-Oure FA","Oure","49"
714187,"FC Seoul SRL","FC Seoul SRL","49"
170590,"Fujairah FC","Fujairah","49"
36154,"FC Shirak Gyumri 2","Shirak 2","49"
829636,"FC Stauceni","FC Stauceni","49"
470307,"FC Ararat-Armenia 2","Ararat-Armenia 2","49"
45471,"Al-Ahli SC Manama","Al-Ahli SC Manama","49"
53371,"BSC YB Frauen","BSC YB Frauen","49"
34005,"Mixto EC MT","Mixto","49"
40658,"Nejmeh SC","Nejmeh SC","49"
5058,"IFK Mariehamn","Mariehamn","49"
22020,"Gyeongnam FC","Gyeongnam","49"
220518,"Olympique Dcheira","Olymp. Dcheira","49"
41255,"Busan Transportation Corporation FC","Busan Transportation Corp.","49"
659303,"RC Strasbourg","Strasbourg","49"
41258,"FC Gangneung","Gangneung","49"
441708,"Toulouse FC","Toulouse","49"
174,"Farsley Celtic FC",NULL,"49"
539439,"Dynamo Puerto FC","Dynamo Puerto FC","49"
564850,"SK Ujezd Praha 4","SK Ujezd Praha 4","49"
36382,"FC Prykarpattya Ivano-Frankivsk","Ivano-Frankivsk","49"
2246,"Vaasan Palloseura","Vaasa","49"
579669,"Fcm Ungheni","Fcm Ungheni","49"
126308,"Lynx FC","Lynx","49"
42199,"Kitchee","Kitchee","49"
495690,"OGC Nice","Nice","49"
35279,"Ceilandia EC DF","Ceilandia","49"
768614,"Gulf United","Gulf United","49"
7390,"KIF Orebro DFF","Orebro","49"
1338,"Fredensborg BI","Fredensborg","49"
36438,"Rubio Nu","Rubio Nu","49"
33561,"Manta FC","Manta","49"
495678,"AS Saint-Etienne","Saint-Etienne","49"
1167749,"Olympique Rovenain","Rovenain","49"
355348,"Sternberk","Sternberk","49"
120854,"Real Madrid","Real Madrid","49"
2940,"Wollongong Wolves FC","Wollongong","49"
714205,"Ulsan Hyundai FC SRL","Ulsan Hyundai SRL","49"
238128,"SC Internacional RS","SC Internacional","49"
52881,"Preussen Munster","Munster","49"
33030,"Dong A Thanh Hoa","Thanh Hoa","49"
368674,"Renaissance Zemamra","Renaissance Zemamra","49"
495666,"EA Guingamp","Guingamp","49"
65664,"CS Belgrano","Belgrano","49"
52878,"FC St. Pauli","St. Pauli","49"
47696,"Kawkab Athletic Club of Marrakech","Kawkab Marrakech","49"
32871,"Piteaa IF DFF","Pitea","49"
618774,"FC Urartu Yerevan 2","Urartu Yerevan 2","49"
32794,"AA Aparecidense GO","Aparecidense","49"
238586,"Aizawl FC","Aizawl","49"
181086,"SD Atletico Nacional","Atletico Nacional","49"
24994,"Ringkoebing IF","Ringkoebing","48"
87318,"Guediawaye FC","Guediawaye","48"
1964,"Sao Caetano FC SP","Sao Caetano","48"
1971,"AA Portuguesa Santista SP","Portuguesa Santista","48"
579667,"FC Oguz","FC Oguz","48"
321495,"CR Flamengo RJ","Flamengo","48"
90128,"FC Barcelona","Barcelona","48"
1054013,"AEK Athens","AEK Athens","48"
1311,"Glostrup FK","Glostrup","48"
5111,"Esbjerg FB 2","Esbjerg 2","48"
35887,"South China FC","South China","48"
1393,"Vorup FB","Vorup","48"
326145,"Chuncheon FC","Chuncheon FC","48"
163292,"SV Meppen","Meppen","48"
1413,"Tarup-Paarup IF","Tarup-Paarup","48"
34083,"Hougang United FC","Hougang United","48"
5236,"FK Buducnost Banovici","Buducnost Banovici","48"
348522,"CA River Plate (ARG)","River Plate (ARG)","48"
163288,"Eintracht Braunschweig","Braunschweig","48"
33998,"Aguia de Maraba FC PA","Aguia de Maraba","48"
48613,"FK Buxoro","Buxoro","48"
1036025,"Noah Yerevan 2","Noah Yerevan 2","48"
300616,"AC Goianiense GO","Goianiense","48"
53877,"Hobro IK 2","Hobro 2","48"
44851,"FC Falesti","Falesti","48"
297312,"Chifure AS Elfen Saitama","Elfen Saitama","48"
1348,"AB Taarnby","AB Taarnby","48"
352788,"SC Paderborn 07","Paderborn","48"
55027,"FUS Rabat","Rabat","48"
174100,"Melbourne Victory","Melbourne Victory","48"
55035,"Maghreb AS de Fes","Maghreb de Fes","48"
55043,"Difaa Hassani d'el-Jadida","Hassani d'el-Jadida","48"
952427,"3 Sing FC","3 Sing FC","48"
708353,"Yeoju FC","Yeoju FC","48"
1361,"Viby IF","Viby","48"
47292,"Yate Town","Yate","48"
36541,"Aston Villa FC","Aston Villa","48"
36554,"Arsenal FC","Arsenal","48"
290390,"Manaus FC AM","Manaus","48"
52882,"TSV Alemannia Aachen","Aachen","48"
854829,"CD Argentino Monte Maiz","CD Argentino Monte Maiz","48"
285845,"PAOK Thessaloniki","PAOK","48"
56041,"Citizen AA","Citizen","48"
56049,"Sham Shui Po SA","Sham Shui","48"
49607,"FC Ararat Yerevan 2","Ararat 2","48"
1218555,"Av Alta FC","Av Alta FC","48"
180864,"Hong Kong FC","Hong Kong FC","48"
401753,"Central & Western","Central & Western","48"
43734,"SC Freiburg","Freiburg","48"
58325,"Fgura United FC","Fgura Utd","48"
43725,"Greuther Furth","Furth","48"
43722,"FSV Mainz","FSV Mainz","48"
43715,"VfL Bochum","Bochum","48"
43701,"1. FC Union Berlin","Union Berlin","48"
43699,"Hansa Rostock","Rostock","48"
43695,"Hamburger SV","Hamburg","48"
322491,"Kanagawa Sagamihara","Kanagawa Sagamihara","48"
991403,"Daejeon Citizen FC (Srl)","Daejeon Citizen FC (Srl)","48"
877169,"Gimcheon Sangmu (Srl)","Gimcheon Sangmu (Srl)","48"
26001,"Burgess Hill Town","Burgess Hill","48"
325823,"Aurora FC","Aurora FC","48"
274757,"Sfk Elko Holesov","Elko Holesov","48"
3038,"Tanjong Pagar United","Tanjong Pagar United","48"
1218563,"Westchester SC","Westchester SC","48"
273665,"Agrobiznes Volochisk","Volochisk","48"
115161,"Yuen Long FC","Yuen Long","48"
397128,"Kowloon City","Kowloon City","48"
193604,"Shatin","Shatin","48"
37187,"PAOK Thessaloniki","PAOK","48"
1045323,"FC Alverca B","FC Alverca B","48"
194010,"Resources Capital FC","Resources Capital FC","48"
1242293,"Barquisimeto SC","Barquisimeto SC","48"
518484,"FC Nantes","Nantes","48"
665385,"Operario Ferroviario EC PR","Operario Ferroviario","48"
684111,"Universidad de Chile","Universidad de Chile","48"
269551,"Villa Mitre de Bahia Blanca","V. M. Bahia Blanca","48"
25413,"Naestved IF","Naestved","48"
1038331,"Acambaro FC","Acambaro FC","48"
739511,"Leeds United SRL","Leeds United SRL","48"
652894,"Ibri","Ibri","48"
41260,"Gimhae FC","Gimhae","48"
41259,"FC Mokpo","Mokpo","48"
41257,"Gyeongju FC","Gyeongju","48"
40659,"Al Riffa","Al Riffa","48"
210334,"Coritiba FC PR","Coritiba","48"
22156,"Aarhus Fremad 2","Aarhus Fremad 2","48"
22181,"Hedensted IF","Hedensted","48"
87180,"Ittihad Tanger","Ittihad Tanger","48"
76457,"KV RS Waasland Beveren","Waasland Beveren","48"
24945,"Frederikssund","Frederikssund","48"
24944,"Hvidovre IF 2","Hvidovre 2","48"
108717,"Dynamo Dresden","Dresden","48"
2332,"FC Amkar Perm","Amkar Perm","48"
1037669,"FC Iskra Ribnita","FC Iskra Ribnita","48"
1893,"Fram Reykjavik","Fram R","48"
106289,"JDFS Alberts","Alberts","48"
388618,"SK Batov 1930","SK Batov 1930","48"
249397,"AC Nagano Parceiro","Parceiro","48"
249391,"JEF United Ichihara Chiba","Ichihara Chiba","48"
249387,"Mynavi Sendai Ladies","Mynavi Sendai","48"
1902,"KR Reykjavik","KR Reykjavik","48"
78449,"Southern District Football Club","Southern D.","48"
78489,"AS Saint-Etienne","Saint-Etienne","48"
669563,"WSE","WSE","48"
370814,"Hoi King","Hoi King","48"
2263,"JIPPO","JIPPO","48"
714195,"Jeonbuk Hyundai Motors SRL","Jeonbuk SRL","48"
2255,"FC KTP Kotka","KTP Kotka","48"
38255,"Sparta Prague","Sparta Prague","48"
80255,"HNK Tomislav Tomislavgrad","Tomislavgrad","48"
238852,"Hapoel Nir Ramat Hasharon","Ramat Hasharon","48"
729867,"Horsens FS","Horsens","48"
781342,"Tauro FC II","Tauro FC II","48"
573565,"TJ Skastice","Skastice","48"
1904,"KA Akureyri","Akureyri","48"
777742,"Jeju United FC (Srl)","Jeju United FC (Srl)","48"
986765,"AS Megrine","AS Megrine","48"
1912,"Stjarnan Gardabae","Stjarnan","48"
447271,"SV Elversberg","Elversberg","48"
87156,"Maracana EC CE","Maracana","48"
224854,"Basford United",NULL,"48"
3044,"Geylang International FC","Geylang International","47"
373326,"FC Fleury","Fleury","47"
43363,"Maccabi Tel Aviv WFC","Maccabi Tel Aviv WFC","47"
966965,"Rea","Rea","47"
110759,"ZP Sport Podbrezova","Sport Podbrezova","47"
265431,"US Bougouni","US Bougouni","47"
43364,"Slovan Bratislava","Slovan Bratislava","47"
1026991,"Manila Digger FC","Manila Digger FC","47"
60428,"AL Bahrain","AL Bahrain","47"
453075,"Angers SCO","Angers","47"
495638,"Stade Lavallois Mayenne","Lavallois","47"
33577,"Pieta Hotspurs FC","Pieta H","47"
74431,"Rot-Weiss Essen","Essen","47"
687677,"Manjung City FC","Manjung City FC","47"
74435,"Chemnitzer FC","Chemnitz","47"
74437,"FC Carl Zeiss Jena","Jena","47"
425633,"SC Internacional RS","Internacional","47"
2345,"FC Metallurg Lipetsk","Metallurg Lipetsk","47"
734627,"US Avranches MSM","Avranches","47"
41262,"Changwon FC","Changwon","47"
1228969,"FC Anyang Srl","FC Anyang Srl","47"
110751,"MFK Zemplin Michalovce","Zemplin Michalovce","47"
2240,"FC Haka Valkeakoski","Valkeakoski","47"
263077,"Santos FC SP","Santos","47"
76199,"Douglas Haig","Douglas Haig","47"
317957,"Colombe Sportive Du Dja Et Lobo","Colombe","47"
110749,"MFK Ruzomberok","Ruzomberok","47"
23422,"JaPS","JaPS","47"
110747,"FC Kosice","Kosice","47"
45473,"AL Hala","AL Hala","47"
110741,"MFK Dukla Banska Bystrica","Dukla Banska Bystrica","47"
375366,"MSK Zilina","Zilina","47"
919575,"Pogon Szczecin","Pogon Szczecin","47"
923955,"FK Pohronie Ziar Nad Hronom Dolna Zdana","Pohronie Ziar Nad Hronom Dolna Zdana","47"
321491,"Gremio FB Porto Alegrense RS","Gremio FB Porto Alegrense RS","47"
855199,"CA Germinal","Germinal","47"
1038327,"CD Ayense AC","CD Ayense AC","47"
7009,"AS Rodos","Rodos","47"
206009,"Charlotte Independence","Charlotte Ind.","47"
37185,"AZ Alkmaar","Alkmaar","47"
404269,"FC Floresti","FC Floresti","47"
1035239,"CD Bocas FC","Bocas","47"
1218559,"Portland Hearts of Pine","Portland Hearts of Pine","47"
80811,"Sirens FC","Sirens","47"
168238,"KVC Westerlo","Westerlo","47"
708351,"Ulsan Citizen FC","Ulsan Citizen FC","47"
1012977,"Malaysia University","Malaysia University","47"
326141,"Yangpyeong FC","Yangpyeong FC","47"
1139719,"Real Bedford","Real Bedford","47"
1167697,"SC Beaucouze","Beaucouze","47"
1167745,"EA Saint-Renan","Saint-Renan","47"
319227,"Gualaceo SC","Gualaceo","47"
1225883,"CD Arsenal Sao Cantarranas","CD Arsenal Sao Cantarranas","47"
819734,"FC BKMA Vagharshapat 2","BKMA Vagharshapat 2","47"
249,"Evesham United","Evesham","47"
79649,"Zebbug Rangers FC","Zebbug","47"
855617,"Arabe Unido B","Unido B","47"
331181,"CA 9 de Julio Rafaela","CA 9 de Julio Rafaela","47"
855619,"Herrera FC","Herrera FC","47"
817690,"FC Petrzalka","Petrzalka","47"
44494,"St Andrews FC","St Andrews","47"
46866,"Biggleswade Town",NULL,"47"
599896,"Coastal Spirit FC","Coastal Spirit FC","47"
808800,"Tzeirey Um El Fahem","Tzeirey Um El Fahem","47"
771208,"Central Coast Mariners","Central Coast","47"
92210,"Rockdale Ilinden FC","Rockdale Ilinden","47"
58335,"Santa Lucia FC","Santa Lucia","47"
714191,"Gwangju FC SRL","Gwangju SRL","47"
216762,"FC DAC 1904 Dunajska Streda","Dunajska Streda","47"
38477,"Marsa FC","Marsa","47"
716167,"FK Panevezys B","FK Panevezys B","47"
562448,"Berkhamsted FC","Berkhamsted","47"
820338,"FC Lorient","Lorient","47"
36701,"Montpellier HSC","Montpellier","47"
732,"Stabaek Fotball","Stabaek","47"
58341,"Mgarr United FC","Mgarr Utd","47"
919577,"Berliner AK 07","Berliner AK","47"
817572,"Feyenoord Rotterdam","Feyenoord Rotterdam","47"
72022,"Atletico Madrid","Atletico Madrid","47"
765622,"Hapoel Katamon Jerusalem","Hapoel Katamon Jerusalem","47"
540007,"FK Banga B","Banga B","47"
34727,"Ramsgate FC","Ramsgate","47"
3314,"FC Metalist Kharkiv","Metalist Kharkiv","47"
330079,"Ninh Binh FC","Ninh Binh","47"
34697,"Zhejiang FC","Zhejiang Prof.","47"
55025,"CODM Meknes","Meknes","47"
22372,"Ekenas Idrottsforening","Ekenas","47"
36065,"FK Jonava","Jonava","47"
36977,"FC Olimp Comrat","Olimp Comrat","47"
767004,"Ferro Carril Oeste","Ferro","47"
422905,"Stade Rennais FC","Rennais","47"
552281,"Fluminense FC RJ","Fluminense","47"
676705,"Belgrano de Cordoba","Cordoba","47"
671275,"Leones Futbol Club","Leones","47"
1174823,"US Yacoub Mansour","US Yacoub Mansour","47"
76561,"Spartak Trnava","Spartak Trnava","47"
996463,"Deportivo Miranda","Deportivo Miranda","47"
185578,"Bahla Club","Bahla","47"
502898,"Racing Club","Racing Club","47"
5918,"HJK Klubi 04","Klubi 04","47"
996465,"CS Maritimo de la Guaira","CS Maritimo de la Guaira","47"
174076,"Adelaide United FC","Adelaide","47"
887143,"Western Suburbs FC","Western Suburbs FC","46"
863923,"CF Petroleros De Poza Rica","Petroleros De Poza Rica","46"
1054033,"Nees Atromitou","Nees Atromitou","46"
629420,"Champions FC Academy","Champions FC Academy","46"
42577,"Canon Sportif Yaounde","Canon Sportif","46"
1114609,"Leevon Ppk","Leevon Ppk","46"
1054043,"Panathinaikos","Panathinaikos","46"
42575,"Coton Sport de Garoua","Coton Sport","46"
817576,"Marupes SC","Marupes SC","46"
368168,"OFI","OFI","46"
619716,"Inter Formando UN Atleta","Inter Formando UN Atleta","46"
287217,"Eastern District","Eastern District","46"
52884,"1. FC Saarbrucken","Saarbrucken","46"
619852,"RFC Liege","Liege","46"
2249,"FC Lahti","Lahti","46"
396554,"Usfas Bamako","Usfas Bamako","46"
780124,"Udelas FC","Udelas FC","46"
791858,"Binga FC","Binga FC","46"
254,"Matlock Town",NULL,"46"
21891,"Cascavel PR","Cascavel","46"
44519,"Iwate Grulla Morioka",NULL,"46"
1829,"Lunds BK","Lunds","46"
21896,"Associacao Portuguesa de Desportos SP","Portuguesa","46"
518870,"CD Independiente Juniors","Independiente","46"
117,"Worcester City","Worcester","46"
682715,"Immigration FC","Immigration FC","46"
982963,"Umecit II","Umecit II","46"
328327,"Luki-Energiya V.luki","Luki-Energiya V.luki","46"
786778,"Auckland United FC","Auckland United FC","46"
786706,"Panama City FC","Panama City FC","46"
299218,"ETO FC Gyor","Gyori ETO","46"
1021573,"SC Penedense AL","Penedense","46"
383422,"Agia Paraskevi WFC","Agia Paraskevi","46"
74427,"FSV Frankfurt","FSV Frankfurt","46"
532665,"Kelantan The Real Warriors FC","Kelantan","46"
463807,"Union Sportive Bougouba","Union Sportive Bougouba","46"
74523,"Gudja United","Gudja Utd","46"
7049,"Imbabura Sporting Club",NULL,"46"
45008,"Frome Town FC",NULL,"46"
7020,"CD Mictlan","Mictlan","46"
1037819,"Nueva Santa Rosa Cdf","Nueva Santa Rosa Cdf","46"
40655,"SC East Bengal","East Bengal","46"
163290,"FC Viktoria Cologne","Viktoria Cologne","46"
470913,"Victoria United Limbe","Victoria United Limbe","46"
471189,"Gazelle FA de Garoua","Gazelle FA de Garoua","46"
260875,"Tallinna FC Flora","Tallinna FC Flora","46"
5193,"Vikingur Gota","Vikingur","46"
1986,"Gremio Esportivo Brasil","Gremio Esportivo","46"
676869,"9 de Octubre FC","9 de Octubre FC","46"
260037,"Grasshopper Zurich","Grasshopper Zurich","46"
538319,"Greenville Triumph SC","Greenville Triumph SC","46"
538315,"Chattanooga Red Wolves SC","Chattanooga Red Wolves SC","46"
34082,"Young Lions FC","Young Lions","46"
655835,"AS Bakaridjan","AS Bakaridjan","46"
213962,"1. FC Heidenheim","Heidenheim","46"
581587,"AS Trencin","AS Trencin","46"
1894,"FH Hafnarfjordur","Hafnarfjordur","46"
1173865,"RAAL La Louviere","La Louviere","46"
496248,"Afrique Football Elite","Afrique Football Elite","46"
38743,"Quorn FC","Quorn","46"
668499,"AS Korofina","AS Korofina","46"
668533,"FC Diarra","FC Diarra","46"
499138,"FC Spartak Trnava","FC Spartak Trnava","46"
23480,"Qadsia SC","Qadsia","46"
99229,"Lyn","Lyn","46"
243954,"Maccabi Kishronot Hadera","Kishronot Hadera","46"
1227541,"Chorrillo FC","Chorrillo FC","46"
375368,"MFK Ruzomberok","Ruzomberok","46"
38464,"Lowestoft Town",NULL,"46"
883055,"Uniao Sao Joao EC SP","Uniao Sao Joao","46"
1154045,"KFC Komarno","KFC Komarno","46"
781964,"Rayados De Chiriqui","De Chiriqui","46"
38338,"MTK Hungaria Budapest","Hungaria Budapest","46"
79911,"YSCC Yokohama",NULL,"46"
5115,"Mikkelin Palloilijat","Mikkelin","46"
316737,"SD Raiders FC","SD Raiders","46"
781494,"Kansas City NWSL","Kansas City","46"
889265,"Vinotinto FC Ecuador","Vinotinto FC Ecuador","46"
798202,"FC Nomme United","Nomme United","46"
43702,"Holstein Kiel","Kiel","46"
26002,"Bury Town FC","Bury Town","46"
61690,"Comercial FC SP","Comercial","46"
43710,"Fortuna Dusseldorf","Dusseldorf","46"
43721,"1. FC Nurnberg","Nurnberg","46"
3330,"Penang FA","Penang FA","46"
591701,"Trelleborgs FF","Trelleborgs FF","46"
43724,"FC Augsburg","Augsburg","46"
672815,"Kimberley de Mar Del Plata","Kimberley de Mar Del Plata","46"
58331,"Mtarfa FC","Mtarfa","46"
43727,"SV Wehen Wiesbaden","Wiesbaden","46"
544603,"Sama AL Sarhan SC","Sama AL Sarhan","46"
1234245,"22 de Julio","22 de Julio","46"
739,"Kolbotn","Kolbotn","46"
36968,"Univer Comrat","Univer Comrat","46"
733,"LSK Kvinner FK","Kvinner FK","46"
634878,"HB Koege","Koege","46"
6881,"Rampla Juniors",NULL,"45"
256267,"IF Vestri","IF Vestri","45"
174078,"Brisbane Roar FC","Brisbane","45"
962179,"Reyady Abaseya","Reyady Abaseya","45"
165912,"CD Santamarina Tandil","Santamarina Tand.","45"
213966,"SV Darmstadt 98","Darmstadt","45"
23841,"Richmond Kickers","Richmond","45"
7741,"Atletico El Vigia","Atl. El Vigia","45"
174098,"Canberra United FC","Canberra","45"
334591,"Dinamo St Petersburg","Dinamo St Petersburg","45"
117220,"Sitra Club","Sitra Club","45"
167,"Hendon","Hendon","45"
37528,"Maardu Linnameeskond","Maardu","45"
1895,"IBV Vestmannaeyjar","Vestmannaeyjar","45"
225858,"Al Ittifaq BHR","Al Ittifaq","45"
364598,"Preston Lions FC","Preston Lions","45"
1000685,"JFK Ventspils","Ventspils","45"
325159,"Vila Nova FC GO","Vila Nova","45"
1898,"IA Akranes","Akranes","45"
34714,"Chicago Stars FC","Chicago","45"
185570,"Al-Rustaq","Al-Rustaq","45"
379404,"Jamshedpur FC","Jamshedpur","45"
1900,"Keflavik IF","Keflavik","45"
325721,"Yadah FC",NULL,"45"
675719,"TSV Schott Mainz","Schott Mainz","45"
107215,"FC Strogino Moscow","Strogino Moscow","45"
383292,"Trikala 2011","Trikala 2011","45"
993219,"Greenfuel FC",NULL,"45"
227,"Uxbridge FC","Uxbridge","45"
163326,"FC Chertanovo Moscow","Chertanovo Moscow","45"
439336,"Reilac Shiga FC","Reilac Shiga","45"
1028817,"FC Utrecht","FC Utrecht","45"
178258,"SC Heerenveen","Heerenveen","45"
837176,"Manauara EC AM","Manauara","45"
218,"Stocksbridge Park Steels FC","Stocksbridge Park St","45"
385400,"FC Tatran Presov","FC Tatran Presov","45"
174328,"Zvezda St Petersburg","Zvezda","45"
79161,"ADO Den Haag","ADO Den Haag","45"
65198,"Maccabi Kiryat Ata-Bialik","Maccabi Kiryat Ata-Bialik","45"
533985,"FC Petrzalka 1898","FC Petrzalka 1898","45"
21865,"Trem DC AP","Trem","45"
937191,"Aali","Aali","45"
591531,"Kickers Offenbach","Offenbach","45"
1273002,"Inter Formando Un Atleta U20","Inter Formando Un Atleta U20","45"
792278,"CD Estrella Roja","CD Estrella Roja","45"
822280,"Yenisey 2 Krasnoyarsk","Yenisey 2 Krasnoyarsk","45"
6228,"Aragua FC","Aragua","45"
473343,"Deportivo San Pedro","Deportivo San Pedro","45"
362762,"Excelsior Rotterdam","Excelsior Rotterdam","45"
35032,"Hitchin Town",NULL,"45"
272255,"FC Legion Makhachkala",NULL,"45"
1166599,"FC Erzgebirge Aue","Aue","45"
151010,"Seattle Reign FC","Seattle","45"
734681,"Jeugd RWDM Brussels","Daring Brussels","45"
1054025,"Asteras Tripolis","Asteras Tripolis","45"
86410,"Armed Forces FC","Armed Forces","45"
89908,"SJK Akatemia","Akatemia","45"
52880,"FC Rot-Weiss Erfurt","Erfurt","45"
92216,"Central Coast Mariners Academy","Central Coast Mariners","45"
186000,"Hapoel Beit Shean Mesilot","Beit Shean Mesilot","45"
412579,"AS Fortuna","AS Fortuna","45"
348524,"CA San Lorenzo de Almagro","San Lorenzo","45"
40657,"Al Ahed FC","AL Ahed","45"
1368,"Broendby IF","Broendby","45"
75213,"Khimik Dzerzhinsk","Dzerzhinsk","45"
818062,"Baltika-2 Kaliningrad","Baltika-2 Kaliningrad","45"
1110751,"San Antonio FC","San Antonio FC","45"
209846,"Urena SC","Urena","45"
45476,"Al-Shabab","Al-Shabab","45"
798280,"FC Irkutsk","Irkutsk","45"
785196,"CD Universitario II","CD Universitario II","45"
471167,"Fauve Azur de Yaounde","Fauve Azur de Yaounde","45"
227056,"Avai FC SC","Avai","45"
173430,"Al-Khaboora","Al-Khaboora","45"
133600,"Baqa Al-Gharbiyye","Al-Gharbiyye","45"
229962,"Al Hikma","Al Hikma","45"
1189119,"AE Kifisia Wfc","AE Kifisia Wfc","45"
43700,"Hannover 96","Hannover","45"
1109509,"Bikita Minerals",NULL,"45"
307102,"Isa Town","Isa Town","45"
40025,"Quy Nhon Binh Dinh","Quy Nhon Binh Dinh","45"
76447,"Jeugd Lierse Kempenzonen","Lierse","45"
76455,"Jeugd KV Kortrijk","Kortrijk","45"
43703,"Hallescher FC","Halle","45"
785474,"Veraguas United FC B","Veraguas United FC B","45"
51978,"FK Orel","FK Orel","45"
538749,"Independencia FC AC","Independencia FC AC","45"
21966,"Guarany de Bage FC","Guarany de Bage","45"
43705,"VfL Osnabruck","Osnabruck","45"
391624,"Onze Createurs","Onze Createurs","45"
43731,"SSV Ulm 1846","Ulm","45"
258613,"FC Stockholm Internazionale","Stockholm Intern.","45"
2324,"Saturn Ramenskoye","Saturn Ramenskoye","45"
61706,"Ironi Nesher","Ironi Nesher","45"
34526,"Maccabi Achi Nazareth FC","Nazareth","45"
317961,"Stade Renard","Stade Renard","45"
34692,"Henan","Henan","45"
134298,"AS Real Bamako","Real Bamako","45"
43714,"MSV Duisburg","Duisburg","44"
24120,"FC Torpedo Vladimir","Tor. Vladimir","44"
6964,"Rio Branco EC SP","Rio Branco","44"
784644,"Aguilas de la Universidad de Panama","Aguilas de la Universidad de Panama","44"
1031431,"Coquimbo Unido","Coquimbo Unido","44"
50402,"Rezeknes Fa/Bjss","Rezeknes Fa","44"
784984,"Dinamo Vologda","Dinamo Vologda","44"
497176,"Panathinaikos","Panathinaikos","44"
355216,"Canterbury Bankstown FC","Canterbury Bankstown","44"
135674,"Shabab AL Sahel","Shabab AL Sahel","44"
73712,"Bonnyrigg W. E.","Bonnyrigg","44"
92204,"Blacktown City FC","Blacktown","44"
291970,"Eastern Suburbs AFC","Eastern Suburbs","44"
1234215,"Scottland FC","Scottland FC","44"
39226,"Queens University","Queens University","44"
323451,"GD Prudente SP","Prudente","44"
7320,"Grorud IL","Grorud","44"
347988,"Aasane","Aasane","44"
7523,"FK Salyut Belgorod","Salyut Belgorod","44"
42768,"FK Ryazan","FK Ryazan","44"
49787,"North Carolina Courage","North Carolina","44"
390314,"Northern Tigers","Northern Tigers","44"
405425,"Deportivo Rincon","Deportivo Rincon","44"
497180,"FC Levadiakos","Levadiakos","44"
368678,"GKS Katowice","GKS Katowice","44"
522366,"Servette FC Chenois Feminin","Servette Chenois","44"
32779,"Osasco Sporting SP","Osasco","44"
781492,"Racing Louisville FC","Louisville","44"
802544,"GO Ahead Eagles","GO Ahead Eagles","44"
138874,"PDRM FA","PDRM","44"
1177109,"Parma Calcio 1913 U20","Parma Calcio 1913 U20","44"
40161,"Luverdense EC MT","Luverdense","44"
781340,"Alianza FC II","Alianza FC II","44"
832442,"DSD Santo Domingo","Santo Domingo","44"
610544,"Ska-Khabarovsk-2","Ska-Khabarovsk-2","44"
471169,"Dynamo de Douala","Dynamo de Douala","44"
616782,"Gimnasia Y Esgrima La Plata","La Plata","44"
40264,"PFK Mash AL Mubarek","Mash AL","44"
889591,"FK Tukums 2000/Tss II","FK Tukums 2000/Tss II","44"
3371,"Shandong Taishan FC","Shandong Taishan","44"
281629,"FC Kvant Obninsk","Kvant Obninsk","44"
817578,"Skanstes SK","Skanstes SK","44"
40260,"Xorazm Fk Urganch","Xorazm Urganch","44"
497148,"Asteras Tripolis","Asteras Tripolis","44"
163324,"Arsenal-2 Tula","Arsenal-2","44"
407587,"Stade de Reims","Reims","44"
92214,"Sutherland Sharks","Sutherland","44"
694861,"1. FC Cologne SRL","Cologne SRL","44"
633526,"Chanmari FC","Chanmari FC","44"
178256,"PEC Zwolle","PEC Zwolle","44"
278881,"Czarni Sosnowiec","Czarni Sosnowiec","44"
295216,"San Martin de San Juan Reserve","San Martin de San Juan Reserve","44"
62220,"Panthere Sportive","Panthere","44"
135512,"EC Taubate SP","Taubate","44"
870811,"Ariana FC","Ariana FC","44"
187725,"Racing Beirut","Racing Beirut","44"
368524,"Bashundhara Kings","Bashundhara","44"
308310,"Panserraikos","Panserraikos","44"
1234211,"Mwos FC","Mwos FC","44"
126302,"Glacis United","Glacis United","44"
46817,"Hastings United FC",NULL,"44"
308322,"OFI","OFI","44"
71090,"FC Spartak-2 Moscow","Spartak 2","44"
55159,"Al-Fahaheel","Al-Fahaheel","44"
543879,"Forge FC Hamilton","Hamilton","44"
497144,"Panaitolikos","Panaitolikos","44"
135520,"AA Francana SP","Francana","44"
458525,"Volos NPS","Volos NPS","44"
1222727,"La Familia FC","La Familia FC","44"
366322,"San Martin FC","San Martin FC","44"
778662,"San Francisco FC B","San Francisco FC B","44"
802996,"Aigle Royal Du Moungo","Aigle Royal Du Moungo","44"
194398,"FK Kokand 1912","FK Kokand","44"
646902,"Goiatuba EC GO","Goiatuba","44"
497146,"Atromitos Athinon","Atromitos Athinon","44"
75193,"Spartak Tambov","Tambov","44"
75179,"Zenit Penza","Z. Penza","44"
174380,"Cleethorpes Town FC","Cleethorpes Town","44"
330901,"SC Braga","SC Braga","44"
145564,"AL Tadamon Sour","AL Tadamon","44"
726617,"FC Tver","FC Tver","44"
440896,"America FC MG","America","44"
33559,"Swindon Supermarine",NULL,"44"
916767,"Kosmos Dolgoprudny","Kosmos Dolgoprudny","44"
778126,"Puskas Akademia Felcsut","Puskas Akademia","44"
637878,"FC Famalicao","FC Famalicao","44"
1225881,"CA Independiente Siguatepeque","CA Independiente Siguatepeque","44"
421545,"Triangle United","Triangle United","44"
78501,"EA Guingamp","Guingamp","43"
163424,"Hakoah","Hakoah","43"
146784,"FK Smiltene/Bjss","Smiltene","43"
414677,"Torque","Torque","43"
151006,"Houston Dash","Houston","43"
417001,"Utah Royals FC","Utah","43"
153486,"Chattanooga FC","Chattanooga","43"
6232,"Mineros de Guayana","Mineros","43"
312452,"Inter Lions FC","Inter Lions FC","43"
308306,"Aris","Aris","43"
332307,"Dulwich Hill","Dulwich Hill","43"
5366,"FC Ordabasy","Ordabasy","43"
340452,"Hills United FC Brumbies","Hills Brumbies","43"
348518,"CA Independiente","Independiente","43"
45475,"Al-Najma Manama","Al-Najma","43"
45472,"Al Hidd","Al Hidd","43"
348532,"Sportivo Las Parejas","Sportivo Las Parejas","43"
350774,"Angostura FC",NULL,"43"
300078,"Independiente de Chivilcoy","Indep. de Chivilcoy","43"
54583,"Al Baqaa","Al Baqaa","43"
55161,"Al-Salmiya SC","Al-Salmiya","43"
295174,"CA Aldosivi Reserve","CA Aldosivi Reserve","43"
323705,"St George City FA","St George City","43"
460991,"Pecsi MFC","Pecsi MFC","43"
286013,"Europa Point","Europa Point","43"
616784,"Social Atletico Television","Atletico Television","43"
874721,"Angel City FC","Angel City","43"
916443,"Viimsi JK","Viimsi JK","43"
60430,"East Riffa","East Riffa","43"
7800,"Umea IK","Umea","43"
327199,"AGF Aarhus","Aarhus","43"
3339,"Kedah Darul Aman","Kedah Darul Aman","43"
934869,"Newell's Old Boys","Newell's Old Boys","43"
694829,"Burnley FC SRL","Burnley SRL","43"
42582,"Macarthur Rams","Macarthurs","43"
1110785,"San Luis FC","San Luis","43"
684101,"Deportes Iquique","Deportes Iquique","43"
682327,"EC Bahia BA","EC Bahia BA","43"
264399,"Western Sydney Youth","Western Sydney Youth","43"
682001,"AE Aracatuba","Aracatuba","43"
264397,"Western City Rangers FC","Rangers","43"
263601,"FK Sveikata Kybartai","Sveikata","43"
76341,"Bonnyrigg Rose","Bonnyrigg","43"
321633,"Sydney FC Youth","Sydney FC Youth","43"
937185,"Etehad Alreef","Etehad Alreef","43"
937187,"Bouri","Bouri","43"
372104,"Saku Sporting","Saku Sporting","43"
841742,"Wellington Phoenix","Wellington","43"
2241,"Tampere United","Tampere","43"
495966,"SV Sandhausen","Sandhausen","43"
497166,"AEK Athens","AEK Athens","43"
671599,"Bolivar SC","Bolivar SC","43"
1273006,"CD Hercules U20","CD Hercules U20","43"
381952,"Union Espanola","Union Espanola","43"
734805,"FC Lorient Srl","FC Lorient Srl","43"
319451,"University of Nsw","University of Nsw","43"
1009011,"Yunnan Yukun","Yunnan Yukun","43"
764298,"Hapoel Ironi Arraba","Hapoel Ironi Arraba","43"
92206,"Blacktown Spartans","Spartans","43"
92208,"Manly United FC","Manly","43"
534103,"Jahn Regensburg","Regensburg","43"
388582,"Real Betis Balompie","Real Betis","43"
538317,"Forward Madison FC","Forward Madison FC","43"
391678,"MS Tira","Tira","43"
1849,"Norrby IF","Norrby","43"
203629,"Penarol Montevideo","Penarol Montevideo","43"
200173,"Truong Tuoi Dong Nai FC","Truong Tuoi Dong Nai","43"
37184,"Valur Reykjavik","Valur R","43"
193666,"AL Budaiya","AL Budaiya","43"
37173,"Feralpisalo","Feralpisalo","43"
543961,"Maccabi Nujeidat Ahmad","Maccabi Nujeidat Ahmad","43"
191150,"IFK Skovde FK","IFK Skovde FK","43"
1100237,"Bay FC","Bay","43"
32768,"EC Sao Luiz RS","Sao Luiz","43"
118670,"Bengaluru FC","Bengaluru","43"
32873,"Uberlandia EC MG","Uberlandia","43"
832932,"Szekszardi Ufc","Szekszardi Ufc","43"
559102,"Bull FC Academy","Bull","43"
174600,"Mumbai City","Mumbai City","43"
174108,"Western Sydney Wanderers","Western Sydney Wanderers","43"
174106,"Sydney FC","Sydney FC","43"
174104,"Perth Glory FC","Perth","43"
1276628,"Union Brescia","Union Brescia","43"
558886,"College 1975","College 1975","43"
171998,"Bankstown City FC","Bankstown City","43"
46884,"Bowers & Pitsea FC",NULL,"43"
133602,"Hapoel Migdal Haemeq","H. Migdal Haemeq","43"
136234,"Newcastle Jets Youth","Newcastle Jets","43"
138216,"St George Saints FC","St George","43"
408091,"Rydalmere Lions FC","Rydalmere","43"
354960,"CA Linqueno","Linqueno","42"
334459,"South Georgia Tormenta FC","S. Georgia Tormenta","42"
6958,"Sertaozinho FC SP","Sertaozinho","42"
90884,"North Eastern Metrostars SC","Metro Stars","42"
141,"Bognor Regis Town FC",NULL,"42"
21866,"Tuna Luso PA","Tuna Luso","42"
684327,"Frauenteam Thun Berner Oberland","Frauenteam Thun Berner Oberland","42"
684333,"FC Rapperswil-Jona","FC Rapperswil-Jona","42"
684489,"Sporting FC","Sporting FC","42"
174102,"Newcastle Jets","Newcastle","42"
241318,"Qalali Club","Qalali","42"
754363,"Qingdao West Coast FC","Qingdao West Coast FC","42"
344922,"FC Santa Lucia Cotzumalguapa","Santa Lucia","42"
68804,"Muaither SC","Muaither SC","42"
1914,"Afturelding","Afturelding","42"
377430,"B93 Copenhagen","B93 Copenhagen","42"
368004,"Diosgyori VTK Miskolc","Diosgyori Miskol","42"
759052,"Mohun Bagan Super Giant","Mohun Bagan","42"
475492,"CSB Atenas","Atenas","42"
92018,"Bayswater City","Bayswater","42"
65494,"Real Noroeste ES","Real Noroeste","42"
131580,"Newry City AFC",NULL,"42"
1160939,"Budapest Honved FC","Budapest Honved FC","42"
150900,"AL Tadamun Buri","AL Tadamun Buri","42"
52886,"SpVgg Unterhaching","Unterhaching","42"
679,"Skeid Fotball","Skeid","42"
2018,"Treze FC PB","Treze","42"
36980,"FC Sheriff Tiraspol 2","Sheriff T2","42"
402901,"SE Itapirense SP","SE Itapirense","42"
886891,"FK Rfs II","FK Rfs II","42"
536821,"Pwd Bamenda","Pwd Bamenda","42"
937189,"Um Alhassam","Um Alhassam","42"
768404,"Csd Chiquimulilla","Csd Chiquimulilla","42"
1191759,"Gimnasia de Chivilcoy","Gimnasia de Chivilcoy","42"
62558,"Eskilsminne IF","Eskilsminne","42"
886893,"Riga FC II","Riga FC II","42"
374798,"Estoril Praia","Estoril Praia","42"
5355,"FC Aktobe","Aktobe","42"
279651,"Odense Q","Odense Q","42"
245675,"Mounties Wanderers FC","Mounties Wanderers","42"
1084092,"CD Moquegua","CD Moquegua","42"
315145,"Defence Force FC","Defence Force","42"
732797,"IF Karlstad Fotbol","Karlstad Fotbol","42"
862,"FK Jerv","Jerv","42"
34695,"Qingdao Hainiu FC","Qingdao Hainiu","42"
932199,"AFF Guatemala","Guatemala","42"
278019,"Kolding IF","Kolding","42"
3367,"Tianjin Jinmen Tiger","Tianjin Jinmen Tiger","42"
38003,"Mickleover FC",NULL,"42"
374792,"Clube de Albergaria","Clube Albergaria","42"
781910,"CD Dragon",NULL,"42"
22238,"Karlbergs BK","Karlbergs","42"
58739,"SC de Goa","SC de Goa","42"
372054,"AL Markhiya","AL Markhiya","42"
38331,"Slavia Prague","Slavia Prague","42"
348516,"CA Huracan","Huracan","42"
639690,"AL Waab","AL Waab","42"
91920,"Brisbane City FC","Brisbane","42"
75221,"Znamya Truda Orekhovo Zuevo","Znamya Truda","42"
183543,"Al Ittihad","Al Ittihad","42"
1038329,"Caja Oblatos Cfd","Caja Oblatos Cfd","42"
44442,"Al Kharaitiyat SC","Al Kharaitiyat","42"
36780,"Ballyclare Comrades",NULL,"42"
47812,"BK Olympic","Olympic","42"
1275976,"Inter Milano","Inter Milano","42"
287761,"Chapecoense SC","Chapecoense","42"
182819,"Wellington Phoenix FC Reserve","Wellington Phoenix","42"
191,"Blyth Spartans AFC",NULL,"42"
43729,"TSV 1860 Munich","1860 Munich","42"
766998,"CA Banfield","Banfield","42"
823730,"Albion FC","Albion","42"
837602,"Huracanes Izcalli FC","Huracanes Izcalli FC","42"
684069,"Atletico Ottawa","Ottawa","42"
395542,"Hapoel Bnei Musmus","Hapoel Bnei Musmus","42"
1273004,"Zacatecoluca FC U20","Zacatecoluca FC U20","42"
954,"Brattvaag","Brattvaag","42"
269635,"UKS SMS Lodz","SMS Lodz","42"
34013,"Serra FC ES","Serra","42"
45478,"Manama Club","Manama","42"
269779,"AD Guanacasteca",NULL,"42"
45477,"Malkiya Club","Malkiya","42"
6966,"EC Santo Andre SP","Santo Andre","42"
1896,"Fylkir Reykjavik","Fylkir Reykjavik","42"
203621,"Liverpool Montevideo","Liverpool Montevideo","41"
260593,"CAS Defensores de Belgrano","Defensores de Belgrano","41"
341072,"Club Cipolletti","Cipolletti","41"
203615,"Defensor Sporting","Defensor","41"
295152,"Boston River","Boston River","41"
1110227,"Guangxi Hengchen FC","Guangxi Hengchen FC","41"
93517,"Gimnasia y Esgrima de Concepcion del Uruguay","Gimnasia y Esgrima de Concepcion","41"
1233509,"Club Oriental de Football","Club Oriental","41"
923063,"Diamond Harbour FC","Diamond Harbour FC","41"
43204,"Warrenpoint Town FC","Warrenpoint Town","41"
414177,"Szent Mihaly SE","Szent Mihaly SE","41"
989667,"Gold Coast Knights","Gold Coast Knights","41"
48431,"Union Comercio","Comercio","41"
236320,"Stade Briochin","Stade Briochin","41"
33123,"CS. Dong Thap","Dong Thap","41"
206005,"Tacoma Defiance","Tacoma Defiance","41"
203631,"Progreso","Progreso","41"
986603,"Vancouver FC","Vancouver FC","41"
730,"Arna-Bjoernar","Arna-Bjoernar","41"
697149,"FC Metz SRL","Metz SRL","41"
203633,"Racing Club Montevideo","Racing Club Montevideo","41"
230988,"CE Carroi","Carroi","41"
588083,"Deportivo Saprissa","Deportivo Saprissa","41"
23401,"Al-Nasr SC","Al-Nasr","41"
684115,"Universidad Catolica","Universidad Catolica","41"
1903,"Thor Akureyri","Thor A","41"
588099,"Dimas Escazu","Dimas Escazu","41"
252175,"Liaoning Tieren FC","Liaoning Tieren","41"
1159735,"City Escaldes FC","City Escaldes FC","41"
222930,"Al Mesaimeer","Al Mesaimeer","41"
840334,"Vila Nova FC GO","Vila Nova FC GO","41"
844460,"Club Alianza Lima","Club Alianza Lima","41"
40261,"Lokomotiv Tashkent","Lokomotiv","41"
1009005,"Dalian Yingbo FC","Dalian Yingbo FC","41"
243494,"Dandenong City SC","Dandenong City","41"
1177127,"SSC Napoli","SSC Napoli","41"
5362,"Tobol Kostanay","Tobol","41"
6967,"EC Sao Bento SP","Sao Bento","41"
37197,"FC Zurich","FC Zurich","41"
675087,"Rio Branco FC ES","Rio Branco","41"
35890,"Busaiteen","Busaiteen","41"
47708,"Lions FC","Lions","41"
204,"Marlow FC",NULL,"41"
37192,"Viktoria FC Szombathely","FC Szombathely","41"
7022,"CD Suchitepequez","Suchitepequez","41"
543877,"Cavalry FC","Cavalry","41"
1175357,"Empoli FC",NULL,"41"
686279,"Brisbane City FC","Brisbane City FC","41"
7048,"Santos de Guapiles",NULL,"41"
557448,"Ho Chi Minh City FC","Ho Chi Minh City FC","41"
334219,"Botafogo FC SP","Botafogo","41"
504058,"AL Bidda SC","AL Bidda","41"
1009007,"Chongqing Tonglianglong FC","Chongqing Tonglianglong FC","41"
36435,"Yaracuyanos FC","Yaracuyanos","41"
1080282,"Nairobi United FC","Nairobi United FC","41"
5186,"Tofta Itrottarfelag B68","B68 Toftir","41"
5281,"CD Universidad Cesar Vallejo","U. Cesar Vallejo","41"
7121,"HK Kopavogur","Kopavogur","41"
174602,"Northeast United FC","Northeast Utd","41"
1110267,"Guandong GZ-Power FC","Guandong GZ-Power FC","41"
319213,"Olympic Kingsway SC","Olympic Kingsway","41"
694935,"UD Levante SRL","Levante SRL","41"
342742,"Eastern Suburbs FC","Eastern Suburbs","41"
1105885,"Carolina Core FC","Carolina Core FC","40"
278361,"SK Sturm Graz","Sturm Graz","40"
1269260,"Universidad Nacional","Universidad Nacional","40"
1269258,"Santos Laguna","Santos Laguna","40"
55155,"AL Tadhamon","AL Tadhamon","40"
7604,"CSD Sacachispas","Sacachispas","40"
885969,"Colorado Rapids 2","Colorado Rapids 2","40"
426351,"Gremio Atletico Sampaio RR","Gremio Atletico Sampaio","40"
1235655,"Guangdong Mingtu","Guangdong Mingtu","40"
339321,"TFC Guanare",NULL,"40"
473341,"Quiche FC","Quiche FC","40"
1235659,"Guizhou Guiyang Athletic","Guizhou Guiyang Athletic","40"
1177101,"Frosinone Calcio U20","Frosinone Calcio U20","40"
1235673,"Guangzhou Dandelion Alpha FC","Guangzhou Dandelion Alpha FC","40"
863913,"Aguacateros de Periban FC",NULL,"40"
636094,"Lusail SC","Lusail","40"
1236583,"Auckland FC Reserves","Auckland FC Reserves","40"
475928,"Wuhan Three Towns FC","Wuhan Three Towns FC","40"
174598,"Kerala Blasters FC","Kerala","40"
1119071,"Taguig FC","Taguig FC","40"
7522,"FC Nosta Novotroitsk","Nosta Novotroitsk","40"
357472,"FC Orenburg-2","Orenburg-2","40"
33122,"Long An FC","Long An","40"
357486,"FC Krylia Sovetov Samara-2","Samara-2","40"
357474,"FC Ural-2 Yekaterinburg","Ural-2 Yekaterinburg","40"
370106,"Rekord Bielsko-Biala","Rekord Bielsko-Biala","40"
218138,"SV Stripfing","Stripfing","40"
82443,"IFK Haninge","Haninge","40"
422227,"Shenzhen Peng City","Shenzhen Peng City","40"
252135,"Red Bull New York II","R B New York II","40"
5367,"FC Kyzylzhar SK","Kyzylzhar","40"
5187,"HB Torshavn","HB Torshavn","40"
106301,"AFA Olaine",NULL,"40"
5363,"FC Zhenis","Zhenis","40"
22320,"Oskarshamns AIK","Oskarshamn","40"
669,"Tromsdalen UIL","Tromsdalen","40"
5116,"Oulun Luistinseura","Oulun","40"
897679,"Taian Tiankuang","Taian Tiankuang","40"
24391,"Once Deportivo de Ahuachapan",NULL,"40"
260033,"FC Luzern","Luzern","40"
5189,"NSI Runavik","Runavik","40"
260035,"FC Basel","FC Basel","40"
342192,"Sampaio Correa FE RJ","Sampaio Correa","40"
22236,"FBK Karlstad","FBK Karlstad","40"
330655,"CA Sol de America de Formosa","CA Sol de America de Formosa","40"
40262,"PFC Shurtan","Shurtan","40"
75201,"Rubin-2 Kazan","Rubin-2","40"
92931,"Oakleigh Cannons","Oakleigh","40"
36145,"AB Argir","Argir","40"
522392,"SCU Torreense","Torreense","40"
693,"Baerum SK","Baerum","40"
1011255,"Lanzhou Longyuan Athletic","Lanzhou Longyuan Athletic","40"
885983,"Columbus Crew 2","Columbus Crew 2","40"
552289,"Botafogo Fr RJ","Botafogo Fr RJ","40"
203627,"Nacional de Montevideo","Nacional Montevideo","40"
4914,"CPD Y Rhyl 1879","Rhyl 1879","40"
23427,"Deportivo Coatepeque","Deportivo Coatepeque","40"
2736,"Lucchese Libertas 1905",NULL,"40"
203599,"CA River Plate (URU)","River Plate","40"
1841,"Jonkopings Sodra IF","Jonkopings Sodra","40"
136218,"Broadmeadow Magic FC","Broadmeadow","40"
21940,"FC Dynamo Barnaul","Dynamo Barnaul","40"
539827,"FC IberiaTiblisi 1999 II",NULL,"40"
6961,"Marilia AC SP","Marilia SP","40"
42215,"CD Vida La Ceiba","Vida La Ceiba","40"
551541,"Qingdao Red Lions","Qingdao Red Lions","40"
1812,"Falkenbergs FF","Falkenbergs","40"
113755,"Spal Ferrara",NULL,"40"
71556,"Hubei Istar","Hubei Istar","40"
675181,"Guapore  RO","Guapore  RO","40"
21882,"Sollentuna FK","Sollentuna","40"
406873,"Queenland Lions FC","Lions","40"
684329,"FC Aarau","Aarau","40"
6977,"Boavista SC RJ","Boavista","40"
619842,"FC St. Gallen 1879","St. Gallen","40"
153490,"Ventura County FC","Ventura County FC","40"
431251,"UMF Njardvik","UMF Njardvik","40"
4778,"Morocco","Morocco","40"
834522,"Unipomezia 1938","Unipomezia 1938","40"
1205767,"Chichicasteco FC","Chichicasteco FC","40"
1910,"Throttur Reykjavik","Throttur R","40"
897677,"Nantong Haimen Codion","Nantong Haimen Codion","40"
65670,"CA Sarmiento de Resistencia","Sarmiento de Resistencia","40"
792490,"FK Akron-2 Tolyatti","FK Akron-2 Tolyatti","40"
137694,"West Adelaide SC","West Adelaide","40"
680,"Hoedd IL","Hoedd","40"
1780,"Enkopings SK","Enkopings","40"
2269,"TPV Tampere","Tampere","40"
793008,"Wuxi Wugou","Wuxi Wugou","40"
690231,"Uni Iks Labs","Uni Iks Labs","40"
275171,"Punjab FC","Punjab","40"
3158,"Puerto Montt","Puerto Montt","40"
784446,"Klaipedos Fsm","Klaipedos Fsm","40"
35290,"Vilavelhense FC ES","Vilavelhense","40"
42969,"FC Osipovichi","Osipovichi","40"
1074128,"Club Estrella Del Sur (Alejandro Korn)","Club Estrella Del Sur (Alejandro Korn)","40"
22394,"SalPa","SalPa","40"
885973,"Minnesota United FC 2","Minnesota United FC 2","39"
225938,"AA Portuguesa RJ","Portuguesa","39"
342730,"Sunshine Coast Wanderers FC","Sunshine Coast","39"
91928,"Olympic FC Brisbane","Olympic Brisbane","39"
965959,"Shanxi Chongde Ronghai","Shanxi Chongde Ronghai","39"
168128,"Incheon Hyundai Steel Red Angels","Incheon Hyundai Steel","39"
239006,"Sporting Kansas City II","Kansas City II","39"
92927,"Hume City","Hume","39"
1110197,"Dalian Kun City","Dalian Kun City","39"
93557,"Vilnius FK Zalgiris B","Zalgiris Vilnius B","39"
1110229,"Hangzhou Linping Wuyue","Hangzhou Linping Wuyue","39"
1110231,"Shenzhen Juniors FC","Shenzhen Juniors FC","39"
1110233,"Shaanxi Union FC","Shaanxi Union FC","39"
100887,"FC Minsk 2","Minsk 2","39"
588063,"ADFF Pococi","ADFF Pococi","39"
406875,"Gold Coast United FC","Gold Coast Utd","39"
905621,"Wuhan Three Towns FC Srl","Wuhan Three Towns FC Srl","39"
252131,"Philadelphia Union II","Philadelphia","39"
728129,"Rodina-M Moscow",NULL,"39"
933629,"UC Montecchio Maggiore",NULL,"39"
754361,"Nanjing City","Nanjing City","39"
1282579,"Spanish Town Police FC","Spanish Town Police FC","39"
107221,"FK Kolomna",NULL,"39"
22274,"Hassleholms IF","Hassleholms IF","39"
1274238,"Deportivo Gomerano","Deportivo Gomerano","39"
566613,"Academia Puerto Cabello B","Academia Puerto Cabello B","39"
885971,"Saint Louis City SC 2","Saint Louis City SC 2","39"
1278105,"Valmontone","Valmontone","39"
210352,"AA Ponte Preta SP",NULL,"39"
709,"FK Vidar","Vidar","39"
210342,"SC Recife PE","Recife","39"
524872,"CSDC Alianza Universidad","Alianza Universidad","39"
40654,"Kazma SC","Kazma","39"
204595,"Jiangxi Dingnan United","Jiangxi Dingnan United","39"
522396,"SF Damaiense","Damaiense","39"
265151,"Vere United FC",NULL,"39"
840588,"Rp FC","Rp FC","39"
41532,"Beijing Institute of Technology","Beijing IT","39"
266407,"Ituano FC SP",NULL,"39"
203619,"Juventud de Las Piedras","Juventud de Las Piedras","39"
2766,"FC Pavia 1911","Pavia 1911","39"
741687,"First Vienna FC 1894","First Vienna","39"
396508,"CA Juventud Unida Universitario San Luis","Juventud Unida Uni.","39"
195254,"Jiangxi Lushan","Jiangxi Lushan","39"
518546,"Bourj FC","Bourj","39"
414943,"FC Gomel 2","FC Gomel 2","39"
42465,"SSC Napoli","Napoli","39"
1791,"FC Trollhattan","Trollhattans","39"
686,"Asker Fotball","Asker Fotball","39"
327273,"IFK Stocksund","Stocksund","39"
793002,"Shijiazhuang Gongfu FC","Shijiazhuang Gongfu","39"
48023,"FH Hafnarfjordur","Hafnarfjordur","39"
793010,"Wenzhou Professional FC","Wenzhou Professional","39"
793018,"Yanbian Longding","Yanbian Longding","39"
117276,"USD Caravaggio",NULL,"39"
365946,"JK Tallinna Kalev",NULL,"39"
61950,"Carapegua","Carapegua","39"
117328,"Correggese Calcio 1948","Correggese","39"
4474,"AC San Martin de Mendoza","San Martin","39"
36835,"CA Boca Unidos Corrientes","Boca Unidos","39"
592980,"Christchurch United FC","Christchurch United FC","39"
118660,"Mohammedan SC","Mohammedan","39"
1235671,"Shenzhen 2028 FC","Shenzhen 2028 FC","39"
1007019,"FK Sirijus","FK Sirijus","39"
283675,"FC Inter Turku 2","Inter Turku 2","39"
44176,"FK Pardubice","Pardubice","39"
33126,"K. Khanh Hoa","Khanh Hoa","39"
999243,"Los Angeles FC 2","Los Angeles FC 2","39"
502654,"CS Maritimo Madeira","CS Maritimo Madeira","39"
596842,"Cong An Tp Ho Chi Minh City FC","Cong An Tp Ho Chi Minh City FC","39"
173722,"Humble Lions FC",NULL,"39"
7095,"FC Rosengaard 1917","Rosengaard","39"
33894,"Ayacucho FC","Ayacucho","39"
164044,"Suzhou Dongwu","Suzhou Dongwu","39"
171982,"FK Viltis Vilnius","Viltis Vilnius","39"
466859,"Brasil de Farroupilha RS","Brasil Farroupilha","39"
133870,"CE Aimore RS",NULL,"39"
655935,"RESOVIA RZESZOW","RESOVIA RZESZOW","39"
36057,"Leiknir Reykjavik","Leiknir R","39"
5185,"B36 Torshavn","B36 Torshavn","39"
6487,"Kozakken Boys Werkendam","Kozakken Boys","39"
135524,"CA Votuporanguense SP","Votuporanguense","39"
331441,"FK Sirvena Birzai","FK Sirvena Birzai","39"
224740,"Villarreal CF","Villarreal","39"
376272,"Montakhab El Suez",NULL,"39"
374802,"Valadares Gaia FC","Valadares Gaia","39"
765182,"Sporting Alexandria",NULL,"39"
1175373,"Udinese Calcio",NULL,"39"
675109,"Malmo FF","Malmo FF","39"
91144,"Peninsula Power FC","Peninsula","39"
49723,"FK Zenit St. Petersburg","Zenit","38"
5950,"Vasalunds IF","Vasalunds","38"
327153,"Nantong Zhiyun","Nantong Zhiyun","38"
61530,"Yangon United","Yangon","38"
2260,"FC Honka","FC Honka","38"
755,"Arendal FK","Arendal","38"
1072968,"Treasure Beach FC","Treasure Beach FC","38"
54127,"SOM Maresme FC","Maresme FC","38"
463359,"SC Humaita AC","Humaita","38"
7298,"JJK Jyvaskyla","Jyvaskyla","38"
48027,"Throttur Reykjavik","Throttur R","38"
42584,"Sunshine Stars FC",NULL,"38"
1278209,"Rovato Vertovese","Rovato Vertovese","38"
1790,"Torslanda IK","Torslanda","38"
49724,"FC Krasnodar","Krasnodar","38"
49725,"FK Rostov","Rostov","38"
42374,"Lobi Stars",NULL,"38"
142204,"Stallion Laguna FC","Stallion FC","38"
1225885,"CD Hondupino","CD Hondupino","38"
403225,"Mahar Sagaing United FC",NULL,"38"
733101,"Beijing Guoan FC SRL","Beijing Guoan SRL","38"
193314,"Akwa United FC",NULL,"38"
1121733,"FK Transinvest B","FK Transinvest B","38"
777744,"Suwon FC (Srl)",NULL,"38"
42372,"Heartland FC Owerri",NULL,"38"
533503,"Csd Ipala","Csd Ipala","38"
457559,"Black Bulls FC","Black Bulls FC","38"
2935,"Melbourne Knights","Melbourne Knights","38"
529969,"CS Esportiva AL","Esportiva","38"
727,"Stjordals-Blink","Stjordals-Blink","38"
1065398,"FC Cajamarca","FC Cajamarca","38"
92923,"Dandenong Thunder","Dandenong","38"
25595,"Esmtk Budapest","Esmtk","38"
49728,"Lokomotiv Moscow","Lokomotiv","38"
396548,"FC Melbourne Srbija","Melbourne","38"
322375,"Guairena FC","Guairena","38"
753913,"Maharlika Taguig FC","Maharlika Taguig","38"
1820,"Husqvarna FF","Husqvarna","38"
1824,"Ljungskile SK","Ljungskile","38"
905623,"Chengdu Rongcheng FC Srl","Chengdu Rongcheng FC Srl","38"
1107405,"Qingdao West Coast FC Srl","Qingdao West Coast FC Srl","38"
6960,"CA Juventus SP","Juventus","38"
141538,"Perth Glory FC","Perth Glory","38"
111283,"Deportivo Iztapa","Iztapa","38"
170612,"Ciliverghe Mazzano",NULL,"38"
348520,"CA Platense",NULL,"38"
2691,"Brescia Calcio",NULL,"38"
371256,"Nittaidai FC","Nittaidai","38"
203625,"Montevideo Wanderers","Wanderers","38"
4999,"Uniao Barbarense SP","Uniao Barbarense","38"
529507,"Cuiaba EC MT","Cuiaba","38"
785288,"Hammarby Talang FF","Hammarby Talang","38"
260747,"Gornik Leczna","Gornik Leczna","38"
36144,"07 Vestur Sorvagur","Vestur Sorvagur","38"
879079,"KuPS Akatemia","KuPS Akatemia","38"
5190,"Skala IF","Skala","38"
643680,"Sporting Club Delhi","Sporting Club Delhi","38"
153480,"Tartu JK Tammeka",NULL,"38"
108405,"Ural Ekaterinburg","Ural","38"
538323,"North Texas SC","North Texas SC","38"
36135,"B71 Sandoy","B71 Sandoy","38"
76757,"Calcio Chieri 1955",NULL,"38"
34694,"Changchun Yatai","Changchun Yatai","38"
334581,"Souths Strikers","Strikers","38"
885979,"Inter Miami CF II","Inter Miami CF II","38"
5342,"FK Silute","Silute","38"
1081222,"LASK","LASK","38"
1270666,"Tigres UANL","Tigres UANL","38"
670,"Kjelsaas","Kjelsaas","38"
1110173,"Encarnacion FC","Encarnacion FC","38"
255307,"Bhayangkara Presisi Indonesia FC","Bhayangkara Presisi Indonesia","38"
49731,"FK Spartak Moscow","Spartak Moscow","38"
337369,"CSD Sol de Mayo","Sol de Mayo","38"
817928,"FK Nizhny Novgorod","Nizhny Novgorod","38"
252173,"Ningbo Professional FC","Ningbo Professional","38"
252143,"Whitecaps FC 2","Whitecaps","38"
1110241,"Foshan Nanshi FC","Foshan Nanshi FC","38"
47503,"CA Linense SP","Linense","38"
1173871,"AC Magenta 1945",NULL,"38"
48019,"Stjarnan","Stjarnan","38"
1110169,"Shenzhen Peng City Srl","Shenzhen Peng City Srl","38"
1175367,"Sampdoria Genoa",NULL,"38"
249399,"Iga FC Kunoichi","Kunoichi","38"
1154213,"US Lavis",NULL,"38"
1993,"Bangu AC RJ",NULL,"38"
668391,"Alingsas FC United","Alingsas United","38"
673707,"Pouso Alegre MG","Pouso Alegre","38"
1897,"UMF Grindavik","Grindavik","38"
1046967,"Aguacatan FC","Aguacatan FC","38"
499902,"Chions 1972",NULL,"38"
1110237,"Ganzhou Ruishi FC","Ganzhou Ruishi FC","38"
734443,"AP ORLEN Gdansk","ORLEN Gdansk","38"
245357,"Meizhou Hakka","Meizhou Hakka","38"
733147,"Tianjin Jinmen Tiger SRL","Tianjin Jinmen Tiger SRL","38"
570387,"FKS Ukmerge","Ukmerge","38"
851137,"SE Penya Independent",NULL,"38"
733141,"Shanghai Port SRL","Shanghai Port SRL","38"
733139,"Shanghai Shenhua SRL","Shanghai Shenhua SRL","38"
1110219,"Changchun Xidu","Changchun Xidu","38"
93519,"Juventud Antoniana","Juv. Antoniana","38"
802510,"ADO Den Haag","Den Haag","38"
1004809,"Qingdao Hainiu FC Srl","Qingdao Hainiu FC Srl","38"
44171,"1. FC Slovacko Uherske Hradiste","Slovacko Uherske H.","38"
317511,"Abahani Limited Dhaka","Dhaka","38"
797,"FK Eik Toensberg 871","Eik Toensberg","38"
991567,"FC Yelimai","FC Yelimai","38"
885,"Stroemmen IF","Strommen","38"
359288,"GS Arconatese 1926",NULL,"38"
1269044,"Cruz Azul","Cruz Azul","38"
354946,"Football Academy Of Konoplev","Academy Of Konoplev","38"
174590,"Chennaiyin FC","Chennaiyin","38"
918117,"FC Fakel Voronezh Youth","FC Fakel Voronezh Youth","38"
283741,"VJS","VJS","38"
1119833,"Thitsar Arman FC",NULL,"38"
36688,"FC Kaspiy Aktau","Kaspiy Aktau","38"
999249,"Crown Legacy FC","Crown Legacy FC","38"
49721,"CSKA Moscow","CSKA","38"
49722,"Dinamo Moscow","Dinamo Moscow","38"
90878,"Croydon FC","Croydon","38"
837394,"San Benito FC","San Benito FC","38"
181754,"Le Puy Foot 43 Auvergne","Le Puy","38"
802524,"de Graafschap","de Graafschap","38"
281269,"ASD Fanfulla",NULL,"38"
1182939,"Yalova FK 77 Spor Kulubu","Yalova FK 77 Spor Kulubu","37"
326201,"Brisbane Knights","Brisbane Knights","37"
336965,"Brothers Union","Brothers Union","37"
330431,"HJS","HJS","37"
333471,"Davao Aguilas","Davao Aguilas","37"
5364,"Zhetysu Taldykorgan","Zhetysu","37"
5359,"FC Okzhetpes","Okzhetpes","37"
5356,"FK Atyrau","Atyrau","37"
5304,"ASD Citta di Foligno 1928","Foligno","37"
5260,"Eb/Streymur","Eb/Streymur","37"
5192,"FC Suduroy","FC Suduroy","37"
55509,"Thor/KA","Thor/KA","37"
982191,"North Lakes United","North Lakes United","37"
911609,"US Cremonese Srl","US Cremonese Srl","37"
1061008,"Inter Kashi FC","Inter Kashi FC","37"
1233321,"Jeonbuk FC II","Jeonbuk FC II","37"
990947,"La Luz FC Reserves","La Luz FC Reserves","37"
511994,"Girona FC","Girona","37"
61528,"Ayeyawady United",NULL,"37"
725353,"JK Tabasalu",NULL,"37"
65506,"Santa Cruz FC RN",NULL,"37"
684119,"Palestino","Palestino","37"
714185,"Daegu FC SRL",NULL,"37"
682231,"Football Queensland QAS","Queensland QAS","37"
75653,"Psim Yogyakarta","Yogyakarta","37"
1228967,"Yunnan Yukun Srl","Yunnan Yukun Srl","37"
39407,"Les Herbiers","Herbiers","37"
1228965,"Dalian Young Boy FC SRL","Dalian Young Boy FC SRL","37"
881019,"Juventud Copalera","Juventud Copalera","37"
679559,"FK Mladost Gat","FK Mladost Gat","37"
733129,"Henan Jianye SRL","Henan Jianye SRL","37"
733137,"Shandong Taishan SRL","Shandong Taishan SRL","37"
1047763,"Bodrum FK",NULL,"37"
531141,"Dagon Star United FC",NULL,"37"
90962,"Deportivo Santani","Santani","37"
90968,"Resistencia SC","Resistencia","37"
91142,"North Star FC","North Star","37"
92024,"Perth Redstar FC","Perth Redstar","37"
92921,"Bentleigh Greens","Bentleigh","37"
92925,"Green Gully SC","Green Gully","37"
92929,"Northcote City","Northcote","37"
92935,"Port Melbourne Sharks","P. Melbourne","37"
37699,"FK Sloboda Novi Grad","Sl. Novi Grad","37"
703,"Vard Haugesund","Vard Haugesund","37"
991599,"Ulytau FC","Ulytau FC","37"
707,"Strindheim TF","Strindheim","37"
539595,"Ispe FC",NULL,"37"
543891,"Inter Toronto FC","Inter Toronto","37"
37088,"Holyhead Hotspur","Holyhead Hotspur","37"
744323,"CF Elche","Elche","37"
117396,"Budoni Calcio","Budoni Calcio","37"
697111,"Sassuolo Calcio SRL","Sassuolo SRL","37"
1239151,"Chengdu Rongcheng B","Chengdu Rongcheng B","37"
424763,"Eastern Lions SC","Eastern Lions","37"
36142,"Kaisar Kyzylorda","Kaisar Kyzylorda","37"
855,"Follo","Follo","37"
1239149,"Wuhan Three Towns B","Wuhan Three Towns B","37"
135868,"Persijap Jepara","Persijap Jepara","37"
35610,"Bjarg","Bjarg","37"
999247,"Huntsville City FC","Huntsville City FC","37"
35395,"FC Jazz","Jazz","37"
151492,"Altona Magic SC","Altona Magic","37"
414543,"Shizuoka SSU Bonita","Shizuoka","37"
35282,"Parnahyba SC PI","Parnahyba","37"
554584,"Mendiola FC","Mendiola FC","37"
163430,"ST Albans Saints Dinamo SC","ST Albans Saints Dinamo","37"
1660,"AC Ajaccio","AC Ajaccio","37"
1664,"FC Martigues",NULL,"37"
403289,"Hantharwady United",NULL,"37"
174576,"Athletic Bilbao","At. Bilbao","37"
181418,"FC Bulleen Lions","Bulleen Lions","37"
1755,"AS Cannes","AS Cannes","37"
186789,"Yadanarbon",NULL,"37"
560734,"Rosario Central",NULL,"37"
1782,"Assyriska FF","Assyriska","37"
1788,"Angelholms FF","Angelholms","37"
885975,"San Jose Earthquakes II","San Jose Earthquakes","37"
397428,"Rakhine United",NULL,"37"
885977,"Chicago Fire FC II","Chicago Fire FC II","37"
195554,"Suwon WFC","Suwon","37"
199925,"Lysekloster","Lysekloster","37"
564930,"CDC Nicanor Otamendi","Nicanor Otamendi","37"
205483,"KF Erzeni Shijak","Shijak","37"
206019,"Real Monarchs SLC","Real Monarchs","37"
206249,"FK Crvena Zvezda","Crvena Zvezda","37"
391734,"Gold Coast Knights","Gold Coast Knights","37"
207943,"FK Loznica","Loznica","37"
49729,"Rubin Kazan","Rubin Kazan","37"
566609,"Monagas SC B","Monagas B","37"
23961,"Huehueteco Xinabajul",NULL,"37"
1907,"IR Reykjavik","IR Reykjavik","37"
774578,"Fortis FC","Fortis FC","37"
781030,"Nordic United FC"," Nordic United","37"
781352,"11 Deportivo FC",NULL,"37"
371254,"Sfida Setagaya FC","Sfida Setagaya","37"
371250,"NHK Spring Yokohama FC Seagulls","Seagulls","37"
371240,"AS Harima Albion","AS Harima Albion","37"
2256,"KPV Kokkola","Kokkola","37"
243492,"Brunswick City SC","Brunswick City","37"
244747,"Melbourne Victory","Melbourne Victory","37"
885981,"FC Cincinnati 2","FC Cincinnati 2","37"
22356,"Tvaakers IF","Tvaakers","37"
791422,"Western United FC Youth","Western United FC Youth","37"
858229,"Viamaterasu Miyazaki","Viamaterasu Miyazaki","37"
905627,"Zhejiang Professional Srl","Zhejiang Professional Srl","37"
1112035,"Dagon Port FC",NULL,"37"
619460,"Adana Demirspor",NULL,"37"
275093,"Mohammedan SC Dhaka","Mohammedan Dhaka","37"
278363,"Linz AG Blau-Weiss / Kleinmunchen","Linz / Kleinmunchen","37"
825200,"Ciudad Rodrigo CF",NULL,"37"
364602,"North Sunshine Eagles FC","N. Sun. Eagles","37"
364592,"Langwarrin SC","Langwarrin","37"
364580,"Manningham United Blues","Manningham U. Blues","37"
280243,"Rahmatganj MFS","Rahmatganj","37"
364228,"SCR Altach","Altach","37"
473489,"AC Port Of Spain","Port Of Spain","37"
1116031,"Shanghai Port B","Shanghai Port B","37"
291974,"MKE Ankaragucu",NULL,"37"
295994,"Fakirapool Young Men","Fakirapool Young Men","37"
296000,"Bangladesh Police FC","Bangladesh Police","37"
300926,"Hatayspor",NULL,"37"
305370,"Boluspor",NULL,"37"
613982,"Asociacion Deportivo Cali","Asociacion Deportivo Cali","37"
344386,"Mitchelton FC","Mitchelton","37"
933649,"Roma City FC",NULL,"37"
319209,"Fremantle City","Fremantle City","37"
53062,"KF Iliria Fushe-Kruje","Fushe-Kruje","37"
342150,"FC Arlanda","Arlanda","37"
610642,"Caroline Springs George Cross FC","Caroline Springs George Cross FC","37"
340522,"Orca Kamogawa FC","Orca Kamogawa FC","37"
5993,"Club Fernando de La Mora","Club F de la Mora","37"
46147,"United Sports Club","United Sports Club","37"
117378,"Maceratese","Maceratese","36"
438116,"San Marcos FC","San Marcos FC","36"
598602,"ASD Fossano Calcio",NULL,"36"
1223303,"Newcastle Jets Youth","Newcastle Jets Youth","36"
117360,"US Civitanovese SSD",NULL,"36"
1274234,"Huehuetecos FC","Huehuetecos FC","36"
1774,"Umea FC","Umea","36"
210372,"BK Astrio","Astrio","36"
5948,"Falu BS FK","Falu","36"
206435,"CA Huracan Las Heras","Huracan Las Heras","36"
25141,"AS Figline",NULL,"36"
539337,"Maan SC","Maan","36"
740585,"Masachapa FC","Masachapa FC","36"
393250,"Gokulam Kerala FC","Gokulam Kerala FC","36"
724,"Alta IF","Alta","36"
195552,"Seoul City WFC","Seoul City WFC","36"
37190,"USV Neulengbach","Neulengbach","36"
1795,"FC Gute","Gute","36"
820934,"Rajasthan United","Rajasthan United","36"
305372,"Yeni Malatyaspor",NULL,"36"
6980,"Madureira RJ","Madureira","36"
501258,"Deportivo Nueva Concepcion","Deportivo Nueva Concepcion","36"
463143,"Silver Strikers","Silver Strikers","36"
44172,"FC Viktoria Plzen","Vik. Plzen","36"
157206,"Warri Wolves FC","Warri Wolves","36"
52883,"Rot-Weiss Oberhausen","Oberhausen","36"
1116073,"Shandong Taishan B","Shandong Taishan B","36"
339345,"Balcatta FC","Balcatta","36"
285847,"Real Madriz","Real Madriz","36"
422623,"Moreland City FC","Moreland City","36"
44071,"SS Milazzo","Milazzo","36"
1269046,"FC Juarez","FC Juarez","36"
1278201,"Celle Varazze","Celle Varazze","36"
1235733,"Kun Khalifat FC","Kun Khalifat FC","36"
414325,"Atlanta United 2","Atlanta Utd 2","36"
57503,"UE Santa Coloma B","UE Santa Coloma B","36"
872767,"Houston Dynamo 2","Houston Dynamo 2","36"
1269050,"Guadalajara","Guadalajara","36"
151494,"Kingston City FC","Kingston City","36"
1269058,"Pachuca","Pachuca","36"
1001839,"FC Prague","FC Prague","36"
1269256,"Deportivo Toluca FC","Deportivo Toluca FC","36"
694851,"Southampton FC SRL",NULL,"36"
694837,"Leicester City SRL",NULL,"36"
794684,"FC Neptunas B","FC Neptunas B","36"
366238,"Chimaltenango FC","Chimaltenango FC","36"
276229,"UD Ibarra",NULL,"36"
826318,"CD Laguna de Duero",NULL,"36"
726451,"FK Suduva Marijampole B","FK Suduva Marijampole B","36"
42580,"Miramar Rangers","Miramar Rangers","36"
687381,"Cashmere Technical","Cashmere Technical","36"
619392,"Montespaccato Calcio","Montespaccato Calcio","36"
619458,"Sivasspor",NULL,"36"
1127201,"Riga Mariners","Riga Mariners","36"
792280,"CD Genesis",NULL,"36"
367386,"Lokomotiva Brno Horni Herspice","Lokomotiva Brno Horni Herspice","36"
367994,"ASD Borgaro 1965",NULL,"36"
172196,"ZSV Sportlust 46","Sportlust 46","36"
493520,"CF Briviesca Norpetrol",NULL,"36"
42376,"Wikki Tourists FC","Wikki Tourists","36"
1238821,"Barau FC","Barau FC","36"
2936,"Brisbane Strikers FC","Brisbane Strikers","36"
2791,"ASD Sangiovannese 1927",NULL,"36"
2778,"AC San Marino Calcio","San Marino Calcio","36"
726453,"Dfk Dainava B","Dfk Dainava B","36"
269747,"Deportivo Carcha","Deportivo Carcha","36"
42216,"Domingo Savio","Domingo Savio","36"
2762,"Biellese","Biellese","36"
807,"Nordstrand","Nordstrand","36"
266459,"Magic United Tfa","Magic United","36"
166204,"CD Honduras Progreso","Honduras Progreso","36"
136232,"Weston Bears FC","Weston","36"
682547,"Athlone Town FC","Athlone Town FC","36"
692,"Ullensaker/Kisa","Ullensaker/Kisa","36"
522242,"NGU Loveledge Nagoya","NGU Loveledge Nagoya","36"
499922,"ASD Cannara","ASD Cannara","36"
136228,"Lambton Jaffas FC","Lambton","36"
547137,"Moghayer AL Sarhan","Moghayer AL Sarhan","36"
834512,"AC Leon","AC Leon","36"
51745,"FC Slovan Liberec","Slovan Lib.","36"
255843,"Police FC","Police","36"
344156,"Concordia AC SC",NULL,"36"
252139,"Toronto FC II","Toronto II","36"
252137,"Orlando City B","Orlando City B","36"
998457,"FC Altai Oskemen","Altai Oskemen","36"
4834,"Saudi Arabia","Saudi Arabia","36"
22370,"Orebro Syrianska IF","Orebro Syrianska","36"
48021,"Vikingur Reykjavik","Vikingur R","36"
500918,"VV Eemdijk","VV Eemdijk","36"
78459,"AL Sareeh","AL Sareeh","36"
1272346,"Asd Ferrandina 17890","Asd Ferrandina 17890","36"
38227,"WKS Slask Wroclaw","Slask Wroclaw","36"
1225879,"AFFI Academia","Academia","36"
371242,"Ehime FC Ladies","Ehime FC","36"
1225873,"CD Pirata","CD Pirata","36"
371342,"Pattani FC","Pattani FC","36"
1225867,"Pumas FC Las Vegas","Pumas FC Las Vegas","36"
2250,"Rovaniemen Palloseura","FK ROPS","36"
1110171,"12 de Junio de Villa Hayes","12 de Junio de Villa Hayes","36"
371760,"Blauw Geel 38","Blauw Geel","36"
6479,"SC Genemuiden","Genemuiden","36"
552277,"Atletico Mineiro MG","Mineiro","36"
1223513,"Blumenthaler SV","Blumenthaler","36"
47974,"Independiente Campo Grande","Ind. Campo Grande","36"
87692,"FK Karlskrona","Karlskrona","36"
2029,"HNK Sibenik","Sibenik","36"
2009,"Moto Club MA","Moto","36"
117500,"FK Radnicki Sremska Mitrovica",NULL,"36"
6492,"VV Sparta Nijkerk","Nijkerk","36"
1278103,"Heraclea","Heraclea","36"
380892,"Wuhan Jiangda","Wuhan Jiangda","36"
90868,"Adelaide City FC","Adelaide","36"
1978,"SE Gama DF","Gama","36"
381960,"Universitario de Deportes","Univer. Deportes","36"
544925,"FK Fap","FK Fap","36"
5188,"IF Fuglafjordur","Fuglafjordur","36"
429005,"Hoenefoss BK","Hoenefoss","36"
5365,"FC Irtysh Pavlodar","Irtysh","36"
92034,"Stirling Macedonia FC","Stirling Macedonia","36"
668763,"New England Revolution II","New England Revolution II","36"
35613,"Hinna","Hinna","35"
91136,"Eastern Suburbs FC","Eastern Suburbs","35"
771206,"Gladesville Ravens","Gladesville Ravens","35"
1182273,"AC Fulgens Foligno 1984",NULL,"35"
1271584,"Unione La Rocca Altavilla","Unione La Rocca Altavilla","35"
1271610,"Fcd Conegliano 1907","Fcd Conegliano 1907","35"
999245,"Austin FC II","Austin FC II","35"
672871,"Costa Brava de General Pico","Costa Brava de General Pico","35"
619692,"Manzanares CF",NULL,"35"
5119,"Atlantis FC","Atlantis","35"
380448,"FC Nagykanizsai","Nagykanizsai","35"
244767,"Valentine FC","Valentine","35"
1173913,"ASD Ugento Calcio",NULL,"35"
755451,"Pogon Tczew","Pogon Tczew","35"
444506,"FHL WFC","FHL WFC","35"
313153,"Caboolture FC","Caboolture","35"
1273936,"Tropical Coriano","Tropical Coriano","35"
568243,"Illawarra Stingrays","Illawarra Stingrays","35"
91140,"Logan Lightning","Lightning","35"
1223305,"Western Sydney Wanderers Youth","Western Sydney Wanderers Youth","35"
21859,"Nacional FC AM","Nacional","35"
2800,"Gela","Gela","35"
213956,"FC Viktoria 1889 Berlin","Viktoria Berlin","35"
684595,"Perth Azzurri","Perth","35"
326733,"Aris Avatou",NULL,"35"
1096485,"Bodoe/Glimt","Bodoe/Glimt","35"
91146,"Rochedale Rovers","Rochedale","35"
5949,"Lindome GIF","Lindome","35"
706,"Ullern","Ullern","35"
771204,"Bulls FC Academy","Bulls FC Academy","35"
2775,"Valenzana Mado","Valenzana Mado","35"
736371,"VV Hoogeveen","Hoogeveen","35"
684125,"Universidad de Concepcion","Universidad de Concepcion","35"
117352,"Scandicci","Scandicci","35"
25140,"ASD Real Normanna","Real Normanna","35"
771202,"Unsw FC","Unsw FC","35"
933659,"Ilvamaddalena 1903",NULL,"35"
434102,"Sport Club Gaucho Passo Fundo RS",NULL,"35"
206007,"Portland Timbers II","Portland Timbers II","35"
1218561,"Texoma FC","Texoma FC","35"
1278211,"Trevigliese","Trevigliese","35"
5327,"Vigor Lamezia","Lamezia","35"
117312,"Camaiore","Camaiore","35"
6919,"Entente Feignies Aulnoye","Entente Feignies","35"
739729,"Northern Tigers","Northern Tigers","35"
620096,"Asd San Luigi Calcio","Asd San Luigi Calcio","35"
91568,"Canberra Croatia FC","Canberra Croatia","35"
25382,"FC Lisse","Lisse","35"
219002,"CE Sabadell B",NULL,"35"
195558,"Hwacheon KSPO FC","Hwacheon KSPO","35"
2758,"Giulianova Calcio","Giulianova","35"
562616,"NWS Spirit FC","NWS Spirit","35"
560966,"Sydney Olympic FC","Sydney Olympic FC","35"
541965,"Persipal FC","Persipal","35"
5954,"AFC Eskilstuna","Eskilstuna","35"
266579,"UD San Pedro","UD San Pedro","35"
5191,"TB Tvoeroyri","Tvoeroyri","35"
25603,"Karcag SE","Karcag","35"
81943,"Legon Cities FC",NULL,"35"
543881,"HFX Wanderers FC","HFX","35"
1178417,"KF Shkendija Haracine","KF Shkendija Haracine","35"
879977,"Gamle Oslo FK","Gamle Oslo FK","35"
473345,"CF La Solana","Solana","35"
729,"Pors Grenland","Pors Grenland","35"
6962,"EC Noroeste SP","Noroeste","35"
468643,"Manly United FC","Manly United FC","35"
266321,"Broadbeach United","Broadbeach","35"
90870,"Adelaide Comets FC","Comets","35"
90976,"B36 Torshavn II","Torshavn II","35"
466627,"FK Kabel Novi Sad","Kabel Novi Sad","35"
501198,"Dovo Veenendaal","Dovo Veenendaal","35"
861207,"Galatasaray Istanbul","Galatasaray Istanbul","35"
1280261,"Arenas Armilla CD U19","Arenas Armilla CD U19","35"
462875,"Sydney University SFC","Sydney Uni.","35"
4739,"Senegal","Senegal","35"
730449,"Apia Leichhardt FC","Apia Leichhardt FC","35"
369338,"UCD Burlades",NULL,"35"
649898,"Shahrdari Astara",NULL,"35"
41017,"EB/Streymur II","EB/Streymur II","35"
453513,"KKP Stomilanki Olsztyn","KKP Stomilanki Olsztyn","35"
342856,"Robina City","Robina City","35"
1016929,"KF Valbona","KF Valbona","35"
1166,"FK Oern-Horten","Oern-Horten","35"
616704,"Malatya Yesilyurt Belediyespor","Malatya Yesilyurt","35"
260745,"AD Taubate SP","Taubate","35"
1278107,"Monastir","Monastir","35"
174592,"Odisha FC","Odisha","35"
44070,"Matera Calcio",NULL,"35"
911799,"FC Gonio",NULL,"35"
359406,"AD Cartaya",NULL,"35"
22243,"Brodd","Brodd","35"
313095,"St George Willawong FC","St George Willawong","35"
746609,"US Corticella",NULL,"35"
327037,"Rappe GOIF","Rappe GOIF","35"
83361,"FC Fleury 91","Fleury","35"
94841,"IK Junkeren","Junkeren","35"
558170,"Rana FK","Rana FK","35"
39732,"Persipura Jayapura","Persipura","35"
282659,"Ready Fotball","Ready Fotball","35"
36139,"NSI Runavik II","NSI Runavik II","35"
618312,"AC Afragolese","Afragolese","35"
6481,"HSC 21","HSC 21","35"
43850,"SC Retz","Retz","35"
6493,"SV Meerssen","Meerssen","35"
342690,"Heidelberg United FC","Heidelberg United","35"
281267,"Usd Scanzorosciate Calcio","Usd Scanzorosciate Calcio","35"
818650,"KF Besa Doberdoll",NULL,"35"
4691,"Algeria","Algeria","35"
551809,"Macarthur Rams","Macarthur Rams","35"
623598,"Persiku Kudus","Persiku Kudus","35"
623604,"Persekat Kabupaten Tegal","Persekat Kabupaten Tegal","35"
87470,"Deportivo Capiata","Capiata","35"
865939,"Uniao Atletica Carmolandense TO","Uniao Atletica Carmolandense TO","35"
137384,"Brisbane Roar FC","Brisbane Roar","35"
342698,"Box Hill United","Box Hill United","35"
2295,"GBK Kokkola","GBK","35"
381966,"Independiente Santa Fe","Indep. Santa Fe","35"
170662,"Vivi Altotevere Sansepolcro","Sansepolcro","35"
1674,"Istres FC","Istres","35"
276739,"Chiclana CF","Chiclana","35"
934387,"Bangor 1876 FC","Bangor 1876 FC","35"
330527,"Carlos Mannucci","Mannucci","35"
91134,"Wynnum Wolves FC","Wolves","35"
978877,"Western City Rangers FC","Western City Rangers FC","35"
251827,"Al Aqaba","Al Aqaba","35"
366866,"CD El Alamo",NULL,"35"
826020,"VfL Bochum Srl",NULL,"35"
773398,"Fluminense EC PI","Fluminense","35"
6368,"ltijd Sterker Worden Hendrik-Ido-Ambacht","ASWH","35"
678,"Hoenefoss BK","Hoenefoss","35"
689755,"Primavera AC MT","Primavera AC MT","35"
1278203,"Obermais","Obermais","35"
42581,"Napier City Rovers AFC","Napier City Rovers","35"
274873,"Taby FK","Taby","35"
623818,"CD Gevora","CD Gevora","35"
35643,"Raagsveds IF","Raagsveds","34"
35048,"Rohda Raalte","Rohda","34"
1098127,"Ipswich FC","Ipswich FC","34"
35040,"Hoek","Hoek","34"
1278377,"Tigres de Chinandega","Tigres de Chinandega","34"
136222,"Edgeworth FC","Edgeworth","34"
1278839,"Ssd Athletic Club Palermo","Ssd Athletic Club Palermo","34"
35845,"Gold Coast United FC","Gold Coast","34"
135532,"Jacarei FC SP","Jacarei","34"
1645,"Girondins Bordeaux","Bordeaux","34"
424581,"Salisbury United","Salisbury Unt.","34"
170384,"Ivancsa KSE","Ivancsa KSE","34"
36140,"Vikingur Gota II","Vikingur Gota II","34"
424591,"Playford City","Playford City","34"
170644,"US Fiorenzuola",NULL,"34"
1182955,"FK Dinamo Jug","FK Dinamo Jug","34"
845,"Os","Os","34"
749443,"PE Sant Jordi",NULL,"34"
749781,"Ferencvarosi Budapest SRL","Ferencvarosi Budapest SRL","34"
33761,"Rio Preto EC SP","Rio Preto SP","34"
834556,"Atletico Uri",NULL,"34"
124524,"South Hobart FC","South Hobart","34"
174114,"12 Bingol Spor","12 Bingol Spor","34"
1708,"US Saint-Malo","Saint-Malo","34"
799,"Nardo FK","Nardo","34"
952971,"Karbalaa",NULL,"34"
402067,"Al-Zulfi FC","AL-ZULFI","34"
636828,"Atromitos Palama",NULL,"34"
120252,"PO Moudanion",NULL,"34"
956875,"Viggbyholms IK FF","Viggbyholms IK FF","34"
702213,"Sporting CP SRL","Sporting SRL","34"
119364,"Bayburt Ozel Idare","Bayburt","34"
1180045,"Rotxapea CD",NULL,"34"
781,"Flekkeroy IL","Flekkeroy","34"
118830,"CA Youssoufia Berrechid",NULL,"34"
832604,"Sporting Atletico Ceuta","Sporting Atletico Ceuta","34"
183541,"La Palma CF",NULL,"34"
117426,"Asd SS Nola 1925","Asd SS Nola 1925","34"
117400,"Terracina Calcio",NULL,"34"
1180033,"CD Migjorn",NULL,"34"
1179997,"AD San Viator",NULL,"34"
1179991,"CD Valladares",NULL,"34"
1100061,"IL Ulfstind","IL Ulfstind","34"
117366,"Isernia FC 1928",NULL,"34"
189842,"Nacional AC SP","Nacional","34"
189920,"Piaui PI","Piaui PI","34"
1784,"Motala AIF FK","Motala","34"
1274680,"CF Vilanova I LA Geltru","Vilanova I LA Geltru","34"
191166,"CD El Ejido ",NULL,"34"
397462,"FK Usce Novi Beograd","Usce Novi Beograd","34"
543883,"Pacific FC","Pacific","34"
25601,"III Keruleti Tve","III Keruleti Tve","34"
697135,"Montpellier HSC SRL",NULL,"34"
1815,"Qviding FIF","Qviding","34"
1816,"Laholms FK","Laholm","34"
1830,"Kristianstad FC","Kristianstad","34"
1036715,"AC San Marino Calcio",NULL,"34"
1177707,"Paop Neas Amisou",NULL,"34"
25329,"Budaorsi SC","Budaorsi","34"
1177705,"Ams Aris Pigon",NULL,"34"
434044,"Sunshine Coast Wanderers","Sunshine Coast","34"
25154,"Barletta Calcio","Barletta","34"
328167,"AA Internacional Bebedouro SP","Internacional Bebedouro","34"
435188,"Tainan City","Tainan City","34"
47709,"Capalaba Bulldogs","Capalaba","34"
24384,"Atletico Balboa","Atletico Balboa","34"
24334,"CD San Fernando",NULL,"34"
214212,"Central FC","Central","34"
49956,"Onsala BK","Onsala","34"
757980,"AL Zulfi",NULL,"34"
216780,"Condal Club",NULL,"34"
94839,"Sotra SK","Sotra","34"
37797,"Harkemase Boys","Harkemase B","34"
384934,"Uralets-TS Nizhny Tagil",NULL,"34"
92032,"Sorrento FC","Sorrento","34"
92030,"Perth Azzurri","Perth","34"
327455,"Essendon Royals SC","Essendon Royals SC","34"
1051291,"Shahre Raz Shiraz",NULL,"34"
1044647,"Gran Pena FC",NULL,"34"
90970,"Club River Plate Asuncion",NULL,"34"
90894,"FK Beograd","Beograd","34"
90888,"Adelaide Croatia Raiders SC","Adelaide Croatia","34"
381424,"Ermis Amyntaiou FC",NULL,"34"
694,"Eidsvold TF","Eidsvold","34"
221968,"Avezzano Calcio",NULL,"34"
222542,"Sturt Lions","Sturt Lions","34"
222968,"Adelaide Olympic FC","Adelaide Olympic","34"
700495,"Club Brugge SRL","Club Brugge Srl","34"
223336,"US Fezzanese 1930",NULL,"34"
223408,"Kilis Bld Spor","Kilis","34"
377814,"Aravaca CF",NULL,"34"
445831,"Cordoba CF","Cordoba","34"
776324,"Songkhla FC","Songkhla FC","34"
496544,"Karadeniz Eregli Belediye SK","Karadeniz Eregli Belediye SK","34"
85337,"CA Penapolense SP","Penapolense","34"
1225617,"IF Boljan Falkenberg","IF Boljan Falkenberg","34"
82277,"Aiginiakos FC",NULL,"34"
610328,"Urduliz FT",NULL,"34"
1174827,"Itabirito FC MG","Itabirito","34"
625536,"CUC Villalba",NULL,"34"
1225869,"CD Cuervos","CD Cuervos","34"
81167,"Brickfield Rangers","Brickfield","34"
1272218,"Pisa SC Srl","Pisa SC Srl","34"
1272216,"Sunderland AFC Srl","Sunderland AFC Srl","34"
728805,"Perth Redstar FC","Perth Redstar","34"
1272210,"Real Oviedo Srl","Real Oviedo Srl","34"
1173921,"Costa d’Amalfi FC",NULL,"34"
244576,"Holland Park Hawks","Holland Park","34"
244683,"CD Naval",NULL,"34"
244837,"SD Gama",NULL,"34"
22393,"PK Keski-Uusimaa","Keski-Uusimaa","34"
1173875,"Zenith Prato",NULL,"34"
249939,"IF Brommapojkarna","Brommapojkarna","34"
249955,"IFK Goteborg","Goteborg","34"
22367,"Astorps FF","Astorps","34"
250563,"Trygg/Lade","Trygg/Lade","34"
77409,"Arroyo CP",NULL,"34"
77401,"AE Prat",NULL,"34"
255461,"CSKA Moscow","CSKA Moscow","34"
256805,"Asteras Petriti",NULL,"34"
256981,"Apollon Paralimniou FC",NULL,"34"
22289,"IFK Trelleborg","Trelleborg","34"
22287,"IFK Kumla","Kumla","34"
1173159,"AD Cala Pozuelo",NULL,"34"
369442,"UD Fraga",NULL,"34"
1085298,"FC Masar","Masar","34"
369440,"CD Brea",NULL,"34"
22262,"FC Jarfalla","Jarfalla","34"
452933,"CD Plus Ultra",NULL,"34"
76463,"Jeugd Royal Charleroi SC","Jeugd Royal Charleroi SC","34"
921553,"United Riccione",NULL,"34"
829738,"CD Noblejas",NULL,"34"
369412,"CA River Ebro",NULL,"34"
369398,"CD Tedeon",NULL,"34"
369376,"Casalarreina CF",NULL,"34"
369344,"CD Cantolagua",NULL,"34"
682175,"FK CSKA 1948 II",NULL,"34"
621460,"Alcantarilla FC",NULL,"34"
621336,"Betanzos CF",NULL,"34"
369330,"CD Buzanada",NULL,"34"
369328,"Estrella CF",NULL,"34"
828284,"CD Campos",NULL,"34"
265465,"Guarani FC SP",NULL,"34"
369296,"CD Inter Sevilla",NULL,"34"
369252,"UD Rayo Ibense",NULL,"34"
2755,"Fermana FC",NULL,"34"
267513,"FK Rozova Dolina Kazanlak","FK Rozova Dolina Kazanlak","34"
369176,"AD Siete Villas",NULL,"34"
369174,"SD Barreda Balompie",NULL,"34"
473597,"FC Elva","FC Elva","34"
684103,"CD Everton Vina Del Mar",NULL,"34"
369150,"CD Roces",NULL,"34"
369144,"UD Gijon Industrial","Gijon Industrial","34"
2794,"Brindisi FC",NULL,"34"
2795,"Puteolana",NULL,"34"
610150,"Urraca CF",NULL,"34"
894239,"Iraklis Ammoudias",NULL,"34"
368928,"Villalonga",NULL,"34"
689,"SK Traeff","Traeff","34"
2991,"VV Gemert","Gemert","34"
493558,"CF Union Viera",NULL,"34"
493530,"Club Polideportivo Almeria",NULL,"34"
516740,"UD Almeria","Almeria","34"
42505,"Balcatta","Balcatta","34"
367918,"CF Pozuelo de Alarcon","CF Pozuelo","34"
684,"Loerenskog IF","Loerenskog","34"
792542,"EC XV de Novembro de Jau SP","XV de Novembro de Jau","34"
366898,"CD Gares",NULL,"34"
516738,"Vazquez Cultural","Vazquez Cultural","34"
366886,"Llanos Aridane",NULL,"34"
43073,"Partizan Bardejov BSK","Bardejov","34"
3283,"PFC Chernomorets Burgas","Chernomorets","34"
366470,"USV Hercules","USV Hercules","34"
513662,"Cadiz CF","Cadiz","34"
1269458,"CF Monterrey","CF Monterrey","34"
847352,"Po Alexandroupolis",NULL,"34"
277853,"CD Aurrera de Vitoria","Aurrera de Vitoria","34"
43575,"KF Gostivari",NULL,"34"
473265,"GAS Svoronos",NULL,"34"
7732,"FC Gloria Buzau","Gloria Buzau","34"
934341,"Patacona CF",NULL,"34"
934331,"FC Malaga City",NULL,"34"
1164679,"CDEFB Valdepenas",NULL,"34"
1234213,"Kwekwe United FC",NULL,"34"
1269056,"Necaxa","Necaxa","34"
844484,"Accra Lions",NULL,"34"
1269054,"Mazatlan FC","Mazatlan FC","34"
1269052,"Club Leon","Club Leon","34"
510194,"Naft Al-Basra SC",NULL,"34"
510178,"Santa Catarina SC","Santa Catarina","34"
1269048,"Gallos Blancos de Queretaro","Gallos Blancos de Queretaro","34"
885985,"New York City FC II","New York City FC II","34"
361536,"CD Canillas",NULL,"34"
361470,"CF Trujillo",NULL,"34"
361458,"Olivenza FC",NULL,"34"
361454,"CD Castuera Subastacar",NULL,"34"
1269042,"Club Tijuana de Caliente","Club Tijuana de Caliente","34"
7544,"Skjetten","Skjetten","34"
56029,"Hajer FC","Hajer","34"
509008,"AL Hedood",NULL,"34"
700493,"SL Benfica SRL",NULL,"34"
477038,"CD Bullense",NULL,"34"
1269040,"Atletico San Luis","Atletico San Luis","34"
7472,"IL Sandviken","Sandviken","34"
461149,"Calavera CF","Calavera CF","34"
356256,"Rotor II Volgograd","Rotor II Volgograd","34"
355220,"Western Knights SC","Western Knights","34"
1237907,"Bff Academy Minsk U19",NULL,"34"
1269038,"Club America","Club America","34"
1268758,"Atlas FC","Atlas FC","34"
1268756,"Puebla","Puebla","34"
506010,"Granada CF","Granada","34"
323481,"CA Taquaritinga SP","Taquaritinga","34"
911607,"AC Monza Srl",NULL,"34"
297240,"CA Espeleno",NULL,"34"
7339,"SK Djerv 1919","Djerv","34"
1121603,"Pas Amvrakikos Vonitsas",NULL,"34"
7098,"Solvesborgs GIF","Solvesborgs","34"
933887,"CD Padura",NULL,"34"
53719,"Naft Masjed Soleyman FC",NULL,"34"
804238,"Pfk Botev Plovdiv II",NULL,"34"
302070,"CD Monte",NULL,"34"
349654,"Preston Lions","Preston Lions","34"
6989,"AS Olympiakos Volou 1937",NULL,"34"
1044707,"CD Elemental Atletico Mineros",NULL,"34"
334229,"Gremio Novorizontino SP","Novorizontino","34"
307536,"CD Santa Ursula",NULL,"34"
332189,"FC Cherepovets","FC Cherepovets","34"
887533,"Heroes de Falcon",NULL,"34"
5371,"UMF Selfoss","Selfoss","34"
5951,"Syrianska FC","Syrianska","34"
5372,"Volsungur","Volsungur","34"
344400,"Lampang FC","Lampang","34"
1154015,"Cardiff Draconians","Cardiff Draconians","34"
929177,"Capixaba SC ES","Capixaba SC ES","34"
821232,"FC Krumovgrad","Krumovgrad","34"
600086,"Orebro SK Soder","Orebro SK Soder","34"
6364,"Eskisehirspor","Eskisehirspor","34"
612218,"CD Calahorra B",NULL,"34"
342694,"FC Bulleen Lions","Bulleen Lions","34"
1134611,"CF Benidorm",NULL,"34"
933655,"US Angri 1927",NULL,"34"
747699,"Rasisalai United","Rasisalai United","34"
149882,"Lokomotiv Oslo","Lok Oslo","34"
1186741,"CD Sonseca","CD Sonseca","34"
157254,"Vanersborgs FK","Vanersborgs FK","34"
413995,"Gremio Desportivo SC SP","Gremio Desportivo","34"
412653,"Mighty Wanderers FC","Mighty Wanderers","34"
555270,"Fulham United FC","Fulham United FC","34"
951103,"CD Fuentes",NULL,"34"
1043,"Oppsal IF","Oppsal","34"
897701,"AO Chaniotis",NULL,"34"
35636,"Korsnas IF FK","Korsnas","34"
35066,"US Avranches","Avranches","34"
1067806,"Namdhari FC","Namdhari FC","33"
369302,"CD Son Cladera","Son Cladera","33"
35393,"FC Kiffen","Kiffen","33"
1280259,"UD La Mosca U19","UD La Mosca U19","33"
7096,"Smedby AIS","Smedby","33"
275839,"Real Kashmir","Real Kashmir","33"
38132,"HJK Helsinki","HJK Helsinki","33"
1015297,"Spartak Moscow","Spartak Moscow","33"
854,"Elverum","Elverum","33"
307290,"Maccabi Haifa","Maccabi Haifa","33"
1273942,"Atletico Madrid C","Atletico Madrid C","33"
58741,"Shillong Lajong FC","Shillong Lajong","33"
1281719,"Sad Racing Ciudad de Madrid","Sad Racing Ciudad de Madrid","33"
621326,"AD San Clemente","AD San Clemente","33"
7671,"Supersport United",NULL,"33"
475014,"SC Hapoel Lod",NULL,"33"
55047,"Olympique Club of Khouribga",NULL,"33"
2995,"Boavista Porto",NULL,"33"
828286,"UD Rotlet Molinar","UD Rotlet Molinar","33"
1068234,"CD Tenerife C","CD Tenerife C","33"
461933,"UD Sanse","UD Sanse","33"
353812,"SF Niederwenigern",NULL,"33"
627076,"Cp Montehermoso","Cp Montehermoso","33"
621726,"Hercules CF B","Hercules CF B","33"
1281667,"Zarautz Ke","Zarautz Ke","33"
1801,"Nykopings BIS","Nykopings","33"
195278,"Konkola Blades","Konkola Blades","33"
41099,"Grotta","Grotta","33"
627022,"CD Cabeza Del Buey","CD Cabeza Del Buey","33"
828288,"Inter Ibiza CD","Inter Ibiza CD","33"
493690,"Olimpico Totana","Olimpico Totana","33"
473493,"Prisons FC","Prisons FC","33"
35649,"Umea FF","Umea FF","33"
431249,"Lokomotiv Moscow","Lokomotiv Moscow","33"
781830,"Swedru All Blacks","Swedru All Blacks","33"
352792,"IK Uppsala Fotboll","Uppsala","33"
369378,"CD Villegas","CD Villegas","33"
35244,"MFk Vyskov",NULL,"33"
369382,"CD Pradejon","CD Pradejon","33"
203613,"Danubio FC",NULL,"33"
493696,"CD Avance Ezcabarte","Avance Ezcabarte","33"
1096647,"Bentleigh Greens SC","Bentleigh Greens SC","33"
157816,"Persiraja Banda","Persiraja Banda","33"
493716,"Casetas","Casetas","33"
218552,"Huddersfield Town","Huddersfield","33"
240776,"Adelaide United FC","Adelaide Utd.","33"
1057275,"UD Melilla","Melilla","33"
719,"Skjervoey","Skjervoey","33"
24159,"KS Stilon Gorzow Wlkp",NULL,"33"
1216999,"Atletico Santa Cruz","Atletico Santa Cruz","33"
34225,"PSMS Medan","PSMS","33"
998465,"CA Vinotinto",NULL,"33"
191636,"Maitland FC","Maitland","33"
749455,"CD Colegios Diocesanos","CD Colegios Diocesanos","33"
22263,"FOC Farsta","Farsta","33"
34319,"Sriwijaya FC","Sriwijaya FC","33"
643570,"Santiago Morning",NULL,"33"
569847,"Spring Hills FC","Spring Hills FC","33"
22276,"IF Eker Orebro","Eker Orebro","33"
366806,"CD Llanes","CD Llanes","33"
1281665,"CD Montanas Del Pas","CD Montanas Del Pas","33"
369434,"Robres CD","Robres CD","33"
1281663,"Club Juventud Cambados","Club Juventud Cambados","33"
369444,"Illueca CF","Illueca","33"
792294,"Santa Rosa FC","Santa Rosa FC","33"
1281977,"CD San Marcial","CD San Marcial","33"
233518,"Real Union de Tenerife Santa Cruz","Real Union de Tenerife","33"
195550,"Mungyeong Sangmu Wfc","Mungyeong Sangmu","33"
36891,"SKF Sered","Sered","33"
1281959,"Club Deportivo Aoiz","Club Deportivo Aoiz","33"
69320,"Al-Merrikh SC (SDN)","Al-Merrikh (SDN)","33"
783640,"FC Olimpik",NULL,"33"
700,"Kvik Halden FK","Kvik Halden","33"
881555,"Adhyaksa Farmel FC","Adhyaksa Farmel","33"
757414,"UD Maracena","UD Maracena","33"
457109,"TVD Velbert 1870",NULL,"33"
745199,"CF Can Vidalet","CF Can Vidalet","33"
5374,"Fjolnir","Fjolnir","33"
1187709,"Bursa Nilufer FK","Bursa Nilufer FK","33"
6478,"Excelsior ´31","Excelsior","33"
39479,"Jitex Molndal BK","Jitex Molndal","33"
208129,"Fram","Fram","33"
32643,"FC Maritsa Plovdiv","Maritsa Plovdiv","33"
222410,"Sevilla FC","Sevilla","33"
254835,"Dianella White Eagles SC","Dianella","33"
871,"Viking FK 2","Viking 2","33"
92036,"Armadale SC","Armadale","33"
5290,"Enskede IK","Enskede","33"
1037449,"Yeclano Deportivo B","Yeclano Deportivo B","33"
702203,"FC Porto SRL","Porto SRL","33"
368944,"Celtiga CF","Celtiga CF","33"
275119,"CD Alhaurino","CD Alhaurino","33"
305338,"Bursaspor",NULL,"33"
5177,"FC Politehnica Chisinau","Politehnica Chisinau","33"
1281983,"CD Guadalajara B","CD Guadalajara B","33"
117734,"SV Dvs 33 Ermelo","Dvs 33 Ermelo","33"
90880,"Cumberland United","Cumberland","33"
117436,"ASD Licata 1931",NULL,"33"
383540,"Brusque SC","Brusque","33"
1281949,"Churriana de la Vega CF","Churriana de la Vega CF","33"
1132293,"Af Luftetari","Af Luftetari","33"
685471,"TuS Hornau",NULL,"33"
5040,"SV Donau","Donau","33"
823316,"Ynyshir Albions","Ynyshir Albions","33"
1238261,"FC Sochi II",NULL,"33"
210386,"Herrestads AIF","Herrestads","33"
61610,"US Chantilly","Chantilly","33"
311842,"South Melbourne FC","South Melbourne","33"
1281951,"UD Melilla B","UD Melilla B","33"
668631,"Mulheimer FC 97",NULL,"33"
732843,"FC Zenit Saint Petersburg","FC Zenit Saint Petersburg","33"
120236,"Mandraikos",NULL,"33"
889081,"Sporting Cristal","Sporting Cristal","33"
247351,"Lumwana Radiants",NULL,"33"
32645,"Spartak Plovdiv","Spartak Plovdiv","33"
856,"Frigg Oslo FK","Frigg","33"
57235,"Treowen Stars","T. Stars","33"
38757,"Biesheim ASC","Biesheim","33"
188103,"Modbury Jets SC","Modbury Jets","33"
1271612,"1926 Bulancakspor","1926 Bulancakspor","33"
6482,"IJsselmeervogels","IJsselmeervogels","33"
725,"Spjelkavik IL","Spjelkavik","33"
275585,"Gryf Slupsk","Gryf Slupsk","33"
142764,"FK Gjoevik-Lyn","Gjoevik-Lyn","33"
555228,"FK Turan","Turan","33"
617582,"Po Elassonas","Po Elassonas","33"
369128,"Club Siero","Club Siero","33"
113743,"UD Telde","Telde","33"
361494,"UD Las Palmas C","UD Las Palmas C","33"
195556,"Sejong Sportstoto WFC","Sejong Sportstoto","33"
35051,"Groene Ster","Groene","33"
315143,"Club Sando","Sando","33"
327287,"Gyeongju FC","Gyeongju","33"
112689,"Eskilstuna United DFF","Eskilstuna United","33"
818,"Gneist","Gneist","33"
1828,"IK Tord","Tord","33"
6213,"TSG 1881 Sprockhovel","TSG 1881 Sprockhovel","33"
435970,"Gangjin Swans WFC","Gangjin","33"
1280293,"CD Mosquito U19","CD Mosquito U19","33"
43546,"KSK Heist","Heist","33"
746701,"Citta di Sant'Agata",NULL,"33"
342702,"Alamein FC","Alamein","33"
1281721,"Cdb Siello FC","Cdb Siello FC","33"
349638,"Boroondara Eagles","Boroondara Eagles","33"
173728,"NK Zrinski Osjecko 1664",NULL,"33"
610156,"UC Cartes","UC Cartes","33"
561580,"Concordia Wiemelhausen",NULL,"33"
518550,"CR Vasco da Gama RJ","Vasco da Gama","33"
855135,"CA Bartolome Mitre","CA Bartolome Mitre","33"
609330,"TUS Hiltrup","TUS Hiltrup","33"
749439,"CD Cardassar","CD Cardassar","33"
1669,"AS Beauvais Oise","Beauvais","33"
230570,"IK Franke","Franke","33"
2158,"SC Kalsdorf","Kalsdorf","33"
43655,"FC Slovan Rosice",NULL,"33"
34755,"SD Tenisca","Tenisca","33"
1800,"IK Sleipner","Sleipner","33"
610890,"CS Vedita Colonesti MS","Vedita Colonesti","33"
536685,"Prison Leopards","Prison Leopards","33"
85745,"Suphanburi FC",NULL,"33"
35069,"Blois Foot","Blois","33"
7759,"Fram IF","Fram","33"
616654,"Kelkit Hurriyetspor",NULL,"33"
1225871,"CD San Juan Quimistan","CD San Juan Quimistan","33"
1044713,"Anorga Kke","Anorga Kke","33"
369168,"CD Bunol","CD Bunol","33"
154824,"Malaga CF","Malaga","33"
35276,"CE Operario Varzea-Grandense MT","Varzea-Grandense MT","33"
397708,"Ferroviaria SP",NULL,"33"
135668,"Grebbestads IF","Grebbestads","33"
193068,"Osterlen FF","Osterlen","33"
543737,"Kuopion Palloseura","Kuopion Palloseura","33"
935811,"FC Bekasi City","FC Bekasi City","33"
327363,"Fk Kvik Trondheim","Kvik Trondheim","33"
466213,"SC Union Nettetal",NULL,"33"
36378,"Mazarron FC","Mazarron","33"
854421,"Deltras FC","Deltras FC","33"
342144,"Landvetter IS","Landvetter IS","33"
696875,"Glasgow Rangers SRL",NULL,"33"
277557,"Recambios Colon CF","Recambios Colon","33"
268313,"Reinmeer Aomori",NULL,"33"
1273840,"VV Scherpenzeel","VV Scherpenzeel","33"
369182,"Selaya FC","Selaya FC","33"
910277,"FC Cascavel PR","Cascavel","33"
796,"Melhus","Melhus","33"
44228,"SD Noja","Noja","33"
36403,"San Juan Jabloteh","San Juan","33"
749911,"Indeni FC",NULL,"33"
275329,"23 Elazig FK",NULL,"33"
431879,"Cooks Hill United","Cooks Hill United","33"
1281723,"Unionistas de Salamanca CF B","Unionistas de Salamanca CF B","33"
218132,"CD BARCO","CD BARCO","33"
369224,"Castilleja CF","Castilleja CF","33"
291458,"Gamla Upsala SK","Gamla Upsala SK","33"
521090,"La Canada UCD Atletico","La Canada Atletico","33"
391082,"San Felix CD U19","San Felix CD U19","33"
58949,"FK Yambol 1915","Yambol","33"
743993,"Fatih Karagumruk SK Srl","Fatih Karagumruk SK Srl","33"
168214,"SD Zamudio","Zamudio","33"
1022,"Madla","Madla","33"
862153,"Sreenidi Deccan FC","Sreenidi Deccan FC","33"
833,"Notodden FK","Notodden","33"
895413,"Guanabara City FC GO","Guanabara City","33"
1046343,"Unio Esportiva Vic","Unio Esportiva Vic","33"
294046,"Tomares UD","Tomares","33"
369268,"CD Numancia B","Numancia B","33"
336791,"CD Oberena","CD Oberena","33"
610152,"Navarro CF","Navarro CF","33"
1118887,"Atletico Lusaka",NULL,"33"
112469,"MO Bejaia","MO Bejaia","33"
1067148,"Huachipato","Huachipato","33"
195276,"Forest Rangers",NULL,"33"
35045,"Tec","Tec","33"
1785,"Vastra Frolunda IF","Vastra Frolunda","32"
49203,"Iape MA","Iape","32"
275867,"Levski Karlovo","Levski Karlovo","32"
3287,"PFC Rilski Sportist Samokov","Rilski Sportist","32"
91934,"Redlands United FC","Redlands Utd","32"
171120,"Ryazan VDV","Ryazan VDV","32"
676871,"Chacaritas FC",NULL,"32"
366628,"IFK Norrkoping FK","Norrkoping","32"
1021597,"Ssd Nikola Tesla Hamburg","Ssd Nikola Tesla Hamburg","32"
1856,"Skiljebo SK","Skiljebo","32"
62560,"Torns IF","Torns","32"
495972,"Guangxi Pingguo",NULL,"32"
37115,"Tj Sokol Zivanice",NULL,"32"
1031175,"Odra Bytom Odrzanski","Odra Bytom Odrzanski","32"
1789,"Aatvidabergs FF","Aatvidabergs","32"
102061,"Sunnersta AIF","Sunnersta","32"
795816,"Zhfk Krylya Sovetov Samara","Zhfk Krylya Sovetov Samara","32"
24781,"FC Zlinsko",NULL,"32"
365674,"Ergene Velimese Spor",NULL,"32"
4903,"Drava Ptuj","Drava Ptuj","32"
927011,"Barra FC SC","Barra","32"
43258,"FK Sloboda Mrkonjic Grad",NULL,"32"
864173,"Pastoreo FC",NULL,"32"
168082,"AL Draih","AL Draih","32"
43562,"El Entag El Harby","El Entag","32"
6965,"Rio Claro FC SP","Rio Claro","32"
591943,"Eagles FC","Eagles","32"
406451,"Sakaryaspor",NULL,"32"
102047,"Vanersborgs IF","Vanersborgs IF","32"
305366,"Eskisehirspor",NULL,"32"
305364,"Bucaspor",NULL,"32"
7736,"RFC Tournai",NULL,"32"
779822,"Nsoatreman FC",NULL,"32"
305356,"Altay",NULL,"32"
780340,"Adanaspor AS",NULL,"32"
7654,"Cape Town Spurs",NULL,"32"
346088,"Naivas","Naivas","32"
799844,"IF Elfsborg","IF Elfsborg","32"
675,"Byaasen","Byaasen","32"
613972,"Atletico Nacional SA","Atletico Nacional SA","32"
6976,"America FC RJ","America","32"
282351,"FC Rijnvogels","FC Rijnvogels","32"
1176453,"RSC Hamsik Academy Banska Bystrica",NULL,"32"
749353,"AE Realidade Jovem SP","Realidade Jovem","32"
188569,"Maleyat Kafr El Zayat","El Zayat","32"
697225,"PAOK Thessaloniki SRL","PAOK SRL","32"
309282,"Desportivo Brasil SP","Desportivo Brasil","32"
219112,"Tatran Krasno Nad Kysucou","Tatran Krasno","32"
305328,"Kocaelispor","Kocaelispor","32"
305322,"Pendikspor",NULL,"32"
644074,"FC Marica Milevo","FC Marica Milevo","32"
142218,"Zagorets Nova Zagora","Z. Nova Zagora","32"
283673,"Tampereen Ilves 2","Tampereen Ilves 2","32"
361514,"AO Rethymniakos",NULL,"32"
44021,"RFC Meux","Meux","32"
633002,"Aps Bomet FC","Aps Bomet FC","32"
729879,"FK Borac Kozarska Dubica",NULL,"32"
1174817,"Turgutluspor",NULL,"32"
552041,"Stedoco","Stedoco","32"
757,"IF Floeya","Floeya","32"
964953,"Udi 19","Udi 19","32"
407749,"EC Internacional Santa Maria RS",NULL,"32"
359022,"AO Tympakiou",NULL,"32"
1098133,"Moreton City Excelsior FC 2","Moreton City Excelsior FC 2","32"
35059,"Saint-Colomban Locmine","Locmine","32"
388944,"East Coast Bays","East Coast Bays","32"
344824,"Hyundai NTC","Hyundai NTC","32"
616674,"Alhama CF","Alhama CF","32"
32493,"FCSR Haguenau","Haguenau","32"
301812,"Blue Eagles Malawi","Blue Eagles","32"
55839,"VV Zwaluwen Vlaardingen","Zwaluwen Vlaardingen","32"
508990,"Amanat Baghdad SC","Amanat Baghdad","32"
290816,"Genclerbirligi Ankara","Genclerbirligi","32"
7475,"Skedsmo","Skedsmo","32"
812324,"Ibrachina FC SP",NULL,"32"
476764,"AC Locri 1909",NULL,"32"
293942,"Karonga United FC","Karonga United","32"
7066,"Ahlafors IF","Ahlafors","32"
464613,"Ceara SC CE","Ceara","32"
1174813,"Isparta 32 Spor",NULL,"32"
7089,"Jonsereds IF","Jonsereds","32"
943,"Askoey FK","Askoey","32"
476472,"OFK Haskovo","Haskovo","32"
413993,"Catanduva FC SP","Catanduva","32"
1029277,"FC Alsterbruder",NULL,"32"
781824,"FK Rostov","FK Rostov","32"
24081,"SV Curslack-Neuengamme 1919","Curslack-Neuengamme","32"
475738,"Hestrafors IF","Hestrafors IF","32"
1268628,"Ht 16 Hamburg","Ht 16 Hamburg","32"
695025,"Nacka FC","Nacka","32"
694931,"Real Valladolid SRL",NULL,"32"
350950,"SV Viktoria Herxheim",NULL,"32"
1157299,"FC 08 Villingen II",NULL,"32"
401789,"AO Karavas",NULL,"32"
696871,"Olympiacos Piraeus SRL","Olympiacos SRL","32"
475488,"Deportivo Alaves","Alaves","32"
852373,"Thionville US Lusitanos","Thionville US Lusitanos","32"
888261,"Khan Tengri FC","Khan Tengri FC","32"
388948,"FK Gigant Saedinenie","FK Gigant Saedinenie","32"
215676,"Bay Olympic","Bay Olympic","32"
120164,"Nikolaos",NULL,"32"
309548,"Grange Thistle","Grange Thistle","32"
716,"Harstad","Harstad","32"
586621,"Kss Kotwica Kornik",NULL,"32"
501506,"CA Osasuna","CA Osasuna","32"
79043,"Sampdoria Genoa","Sampdoria Genoa","32"
1272212,"FC Paris Srl","FC Paris Srl","32"
136224,"Newcastle Olympic FC","Newcastle","32"
321493,"EC Vitoria BA","Vitoria","32"
136216,"Adamstown Rosebud FC","Adamstown","32"
244751,"FC Union Schafhausen",NULL,"32"
90890,"West Torrens Birkalla","West Torrens","32"
245397,"Espoon Palloseura","Espoon Palloseura","32"
401927,"Iguatu CE","Iguatu","32"
697181,"Genclerbirligi SK SRL","Genclerbirligi SRL","32"
499310,"BSC Young Boys","Young Boys","32"
90874,"Campbelltown City SC","Campbelltown","32"
1027153,"FK Internacional Podgorica","FK Internacional Podgorica","32"
614004,"Orsomarso SC","Orsomarso SC","32"
399337,"Civil Service United FC","Civil Service United","32"
680303,"Matiguas FC","Matiguas FC","32"
784502,"SFC Shturmi Sartichala","SFC Shturmi Sartichala","32"
702211,"SC Braga SRL","Braga SRL","32"
249869,"Kalmar FF","Kalmar","32"
249899,"BK Hacken","Hacken","32"
249925,"AIK","AIK","32"
249931,"Djurgardens IF","Djurgardens","32"
249937,"Hammarby IF","Hammarby","32"
1052105,"Abecat Ouvidorense GO","Ouvidorense","32"
249953,"Halmstads BK","Halmstads","32"
766,"SF Grei","Grei","32"
184695,"FC 93 Bobigny BG","93 Bobigny","32"
334743,"Chitipa United","Chitipa United","32"
251169,"EC Sao Bernardo SP","Sao Bernardo","32"
1271540,"Denizli Idman Yurdu","Denizli Idman Yurdu","32"
1714,"La Roche Vendee Football","La Roche","32"
175120,"FK Atletik Kuklen","Atletik Kuklen","32"
22341,"Skara FC","Skara","32"
808962,"Colorado Caieiras FC SP","Colorado Caieiras","32"
1271528,"Galata SK","Galata SK","32"
120858,"FC Basel","Basel","32"
22316,"Nosaby IF","Nosaby","32"
810056,"Barcelona Ilheus BA",NULL,"32"
162636,"Veertien Mie",NULL,"32"
1271526,"Kestel Cilek SK","Kestel Cilek SK","32"
118514,"NK Jadran Porec","Jadran","32"
256817,"Tiva",NULL,"32"
189836,"EC Lemense SP","EC Lemense","32"
1127,"Bjoerkelangen","Bjoerkelangen","32"
1173145,"Mikrasiatikos Asteras",NULL,"32"
1099265,"Al-Gharraf SC","Al-Gharraf","32"
751231,"Celtic Glasgow Srl",NULL,"32"
452707,"Kamuzu Barracks FC","Kamuzu Barracks","32"
189840,"Barretos SP","Barretos","32"
347918,"IK Sirius","Sirius","32"
369432,"CD Carinena","CD Carinena","32"
1153961,"Guarani de Fram",NULL,"32"
223406,"Adiyaman 1954",NULL,"32"
751215,"FC Midtjylland Srl","FC Midtjylland Srl","32"
726629,"RUS Binche",NULL,"32"
930849,"Gran Pena FC","Gran Pena FC","32"
35625,"Bollstanas SK","Bollstanas","32"
1274228,"UD Leiria U23","UD Leiria U23","32"
539791,"Kungsangens IF","Kungsangens","32"
49730,"Samara Kryliya Sovetov",NULL,"32"
427853,"Helsingborgs IF","Helsingborgs","32"
1877,"Vaxjo Norra","Vaxjo Norra","32"
1873,"Piteaa IF","Pitea","32"
601966,"FK Kyustendil","FK Kyustendil","32"
174564,"Malmo FF","Malmo","32"
803,"Vindbjart FK","Vindbjart","32"
313129,"Pine Hills","Pine Hills","32"
1002025,"SV Togb","SV Togb","32"
1846,"IK Kongahalla","Kongahalla","32"
265509,"Belmont Swansea United FC","Belmont Swansea","32"
397768,"Trindade AC GO","Trindade","32"
1281661,"Atletico Coruna Montaneros CF","Atletico Coruna Montaneros CF","32"
384678,"Cacereno Femenino","Cacereno","32"
804,"Vaag IK","Vaak","32"
721,"Fana IL","Fana","32"
560588,"FC Volna Nizhny Novgorod Oblast","Volna Niz. Novgorod","32"
266837,"KVC Houtvenne","Houtvenne","32"
6245,"PFC Vihren Sandanski","Vihren Sandanski","32"
691,"Foerde","Foerde","32"
267909,"SV Steinbach 1920",NULL,"32"
41825,"EC Vitoria BA","Vitoria","32"
1261903,"Mines United","Mines United","32"
37314,"Aragvi Dusheti","Dusheti","32"
684099,"Santiago Wanderers","Santiago Wanderers","32"
342164,"IFK Karlshamn","Karlshamn","32"
548657,"Valtti","Valtti","32"
391138,"Point Fortin FC","Point Fortin","32"
1170663,"Viransehir Belediye Spor",NULL,"32"
1039259,"Excelsior Rotterdam Srl","Excelsior Rotterdam Srl","32"
1823,"Lidkopings FK","Lidkopings","32"
395756,"Catanzaro Calcio 2011 U19","Catanzaro Calcio 2011 U19","32"
1181289,"AL Ula","AL Ula","32"
70092,"KF Aegir","Aegir","32"
87166,"EC Jacuipense BA","Jacuipense","32"
609342,"Turkspor Dortmund 2000","Turkspor Dortmund","32"
667731,"SC Mecheria","Mecheria","32"
2969,"RBC Roosendaal","Roosendaal","32"
2984,"SV Huizen","Huizen","32"
2988,"VV Kloetinge","Kloetinge","32"
697153,"AS Saint Etienne SRL",NULL,"32"
792194,"Fencibles United FC","Fencibles United FC","32"
1269692,"Dos Hermanas CF 1971","Dos Hermanas CF 1971","32"
66870,"Lahden Reipas","Reipas","32"
441022,"Cdef Logrono","Cdef Logrono","32"
1281035,"Hamburger SV Srl","Hamburger SV Srl","32"
21844,"Central SC PE","Central","32"
21842,"America FC Propria SE","America Propria","32"
172194,"Urk","Urk","32"
792268,"CA Boca Juniors Tocoa","CA Boca Juniors Tocoa","32"
591317,"PFK Sochi",NULL,"32"
685,"Lillehammer FK","Lillehammer","32"
367168,"FK Zeljeznicar Banjaluka",NULL,"32"
194966,"Toolon Taisto","Toolon Taisto","32"
460079,"FC Chernigiv","Chernigiv","32"
688525,"Linero IF","Linero IF","32"
194306,"Big Bullets","Big Bullets","32"
142654,"HIFK","HIFK","32"
584559,"Okinawa SV",NULL,"32"
193664,"PPJ Helsinki","PPJ","32"
37166,"FK Ljubic Prnjavor",NULL,"32"
618772,"FC West Armenia",NULL,"32"
37160,"FK Drina He Visegrad",NULL,"32"
1042289,"Pachuca Premier",NULL,"32"
64287,"Persela Lamongan","Persela","32"
137386,"SWQ Thunder FC","SWQ Thunder","31"
58947,"Rakovski 2011","Rakovski","31"
525319,"Santutxu FC","Santutxu","31"
42364,"Denguele Sports d´Odienne",NULL,"31"
6091,"Lillestrom SK 2","Lillestrom 2","31"
7307,"Aalesund FK 2","Aalesund 2","31"
44705,"Penrhiwceiber Rangers FC","Penrhiwceiber Rangers","31"
79881,"Verspah Oita",NULL,"31"
240358,"FC Mauerwerk","Mauerwerk","31"
781826,"FK Rubin Kazan","FK Rubin Kazan","31"
1157297,"SV Fellbach 1890",NULL,"31"
4897,"Arminia Bielefeld II","Bielefeld II","31"
873,"Rosenborg BK 2","Rosenborg 2","31"
352794,"Hamburger SV III",NULL,"31"
719579,"Vineta Wolin",NULL,"31"
7345,"FK Haugesund 2","Haugesund 2","31"
861213,"AL Saqer FC","AL Saqer FC","31"
397656,"Mirassol FC SP","Mirassol","31"
4758,"Egypt","Egypt","31"
1020389,"Sekirovo","Sekirovo","31"
3058,"Denizlispor",NULL,"31"
230992,"FC Pas de La Casa","Pas de La Casa","31"
384698,"Villarreal CF","Villarreal","31"
498436,"Nevsehir Belediye Spor",NULL,"31"
1157295,"FC Zuzenhausen",NULL,"31"
168092,"AL Jeel","AL Jeel","31"
547983,"Uwa Nedlands FC","Uwa Nedlands FC","31"
32494,"Olympique Saumur FC","Saumur","31"
1126847,"Ageas Plomariou",NULL,"31"
613984,"America de Cali Sa","America de Cali Sa","31"
133606,"Maccabi Shaaraim",NULL,"31"
682549,"Bohemian FC","Bohemian FC","31"
45650,"Dimitrovgrad 1947","Dimitrovgrad","31"
624692,"Kunming City Star",NULL,"31"
313149,"Southside Eagles","Southside Eagles","31"
607490,"Kansanshi Dynamos","Kansanshi Dynamos","31"
355002,"VV Goes","VV Goes","31"
823554,"Kusadasispor",NULL,"31"
21983,"EC Novo Hamburgo RS",NULL,"31"
8061,"Honda FC",NULL,"31"
55455,"NK Marsonia","Marsonia","31"
621204,"Independiente Medellin","Independ. Medellin","31"
1223835,"Lyn 1896 FK II","Lyn 1896 FK II","31"
313167,"Samford Rangers","Samford Rangers","31"
7065,"Tromsoe 2","Tromsoe 2","31"
60968,"FK Fyllingsdalen","Fyllingsdalen","31"
35052,"VVSB Noordwijkerhout","Noordwijkerhout","31"
7459,"Ranheim 2","Ranheim 2","31"
426859,"Kingsley Westside FC","Kingsley Westside","31"
291460,"Team Tg FF","Team Tg FF","31"
73718,"Caledonia AIA","Caledonia","31"
328359,"Zhfk Yenisey Krasnoyarsk","Yenisey Krasnoyarsk","31"
7468,"Sandefjord Fotball 2","Sandefjord 2","31"
869,"Stabaek Fotball 2","Stabaek 2","31"
1154809,"MKS Polonia Lidzbark Warminski",NULL,"31"
643062,"Fomget Genclik Ve Spor","Fomget Genclik Ve Spor","31"
917187,"TSV Steinbach II",NULL,"31"
655033,"AL Anwar","AL Anwar","31"
500676,"Ipswich Town Lfc","Ipswich Town Lfc","31"
102007,"Dorogi FC","Dorogi","31"
792270,"CD Brasilia","CD Brasilia","31"
44231,"Aaland United","Aaland","31"
33766,"Dieppe FC","Dieppe","31"
877819,"SV 1898 Unter-Flockenbach",NULL,"31"
809,"Drobak-Frogn","Drobak-Frogn","31"
334251,"Wandsbeker TSV Concordia 1881",NULL,"31"
5792,"SV Arminia Hannover",NULL,"31"
373902,"FK Sevlievo","Sevlievo","31"
7483,"Sarpsborg 08 2","Sarpsborg 08 2","31"
705,"Stord FK","Stord","31"
7485,"Staal Joerpeland IL","Staal Joerpeland","31"
350322,"MTV Eintracht Celle",NULL,"31"
5247,"PFC Rodopa Smolyan","Rodopa","31"
5835,"TuS Mechtersheim",NULL,"31"
34000,"Ivinhema MS","Ivinhema","31"
55835,"Staphorst","Staphorst","31"
1009009,"Guangxi Lanhang",NULL,"31"
187263,"Mitchelton FC","Mitchelton","31"
981883,"North Lakes United","North Lakes United","31"
225942,"Buyukcekmece Tepecikspor",NULL,"31"
384670,"CE Europa","CE Europa","31"
7542,"Kongsvinger IL Toppfotball 2","Kongsvinger 2","31"
274075,"SV Morlautern",NULL,"31"
1809,"BK Forward","Forward","31"
136220,"Charlestown Azzurri FC","Charlestown Azzurri","31"
128264,"Oborishte Panagyurishte","Oborishte","31"
215498,"Podlesianka Katowice",NULL,"31"
1147937,"Royal Charleroi SC B","Royal Charleroi SC B","31"
6217,"FK Berane","Berane","31"
684123,"Audax Italiano",NULL,"31"
1021571,"Murici SC AL","Murici","31"
6913,"Angouleme Charente FC","Angouleme Charente","31"
1044109,"FC Volendam Srl","FC Volendam Srl","31"
1238061,"Kalamunda City FC","Kalamunda City FC","31"
1290263,"Puerto Rico Surf SC","Puerto Rico Surf SC","31"
1776,"IF Sylvia","Sylvia","31"
1238691,"Kdv Tomsk","Kdv Tomsk","31"
35786,"MKS Polonia Slubice",NULL,"31"
894053,"FK Dembava",NULL,"31"
53451,"PFC Neftochimic 1962 Burgas","Neftochimic Bourgas","31"
23924,"NK Zvijezda Gradacac",NULL,"31"
7917,"KS Pelikan Lowicz",NULL,"31"
38736,"KS Wisla Pulawy","Wisla Pulawy","31"
38735,"ZKS Unia Tarnow",NULL,"31"
37206,"TS Sokol Aleksandrow Lodzki",NULL,"31"
150064,"Souths United FC","Souths United","31"
37754,"FK Qaradag Lokbatan","Qaradag","31"
90872,"Adelaide Blue Eagles","Blue Eagles","31"
22383,"Huima/Urho","Huima/Urho","31"
5983,"Kubikenborgs IF","Kubikenborg","31"
5361,"FK Taraz","Taraz","31"
216958,"FC Karbach",NULL,"31"
792168,"Tauranga City AFC","Tauranga City AFC","31"
315139,"La Horquetta Rangers FC","La Horquetta","31"
189101,"CS Estudiantes San Luis",NULL,"31"
7970,"Turgutluspor",NULL,"31"
801006,"Dedza Dynamos FC","Dedza Dynamos FC","31"
35654,"KFUM 2","KFUM 2","31"
588391,"Debreceni Eac","Debreceni Eac","31"
224776,"FC Midtjylland","Midtjylland","31"
216870,"Asenovets Asenovgrad","As. Asenovgrad","31"
283697,"Esbo Bollklubb","Esbo Bollklubb","31"
1199409,"AL Mosul SC","AL Mosul SC","31"
821236,"Lokomotiv Plovdiv II","Lokomotiv Plovdiv II","31"
34810,"Stomil Olsztyn",NULL,"31"
2283,"Puistolan Urheilijat","Puiu","31"
184707,"Dinan-Lehon FC","Dinan-Lehon","31"
1267002,"FC Sportfreunde Schwaig 1913","FC Sportfreunde Schwaig 1913","31"
403427,"Eleven Wonders FC","Eleven Wonders","31"
305316,"Istanbulspor AS",NULL,"31"
35320,"Masku","Masku","31"
38620,"USV Eschen-Mauren","Eschen-Mauren","31"
921159,"FC Goal","FC Goal","31"
90886,"Para Hills Knights SC","Para Hills","31"
793012,"Quanzhou Yaxin",NULL,"31"
23541,"VfL Oldenburg",NULL,"31"
1271536,"Suvermez Kapadokyaspor","Suvermez Kapadokyaspor","31"
5117,"P-Iirot","P-Iirot","31"
527303,"Olympique Magrane",NULL,"31"
1123329,"FSV Wolfhagen",NULL,"31"
53425,"Peamount United Dublin","Peamount Utd Dublin","31"
34781,"Atletico de Vila Mea","Vila Mea","31"
1271530,"Inkilap Fsk","Inkilap Fsk","31"
215976,"Unia Turza Slaska",NULL,"31"
187261,"Taringa Rovers SFC","Taringa Rovers","31"
673001,"FC Forte Taganrog",NULL,"31"
760786,"Pretoria Callies",NULL,"31"
374912,"Tiszafured Vse","Tiszafured Vse","31"
22397,"VPS Akatemia","VPS Akatemia","31"
36683,"Botyr Ekibastuz","Ekibastuz","31"
25201,"FC Kreuzlingen","Kreuzlingen","31"
401923,"AD Jequie BA",NULL,"31"
370496,"UMF Tindastoll","Tindastoll","31"
363764,"Tiszakecskei LC","Tiszakecskei","31"
445459,"Malawi Armed Forces College FC","Malawi Armed Forces","31"
368938,"Hapoel Ashdod FC",NULL,"31"
36886,"MKP Kotwica Kolobrzeg",NULL,"31"
1280251,"CD Betono U19","CD Betono U19","31"
255333,"Chertanovo Moscow","Chertanovo Moscow","31"
255335,"ZFK Krasnodar","Krasnodar","31"
607850,"CA Artigas",NULL,"31"
327307,"Sao Goncalo EC RJ","Sao Goncalo","31"
78645,"Crossing Schaerbeek","Crossing Schaerbeek","31"
6095,"Valerenga IF 2","Valerenga 2","31"
24147,"SSV Vorsfelde",NULL,"31"
1272214,"SC Telstar Srl","SC Telstar Srl","31"
22292,"IFK Ostersund","Ostersund","31"
79045,"Empoli FC","Empoli","31"
317991,"Aasane Fotball 2","Aasane Fotball 2","31"
35039,"VV Una","Una","31"
79057,"Udinese Calcio","Udinese","31"
2267,"Pargas Idrottsforening","Pargas","31"
618284,"Chernolomets Popovo","Chernolomets Popovo","31"
872,"SK Brann 2","Brann 2","31"
1272220,"Kocaelispor Srl","Kocaelispor Srl","31"
598568,"KS Wiazownica",NULL,"31"
6092,"Odds BK 2","Odd 2","31"
613992,"Millonarios FC","Millonarios FC","31"
568349,"Deportivo Alaves","Deportivo Alaves","31"
543885,"Valour FC",NULL,"31"
272057,"BTP Stal Brzeg",NULL,"31"
110823,"FK Borec Veles",NULL,"31"
1238693,"FC Chelyabinsk 2","FC Chelyabinsk 2","31"
434266,"Fremantle City FC","Fremantle City FC","31"
658,"Stroemsgodset 2","Stroemsgodset 2","31"
343350,"Victoria Sulejowek",NULL,"31"
1157301,"Calcio Leinfelden-Echterdingen",NULL,"31"
137692,"South Adelaide FC","South Adelaide","31"
629196,"Lewart Lubartow",NULL,"31"
1120761,"Creck SC","Creck SC","31"
45661,"Sozopol","Sozopol","31"
1158591,"Deportes Recoleta","Deportes Recoleta","31"
660631,"Calcio Lecco 1912 U19","Calcio Lecco 1912 U19","31"
24757,"1922 Konyaspor",NULL,"31"
425037,"Akademia Ontustyk","Akademia Ontustyk","31"
544767,"Joondalup City","Joondalup City","31"
780342,"Ankara Keciorengucu",NULL,"31"
493016,"SE Aem","SE Aem","31"
7312,"Aalesunds FK","Aalesunds","31"
727763,"SC Sopron","SC Sopron","31"
810932,"Viking FK","Viking FK","31"
525765,"Gedania Gdansk",NULL,"31"
203623,"Miramar Misiones",NULL,"31"
7311,"Volda TI Football","Volda","31"
1127073,"Salon Palloilijat 2","Salon Palloilijat 2","31"
613988,"International FC","International","31"
54581,"AL Arabi","AL Arabi","31"
529769,"Nottingham Forest Lfc","Nottingham","31"
621878,"RSC Habay","RSC Habay","31"
1750,"Lusitanos Saint-Maur","Lusitan S-M","31"
4785,"Nigeria","Nigeria","31"
568353,"SD Eibar","Eibar","30"
995367,"Itabirito FC MG",NULL,"30"
23531,"FC Vaajakoski","Vaajakoski","30"
1280291,"CF Jove Espanol San Vicente U19","CF Jove Espanol San Vicente U19","30"
1280289,"Efb Pinatar U19","Efb Pinatar U19","30"
756323,"CF Burgos","Burgos","30"
757254,"CE Sabadell FC","Sabadell","30"
757534,"CD Mensajero","CD Mensajero","30"
757872,"Bisha FC","Bisha FC","30"
5360,"Shakhtar Karagandy","Shakhtar Karagandy","30"
1273680,"Um Damansara United","Um Damansara United","30"
995357,"FC Dinamo Moscow","FC Dinamo Moscow","30"
439736,"Real Zaragoza","Real Zaragoza","30"
342634,"ASO Chlef",NULL,"30"
346142,"Mwatate United","Mwatate United","30"
385154,"CD Sobradillo","CD Sobradillo","30"
346094,"Vihiga United","Vihiga United","30"
735539,"FC Coburg","FC Coburg","30"
1282193,"Jubbah Club","Jubbah Club","30"
1282195,"AL Qala","AL Qala","30"
6914,"Aviron Bayonnais FC","Bayonnais","30"
92028,"Inglewood United","Inglewood Utd","30"
384424,"Oesterbro IF","Oesterbro IF","30"
761200,"CD Castellon SAD","Castellon","30"
762556,"CF Talavera","Talavera","30"
763168,"FC Prizreni","Prizreni","30"
383368,"FK Botev Novi Pazar","FK Botev Novi Pazar","30"
1175803,"FC Ararati Araks","FC Ararati Araks","30"
1175515,"Leruma United",NULL,"30"
399541,"Gimnastic de Tarragona","Gimnastic de Tarragona","30"
764734,"Las Rozas CF","Las Rozas CF","30"
941763,"CD Oberena","Oberena ","30"
1280257,"Sant Cugat FC U19","Sant Cugat FC U19","30"
1280253,"CD Villegas U19","CD Villegas U19","30"
333015,"CA Osasuna","Osasuna","30"
220296,"AL Nojoom FC","AL Nojoom","30"
90876,"Adelaide Cobras","Cobras","30"
767584,"UD La Cluz Villanovense","La Cluz Villanovense","30"
767846,"Bandeirante EC SP","Bandeirante","30"
768156,"Apona Anayias","Apona Anayias","30"
399807,"AL Sharq (Sa)","AL Sharq (Sa)","30"
1032601,"FC Cosmos Koblenz","FC Cosmos Koblenz","30"
599008,"FC Tuba Pohlheim","FC Tuba Pohlheim","30"
545515,"Uniao Suzano AC SP","Uniao Suzano","30"
222406,"CF Valencia","Valencia","30"
993177,"Shamrock Rovers FC","Shamrock Rovers FC","30"
445827,"Antiguoko Ke","Antiguoko Ke","30"
607796,"Patacona CF","Patacona","30"
1272470,"FC Emmelshausen-Karbach","FC Emmelshausen-Karbach","30"
2024,"Brasiliense FC DF","Brasiliense","30"
378080,"SD Compostela","Compostela","30"
939241,"Gd Isaac",NULL,"30"
88738,"Capivariano FC SP",NULL,"30"
2090,"SC/ESV Parndorf 1919","Parndorf","30"
6641,"Royal Cappellen FC",NULL,"30"
445833,"RC Deportivo De La Coruna","Deportivo De La Coruna","30"
445835,"Racing de Santander","Racing de Santander","30"
445837,"Rayo Vallecano","Rayo Vallecano","30"
375444,"FC Sturm Hauzenberg","Sturm Hauzenberg","30"
427517,"AD Union Adarve","AD Union Adarve","30"
374936,"Gimnastic Manresa CF","Gimnastic Manresa","30"
775314,"Skaf Khemis Miliana",NULL,"30"
937235,"ADS Hortaleza","Hortaleza","30"
445839,"RCD Mallorca","Mallorca","30"
974661,"AL Qous Club","AL Qous Club","30"
449497,"TUS Geretsried","TUS Geretsried","30"
167420,"Maruyasu Okazaki",NULL,"30"
452105,"Maritimo Madeira","Maritimo Madeira","30"
1175191,"PFC CSKA Sofia III","PFC CSKA Sofia III","30"
992625,"BK Hacken Academy","Hacken Academy","30"
678713,"Csc 03 Kassel","Csc 03 Kassel","30"
529777,"AL Sadd","AL Sadd","30"
1223765,"Lerumo Lions FC","Lerumo Lions","30"
372686,"FK Germaneya Sapareva Banya","FK Germaneya Sapareva Banya","30"
974689,"Jerash FC","Jerash FC","30"
427515,"CD Leganes","Leganes","30"
1275818,"UD Villa Santa Brigida U19","UD Villa Santa Brigida U19","30"
780360,"CD Gimnastico Tegucigalpa","CD Gimnastico Tegucigalpa","30"
401759,"CF Acodetti","Acodetti","30"
889079,"Carlos A Mannucci","Carlos A Mannucci","30"
1225853,"Juventus FC Roatan","Juventus FC Roatan","30"
1243273,"Songwe Border United FC",NULL,"30"
371364,"AC Paradou",NULL,"30"
1217811,"Aurrera de Vitoria","Aurrera de Vitoria","30"
38122,"Minebea Mitsumi FC",NULL,"30"
1225875,"CD Real Tegus","CD Real Tegus","30"
38149,"Yokogawa Musashino FC",NULL,"30"
341740,"KVV Zelzate","KVV Zelzate","30"
240850,"Soltilo Bright Stars FC",NULL,"30"
1225887,"CD San Rafael","CD San Rafael","30"
240856,"Gutierrez SC",NULL,"30"
5049,"Karlsruher SC II","Karlsruhe II","30"
1225889,"Meluca FC","Meluca FC","30"
889625,"VJS/Akatemia","VJS/Akatemia","30"
495480,"AL Washm FC","AL Washm","30"
49366,"TiPS Vantaa","TiPS","30"
474814,"Wakiso Giants FC",NULL,"30"
851161,"Tuwaiq FC","Tuwaiq","30"
310718,"FV Dudenhofen","FV Dudenhofen","30"
337829,"Rapide Oued Zem",NULL,"30"
547131,"Al Hashemehya","Al Hashemehya","30"
340544,"NK Varteks","Varteks","30"
78139,"Uniao de Leiria","Uniao de Leiria","30"
473929,"ES Mostaganem",NULL,"30"
245399,"Toukolan Teras","Toukolan Teras","30"
473619,"CD Longuera Toscal","Longuera Toscal","30"
1248109,"Atletico Barranco Hondo","Atletico Barranco Hondo","30"
22387,"Jakobstads Bollklubb","Jakobstads BK","30"
22376,"FC Kontu","Kontu","30"
2281,"LPS Laajasalon","LPS","30"
77891,"CD Alba Fundacion","Alba Fundacion","30"
1280249,"SD Solares Medio Cudeyo U19","SD Solares Medio Cudeyo U19","30"
38762,"GFA Rumilly-Vallieres","Vallieres","30"
249401,"Speranza Osaka",NULL,"30"
1037387,"Tura Bremen",NULL,"30"
249405,"Okayama Yunogo Belle","Yunogo Belle","30"
623948,"UCAM Murcia","UCAM Murcia","30"
36577,"FC Denzlingen","Denzlingen","30"
925589,"Slavia Sofia II","Slavia Sofia II","30"
250577,"FK Fyllingsdalen","Fyllingsdalen","30"
250579,"Molde FK","Molde","30"
250585,"Tromsoe IL","Tromsoe IL","30"
2286,"Vg-62","VG 62","30"
728523,"Widzew Lodz II","Widzew Lodz II","30"
784534,"US Khenchela",NULL,"30"
77545,"Szombathelyi Mav Haladas VSE","Szombathelyi","30"
623648,"Hercules CF","Hercules","30"
120850,"Real Sociedad","Sociedad","30"
1238227,"FK Tauras B",NULL,"30"
254841,"UWA Nedlands FC","UWA Nedlands","30"
452511,"SC Grosschwarzenlohe","SC Grosschwarzenlohe","30"
953177,"RS Gimnastica de Torrelavega","Gimnastica de Torrelavega","30"
2338,"FK Khimki",NULL,"30"
1133385,"AE Malesinas",NULL,"30"
407337,"Kibera Black Stars","Black Stars","30"
608446,"DJK Adler Union Frintrop","DJK Adler Union Frintrop","30"
728103,"SV 1908 Gruen-Weiss Ahrenfelde",NULL,"30"
452845,"FC Thy - Thistedq","FC Thy - Thistedq","30"
163210,"Briobecca Urayasu",NULL,"30"
609336,"BW Dingden","BW Dingden","30"
829640,"FC Saksan",NULL,"30"
525673,"Afief","Afief","30"
525671,"Arar","Arar","30"
525633,"AL Sahel SC","AL Sahel","30"
75755,"FC Hurth",NULL,"30"
525283,"CD San Francisco","San Francisco","30"
473601,"Arucas CF","Arucas CF","30"
858547,"Criacao Shinjuku",NULL,"30"
75183,"AL Shoulla FC","AL Shoulla","30"
313097,"Santa Rita",NULL,"30"
1243275,"Ekhaya FC","Ekhaya FC","30"
1045441,"Racing Club Zaragoza","Racing Club Zaragoza","30"
857289,"AL Rayan","AL Rayan","30"
836398,"UD Montecarlo","Montecarlo","30"
2575,"Krefelder FC Uerdingen 05","Uerdingen","30"
682551,"Treaty United","Treaty United","30"
936525,"CD Constancia","Constancia","30"
788164,"Changchun Yatai Srl",NULL,"30"
41812,"JPS","JPS","30"
1170669,"Nilufer Belediye FK",NULL,"30"
72080,"Parma Calcio 1913",NULL,"30"
72072,"Brescia Calcio",NULL,"30"
21893,"CRA Catalano GO","Catalano","30"
47508,"Stade Poitevin FC","Poitevin","30"
610040,"CD Badajoz","Badajoz","30"
1208015,"KF Tefik Canga","KF Tefik Canga","30"
425591,"Real Oviedo","Real Oviedo","30"
998733,"FC Melgar","FC Melgar","30"
2916,"Koninklijk Diegem-Sport","Diegem","30"
1181291,"AL Gottah","AL Gottah","30"
368994,"CD Tenerife","Tenerife","30"
988697,"Mofa","Mofa","30"
686141,"Asa Aarhus","Asa Aarhus","30"
457149,"FC Baltika Kaliningrad",NULL,"30"
315365,"Nzoia Sugar FC","Nzoia Sugar","30"
612244,"VfL Juchen Garzweiler","VfL Juchen Garzweiler","30"
552043,"Migori Youth FC","Migori Youth FC","30"
368680,"AL Kawkab","AL Kawkab","30"
368550,"CD Marino","CD Marino","30"
273507,"CD Social Sol","Social Sol","30"
1079758,"FC Lausanne Sports","Lausanne Sports","30"
367962,"CF Juventud Laguna","Juventud Laguna","30"
792288,"Olimpia Occidental","Olimpia Occidental","30"
321789,"US Biskra",NULL,"30"
619666,"Apollon Eupaliou",NULL,"30"
792948,"Brunswick Juventus FC","Brunswick Juventus","30"
658093,"FC Phoenix 1976","FC Phoenix 1976","30"
1269586,"Turkischer SV Singen","Turkischer SV Singen","30"
658069,"AL Lewaa Club","AL Lewaa Club","30"
1269584,"Turkspor Neckarsulm","Turkspor Neckarsulm","30"
8071,"FC Bansko","Bansko","30"
1286559,"Guelson FC","Guelson FC","30"
515654,"Albacete Balompie","Albacete Balompie","30"
276307,"Spal",NULL,"30"
697911,"Muzinga FC","Muzinga FC","30"
170874,"Frosinone Calcio",NULL,"30"
550739,"CD Lugo","Lugo","30"
511996,"UE Cornella","Cornella","30"
847686,"MC El Bayadh",NULL,"30"
600490,"Atus Velden","Atus Velden","30"
342676,"MC Alger",NULL,"30"
846836,"IRB Ouargla",NULL,"30"
61612,"FC Chambly Oise","Chambly","30"
825974,"Venezia FC Srl",NULL,"30"
746571,"Tarpa SC","Tarpa SC","30"
825970,"Empoli FC Srl",NULL,"30"
1127013,"Pannafpliakos Iraklis",NULL,"30"
342672,"MC Oran",NULL,"30"
555272,"CD Roces","Roces","30"
342658,"USM Alger",NULL,"30"
342648,"CS Constantine",NULL,"30"
658001,"Tiamo Hirakata",NULL,"30"
342646,"JS Saoura",NULL,"30"
553878,"Mbale Heroes FC",NULL,"30"
511718,"Alboraya UD","Alboraya","30"
5021,"KSV Roeselare","Roeselare","30"
416493,"Amman FC","Amman","30"
618308,"AD Huracan","AD Huracan","30"
842766,"AD San Juan","San Juan","30"
7582,"FK Ibar Rozaje",NULL,"30"
617966,"Jdr Stars",NULL,"30"
812380,"Septemvri Sofia II","Septemvri Sofia II","30"
283537,"HaPK Edustus","HaPK Edustus","30"
552025,"Pontevedra CF","Pontevedra","30"
417743,"TSV Gau-Odernheim","Gau-Odernheim","30"
842208,"Al Taraji","Al Taraji","30"
1288783,"Kabati Youth FC","Kabati Youth FC","30"
652408,"SD Huesca","Huesca","30"
1290261,"Caguas Sporting FC","Caguas Sporting FC","30"
56479,"Atletico Suzuka Club",NULL,"30"
4727,"United Arab Emirates",NULL,"30"
4729,"Tunisia","Tunisia","30"
154812,"UD Las Palmas","Las Palmas","30"
552027,"ED Val Minor Nigran","Val Minor Nigran","30"
1279983,"Pitbulls Santa Barbara FC","Pitbulls Santa Barbara FC","30"
285849,"Juventus FC Managua","Juventus Managua","30"
154816,"Danok Bat","Danok Bat","30"
154820,"RC Celta de Vigo","Celta Vigo","30"
56025,"Najran SC","Najran","30"
406245,"Security Systems FC",NULL,"30"
1114773,"Sheger Ketema","Sheger Ketema","30"
647046,"AL Entesar","AL Entesar","30"
154822,"Getafe CF","Getafe","30"
647482,"AL Rawdhah","AL Rawdhah","30"
34740,"Colmar","Colmar","30"
154828,"Levante UD","Levante","30"
44205,"Godolloi SK","Godolloi","30"
155454,"FSV Stadeln","Stadeln","30"
342644,"JS Kabylie",NULL,"30"
615516,"CF Trival Valderas Alcorcon","T. Valderas Alcorcon","30"
1183717,"Carmona FC",NULL,"30"
475902,"Racing Club de Ferrol","Racing Club de Ferrol","30"
1029163,"Yound Reds Antwerpen",NULL,"30"
1278177,"Pas Pyrgos","Pas Pyrgos","30"
802528,"PEC Zwolle","Zwolle","30"
506008,"CD Espanyol Barcelona","Espanyol Barcelona","30"
1290267,"Academia Quintana","Academia Quintana","30"
1290271,"San Juan FC","San Juan FC","30"
723437,"FC Dziugas B",NULL,"30"
1063380,"Olympique Akbou",NULL,"30"
406249,"Uf Santos",NULL,"30"
654335,"Fortaleza EC CE",NULL,"30"
342642,"ES Setif",NULL,"30"
298274,"Real Valladolid CF","Real Valladolid CF","30"
597034,"SK 1923 Gabcikovo","SK 1923 Gabcikovo","30"
475470,"NC Magra",NULL,"30"
4771,"Jordan","Jordan","30"
342638,"CR Belouizdad",NULL,"30"
614338,"Rayo Ciudad Alcobendas Juvenil","Rayo Ciudad Alcobendas Juvenil","30"
300434,"MCB Oued Sly",NULL,"30"
323485,"Vila Operaria CE Mariano SP","VOCEM","30"
905625,"Meizhou Hakka FC Srl",NULL,"30"
45155,"AC Malveira","Malveira","30"
923681,"PFC Levski Sofia II","PFC Levski Sofia II","30"
1267004,"SV 1960 Hummetroth","SV 1960 Hummetroth","30"
305358,"Altinordu FK",NULL,"30"
45658,"FC Pirin Razlog","Pirin Razlog","30"
855663,"Odds BK","Odds","30"
45660,"Slivnishki Geroi","Geroi","30"
1178377,"Chadibe FC",NULL,"30"
431219,"Real Sporting de Gijon","Real Sporting de Gijon","30"
25610,"Mosonmagyarovari TE","Mosonmagyarovari","30"
397012,"Moyale Barracks","Moyale Barracks","30"
1105373,"Santa Clara SAD","Santa Clara","30"
114821,"Oviedo Moderno","Oviedo","30"
561686,"Club Bansander","Bansander","30"
1154719,"FC Midtjylland","FC Midtjylland","30"
697929,"Moso Sugar Company",NULL,"30"
396580,"Real Murcia","Real Murcia","30"
195214,"Nurmijarven Jalkapalloseura","Jalkapalloseura","30"
1274594,"Sensunte Cabanas FC","Sensunte Cabanas FC","30"
37269,"Erdi VSE","Erdi","30"
45938,"US Granville","Granville","30"
168074,"Hetten FC","Hetten","30"
37050,"Atletico Coruna Montaneros CF","Atletico Coruna Montaneros","30"
540015,"Holzheimer SG","Holzheimer SG","30"
697933,"Garage Express","Garage Express","30"
1274590,"Adet Aruba","Adet Aruba","30"
1274588,"CD Talleres Jr","CD Talleres Jr","30"
199320,"Western United FC",NULL,"30"
1146929,"Asuka FC",NULL,"30"
627204,"CD Diocesano","CD Diocesano","30"
627170,"SD Leioa","Leioa","30"
34776,"AC Taverne","Taverne","30"
392506,"FC Slavia HK",NULL,"30"
962563,"Academie Deira FC",NULL,"30"
962565,"Llb Amasipiri FC",NULL,"30"
36939,"FK Septemvri Simitli","Septemvri","30"
434008,"CD Provincial Ovalle FC","CD Provincial Ovalle FC","30"
1160,"Molde FK 2","Molde 2","30"
538561,"FV Bonn-Endenich 1908",NULL,"30"
1280297,"CD Unionistas Salamanca CF U19","CD Unionistas Salamanca CF U19","30"
964867,"Arosa SC","Arosa","30"
109759,"Hertha Wiesbach","Wiesbach","30"
26235,"Goytre United","Goytre Utd","30"
26242,"Zvezda-2005 Perm","Zvezda","30"
390326,"CF Damm","Damm","30"
390324,"Elche CF U19","Elche CF U19","30"
24048,"SC Vahr-Blockdiek",NULL,"30"
1281855,"Atlas Aglantzias","Atlas Aglantzias","30"
26249,"FC Balkan Botevgrad","Balkan","30"
667737,"US Souf",NULL,"30"
853023,"Nairea","Nairea","30"
26250,"PFC Pirin Gotse Delchev","Pirin Gotse","30"
49733,"FC Akhmat Grozny",NULL,"30"
214652,"FK Botev 1937 Ihtiman","FK Botev 1937","30"
1281857,"Aen Ayiou Georgiou Vrysoullon-Acheritou","Aen Ayiou Georgiou Vrysoullon-Acheritou","30"
700497,"GNK Dinamo Zagreb SRL","Dinamo Zagreb SRL","30"
326753,"AE Lefkimmi FC","AE Lefkimmi FC","29"
1668,"Wasquehal Football","Wasquehal","29"
364796,"KAC 1909","KAC 1909","29"
43552,"OFK Dorostol 2003 Silistra","Dorostol","29"
305390,"Giresunspor",NULL,"29"
327285,"Sokol Kolbuszowa Dolna","Sokol Kolbuszowa Dolna","29"
496130,"CD Celoricense","CD Celoricense","29"
43257,"OFK Gradina Srebrenik","Gradina Srebrenik","29"
1177425,"Asociatia Clubul Sportiv Sport Team","Asociatia Clubul Sportiv Sport Team","29"
725233,"Majosi SE","Majosi SE","29"
981389,"Darajani Gogo FC","Darajani Gogo FC","29"
702173,"SK Sturm Graz SRL",NULL,"29"
794866,"Acsm Codlea","Acsm Codlea","29"
37103,"Taffs Well","Taffs Well","29"
316971,"AD Municipal Turrialba FC","Municipal Turrialba","29"
276755,"Wej Taif SC","Wej Taif","29"
1744,"AS Saint Priest","Saint Priest","29"
512064,"Golden Arrows","Golden Arrows","29"
513672,"AS Muhanga","AS Muhanga","29"
38081,"Belgium","Belgium","29"
629372,"Stellenbosch FC","Stellenbosch","29"
43192,"FC Sparta Brno","Sparta Brno","29"
1286331,"Orbit College","Orbit College","29"
2142,"SAK Celovec/Klagenfurt","Celovec/Klagenfurt","29"
1677,"US Creteil-Lusitanos","Creteil-Lusitanos","29"
42838,"US Sandweiler",NULL,"29"
25614,"Putnok VSE","Putnok","29"
840486,"Falcon SE",NULL,"29"
275267,"Komarom Vse","Komarom Vse","29"
1031467,"Martfui Lse","Martfui Lse","29"
275255,"Monori SE","Monori","29"
377500,"Gd Resende","Gd Resende","29"
611366,"Zabkovia Zabki","Zabkovia Zabki","29"
32780,"Foz do Iguacu PR",NULL,"29"
424617,"Vipers FC","Vipers","29"
583755,"LZS Starowice","Starowice","29"
632212,"Juventude Desportiva Lajense","Juventude Desportiva Lajense","29"
716219,"Italy","Italy SRL","29"
689479,"Mzuzu City Hammers",NULL,"29"
834576,"Sekhukhune United","Sekhukhune United","29"
1909,"Haukar Hafnarfjordur","Haukar","29"
835,"IL Flint","IL Flint","29"
1879,"Mallbackens IF","Mallbackens","29"
6100,"SC Toulon","Toulon","29"
366900,"UD Logrones Promesas","Logrones Promesas","29"
1691,"Bourges FC","Bourges","29"
574741,"Neo Pipil San Juan Nonualco","Neo Pipil San Juan Nonualco","29"
619394,"FK Sloga Vinica 1934","FK Sloga Vinica 1934","29"
1051019,"CD Concon National FC","CD Concon National FC","29"
194962,"MPS/Atletico Malmi","Malmi","29"
687379,"Nelson Suburbs FC","Nelson Suburbs FC","29"
33775,"FC Atletico CE","Atletico CE","29"
1036305,"KS Ck Troszyn","KS Ck Troszyn","29"
25780,"Operario","Operario","29"
773332,"Perolas Negras RJ","Perolas Negras RJ","29"
445829,"CD Roda","Roda","29"
733531,"Cso Petrolul Potcoava","Cso Petrolul Potcoava","29"
826674,"Sampdoria Genoa",NULL,"29"
834572,"Marumo Gallants","Marumo Gallants","29"
5864,"Ludwigsfelder FC",NULL,"29"
619728,"Mamelodi Sundowns","Mamelodi Sundowns","29"
25530,"Ethnikos Ashias FC","Ethnikos","29"
947141,"Richards Bay FC","Richards Bay","29"
1298343,"Gucha Stars FC","Gucha Stars FC","29"
792240,"Dunedin City Royals FC","Dunedin City Royals","29"
1272526,"Olympic Varna","Olympic Varna","29"
962127,"NR Beni Oulbene","NR Beni Oulbene","29"
667721,"Crb Adrar","Crb Adrar","29"
458145,"Mlks Znicz Biala Piska","Mlks Znicz Biala Piska","29"
457299,"MKS Viktoria Wrzesnia","MKS Viktoria Wrzesnia","29"
1136391,"FC Vardarski",NULL,"29"
923387,"Limon Black Star","Limon Black Star","29"
380054,"Gicumbi FC","Gicumbi FC","29"
537601,"Wiked Luzino","Wiked Luzino","29"
1881,"Sunnanaa SK","Sunnanaa","29"
1168487,"Doxa Palaiometochou",NULL,"29"
25474,"NK Jesenice","Jesenice","29"
1168495,"Geroskipou FC",NULL,"29"
1168497,"Apop Polis",NULL,"29"
555206,"CD Trasandino de Los Andes","CD Trasandino de Los Andes","29"
894085,"Aen Selefkeias","Aen Selefkeias","29"
41827,"Etela-Espoon Pallo","Etela-Espoon","29"
993047,"IK Start","IK Start","29"
1170839,"San Carlos FC",NULL,"29"
612782,"KS Polonia Nysa","KS Polonia Nysa","29"
73364,"CM Crucero del Norte",NULL,"29"
431887,"Murdoch University Melville FC","Murdoch U. Melville","29"
37403,"CSM Avantul Reghin","Avantul R","29"
393382,"FK Septemvri Tervel","Septemvri Tervel","29"
5123,"Kaposvari Rakoczi FC","Kaposvari","29"
501296,"Lys Sassandra",NULL,"29"
1058395,"Mudhar","Mudhar","29"
200267,"JS Hercules","Hercules","29"
937019,"CD Vasconia","Vasconia","29"
125958,"AS Furiani Agliani","Furiani Agliani","29"
25399,"Veszprem FC","Veszprem","29"
1928,"BFC Siofok","Siofok","29"
25391,"Dunaharaszti MTK","Dunaharaszti","29"
671105,"Slowianin Woliborz","Slowianin Woliborz","29"
1838,"Hogaborgs BK","Hogaborg","29"
827704,"FC Spartak 1918 Varna II","FC Spartak 1918 Varna II","29"
266079,"FC Gundelfingen","Gundelfingen","29"
215818,"Cracovia Krakow II","Krakow II","29"
265521,"Mighty Tigers FC",NULL,"29"
105949,"Shelbourne LFC","Shelbourne","29"
369284,"Ulverstone SC","Ulverstone","29"
2444,"FC Concordia Basel","Concordia","29"
700501,"KRC Genk SRL","Genk SRL","29"
91564,"Belconnen United","Belconnen","29"
821348,"Zks Kluczevia Stargard","Zks Kluczevia Stargard","29"
1002177,"Santiago City FC","Santiago City FC","29"
700509,"FK Crvena Zvezda Belgrade SRL","Crvena Zvezda SRL","29"
621822,"Probiy Gorodenka","Probiy Gorodenka","29"
399513,"Campbelltown City SC","Campbelltown City SC","29"
213786,"FC Hatvan","Hatvan","29"
1019887,"FK Gornji Rahic",NULL,"29"
830562,"CD La Oliva","La Oliva","29"
452989,"Brujas de Salamanca","Brujas de Salamanca","29"
1245866,"Proodos Rogon 1966","Proodos Rogon 1966","29"
22273,"Huddinge IF",NULL,"29"
764522,"Soy United FC","Soy United FC","29"
167132,"Ittihad AL Ramtha","Ittihad AL Ramtha","29"
434016,"General Velasquez","General Velasquez","29"
609932,"KS Wasilkow","KS Wasilkow","29"
91572,"Tigers FC","Tigers","29"
5125,"Pecsi MFC","Pecsi","29"
163604,"The Cove FC","The Cove","29"
759482,"Cef Puertos de Las Palmas U19","Cef Puertos de Las Palmas U19","29"
1239299,"BG Green Farmers FC","BG Green Farmers FC","29"
1180849,"Magesi FC","Magesi","29"
5380,"Avenir Beggen",NULL,"29"
38731,"FKS Stal Krasnik","Stal Krasnik","29"
336163,"Uniao EC MT","Uniao","29"
473615,"CF Union Viera","Union Viera","29"
38725,"KS Naprzod Jedrzejow","Naprzod Jedrzejow","29"
764074,"Kaizer Chiefs","Kaizer Chiefs","29"
764068,"AmaZulu","AmaZulu","29"
1173905,"FC Aksakovo","FC Aksakovo","29"
2275,"PEPO Lappeenranta","PEPO","29"
783162,"FC Peyia 2014",NULL,"29"
889657,"Haugesund","Haugesund","29"
371190,"CS Gloria Lunca-Teuz Cermei","Lunca Teuz Cermei","29"
736997,"Malmo FF Srl","Malmo FF Srl","29"
371230,"Subiaco AFC","Subiaco","29"
178312,"GD Vitoria Sernache","Vitoria Sernache","29"
1180093,"Murcia Promises CF","Murcia Promises CF","29"
761580,"TS Galaxy FC","TS Galaxy","29"
32870,"Andrezieux-Boutheon FC","Andrezieux-Boutheon","29"
547129,"Sama","Sama","29"
238154,"CR Beni Thour","Beni Thour","29"
352032,"Aktobe Reserve","Aktobe Reserve","29"
1268316,"Gzs Tluchovia Tluchowo","Gzs Tluchovia Tluchowo","29"
54589,"Al Yarmouk","Al Yarmouk","29"
54591,"Kufrsoum SC","Kufrsoum","29"
1069854,"Asfc Pausesti Otasau","Asfc Pausesti Otasau","29"
401775,"BKS Sparta Katowice","BKS Sparta Katowice","29"
802932,"Metropolitan FA San Juan","Metropolitan S. Juan","29"
1268448,"KS Lipno Steszew","KS Lipno Steszew","29"
35064,"Epinal","Epinal","29"
323461,"Jabaquara AC SP","Jabaquara","29"
1290277,"Guayama FC","Guayama FC","29"
996459,"Vtm FC",NULL,"29"
1290275,"FC Mayaguez","FC Mayaguez","29"
1225861,"Tela FC","Tela FC","29"
1290273,"Ds Edusoccer","Ds Edusoccer","29"
1290269,"Taurinos Cayey","Taurinos Cayey","29"
49530,"HPS","HPS","29"
391686,"CS Sporting Rosiori 2008","CS Sporting Rosiori 2008","29"
751723,"Desportivo Moncao","Desportivo Moncao","29"
1268526,"Sparta Kazimierza Wielka","Sparta Kazimierza Wielka","29"
353848,"CSM Avantul Periam","Avantul Periam","29"
7415,"England","England","29"
237968,"Figueirense FC SC","Figueirense","29"
1290265,"Ponce FC","Ponce FC","29"
155476,"GNK Dinamo Zagreb","Dinamo Zagreb","29"
7423,"Sweden","Sweden","29"
476702,"RC Pays De Grasse","Pays De Grasse","29"
294114,"Bicskei Tc","Bicskei Tc","29"
554436,"Kisumu All Stars FC","Kisumu All Stars FC","29"
326777,"AE Anagennisi Schimatariou","AE Anagennisi Schimatariou","29"
37371,"Spain","Spain","29"
1158975,"Fuzesabony SC","Fuzesabony SC","29"
44206,"Hodmezovasarhelyi FC","Hodmezovasarhelyi","29"
1019617,"Csc Peciu Nou","Csc Peciu Nou","29"
4736,"South Africa","South Africa","29"
1186891,"CD Union Sur Yaiza U19","CD Union Sur Yaiza U19","29"
358954,"MSK Senec","Senec","29"
34746,"Saint-Pryve Saint-Hilaire FC","St. Pryve-St.Hilaire","29"
4734,"Sudan",NULL,"29"
1114765,"Negelle Arsi","Negelle Arsi","29"
546743,"Chippa United FC","Chippa United","29"
1065478,"Hohoe United FC","Hohoe United FC","29"
928135,"PFC Cherno More Varna II","PFC Cherno More Varna II","29"
44142,"Eger SE","Eger","29"
1223767,"The Bees FC","The Bees FC","29"
509994,"Siwelele FC","Siwelele","29"
509996,"Orlando Pirates","Orlando Pirates","29"
2243,"Myllykosken Pallo -47","Myllykosken P. -47","29"
35283,"Araguaina TO","Araguaina","29"
34757,"Zug 94","Zug 94","29"
283685,"LTU","LTU","29"
510000,"Polokwane City","Polokwane","29"
467197,"SV Tillmitsch","SV Tillmitsch","29"
57455,"Dhofar SCSC","Dhofar","29"
1183231,"Csm Sacele","Csm Sacele","29"
372888,"SK Beskyd Frenstat p.R.",NULL,"29"
7580,"FK Teteks 1953","Teteks 1953","29"
1294,"Boldklubben 1909","B1909","29"
53385,"PK-35 Vantaa","Vantaa","29"
152570,"Kari","Kari","29"
592337,"Rmsk Cidlina",NULL,"29"
573181,"Real San Joaquin","Real San Joaquin","29"
511870,"Durban City","Durban City","29"
812382,"OFK Kostinbrod","OFK Kostinbrod","29"
135958,"Launceston City FC","Launceston","28"
697229,"Panathinaikos Athens SRL",NULL,"28"
697165,"Sivasspor SRL",NULL,"28"
714257,"FC Viktoria Plzen SRL","Viktoria Plzen SRL","28"
697131,"Stade Reims SRL","Stade Reims SRL","28"
1264179,"ACS Unirea Dmo","ACS Unirea Dmo","28"
46352,"The Belval Belvaux","Belval Belvaux","28"
46044,"EFC Frejus Saint-Raphael","Frejus Saint-Raphael","28"
45151,"SC Mirandela","SC Mirandela","28"
1268340,"MKS Stal Jasien","MKS Stal Jasien","28"
1269016,"Dombovari FC","Dombovari FC","28"
44169,"SFC Opava",NULL,"28"
57849,"Moura AC",NULL,"28"
43873,"FK Prespa Resen","Prespa R","28"
725013,"FK IMT","IMT","28"
1232571,"Sporting Jacksonville","Sporting Jacksonville","28"
1269648,"Siwelele FC","Siwelele FC","28"
42600,"MTV Wolfenbuttel","MTV Wolfenbuttel","28"
69728,"Bollstanas SK","Bollstanas","28"
42205,"WA Tlemcen","Tlemcen","28"
74497,"Viljandi JK Tulevik","Viljandi Tulevik","28"
680307,"CD Rio Blanco","CD Rio Blanco","28"
39404,"FC Chauray","Chauray","28"
78121,"Pacos Ferreira","Pacos","28"
38663,"Uniao Serra","Serra","28"
1272144,"Sardarapat FC","Sardarapat FC","28"
680301,"CD Junior de Managua","CD Junior de Managua","28"
38392,"Clube Oriental de Lisboa","Clube de Lisboa","28"
1272466,"Kaltenkirchener Turnerschaft","Kaltenkirchener Turnerschaft","28"
1272468,"1 FC Phonix Lubeck II","1 FC Phonix Lubeck II","28"
81829,"Electrico FC","Electrico","28"
1225855,"CD Sampdoria","CD Sampdoria","28"
731239,"Komeetat","Komeetat","28"
85311,"FC Limonest Dardilly Saint-Didier","Limonest","28"
1272528,"Sfk Svetkavitsa 2014 Targovishte","Sfk Svetkavitsa 2014 Targovishte","28"
91570,"Canberra Olympic","Canberra Ol.","28"
91574,"Monaro Panthers FC","Monaro P","28"
91576,"Tuggeranong Utd","Tuggeranong","28"
92026,"Floreat Athena","Floreat","28"
37836,"Dunaujvaros Palhalma Agrospecial SE","Dunaujvaros","28"
1273668,"Immigration FC II","Immigration FC II","28"
105939,"FK Baumit Jablonec",NULL,"28"
995369,"North EC MG",NULL,"28"
37421,"FC Ceahlaul Piatra Neamt II",NULL,"28"
736991,"PFC Ludogorets 1945 Razgrad Srl","PFC Ludogorets 1945 Razgrad Srl","28"
111301,"FC Vizela","Vizela","28"
501806,"Papai Perutz FC","Papai Perutz FC","28"
1274592,"AD Juventud Independiente","AD Juventud Independiente","28"
114703,"Arka Gdynia",NULL,"28"
114713,"Pogon Szczecin",NULL,"28"
114721,"Warta Poznan",NULL,"28"
114749,"Cracovia Krakow",NULL,"28"
36945,"FC Chernomorets Balchik","Chernomorets","28"
36905,"SC Furstenfeld","Furstenfeld","28"
1217791,"Waterford FC","Waterford FC","28"
36640,"SV 67 Weinberg","Weinberg","28"
36631,"FSV Gutersloh","Gutersloh","28"
36579,"Shahdag Qusar FK","Shahdag Qusar","28"
664007,"CD Pipil","CD Pipil","28"
120852,"FC Copenhagen","Copenhagen","28"
952393,"Tma FC","Tma FC","28"
1208033,"Midlands Wanderers FC","Midlands Wanderers FC","28"
998731,"Defensores Del Ilucan","Defensores Del Ilucan","28"
1198829,"Gomora United","Gomora United","28"
1277804,"Portimonense SC","Portimonense","28"
36055,"Vikingur Olafsvik","Vikingur O","28"
35992,"Sexypoxyt","Sexypoxyt","28"
655763,"AD Comerciantes FC","AD Comerciantes FC","28"
135952,"Devonport City SC","Devonport","28"
135954,"Glenorchy Knights FC","Glenorchy","28"
135956,"Kingborough Lions United FC","Kingborough Lions","28"
135964,"Clarence Zebras FC","Clarence","28"
141536,"Subiaco AFC","Subiaco","28"
35392,"FC Futura","Futura","28"
1184919,"Songea United","Songea United","28"
35242,"HNK Croatia Dakovo","Croatia Dakovo","28"
35153,"FC Langenthal","Langenthal","28"
35116,"FC Mendrisio","Mendrisio","28"
501770,"Pte Peac","Pte Peac","28"
1278381,"Pumas Dario FC","Pumas Dario FC","28"
34743,"Hyeres FC","Hyeres","28"
1279407,"JS Tixeraine","JS Tixeraine","28"
1180057,"Faraones de Texcoco",NULL,"28"
32783,"Rio Branco SC PR","Rio Branco","28"
32782,"Nacional AC PR","Nacional","28"
1179575,"Agricultores FC Guasave",NULL,"28"
192552,"VIFK","VIFK","28"
192684,"Musan Salama","Musan","28"
194376,"Mandurah City","Mandurah City","28"
24804,"Asa Targu Mures","Targu Mures","28"
211932,"Wexford Youths AFC","Wexford Youths","28"
626928,"SK Slavia Vejprnice",NULL,"28"
214176,"BSG Wismut Gera",NULL,"28"
23822,"Prestatyn Town",NULL,"28"
23494,"Comoros",NULL,"28"
1008155,"SJK Akatemia/2","SJK Akatemia/2","28"
1281987,"Leicesterford City","Leicesterford City","28"
218178,"Moreirense FC","Moreirense","28"
1175569,"3K FC","3K FC","28"
219160,"FC Banik Prievidza","Banik Prievidza","28"
765582,"Mully Children Family FC","Mully Children Family FC","28"
776282,"Mbuni FC","Mbuni FC","28"
226302,"Gyulai FC","Gyulai","28"
624454,"Polisi Tanzania FC","Polisi Tanzania FC","28"
22399,"Abo IFK Turku","Turku","28"
22388,"KaaPo","KaaPo","28"
1173907,"FC Fratria II","FC Fratria II","28"
245535,"Galvez EC AC","Galvez","28"
246137,"Ferroviario de Maputo","Ferr. Maputo","28"
254837,"Curtin University SC","Curtin Uni","28"
621940,"FC De Montlouis","FC De Montlouis","28"
22027,"Portugal","Portugal","28"
1173055,"FC Livyi Bereh Kyiv",NULL,"28"
21959,"Duque de Caxias FC RJ",NULL,"28"
268573,"Rostocker FC",NULL,"28"
21873,"Provincial Osorno","Pro. Osorno","28"
273595,"SK Austria Klagenfurt Amateure","Austr. Klagenfurt Am","28"
1286557,"Redonda FC","Redonda FC","28"
276311,"Golemo Konjari","Golemo Konjari","28"
793394,"Dragonas IDV","Dragonas IDV","28"
795026,"Csm Fetesti","Csm Fetesti","28"
283615,"Keupa","Keupa","28"
283653,"Eupa","Eupa","28"
285829,"CD Gouveia","CD Gouveia","28"
290044,"DLR Waves","Waves","28"
290048,"Galway United Wfc","Galway Wfc","28"
290050,"Cork City Wfc","Cork City Wfc","28"
7482,"Sortland IL",NULL,"28"
7422,"Norway","Norway","28"
934305,"FC Farul Constanta","FC Farul Constanta","28"
6929,"Voltigeurs de Chateaubriant","Chateaubriant","28"
1153435,"FC Prishtina Bern","FC Prishtina Bern","28"
6205,"SC Staaken 1919",NULL,"28"
610900,"CS Unirea Ungheni 2018",NULL,"28"
319267,"Gwelup Croatia SC","Gwelup","28"
876575,"Arbaer","Arbaer","28"
819218,"Voska Sport",NULL,"28"
325375,"Taftea IK","Taftea","28"
327299,"Serrano FC RJ","Serrano","28"
330865,"HPS","HPS","28"
1127075,"IFK Mariehamn Akademi","IFK Mariehamn Akademi","28"
931665,"Serra Branca EC PB","Serra Branca EC PB","28"
887223,"Pfk Aral","Pfk Aral","28"
344234,"CS Diosig Bihardioszeg","CS Diosig Bihardioszeg","28"
1124271,"Ppj/Lauttasaari","Ppj/Lauttasaari","28"
4823,"Congo DR","Congo DR","28"
1121785,"Olimpik Mobiuz","Olimpik Mobiuz","28"
823322,"Llay Miners Welfare",NULL,"28"
597052,"1º de Maio de Benguela","1º de Maio de Benguela","28"
4767,"Iraq","Iraq","28"
594718,"Csm Bacau","Csm Bacau","28"
874677,"CA Talleres de Cordoba","CA Talleres de Cordoba","28"
863905,"CA San Juan de Aragon",NULL,"28"
363632,"Inter Turkspor Kiel","Inter Turkspor Kiel","28"
869993,"Gartcairn Wfc","Gartcairn Wfc","28"
869181,"Sligo Rovers","Sligo Rovers","28"
3027,"Naval 1893","Naval","28"
827700,"FC Volov Shumen","FC Volov Shumen","28"
1031167,"ACS Vulturul 2020 Mintiu Gherlii","ACS Vulturul 2020 Mintiu Gherlii","28"
2481,"FC Echallens Region","FC Echallens","28"
2457,"FC Wohlen","Wohlen","28"
1317516,"Perak FA","Perak FA","28"
2282,"Grankulla IFK","Grankulla","28"
587903,"Geita Gold FC","Geita Gold FC","28"
372482,"Lokomotiva Zagreb","Lokomotiva Zagreb","28"
372710,"Delhi FC","Delhi FC","28"
2193,"ASKO Kohfidisch","Kohfidisch","28"
373868,"AC Ajaccio","Ajaccio","28"
2135,"SV Seekirchen","Seekirchen","28"
377136,"Ilzer SV","Ilzer","28"
2088,"Wacker Innsbruck","Wacker Innsbruck","28"
2006,"Ji-Parana FC RO","Ji-Parana","28"
577979,"Hottur/Huginn","Hottur/Huginn","28"
1929,"BKV Elore","BKV Elore","28"
567325,"Taichung Futuro FC","Taichung Futuro FC","28"
1850,"Friska Viljor FC","Friska Viljor","28"
393624,"Deportes Linares","Deportes Linares","28"
1833,"Skellefteaa FF","Skellefteaa","28"
563558,"FC Esteli","FC Esteli","28"
396550,"Gosnells City FC","Gosnells City","28"
397722,"Osasco Sporting SP",NULL,"28"
835670,"Petroleros de Salamanca FC",NULL,"28"
557502,"Umeaa FC Akademi","Umeaa Akademi","28"
1034633,"1. FSV Mainz 05","1. FSV Mainz 05","28"
555508,"Equity","Equity","28"
417673,"Gottne IF","Gottne","28"
421609,"CD Real Zamora",NULL,"28"
424559,"Riverside Olympic FC","Riverside Olympic","28"
424587,"Pontian Eagles SC","Pontian Eagles","28"
548633,"Atlantis FC/Akatemia","Atlantis FC/Akatemia","28"
806,"Torvastad",NULL,"28"
547145,"Jerash Club","Jerash Club","28"
431877,"New Lambton FC","New Lambton FC","28"
431883,"Kahibah FC","Kahibah FC","28"
538647,"Adelaide Comets FC","Comets","28"
438136,"Bravos del Primavera","Bravos del Primavera","28"
440148,"Launceston United SC","Launceston United SC","28"
1090545,"Gunners FC","Gunners FC","28"
450509,"SV Blau-Weiss Zorbau",NULL,"28"
1046103,"Asc Ciucas Tarlungeni",NULL,"28"
494258,"ACS Targu Mures 1898","Targu Mures 1898","28"
494248,"ACS Somuz Falticeni","ACS Somuz Falticeni","28"
1080940,"Safa","Safa","28"
1057631,"SC Bengaluru","Bengaluru","28"
1038849,"Benkovski Isperih","Benkovski Isperih","28"
500302,"SC Regua",NULL,"28"
459953,"FC Lorient B","FC Lorient B","28"
460289,"SV Donau Klagenfurt","SV Donau Klagenfurt","28"
845622,"CF Atletas do Tirol CE","Atletas Do Tirol","28"
476746,"FC Borgo","Borgo","28"
1076990,"Universidad San Antonio Abad","Universidad San Antonio Abad","28"
1069122,"ACS FC Dinamo Bucuresti","ACS FC Dinamo Bucuresti","28"
463815,"FK Jindrichuv Hradec 1910",NULL,"28"
471001,"FC Alverca","Alverca","28"
48026,"IBV Vestmannaeyjar","Vestmannaeyjar","28"
700513,"FC Salzburg SRL",NULL,"28"
1243517,"Japs 47","Japs 47","28"
618640,"Kendal Tornado FC","Kendal Tornado","27"
904567,"OFK Vrsac","OFK Vrsac","27"
7789,"SV Wienerberg 1921","Wienerberg 1921","27"
618694,"Maccabi Neve Shaanan Eldad","Maccabi Neve Shaanan Eldad","27"
780344,"Ankaraspor",NULL,"27"
238648,"African Sports Club","African S.C.","27"
371204,"AFC Unirea Tasnad","Unirea Tasnad","27"
44143,"Diosgyori Vtk II","Diosgyori II","27"
509834,"Hakkarigucu Spor","Hakkarigucu Spor","27"
240834,"Maccabi Petah Tikva","Maccabi Petah Tikva","27"
240836,"Hapoel Ironi Kiryat Shmona","Hapoel Ironi Kiryat Shmona","27"
369772,"Partizan Belgrad","Partizan Belgrad","27"
8022,"Eordaikos 2007","Eordaikos 2007","27"
369768,"FK Vozdovac","Vozdovac","27"
369766,"FK Vojvodina Novi Sad","Vojvodina Novi Sad","27"
369758,"FK Napredak Krusevac","Napredak Krusevac","27"
344226,"ACS Unirea Santana","ACS Unirea Santana","27"
57851,"CA Pero Pinheiro",NULL,"27"
369748,"Borac 1926 Cacak","Borac 1926 Cacak","27"
369746,"OFK Belgrade","OFK Belgrade","27"
250599,"KIL/Hemne Fotball","KIL/Hemne","27"
1110563,"Santa Green FC","Santa Green FC","27"
623072,"Aparecida FC","Aparecida FC","27"
366438,"Aetos Orfanou","Aetos Orfanou","27"
256095,"Hviti Riddarinn","Hviti Riddarinn","27"
22277,"IF Haga",NULL,"27"
260757,"SK Sparkasse Korneuburg","Sparkasse Korneuburg","27"
3297,"ACS SR Municipal Brasov","Municipal Brasov","27"
22158,"Grenaa IF","Grenaa","27"
935191,"Gloria Ultra Dorohoi","Gloria Ultra Dorohoi","27"
263669,"Gremio Osasco Audax EC SP",NULL,"27"
21802,"Finland","Finland","27"
57853,"Alcochetense","Alcochetense","27"
3254,"AO Xanthi FC","Xanthi","27"
3249,"Ionikos Nikea FC","Ionikos Nikea","27"
57857,"CD Ribeira Brava","Ribeira Brava","27"
22026,"Poland","Poland","27"
793134,"SD Family FC","SD Family FC","27"
275275,"Bekescsaba 1912 Elore II","Bekescsaba Elore II","27"
275265,"Puskas Akademia FC II","Puskas Akademia II","27"
275249,"Debreceni VSC II","Debreceni VSC II","27"
2468,"Juventus Zurich","Juventus Zurich","27"
21976,"AE Jataiense GO",NULL,"27"
1168417,"CS Agigea","CS Agigea","27"
1166629,"Nyiregyhaza Spartacus FC II","Nyiregyhaza Spartacus FC II","27"
57861,"SC Pombal",NULL,"27"
827702,"FC Riltsi","FC Riltsi","27"
1244770,"Canberra Juventus FC","Canberra Juventus FC","27"
270877,"MFk Bytca","MFk Bytca","27"
3019,"Vasco da Gama Vidigueira","Vasco da Gama","27"
21847,"AA Coruripe AL","Coruripe","27"
599902,"Nomads United AFC","Nomads United AFC","27"
21832,"Sertanense FC",NULL,"27"
21829,"Juventude SC Evora","Juventude Evora","27"
601346,"Ferrymead Bays","Ferrymead Bays","27"
694903,"CD Leganes SRL",NULL,"27"
43739,"Ferencvarosi TC II","Ferencvarosi II","27"
6393,"Kjellerup IF","Kjellerup","27"
1269392,"Chorotega FC","Chorotega FC","27"
895565,"Panthouriakos","Panthouriakos","27"
62234,"Yong Sp. Academy",NULL,"27"
822662,"Clube Uniao 1919",NULL,"27"
1042509,"Gdrc Os Sandinenses",NULL,"27"
64291,"Persiba Balikpapan","P. Balikpapan","27"
1122245,"Atlantis FC/2","Atlantis FC/2","27"
64307,"PSPS Pekanbaru","Pekanbaru","27"
857165,"Garuda Yaksa","Garuda Yaksa","27"
66056,"Ki Klaksvik II",NULL,"27"
687377,"Selwyn United FC","Selwyn United FC","27"
67176,"Riihimaen Palloseura","Riihimaen","27"
988711,"Luanda Villa","Luanda Villa","27"
68714,"Augsdaugavas NSS",NULL,"27"
4955,"Gondomar SC",NULL,"27"
42340,"KV Vesturbaer","Vesturbaer","27"
684239,"CS Herediano","CS Herediano","27"
41739,"Nups","Nups","27"
850367,"Manisa Futbol Kulubu",NULL,"27"
74319,"FK Jedinstvo Putevi","Jedinstvo","27"
74671,"FK Radnicki Lukavac",NULL,"27"
75145,"DJK Ammerthal",NULL,"27"
610002,"FK Graficar","Graficar","27"
1057569,"FC Rousset Svo","FC Rousset Svo","27"
307312,"Bnei Yehuda Tel Aviv","Bnei Yehuda Tel Aviv","27"
454117,"TSV Abtswind",NULL,"27"
610000,"Mladost Lucani","Mladost Lucani","27"
494240,"Csm Medgidia","Csm Medgidia","27"
598068,"TSV Karlburg",NULL,"27"
452827,"AO Mikrasiatikos","AO Mikrasiatikos","27"
4787,"Oman",NULL,"27"
40018,"Quang Nam FC","Quang Nam","27"
6069,"FK Caslav","FK Caslav","27"
39530,"Hapoel Ironi Karmiel","Hapoel Karmiel","27"
307300,"Hapoel Tel Aviv","Hapoel Tel Aviv","27"
892571,"KF Austfjardja","Austfjardja","27"
307298,"Maccabi Netanya","Maccabi Netanya","27"
38991,"FC Lorentzweiler","Lorentzweiler","27"
728541,"Union Plaani","Union Plaani","27"
307294,"Hapoel Beer Sheva","Hapoel Beer Sheva","27"
609998,"TSC Backa Topola","Backa Topola","27"
1293003,"B19 FC","B19 FC","27"
1055371,"Bologna FC","Bologna FC","27"
1272142,"FC Hayq","FC Hayq","27"
528045,"CS Santos FC","Santos","27"
889623,"Piikkion Palloseura","Piikkion Palloseura","27"
889621,"Niemisen Urheilijat","Niemisen Urheilijat","27"
79713,"Balatonfuredi FC","Balatonfuredi","27"
6992,"Doxa Dramas","Dramas","27"
7012,"Thyella Patras","Patras","27"
79721,"Tiszaujvaros","Tiszaujvaros","27"
1225859,"Oro Verde FC","Oro Verde FC","27"
731923,"PFC Ludogorets Razgrad III","Ludogorets III","27"
1154883,"SK Rapid Psary","SK Rapid Psary","27"
1089137,"Persikad Depok","Persikad Depok","27"
332435,"Muhazi United FC",NULL,"27"
1258687,"Iraklis Thermaikou","Iraklis Thermaikou","27"
675079,"Desportiva Ferroviaria ES",NULL,"27"
88736,"AE Velo Clube SP","Velo Clube","27"
7068,"Arameisk-Syrianska IF","Arameisk-Syrianska","27"
445397,"Kilmarnock Lfc","Kilmarnock Lfc","27"
443484,"Launceston City FC 2","Launceston City FC 2","27"
90266,"Oratorio RC AP","Oratorio","27"
534119,"Vision FC (Rwa)",NULL,"27"
1273674,"Kelantan Red Warrior FC","Kelantan Red Warrior FC","27"
99179,"Ymir Kopavogur","Kopavogur","27"
1274222,"Gd Samora Correia","Gd Samora Correia","27"
37425,"FC Rasnov",NULL,"27"
107703,"FC Chernomorets Odessa",NULL,"27"
107729,"FC Vorskla Poltava",NULL,"27"
736363,"Ermis Meligous","Ermis Meligous","27"
108687,"Viktoria 89 Berlin","Viktoria","27"
50927,"07 Vestur Sorvagur II",NULL,"27"
435186,"Tatung FC","Tatung","27"
434706,"Blumenau EC SC","Blumenau","27"
737003,"Kisvarda FC II","Kisvarda FC II","27"
110165,"CD Parrillas One","Parrillas","27"
737915,"FC Ingulets",NULL,"27"
48029,"Keflavik IF","Keflavik","27"
352090,"1. FC Lok Stendal","Stendal","27"
542279,"SC Lusitania Angra",NULL,"27"
37221,"FK Gorazde",NULL,"27"
543813,"FK Kudrivka","Kudrivka","27"
36963,"Fotbal Club FCSB 2","FCSB","27"
36873,"MTK Budapest II","MTK Budapest II","27"
547123,"South East United FC","South East United FC","27"
1276092,"Usce Novi Beograd U19","Usce Novi Beograd U19","27"
852481,"Atsv Sebaldsbruck","Atsv Sebaldsbruck","27"
1243503,"JIPPO-J/Punamusta","JIPPO-J/Punamusta","27"
660297,"SD Croatia Berlin","SD Croatia Berlin","27"
1143417,"Ozd-Sajovolgye","Ozd-Sajovolgye","27"
295184,"Colon de Santa Fe Reserve","Colon de Santa Fe Reserve","27"
659287,"Cesena FC","Cesena FC","27"
1199175,"Bentin Tacna Heroica","Bentin Tacna Heroica","27"
838,"Aassiden",NULL,"27"
53030,"SV Holthausen-Biene","Holthausen-Biene","27"
848,"Fjoera FK",NULL,"27"
53099,"SK Hrebec",NULL,"27"
550721,"Canberra White Eagles FC","Canberra White","27"
999241,"FC Jayxun","FC Jayxun","27"
925353,"Maguary PE","Maguary PE","27"
746567,"Tiszafoldvar Vse","Tiszafoldvar Vse","27"
1195113,"ACS Vointa 2024 Crevedia","ACS Vointa 2024 Crevedia","27"
1193645,"Simal","Simal","27"
1191143,"FC Real Sireti","FC Real Sireti","27"
1190781,"ACS Progresul Mogosoaia","ACS Progresul Mogosoaia","27"
35628,"FBK Balkan","Balkan","27"
417827,"Salisbury Inter","Salisbury Inter","27"
417823,"West Adelaide","West Adelaide","27"
1248223,"Akrites Sykeon","Akrites Sykeon","27"
1303,"Boldklubben 1913",NULL,"27"
600354,"Pevidem SC",NULL,"27"
1001265,"Hapoel Tel Aviv",NULL,"27"
414491,"Granitis Agias Marinas","Granitis Agias Marinas","27"
554434,"Fortune Sacco","Fortune Sacco","27"
414253,"TSV Grunwald",NULL,"27"
1118539,"Referencia FC SP",NULL,"27"
1185485,"Csm Targu Jiu","Csm Targu Jiu","27"
1148219,"Machan FC","Machan FC","27"
53100,"Slavoj Polna",NULL,"27"
35278,"URT MG",NULL,"27"
470963,"Aias Salamina FC","Aias Salamina FC","27"
1327,"Boldklubben 1908",NULL,"27"
555202,"Deportes Rengo","Deportes Rengo","27"
326735,"Veroia NPS","Veroia","27"
290780,"Saronikos Anavisou","Saronikos Anavisou","27"
1267046,"SG Union Klosterfelde","SG Union Klosterfelde","27"
45153,"Estrela Vendas Novas",NULL,"27"
35111,"FC Dietikon","Dietikon","27"
1248561,"AO Karystou","AO Karystou","27"
1278175,"Gams Ermis Exochis","Gams Ermis Exochis","27"
53737,"ATSV Wolfsberg","Wolfsberg","27"
166158,"Leher TS","Lehe","27"
407335,"Deportivo Binacional FC","Deportivo Binacional","27"
48017,"Fylkir Reykjavik","Fylkir R","27"
34800,"SK Sulko Zabreh","Sulko Zabreh","27"
1146943,"VfB Empor Glauchau","VfB Empor Glauchau","27"
1267438,"SV Siedenbollentin","SV Siedenbollentin","27"
34775,"SV Schaffhausen","SV Schaffhausen","27"
34766,"FC Monthey","Monthey","27"
47965,"Augnablik Kopavogur","Augnablik","27"
34764,"Stade Payerne","Stade Payerne","27"
406239,"Police Xi","Police Xi","27"
34015,"Wales","Wales","27"
505278,"Taiwan Power Company","Taiwan Power Company","27"
1182707,"Unye Kadin SK","Unye Kadin SK","27"
172058,"Tatran Oravske Vesele","Tj Tatran O. Vesele","27"
174724,"Csepel SC","Csepel","27"
178310,"CD Alcains",NULL,"27"
285103,"FC Cukaricki","Cukaricki","27"
1267440,"1. SC 1911 Heiligenstadt","1. SC 1911 Heiligenstadt","27"
401245,"Hapoel Petah Tikva Nahum","Hapoel Petah Tikva Nahum","27"
912419,"AFC Inter Stars Sibiu","AFC Inter Stars Sibiu","27"
32485,"France","France","27"
187731,"Shabab AL Ghazieh SC","Shabab Ghazieh","27"
187741,"Shabab Baalbak","Shabab Baalbak","27"
1280465,"Black Lions FC","Black Lions FC","27"
1067456,"Barberian FC","Barberian","27"
1249115,"AS Sarakinos","AS Sarakinos","27"
397672,"EC XV de Novembro de Jau SP",NULL,"27"
25731,"FK Metalac Gornji Milanovac","Metalac","27"
55109,"Paksi FC II","Paksi II","27"
25625,"Szekszardi UFC","Szekszardi","27"
25613,"Penzugyor SE","Penzugyor SE","27"
628684,"Florgrade FC","Florgrade FC","27"
55365,"ASC Otelul Galati II","O. Galati II","27"
25591,"Cigand SE","Cigand","27"
25583,"Balatonlelle","Balatonlelle","27"
25531,"NK Lucko","Lucko","27"
1251373,"PAOK Dytikou","PAOK Dytikou","27"
25390,"Dabas FC","Dabas","27"
1839,"Bodens BK FF","Bodens","27"
25202,"FC La Sarraz-Eclepens","La Sarraz-Eclepens","27"
391830,"FK Spartak Subotica","Spartak Subotica","27"
24794,"FC Dinamo Bucuresti 1948 2","Dinamo 1948","27"
1852,"IFK Luleaa","Luleaa","27"
44251,"FC Courtetelle","Courtetelle","27"
1862,"IFK Hassleholm",NULL,"27"
24084,"Luneburger SK Hansa","Luneburg","27"
283501,"EIF Akademi","EIF Akademi","27"
1288501,"Sumsel United","Sumsel United","27"
567163,"Lucksta IF","Lucksta IF","27"
23827,"UMF Vidir","Vidir","27"
1288479,"Prolift Giresun Sanayispor","Prolift Giresun","27"
23826,"Reynir Sandgerdi","Reynir","27"
1141207,"FC Eintracht Munchberg",NULL,"27"
569347,"Ming Chuan University","Ming Chuan University","27"
216362,"FK Krnov",NULL,"27"
44249,"FC Wettswil-Bonstetten","Wettswil-B.","27"
385744,"Tj Repiste",NULL,"27"
822456,"ETO Akademia","ETO Akademia","27"
857347,"Mombasa United FC","Mombasa United FC","27"
575593,"Boroughmuir Thistle FC","Boroughmuir Thistle FC","27"
384630,"Somerset","Somerset","27"
943869,"Ternana","Ternana","27"
218364,"Ar Sao Martinho","Ar Sao Martinho","27"
44240,"FC Black Stars","Black Stars","27"
940363,"Vasas SC II","Vasas SC II","27"
381432,"Pelopas Kiatou","Pelopas Kiatou","27"
220342,"SC FC Voluntari II","Voluntari II","27"
896917,"Asteras Karditsas","Asteras Karditsas","27"
280001,"KF Flamurtari","KF Flamurtari","27"
380922,"Ferro Carril Oeste","Ferro Carril Oeste","27"
380440,"Senyo Carnifex FC","Senyo Carnifex","27"
222408,"Maccabi Tel Aviv","Maccabi Tel Aviv","27"
279987,"KF Fushe Kosova",NULL,"27"
910669,"AC Taipei","AC Taipei","27"
377486,"Beitar Jerusalem","Beitar Jerusalem","27"
1031465,"Szeged-Csanad Grosics Akademia II","Szeged-Csanad Grosics Akademia II","27"
477282,"Ustrem Donchevo","Ustrem Donchevo","27"
830730,"Arronches E Benfica",NULL,"27"
2161,"ATUS Ferlach","Ferlach","27"
44149,"Szegedi Vasutas SE","Szegedi Vasutas","27"
364800,"Ufc Jennersdorf","Ufc Jennersdorf","27"
830728,"Guarda Desportiva FC",NULL,"27"
226206,"Atletico Arcos",NULL,"27"
585605,"Club Libertad","Club Libertad","27"
243956,"Hapoel Petach-Tikva",NULL,"26"
817918,"FC Metalist 1925 Kharkiv U19","FC Metalist 1925 Kharkiv","26"
815228,"FC Coffrane","FC Coffrane","26"
342218,"Araruama FC RJ","Araruama FC RJ","26"
815220,"FC Amical Saint-Prex","FC Amical Saint-Prex","26"
6086,"Hamkam Football 2",NULL,"26"
315589,"Jamono Fatick",NULL,"26"
810518,"OFK Brzi Brod","OFK Brzi Brod","26"
613570,"Dumiense Cjpii Futebol Sad",NULL,"26"
312410,"AD Cantolao","Cantolao","26"
1154093,"Nykoebing FC 2",NULL,"26"
599632,"FC Los Laureles",NULL,"26"
614044,"NK Race","NK Race","26"
307308,"MS Ashdod","Ashdod","26"
307302,"Hapoel Rishon Letzion","Hapoel Rishon Letzion","26"
307292,"Hapoel Raanana","Hapoel Raanana","26"
502794,"CD Once Lobos Chalchuapa",NULL,"26"
1154887,"SpVg Eidertal Molfsee",NULL,"26"
7324,"Alta IF 2",NULL,"26"
353924,"FC Besa Biel/Bienne","Besa Biel/Bienne","26"
354088,"FC Bassecourt","FC Bassecourt","26"
354148,"FC Kosova Zurich","FC Kosova Zurich","26"
4749,"Burkina Faso","Burkina Faso","26"
7432,"Kristiansund BK 2",NULL,"26"
7439,"Loddefjord",NULL,"26"
7457,"Pors Fotball 2",NULL,"26"
7470,"Sandnes Ulf 2",NULL,"26"
7480,"Sola FK",NULL,"26"
7488,"Surnadal",NULL,"26"
1159145,"SK Pama","SK Pama","26"
7492,"Tiller IL",NULL,"26"
7505,"Ullensaker/Kisa 2",NULL,"26"
7545,"Fredrikstad FK 2",NULL,"26"
1114621,"ACS Axi Arena","ACS Axi Arena","26"
283717,"Hoogee","Hoogee","26"
283687,"Peimari Utd","Peimari Utd","26"
362598,"SC Freiburg II",NULL,"26"
283509,"IF Sibbo Vargarna","IF Sibbo Vargarna","26"
916853,"VfR Warbeyen","VfR Warbeyen","26"
1288265,"Yuksekova SK","Yuksekova SK","26"
364318,"FC Kvasice","FC Kvasice","26"
1030637,"FC Collina D Oro","FC Collina D Oro","26"
1030641,"Lancy FC","Lancy FC","26"
279979,"KF Rahoveci",NULL,"26"
916513,"Servette FC ","Servette","26"
618590,"Grasshopper Club Zurich","Grasshopper Zurich","26"
796186,"Liga Deportiva Universitaria de Quito","Liga Deportiva Universitaria de Quito","26"
7868,"VfB Lubeck II",NULL,"26"
8035,"Madagascar",NULL,"26"
1165253,"CF Estrela Sad B",NULL,"26"
275611,"Resovia","Resovia","26"
275605,"Znicz Pruszkow","Znicz Pruszkow","26"
274751,"FC Chotebor","FC Chotebor","26"
1166959,"Brooklyn FC","Brooklyn FC","26"
1110947,"Freedom FC","Freedom FC","26"
1166961,"Dallas Trinity FC","Dallas Trinity FC","26"
792254,"Wanaka AFC","Wanaka AFC","26"
1166963,"DC Power FC","DC Power FC","26"
273395,"Karlslunde IF",NULL,"26"
1166965,"Fort Lauderdale United FC","Fort Lauderdale United FC","26"
1166969,"Tampa Bay Sun FC","Tampa Bay Sun FC","26"
1167689,"Andrezieux-Boutheon FC",NULL,"26"
1167691,"FC Mulhouse",NULL,"26"
1167693,"Racing Besancon",NULL,"26"
1167755,"AS Ghisonaccia P",NULL,"26"
1167773,"Olympique Marcquois",NULL,"26"
1170093,"KF Mitrovica",NULL,"26"
21968,"Horizonte FC CE",NULL,"26"
2499,"FC La Chaux De Fonds","La Chaux De Fonds","26"
2496,"FC St. Gallen","St. Gallen","26"
2494,"FC Naters Oberwallis","Naters Oberwallis","26"
2493,"FC Martigny Sports","Martigny","26"
2489,"CS Chenois","Chenois","26"
2484,"FC Meyrin","Meyrin","26"
2483,"FC Munsingen","Munsingen","26"
2480,"FC Solothurn","Solothurn","26"
2478,"SC Buochs","Buochs","26"
2475,"SV Muttenz","Muttenz","26"
2465,"FC Schotz","Schotz","26"
265463,"Associacao Portuguesa de Desportos SP",NULL,"26"
2425,"NK Krsko Posavje","Krsko Posavje","26"
22025,"Italy","Italy","26"
1173107,"Ipswich Town Srl",NULL,"26"
784990,"Espoon Palloseura Reserve","Espoon ","26"
1283931,"SC Poltava U19","SC Poltava U19","26"
258063,"AS Police",NULL,"26"
1282315,"ACS FC Bacau II","ACS FC Bacau II","26"
1282285,"Perlis Gsa FC","Perlis Gsa FC","26"
369760,"FK Novi Pazar","Novi Pazar","26"
22365,"Ytterhogdals IK",NULL,"26"
370074,"Acs Victoria Traian","Victoria Traian","26"
249935,"GIF Sundsvall",NULL,"26"
22375,"FC Kiisto","Kiisto","26"
2280,"TP-47","TP-47","26"
702163,"Willem II Tilburg SRL",NULL,"26"
782268,"Riverside Olympic FC 2","Riverside Olympic FC 2","26"
239030,"ES Rades",NULL,"26"
238672,"Stand United FC","Stand United","26"
235286,"AA Flamengo SP",NULL,"26"
230956,"EC Santo Andre SP",NULL,"26"
903811,"Athletic Club MG","Athletic Club MG","26"
228464,"Wing Yee FT",NULL,"26"
372854,"Moravia","Moravia","26"
2200,"SV Leithaprodersdorf","Leithaprodersdorf","26"
373244,"Omladinac Novi Banovci","Omladinac Novi B.","26"
991565,"Akas FC",NULL,"26"
626140,"Vienna Amateure","Vienna Amateure","26"
374926,"FK Zlatibor Cajetina","Zlatibor","26"
224766,"Puskas Akademia","Puskas Akademia","26"
224758,"IF Elfsborg",NULL,"26"
2153,"USV Gnas","Gnas","26"
224750,"Servette FC","Servette","26"
2101,"ASK Koflach","ASK Koflach","26"
377082,"Sporting Clube Farense",NULL,"26"
716233,"Croatia SRL",NULL,"26"
2074,"SC Zwettl","Zwettl","26"
1031655,"ACS Speed Academy Pitesti","ACS Speed Academy Pitesti","26"
2008,"AA Anapolina GO",NULL,"26"
991617,"Sarasota Paradise","Sarasota Paradise","26"
944085,"SS Arezzo","SS Arezzo","26"
384684,"Atletico Madrid B","Atletico Madrid B","26"
384694,"CD Tenerife B","Tenerife B","26"
217018,"TSB Flensburg",NULL,"26"
572455,"Oslo FA",NULL,"26"
215652,"Melbourne City FC",NULL,"26"
23539,"TSV 1896 Rain",NULL,"26"
23642,"1. Wiener Neustadter SC","1. Wiener Neustadter","26"
23992,"Germany","Germany","26"
24096,"Eckernforder SV",NULL,"26"
926673,"CD Mafra",NULL,"26"
567129,"Syrianska Eskilstuna IF",NULL,"26"
24735,"Fehring 1947","Fehring","26"
211838,"FC Winterthur II","Winterthur II","26"
24788,"FC Cetate Suceava","Cetate S","26"
565598,"AA Batel","AA Batel","26"
206259,"FC Zurich","FC Zurich","26"
25214,"FC Widnau","Widnau","26"
25222,"SV Hongg","SV Hongg","26"
565594,"IF Sao Joseense PR","Sao Joseense","26"
1832,"Kiruna FF",NULL,"26"
1822,"Tidaholms GoIf",NULL,"26"
396544,"Admira PR B",NULL,"26"
396558,"FC Barcelona B","FC Barcelona B","26"
193684,"Tups","Tups","26"
191834,"AS Oued Ellil",NULL,"26"
561486,"Maccabi Herzliya","Maccabi Herzliya","26"
561480,"Hapoel Ako","Hapoel Ako","26"
32765,"EC Avenida RS",NULL,"26"
1032857,"FK Jedinstvo 1936 Krusevac","FK Jedinstvo 1936 Krusevac","26"
177958,"SC Recife PE","Recife PE","26"
833162,"AEK Athens B",NULL,"26"
835128,"Real Madrid B","Real Madrid B","26"
1409,"MG & BK",NULL,"26"
648022,"Carlos Renaux SC",NULL,"26"
34777,"BSC Old Boys","BSC Old Boys","26"
1278379,"Catarina FC","Catarina FC","26"
166546,"FC 1980 Wien","1980 Wien","26"
165772,"Johor Darul Takzim FC II","J. D. Takzim II","26"
555286,"Queanbeyan City FC","Queanbeyan City FC","26"
411387,"New Taipei Hang Yuan","New Taipei Hang Yuan","26"
35120,"FC Tuggen","Tuggen","26"
1278165,"Atletico Hidalgo","Atletico Hidalgo","26"
35197,"Osteraaker United FK",NULL,"26"
1278119,"Venezia","Venezia","26"
1278117,"Como 1907","Como 1907","26"
1278115,"Lumezzane","Lumezzane","26"
554582,"Kairat-Zhastar",NULL,"26"
1185953,"Cekmekoy Bilgidoga Sportif","Cekmekoy Bilgidoga Sportif","26"
415407,"Burnie United","Burnie United","26"
35323,"Mps","Mps","26"
417821,"Adelaide City","Adelaide City","26"
937,"Lyngbo",NULL,"26"
884,"Funnefoss/Vormsund",NULL,"26"
135960,"Northern Rangers","N. Rangers","26"
424555,"Hobart United FC","Hobart United","26"
424557,"University of Tasmania","Uni. of Tasmania","26"
1277906,"Ensenada FC","Ensenada FC","26"
1195701,"MK KFAR Saba 1928","MK KFAR Saba 1928","26"
991601,"Jetisay FC",NULL,"26"
550769,"Grasshopper Club Zurich II","Grasshopper Club Zurich II","26"
951925,"Club Laguna SAF","Laguna","26"
746457,"Zsambeki SK","Zsambeki SK","26"
1276640,"Asd Trastevere Calcio","Asd Trastevere Calcio","26"
1201579,"Flamengo FBC","Flamengo FBC","26"
1211299,"Etoiles Du Mande",NULL,"26"
425723,"Hapoel Kfar Saba","Hapoel Kfar Saba","26"
1214735,"ES Agboville","ES Agboville","26"
1215471,"Guerreros de Autlan","Guerreros de Autlan","26"
120198,"Vyrona","Vyrona","26"
36703,"Trabzonspor AS","Trabzonspor AS","26"
36870,"Budapest Honved MFA","Honved","26"
743995,"Hatayspor Srl",NULL,"26"
1274620,"TSV Wetschen","TSV Wetschen","26"
430675,"Brindabella Blues FC","Brindabella Blues FC","26"
431209,"Coimbra Sports MG","Coimbra","26"
114725,"Miedz Legnica","Miedz","26"
113703,"FC Vitosha Bistrica","Bistrica","26"
431885,"Toronto Awaba FC","Toronto Awaba FC","26"
1036821,"FC Lausanne Sport","Lausanne Sport","26"
1036823,"FC St. Gallen 1879","St. Gallen","26"
736995,"BSC Young Boys Srl",NULL,"26"
1036825,"FC Winterthur","Winterthur","26"
1036827,"FC Thun Berner Oberland","Thun Berner Oberland","26"
924573,"Parma Calcio","Parma Calcio","26"
1273682,"Wan Tendong Stable","Wan Tendong Stable","26"
1036829,"FC Luzern","Luzern","26"
1273678,"Seoul Phoenix FC","Seoul Phoenix FC","26"
669737,"Rogba Tataouine",NULL,"26"
1273670,"Kedah FA","Kedah FA","26"
502238,"Blackburn Rovers LFC","Blackburn","26"
671387,"Rodez Aveyron",NULL,"26"
1036831,"FC Sion","Sion","26"
443452,"NK Uskok","NK Uskok","26"
1036833,"Neuchatel Xamax","Neuchatel Xamax","26"
1090563,"Hausang FC","Hausang","26"
1036835,"FC Ticino","Ticino","26"
1036861,"Marignane Gignac FC",NULL,"26"
734615,"FC Chambly Oise",NULL,"26"
732991,"Wohnbau Dietach","Wohnbau Dietach","26"
529811,"AA Guarany SE",NULL,"26"
86058,"Passo Fundo",NULL,"26"
1223885,"Blancos FC","Blancos FC","26"
889073,"FC Killas","FC Killas","26"
680293,"Deportivo Masaya FC","Deportivo Masaya FC","26"
81827,"GD Fabril do Barreiro",NULL,"26"
38103,"Switzerland","Switzerland","26"
528181,"Calvary","Calvary","26"
1226277,"Grindavik/Njarovik",NULL,"26"
495596,"RC Lens",NULL,"26"
1272222,"KS Arkonia Szczecin U19","KS Arkonia Szczecin U19","26"
1272146,"FC Van Charentsavan 2","FC Van Charentsavan 2","26"
78127,"UD Oliveirense",NULL,"26"
728295,"Waterside Karori","Waterside Karori","26"
453969,"Gd Chaves B","Gd Chaves B","26"
76437,"FC Dornbreite",NULL,"26"
726577,"Petone FC","Petone","26"
456739,"Vermont Catamounts",NULL,"26"
893613,"FC Ylivieska","FC Ylivieska","26"
75231,"FC Sion","Sion U21","26"
456793,"North Carolina State Wolfpack",NULL,"26"
75129,"1. FC Sonthofen",NULL,"26"
1057689,"Club Ada Jaen","Club Ada Jaen","26"
991815,"Lexington SC","Lexington SC","26"
1269804,"FK Kudrivka U19","FK Kudrivka U19","26"
456923,"Marshall Herd",NULL,"26"
70088,"IF Magni Grenivik","Magni Grenivik","26"
1269802,"Epicentre Kamianets-Podilskyi U19","Epicentre Kamianets-Podilskyi U19","26"
458175,"FC Portalban/Gletterens","Portalban/Gletterens","26"
516792,"Hapoel Beer Sheva",NULL,"26"
1269664,"Calendar Stars","Calendar Stars","26"
65866,"UMF Tindastoll","Tindastoll","26"
42483,"Sindri","Sindri","26"
42576,"Astres FC de Douala",NULL,"26"
1243515,"FC Lahti 69","FC Lahti 69","26"
689379,"Transit Camp FC","Transit Camp FC","26"
689399,"Mbeya Kwanza FC","Mbeya Kwanza FC","26"
61990,"Perak FC","Perak","26"
61720,"Camboriu FC SC",NULL,"26"
460625,"Washington Huskies",NULL,"26"
1233317,"US Tchologo","US Tchologo","26"
43738,"Ujpest FC II","Ujpest II","26"
460667,"Denver Pioneers",NULL,"26"
511102,"Inhumas EC GO","Inhumas","26"
1237283,"GrIFK/Akatemia","GrIFK/Akatemia","26"
44244,"FC Freienbach","Freienbach","26"
461881,"MFK Kezmarok","Kezmarok","26"
1074258,"Bergdalens IK",NULL,"26"
1243499,"JJK Jyvaskyla/2","JJK Jyvaskyla/2","26"
44883,"SC Coimbroes",NULL,"26"
909013,"CE Gramadense RS",NULL,"26"
53753,"Birzebbuga St. Peters FC","Birzebbuga","26"
924289,"FK Naftagas Elemir","FK Naftagas Elemir","26"
467081,"Fardu Ferghana","Fardu Ferghana","26"
45484,"Gd Joane",NULL,"26"
505006,"ES Jerba Midoun",NULL,"26"
502838,"Hellas Verona","Hellas Verona","26"
1021965,"Cso Teleajenul Valeni de Munte","Cso Teleajenul Valeni de Munte","26"
5282,"CDU San Martin","San Martin","26"
607414,"O'Connor Knights FC","O'Connor Knights","26"
5368,"Kuwait",NULL,"26"
5161,"Bahrain",NULL,"26"
5137,"FC Barreirense",NULL,"26"
331161,"Club Sportivo Ben Hur",NULL,"26"
330433,"TPV/2","TPV/2","26"
330095,"Kormakur/Hvot","Kormakur/Hvot","26"
5107,"1 HFK Olomouc",NULL,"26"
5870,"SpVgg Unterhaching II",NULL,"26"
327309,"Petropolis FC RJ",NULL,"26"
338585,"FC Aarau","FC Aarau","26"
327039,"Varbergs GIF FK",NULL,"26"
340488,"Besiktas","Besiktas","26"
6009,"Greve Fodbold",NULL,"26"
6015,"SV Allerheiligen","Allerheiligen","26"
322383,"Jypk",NULL,"26"
872851,"West Torrens Birkalla","West Torrens Birkalla","25"
515142,"FC U Craiova 1948","U Craiova","25"
2151,"SV Lebring","Lebring","25"
2198,"St. Margarethen/Burgenland","Margarethen/Burgenland","25"
7424,"USA","USA","25"
4827,"Honduras","Honduras","25"
267815,"TSV Grafenstein","TSV Grafenstein","25"
355238,"FK Seko Louny","FK Seko Louny","25"
473271,"Kentavros Vrillision","Kentavros Vrillision","25"
1278121,"Frosinone","Frosinone","25"
55157,"Khaitan SC","Khaitan","25"
615328,"FK Napredak Markovac","FK Napredak Markovac","25"
35171,"SV Stockerau","Stockerau","25"
716421,"Poland SRL","Poland SRL","25"
409905,"FK Sloboda Donji Tovarnik","FK Sloboda Donji Tovarnik","25"
1228471,"FK Radnicki Valjevo","FK Radnicki Valjevo","25"
1269950,"AS Trencin B","AS Trencin B","25"
164508,"FK Sumadija Kragujevac","Kragujevac","25"
1269952,"KFC Komarno B","KFC Komarno B","25"
317079,"FK Dinamo 1945 Pancevo","Pancevo","25"
316485,"FC Union RB Weinland Gamlitz","Weinland Gamlitz","25"
443482,"Devonport City SC 2","Devonport City SC 2","25"
563028,"West Wallsend SFC","West Wallsend SFC","25"
532511,"Vertou Ussa","Vertou Ussa","25"
716237,"Czech Republic","Czech Republic SRL","25"
265511,"Singleton Strikers FC","Singleton","25"
280141,"Goiania EC GO",NULL,"25"
166848,"OFK Backa Palanka","OFK Backa","25"
1268096,"SK Slavia Prague C","SK Slavia Prague C","25"
922119,"RSC Hamsik Academy Banska Bystrica",NULL,"25"
4735,"Korea Republic","Korea Republic","25"
407289,"AS Otoho","AS Otoho","25"
1154515,"Mattersburger Sportverein 2020","Mattersburger Sportverein 2020","25"
819740,"FK Omarska","FK Omarska","25"
1159159,"SPG Neudorf / Parndorf Juniors","SPG Neudorf / Parndorf Juniors","25"
2087,"SV Langenrohr","Langenrohr","25"
2192,"ASK Horitschon/U","Horitschon/U","25"
1051295,"Csl Nanov","Csl Nanov","25"
169136,"Casa Pia AC",NULL,"25"
34524,"Maccabi Ironi Kiryat Gat","Maccabi Ironi Kiryat Gat","25"
265459,"CA Juventus SP",NULL,"25"
171122,"ACF Brescia","ACF Brescia","25"
283591,"FF Jaro Akademia","FF Jaro Akademia","25"
533933,"Pirata FC","Pirata","25"
22643,"Portugal","Portugal","25"
2094,"FC Stadlau","Stadlau","25"
2296,"Narpes Kraft","Narpes Kraft","25"
62230,"Sportive de Douala",NULL,"25"
512870,"Genoa CFC Women","Genoa CFC Women","25"
48115,"Dalvik Reynir","Dalvik R","25"
285769,"FK Mladost Backi Jarak","Backi Jarak","25"
592225,"FK Sloga Conoplja","FK Sloga Conoplja","25"
1151795,"VfB Stuttgart","VfB Stuttgart","25"
2191,"FC Deutschkreutz","Deutschkreutz","25"
178254,"SC Telstar VVNH",NULL,"25"
712259,"Northern Ireland",NULL,"25"
475098,"Washington Huskies",NULL,"25"
61984,"Selangor FC II","Selangor","25"
829156,"Uniao Nogueirense FC",NULL,"25"
1007053,"PPJ/Ruoholahti","PPJ/Ruoholahti","25"
613966,"CD Real Santander","Real Santander","25"
1108137,"Carolina Ascent","Carolina","25"
2099,"SV Schwechat","Schwechat","25"
351774,"Bad Sauerbrunn","Bad Sauerbrunn","25"
716229,"Austria",NULL,"25"
185588,"Samail SC","Samail","25"
4792,"Qatar",NULL,"25"
376822,"FK Zeleznicar Lajkovac","Zeleznicar Lajkovac","25"
2167,"FC Lendorf","FC Lendorf","25"
1007067,"FC Lasten","FC Lasten","25"
32483,"Ukraine","Ukraine","25"
307296,"Hapoel Nir Ramat Hasharon","Hapoel Nir Ramat Hasharon","25"
802058,"Csd Macara","Csd Macara","25"
398556,"1207 Antalyaspor Kadin FK","1207 Antalyaspor Kadin FK","25"
4769,"Jamaica","Jamaica","25"
609724,"FK Takovo","FK Takovo","25"
1068816,"FC San Marcos","FC San Marcos","25"
453985,"FK Mladost Omoljica","FK Mladost Omoljica","25"
452485,"Kansas Jayhawks",NULL,"25"
109793,"ZVVZ Milevsko","Milevsko","25"
317593,"TUS Bad Waltersdorf","Bad Waltersdorf","25"
4768,"Ivory Coast","Ivory Coast","25"
42355,"Throttur Vogum","Throttur V","25"
492990,"FK Poprad",NULL,"25"
861209,"Fenerbahce Istanbul","Fenerbahce Istanbul","25"
458197,"FK Prva Iskra Baric","FK Prva Iskra Baric","25"
538663,"FK Zeleznicar Indjija","FK Zeleznicar Indjija","25"
460657,"Furman Paladins",NULL,"25"
822814,"OFK Kikinda","OFK Kikinda","25"
613968,"Once Caldas Sa","Once Caldas Sa","25"
42344,"KFG Gardabaer","Gardabaer","25"
47499,"Goianesia EC GO",NULL,"25"
76759,"FK Tachov","Tachov","25"
989275,"OFK Vrbas","OFK Vrbas","25"
307304,"Hapoel Haifa","Hapoel Haifa","25"
613856,"C Chartres Football","C Chartres Football","25"
1039481,"FK Omladinac Zablace","FK Omladinac Zablace","25"
726461,"FK Real Podunavci","FK Real Podunavci","25"
608738,"FK Hajduk Divos","FK Hajduk Divos","25"
613996,"Asociacion Deportivo Pasto","Asociacion Deportivo Pasto","25"
328079,"Al Futuwa","Al Futuwa","25"
1045009,"Usv Halbturn","Usv Halbturn","25"
666767,"SK Stonava","SK Stonava","25"
613990,"Fortaleza FC","Fortaleza","25"
1274600,"AFC Creil","AFC Creil","25"
613998,"CA Bucaramanga Sa","CA Bucaramanga Sa","25"
218182,"CD Feirense",NULL,"25"
1274604,"AS Saint-Priest U19","AS Saint-Priest U19","25"
47341,"SK Slovan HAC","Slovan HAC","25"
1274610,"Stade Poitevin FC U19","Stade Poitevin FC U19","25"
716241,"Germany SRL",NULL,"25"
430139,"Barcelona RO","Barcelona","25"
743337,"Asd Vicenza Calcio","Asd Vicenza Calcio","25"
889599,"Tampere United 2","Tampere United 2","25"
802536,"Willem II Tilburg","Willem II","25"
36944,"SFK Svetkavitsa Targovishte","SFK Svetkavitsa Targovishte","25"
364822,"FK Sloga Pozega","FK Sloga Pozega","25"
493080,"Michigan State Spartans",NULL,"25"
238660,"Mbeya City FC","Mbeya City","25"
344236,"CS Bihorul Beius","CS Bihorul Beius","25"
427859,"Caucaia","Caucaia","25"
585603,"Club Olimpia","Club Olimpia","25"
495612,"Dijon ASPTT","Dijon ASPTT","25"
1036071,"FK Kudrivka",NULL,"25"
74471,"Maritimo Madeira B",NULL,"25"
274039,"FK Josanica","FK Josanica","25"
1176927,"ACS Academica Bals","ACS Academica Bals","25"
676711,"FK Veternik","FK Veternik","25"
387642,"FK Buducnost Krusik","FK Buducnost Krusik","25"
1166967,"Spokane Zephyr FC","Spokane Zephyr FC","25"
239038,"US Ksour Essaf","Ksour Essef","25"
570933,"AC Estudiantes","AC Estudiantes","25"
712267,"Serbia SRL",NULL,"25"
36486,"FC Irp Cesky Tesin","Cesky Tesin","25"
1031531,"Tallinna FC Ararat",NULL,"25"
371200,"CS Universitatea Craiova II","Univ. Craiova II","25"
823172,"FK Morava Cuprija","FK Morava Cuprija","25"
270939,"MSK Kysucke Nove Mesto","Kysucke Nove Mesto","25"
730045,"Auckland United FC",NULL,"25"
659773,"Le Mans FC","Le Mans FC","25"
696863,"FC Basel SRL","Basel SRL","25"
855495,"SSV Bornheim","SSV Bornheim","25"
1199407,"FC Fard Alborz","FC Fard Alborz","25"
1174411,"FK Krimice","FK Krimice","25"
4692,"Angola",NULL,"25"
614000,"CDP Junior FC","CDP Junior","25"
23551,"Helsingin Ponnistus","Ponnistus","25"
4756,"Costa Rica","Costa Rica","25"
982893,"Flinders United Wfc","Flinders United Wfc","25"
5163,"Guatemala","Guatemala","25"
659285,"San Marino Academy Calcio","San Marino Academy Calcio","25"
567389,"Fsc Eggendorf Hartberg II","Fsc Eggendorf Hartberg II","25"
388808,"Res Roma","Res Roma","25"
782270,"South Hobart FC 2","South Hobart FC 2","25"
6002,"SV Grodig","Grodig","25"
782280,"Launceston United SC 2","Launceston United SC 2","25"
1277282,"FK Mladi Radnik 1940 Radinac","FK Mladi Radnik 1940 Radinac","25"
1277284,"FK Polimlje","FK Polimlje","25"
23834,"FK Dac 1904 Dunajska Streda B","Dunajska Streda B","25"
839160,"Gulf FC",NULL,"25"
283507,"Tikka","Tikka","25"
924331,"Tj Spoje Praha","Tj Spoje Praha","25"
1079718,"Shenavar Sazi Qeshm","Shenavar Sazi Qeshm","25"
1036019,"FC Nikarm",NULL,"25"
1277908,"Sportfreunde Duren","Sportfreunde Duren","25"
456779,"Saint Louis Billikens",NULL,"25"
620000,"RFC Seraing","Seraing","25"
696859,"FC Copenhagen SRL","Copenhagen SRL","25"
460281,"Apollon Kalithion","Apollon Kalithion","25"
211906,"SC Red Star Penzing","Red Star Penzing","25"
460359,"FK Jedinstvo Stara Pazova","FK Jedinstvo Stara Pazova","25"
2231,"Svitavy","Svitavy","25"
53743,"Hellas Kagran","Hellas","25"
2279,"Pallo Kerho 37","PK 37","25"
673709,"Betim Futebol MG","Betim","25"
2222,"FK Nachod","FK Nachod","25"
993053,"HamKam","HamKam","25"
975723,"Aas Sarcelles","Aas Sarcelles","25"
47334,"SC Oberpullendorf","Oberpullendorf","25"
2063,"FC Lustenau","FC Lustenau","25"
24774,"FC Brumov","Brumov","25"
2068,"ASK Royal Sped Klingenbach","R. S. Klingenbach","25"
493034,"LSU Tigers",NULL,"25"
270761,"Adelaide University","Adelaide Uni","25"
475252,"Stanford Cardinal",NULL,"25"
144986,"IF Gnistan/Ogeli","Gnistan/Ogeli","25"
22374,"FC Blackbird Jyvaskyla","Jyvaskyla","25"
417829,"FFSA NTC","FFSA NTC","25"
210362,"ASK Ebreichsdorf","Ebreichsdorf","25"
1059798,"Supreme FC","Supreme FC","24"
1039251,"UD Las Palmas Srl",NULL,"24"
452335,"Colorado Buffaloes",NULL,"24"
336313,"Hobart City FC","Hobart City","24"
1269946,"FC Petrzalka B","FC Petrzalka B","24"
73895,"SV Grun-Weiss Micheldorf","Micheldorf","24"
798628,"Deportivo Ibarra","Deportivo Ibarra","24"
74323,"FK Timok 1919 Zajecar","Timok Zajecar","24"
74453,"USK Anif","Anif","24"
41015,"IH Hafnarfjordur","Hafnarfjordur","24"
922717,"NK Vrhnika","NK Vrhnika","24"
78499,"Toulouse FC","Toulouse","24"
381954,"Cerro Porteno","Cerro Porteno","24"
1164879,"ND Bistrc","Bistrc","24"
941411,"Centro Oeste GO",NULL,"24"
722885,"FC Saaripotku","FC Saaripotku","24"
712263,"Republic of Ireland Srl",NULL,"24"
1270160,"Asko Oedt II","Asko Oedt II","24"
39616,"Olaria RJ","Olaria","24"
5038,"SVG Bleiburg","Bleiburg","24"
1282215,"AL Hazem U21","AL Hazem U21","24"
943721,"Western United FC",NULL,"24"
1175185,"Khorfakkan","Khorfakkan","24"
585615,"Nacional - Humaita","Nacional - Humaita","24"
824874,"Barcelona SC","Barcelona SC","24"
869989,"Livingston Wfc","Livingston Wfc","24"
796978,"FC Haka J","FC Haka J","24"
47340,"LAC Inter","LAC Inter","24"
23479,"Al-Karamah SC","Al-Karamah SC","24"
585723,"UFC Sankt Peter Au","UFC Sankt Peter Au","24"
796208,"CS Emelec","CS Emelec","24"
388148,"FC Beitar Yavne","FC Beitar Yavne","24"
6282,"Sedda Bad Schallerbach","Bad Schallerbach","24"
53793,"FK Pelhimov","Pelhimov","24"
279419,"Gfk Jagodina","Gfk Jagodina","24"
1177167,"AL Jazira","AL Jazira","24"
1163701,"FK Rudar 2016","FK Rudar 2016","24"
782276,"Clarence Zebras FC 2","Clarence Zebras FC 2","24"
279487,"Dunav Prahovo","Dunav Prahovo","24"
242962,"SC Ortmann","Ortmann","24"
211910,"VST Voelkermarkt","Voelkermarkt","24"
211904,"ASKO Kottmannsdorf","Kottmannsdorf","24"
319439,"SC Wieselburg","SC Wieselburg","24"
475236,"TCU Horned Frogs",NULL,"24"
22389,"Kings SC Kuopio","Kings Kuopio","24"
245537,"Genus RO","Genus","24"
626124,"Vpv","Vpv","24"
391992,"Fatih Vatan Spor","Fatih Vatan Spor","24"
393202,"AL Ittihad Jeddah","AL Ittihad Jeddah","24"
2285,"SC Zulimanit","Zulimanit","24"
1177787,"AL Wasl","AL Wasl","24"
716217,"Turkiye","Turkiye SRL","24"
716391,"Denmark SRL","Denmark SRL","24"
198238,"Fuzinar Ravne","Fuzinar Ravne","24"
1177789,"AL Ittihad Kalba","AL Ittihad Kalba","24"
1177941,"Sharjah FC","Sharjah","24"
1177945,"Shabab AL Ahli Dubai Club","Shabab AL Ahli Dubai","24"
1007667,"SJK-J","SJK-J","24"
25475,"NK Sencur","Sencur","24"
374778,"SV Pachern","Pachern","24"
2289,"SIF","SIF","24"
1177947,"Ajman","Ajman","24"
1178293,"AL Bataeh","AL Bataeh","24"
1178305,"AL Nasr","AL Nasr","24"
1178307,"AL Wahda FC","AL Wahda","24"
193922,"Kwun Tong","Kwun Tong","24"
1178309,"Baniyas","Baniyas","24"
193600,"Lucky Mile","Lucky Mile","24"
397056,"AL Qadisiya","AL Qadisiya","24"
283621,"Tou","Tou","24"
397446,"Manurewa AFC",NULL,"24"
283671,"Saaksjaerven Loiske","Saaksjaerven Loiske","24"
191830,"US Bousalem","Bousalem","24"
629636,"SKN St Polten Juniors","SKN St Polten Juniors","24"
622502,"ASV Schrems","ASV Schrems","24"
5033,"Deportes Melipilla",NULL,"24"
25735,"FK Vlasina Vlasotince","Vlasina","24"
1282603,"Dibba Al Fujairah","Dibba Al Fujairah","24"
1007057,"Ylojarvi United FC","Ylojarvi United","24"
364824,"SV Eberau","SV Eberau","24"
560550,"KA Asvellir","Asvellir","24"
1179389,"AD Brasilia",NULL,"24"
26224,"FK Sindelic Nis","Sindjelic Nis","24"
399441,"NK Carda","Carda","24"
1175187,"AL Ain FC","AL Ain","24"
32484,"Netherlands","Netherlands","24"
260755,"Scheiblingkirchen-Warth Usv","Scheiblingkirchen","24"
366542,"Real SC Tramandai RS",NULL,"24"
712255,"Romania",NULL,"24"
400759,"Amed Sportif Faaliyetler","Amed Sportif Faaliyetler","24"
284559,"Olympique Marseille","Olympique Marseille","24"
276293,"MFk Slovan Sabinov","Slovan Sabinov","24"
22028,"Ireland","Ireland","24"
617206,"FK Rembas Resavica","FK Rembas Resavica","24"
793136,"Turkestan",NULL,"24"
559004,"FC Hound Dogs","FC Hound Dogs","24"
617186,"Decisao PE","Decisao PE","24"
5042,"FC Admira Wacker Modling","Admira Wacker","24"
750825,"SV Friedburg/Pondorf","SV Friedburg/Pondorf","24"
359244,"Edelweiss Linz","Edelweiss Linz","24"
172036,"MFK Spartak Medzev","Spartak Medzev","24"
265451,"Capivariano FC SP",NULL,"24"
34014,"Austria","Austria","24"
716231,"England SRL",NULL,"24"
287219,"Tung Sing","Tung Sing","24"
4835,"Tanzania",NULL,"24"
168204,"FK Vlasenica","Vlasenica","24"
786776,"West Coast Rangers FC",NULL,"24"
1149565,"Buhimba United Saints FC","Buhimba United Saints FC","24"
344160,"AS Camberene","AS Camberene","24"
1279341,"AL Dhafra U23","AL Dhafra U23","24"
44160,"FC Hradec Kralove","Hradec Kralove","24"
810516,"FK Sloga Leskovac","FK Sloga Leskovac","24"
167142,"FC Gladsaxe","Gladsaxe","24"
460781,"Kansas City Roos",NULL,"24"
312206,"LOSC Lille","Lille","24"
56045,"Tuen Mun SA",NULL,"24"
555288,"Anu FC",NULL,"24"
1184917,"Bigman FC","Bigman FC","24"
1118479,"GD Prudente SP",NULL,"24"
588761,"Tsu Bramberg","Tsu Bramberg","24"
292102,"Chapulineros de Oaxaca","Chapulineros de Oaxaca","24"
342678,"EC Sao Jose RS","Sao Jose","24"
2083,"DSG Union Perg","Union Perg","24"
2079,"SV Spittal/Drau","Spittal/Drau","24"
414387,"SC Stadtwerke Bruck/Mur","SC Stadtwerke Bruck/Mur","24"
917391,"FK Djerdap Kladovo","FK Djerdap Kladovo","24"
415033,"TSV Meerbusch",NULL,"24"
375374,"MFK Dukla Banska Bystrica",NULL,"24"
267763,"NK Ziri","NK Ziri","24"
1256245,"Sportive Boujaad","Sportive Boujaad","24"
1278098,"FC Racing","FC Racing","24"
791868,"CD Espuce","CD Espuce","24"
1278096,"Neza FC","Neza FC","24"
35623,"Bergnasets AIK",NULL,"24"
136230,"South Cardiff FC","South Cardiff","24"
135962,"Olympia Warriors Hobart","Olympia Warriors H.","24"
378078,"FC Schladming","Schladming","24"
422889,"FC Zeirey Tamra","FC Zeirey Tamra","24"
655769,"CSC Deportivo Llacuabamba","Llacuabamba","24"
422937,"AA Internacional Limeira SP",NULL,"24"
716395,"Belgium SRL",NULL,"24"
424561,"New Town Eagles SC","New Town Eagles","24"
778158,"El Nacional (Ecu)","El Nacional (Ecu)","24"
133872,"Sao Paulo RS",NULL,"24"
792420,"Island Bay United","Island Bay United","24"
317565,"Ferroviario Da Beira","Ferroviario Da Beira","24"
548487,"SC St. Veit","St. Veit","24"
124518,"Stade de Mbour","Mbour","24"
272125,"SCU Kilb","SCU Kilb","24"
792248,"Upper Hutt City FC","Upper Hutt City FC","24"
273739,"FK Radnicki Pirot","Radnicki Pirot","24"
117498,"Trstenik PPT","Trstenik","24"
428173,"PK-35 Helsinki",NULL,"24"
273783,"FK Buducnost Dobanovci","Buducnost","24"
47343,"SV Bad Ischl","Bad Ischl","24"
918001,"Fortuna Sittard",NULL,"24"
429855,"EC Sao Bernardo SP",NULL,"24"
430073,"Dinaz Vyshgorod","Vyshgorod","24"
1274618,"Balma SC U19","Balma SC U19","24"
771696,"Dubai City Football Club","Dubai City Football Club","24"
1274608,"FC Saint Lo Manche U19","FC Saint Lo Manche U19","24"
1274606,"Stade Briochin U19","Stade Briochin U19","24"
1274602,"SC Schiltigheim U19","SC Schiltigheim U19","24"
865069,"Zumbi EC AL","Zumbi EC","24"
510712,"NK Vipava","NK Vipava","24"
541351,"SPG Edelserpentin","SPG Edelserpentin","24"
2168,"Nussdorf","Nussdorf","24"
111963,"Rojko Dobrovce","Dobrovce","24"
5919,"Vasa IFK","VIFK","24"
111053,"USC Eugendorf","Eugendorf","24"
434000,"San Antonio Unido",NULL,"24"
737887,"NK Skofja Loka","NK Skofja Loka","24"
712257,"Bosnia And Herzegovina Srl","Bosnia And Herzegovina Srl","24"
435134,"Cessnock City Hornets FC","Cessnock City Hornets FC","24"
37372,"Scotland","Scotland","24"
22616,"Italy","Italy","24"
841826,"Olympiacos Piraeus B","Olympiacos Piraeus B","24"
846906,"Patriotas FC PR","Patriotas","24"
320165,"ASK Ybbs","ASK Ybbs","24"
105943,"Karvina","Karvina","24"
4770,"Japan","Japan","24"
96427,"SV Strasswalchen","Strasswalchen","24"
4829,"Indonesia",NULL,"24"
7752,"Czechia","Czechia","24"
671243,"HK Kopavogur","HK Kopavogur","24"
222382,"VfL Wolfsburg II","VfL Wolfsburg II","24"
222212,"FK Jedinstvo Paracin","Paracin","24"
671625,"Entebbe UPPC FC","Entebbe UPPC FC","24"
460561,"Western Michigan Broncos",NULL,"24"
768610,"AL Ittifaq","AL Ittifaq","24"
1243519,"Larsmo Bollklubb","Larsmo Bollklubb","24"
475138,"Vanderbilt Commodores",NULL,"24"
445381,"St Johnstone Wfc","St Johnstone Wfc","24"
821066,"FK Bor 1919","FK Bor 1919","24"
4773,"Kenya",NULL,"24"
1269662,"SG Ardagger/Neustadtl","SG Ardagger/Neustadtl","24"
693745,"Boden City FC",NULL,"24"
460297,"Tsu Matrei","Tsu Matrei","24"
460247,"SU Sankt Martin","SU Sankt Martin","24"
732193,"Su Vortuna Bad Leonfelden","Su Vortuna Bad Leonfelden","24"
460245,"SPG Pregarten","SPG Pregarten","24"
350238,"Odysseas Moschatou WFC","Odysseas Moschatou WFC","24"
38080,"Azerbaijan","Azerbaijan","24"
460057,"Union Mondsee","Union Mondsee","24"
731915,"SPG Weisskirchen Allhaming","SPG Weisskirchen Allhaming","24"
498296,"Navad Urmia FC","Navad Urmia FC","24"
65710,"Sporting Kristina","Sp. Kristina","24"
731851,"Ufc Stampfl-Bau Ostermiething","Ufc Stampfl-Bau Ostermiething","24"
309540,"Dorense FC SE",NULL,"24"
516810,"ES Bouchamma","Bouchamma","24"
334245,"EC Agua Santa SP",NULL,"24"
495672,"Bastia SC","Bastia SC","24"
302320,"Sporting Ben Arous","Sporting Ben Arous","24"
452289,"BYU Cougars",NULL,"24"
456959,"Union Gschwandt","Union Gschwandt","24"
70086,"KF Fjallabyggd","Fjallabyggd","24"
340516,"PVF Cong An Nhan Dan FC","PVF Cong An Nhan Dan FC","24"
1131349,"Yllatys","Yllatys","24"
38100,"Serbia","Serbia","24"
334235,"EC XV de Novembro Piracicaba SP",NULL,"24"
33570,"Vittoriosa Stars","Vittoriosa S","23"
2078,"SV Schwarzach","Schwarzach","23"
452421,"Georgetown Hoyas",NULL,"23"
1264337,"Chingale De TeTe","Chingale De TeTe","23"
415405,"Taroona","Taroona","23"
452303,"California Baptist Lancers",NULL,"23"
716221,"Wales SRL",NULL,"23"
620004,"Jeugd Union Saint-Gilloise",NULL,"23"
283541,"Ips","Ips","23"
460553,"Akron Zips",NULL,"23"
380902,"Liaoning Shenbei Hefeng","Liaoning Shenbei Hefeng","23"
655563,"Nacao SC","Nacao SC","23"
1072322,"Biavo FC","Biavo FC","23"
838290,"Tuntum MA",NULL,"23"
4751,"Cameroon",NULL,"23"
245403,"Peka","Peka","23"
136726,"Bamboutos FC de Mbouda",NULL,"23"
937119,"Bodoe/Glimt SRL",NULL,"23"
212206,"UFV Thalgau","Thalgau","23"
452265,"Baylor Bears",NULL,"23"
445383,"East Fife Lfc","East Fife Lfc","23"
36004,"Tove",NULL,"23"
135322,"Prudentopolis PR","Prudentopolis","23"
463175,"AD Vilankulo","AD Vilankulo","23"
619992,"Jeugd Lommel SK","Jeugd Lommel SK","23"
41745,"KPV/Akatemia","KPV/Akatemia","23"
424501,"Dudley Redhead United SFC","Dudley Redhead SFC","23"
22543,"Netherlands","Netherlands","23"
1168469,"SK Hs Kromeriz B","SK Hs Kromeriz B","23"
712279,"Kosovo","Kosovo SRL","23"
40651,"Al-Jaish SC (Syr)","Al-Jaish","23"
227058,"Parana Clube PR","Parana Clube PR","23"
619974,"K Beerschot VA","K Beerschot VA","23"
36209,"TSV Neumarkt","Neumarkt","23"
618830,"Uniao Suzano AC SP",NULL,"23"
380914,"Guangdong Meizhou Hakka FC","Guangdong Meizhou","23"
36343,"UFC SV Hallwang","Hallwang","23"
1010963,"Universidad Catolica Del Ecuador","Universidad Catolica Del Ecuador","23"
778408,"Dourados AC MS","Dourados","23"
474806,"Paduano EC RJ",NULL,"23"
388276,"Homs Al-Fidaa SC","Homs Al-Fidaa","23"
549223,"SV Dellach/Gail","SV Dellach/Gail","23"
371172,"CSM Focsani 2007","Focsani 2007","23"
1114067,"Espa/Renat",NULL,"23"
889669,"Galo Maringa PR",NULL,"23"
48025,"Haukar Hafnarfjordur","Haukar","23"
425709,"UFC Siezenheim","UFC Siezenheim","23"
1286969,"Hera United","Hera United","23"
50919,"EC Pelotas RS",NULL,"23"
238664,"Mtibwa Sugar FC","Mtibwa Sugar FC","23"
38064,"Netherlands","Netherlands","23"
21848,"EC Democrata MG","Democrata","23"
23424,"Toip-49","TP-49","23"
384820,"AL Fateh","AL Fateh","23"
42345,"KFK",NULL,"23"
497170,"AE Larissa FC","AE Larissa","23"
380910,"Zhejiang Hangzhou","Zhejiang Hangzhou","23"
475150,"Utah State Aggies",NULL,"23"
879053,"Sportivo Ameliano","Sportivo Ameliano","23"
585621,"Sportivo Luqueno","Sportivo Luqueno","23"
22512,"Germany","Germany","23"
505402,"Sporting Club DE Escaldes","Escaldes","23"
895991,"Nacao","Nacao","23"
460687,"SV Anthering","SV Anthering","23"
456895,"UC Santa Barbara Gauchos",NULL,"23"
460059,"Union Henndorf","Union Henndorf","23"
1274612,"Cavigal Nice SF U19","Cavigal Nice SF U19","23"
234514,"Joinville EC SC","Joinville","23"
716225,"Netherlands SRL",NULL,"23"
278075,"SV Dinamo Helfort 15","SV Dinamo Helfort 15","23"
38159,"KR Reykjavik","KR Reykjavik","23"
451399,"FC Minaj",NULL,"23"
5162,"Trinidad and Tobago","Trinidad and Tobago","23"
431871,"Wallsend FC","Wallsend FC","23"
463163,"Costa Do Sol","Costa Do Sol","23"
383288,"Volos 2004","Volos 2004","23"
4788,"Palestine",NULL,"23"
475192,"UC Santa Barbara Gauchos",NULL,"23"
330121,"Concordia SC","Concordia SC","23"
460661,"UNC Greensboro Spartans",NULL,"23"
311002,"Textafrica",NULL,"23"
452503,"Lipscomb Bisons",NULL,"23"
666937,"Thonon Evian GG FC","Thonon Evian GG FC","23"
739541,"Shandong Ticai","Shandong Ticai","23"
739537,"Shanghai Shengli","Shanghai Shengli","23"
5164,"Panama","Panama","23"
729201,"Ufc Hallein","Ufc Hallein","23"
962645,"AE Kifisia","Kifisia","23"
615494,"Odense Boldklub","Odense Boldklub","23"
76467,"Sporting Lokeren",NULL,"23"
729501,"SV Burmoos","SV Burmoos","23"
4781,"Mexico","Mexico","23"
456829,"Georgetown Hoyas",NULL,"23"
435218,"3B Sport AM","3B Sport AM","23"
190588,"Stirling University","Stirling Univ.","23"
825964,"Adana Demirspor Srl",NULL,"23"
4720,"Zambia","Zambia","23"
190580,"Hamilton Academical WFC","Hamilton Academical","23"
1151685,"NAC Breda","NAC Breda","23"
919601,"SV Babelsberg 03","SV Babelsberg 03","23"
276295,"Ofk-Sim Raslavice","Ofk-Sim Raslavice","23"
332273,"AA Portuguesa Santista SP",NULL,"23"
1104921,"Monte Roraima RR","Monte Roraima RR","23"
1229795,"Recoleta FC","Recoleta FC","23"
186006,"Taliya SC","Taliya SC","23"
712265,"Norway Srl",NULL,"23"
4726,"Uganda",NULL,"23"
463213,"Ferroviario de Nacala","Ferroviario de Nacala","23"
401739,"Hapoel Tirat Hacarmel","Hapoel Tirat Hacarmel","23"
1292777,"CE Casa De Portugal","CE Casa De Portugal","23"
452369,"Duke Blue Devils",NULL,"23"
561528,"Saint Malo","Saint Malo","23"
712269,"Scotland SRL",NULL,"23"
1286911,"Volos Nps","Volos Nps","23"
1122233,"Sportivo 2 de Mayo","Sportivo 2 de Mayo","23"
327295,"Artsul FC RJ",NULL,"23"
33575,"Senglea Athletic",NULL,"23"
22024,"Iceland","Iceland","23"
934829,"Velez Sarfield",NULL,"23"
585607,"Club Guarani","Club Guarani","23"
332145,"Rudar Trbovlje","Rudar Trbovlje","23"
2114,"FC Puch","Puch","23"
476956,"NK Svoboda Ljubljana","NK Svoboda Ljubljana","23"
275237,"Tampereen Peli-Toverit","Tamp. Peli-Toverit","23"
4730,"Thailand","Thailand","23"
1244687,"Araucaria ECR PR","Araucaria","23"
452453,"Houston Christian Huskies",NULL,"23"
380384,"Jiangsu LFC","Jiangsu LFC","23"
406491,"OGC Nice","Nice","23"
1244804,"Hope Internacional FC PR","Hope Internacional","23"
167774,"WAF Vorwarts Brigittenau","Brigittenau","23"
456747,"SMU Mustangs",NULL,"23"
44493,"Lija Athletic",NULL,"23"
714247,"AC Sparta Prague SRL","Sparta Prague SRL","23"
890257,"Shaanxi Chang An Athletic FC","Shaanxi Chang An Athletic FC","23"
25473,"Mnk Izola","Mnk Izola","23"
525349,"Alagoinhas AC BA","Alagoinhas","23"
50019,"NOPS","NOPS","23"
288953,"Jableh SC","Jableh SC","23"
889609,"Lautp","Lautp","23"
555616,"AA Aparecidense GO","Aparecidense","23"
460563,"West Virginia Mountaineers",NULL,"23"
198240,"NK Sobec Lesce","NK Sobec Lesce","23"
2284,"Ponnistajat",NULL,"23"
380882,"Beijing WFC","Beijing WFC","23"
55163,"Yarmouk","Yarmouk","23"
35206,"SAK 1914 Salzburg","SAK Salzburg","23"
283545,"Kopa","Kopa","23"
1043083,"Jeugd Royal Francs Borains ","Jeugd Royal Francs Borains ","23"
380886,"Changchun Jiuyin Loans","Changchun Jiuyin Loans","23"
21961,"CE Bento Goncalves RS",NULL,"23"
2140,"Simmeringer SC","Simmering","23"
37129,"FK Kolubara Lazarevac","Kolubara","22"
290376,"Hercilio Luz FC SC","Hercilio Luz ","22"
265153,"NK Brezice 1919","Brezice","22"
326815,"Korsnas FF",NULL,"22"
640672,"FCS Feminin Politehnica Timisoara","FCS FEMININ POLITEHNICA TIMISOARA","22"
362456,"Al-Shorta SC","Al-Shorta","22"
679063,"FV Academy",NULL,"22"
379550,"AL Hilal (Ksa)","AL Hilal (Ksa)","22"
1043381,"Trindade AC GO",NULL,"22"
280241,"Chittagong Abahani","Chittagong Abahani","22"
615496,"Silkeborg IF","Silkeborg IF","22"
379554,"AL Nassr","AL Nassr","22"
4831,"Mali","Mali","22"
296954,"Al Wehda U21","Al Wehda U21","22"
542021,"Grenoble Foot 38","Grenoble Foot 38","22"
531395,"FC Hennef 05",NULL,"22"
1282211,"AL Ettifaq U21","AL Ettifaq U21","22"
1232493,"Sporting Jax","Sporting Jax","22"
475112,"Virginia Cavaliers",NULL,"22"
218998,"Fuglebakken KFUM","Fuglebakken","22"
112613,"Vri","Vri","22"
742263,"Luxembourg Srl","Luxembourg Srl","22"
343544,"NK Rudes","Rudes","22"
404825,"Corumbaense FC MS","Corumbaense","22"
591549,"Boston City FC MG","Boston City FC MG","22"
591387,"HNK Gorica","Gorica","22"
475228,"Tennessee Tech Golden Eagles",NULL,"22"
7928,"FC Kosice II","Kosice II","22"
742239,"Greece Srl",NULL,"22"
991835,"PVF-Cong An Nhan Dan FC",NULL,"22"
157792,"Teshreen SC","Tishreen","22"
475440,"North Florida Ospreys",NULL,"22"
38099,"Northern Ireland","Northern Ireland","22"
740175,"Henan Wanxianshan WFC",NULL,"22"
1280765,"AL Duhail","AL Duhail","22"
684299,"Soroksar SC Budapest",NULL,"22"
1281655,"AL Sailiya","AL Sailiya","22"
372472,"NK Sesvete","Sesvete","22"
909015,"Monsoon FC RS",NULL,"22"
511938,"Atletic Olimpia Gherla","Atletic Olimpia Gherla","22"
452501,"Liberty Lady Flames",NULL,"22"
749247,"Yongchuan Chashan",NULL,"22"
305512,"Grotta","Grotta","22"
460639,"Lafayette Leopards",NULL,"22"
110739,"Tatran Presov","Tatran","22"
1049457,"Csm Unirea Alba Iulia","Csm Unirea Alba Iulia","22"
1268072,"FC Salzburg Frauen","FC Salzburg Frauen","22"
473105,"FK Zvezdara","FK Zvezdara","22"
1282225,"AL Taawoun U21","AL Taawoun U21","22"
267573,"IA Akranes","IA Akranes","22"
37354,"Portugal","Portugal","22"
452291,"Cal Poly Mustangs",NULL,"22"
1122257,"Mikkelin Palloilijat 2","Mikkelin Palloilijat 2","22"
287237,"CR Brasil AL","Brasil","22"
265685,"NK Varazdin","Varazdin","22"
736999,"RSC Anderlecht Srl","RSC Anderlecht Srl","22"
681103,"Kuala Lumpur Rovers",NULL,"22"
892255,"Comercial FC Tiete SP",NULL,"22"
25491,"MFK Dukla Banska Bystrica B","Dukla Banska Bystrica B","22"
267761,"SD Videm","Videm","22"
554140,"Baia de Pemba FC","Baia de Pemba FC","22"
770952,"Ferroviario de Lichinga","Ferroviario de Lichinga","22"
916617,"Saaby Fodbold","Saaby Fodbold","22"
35316,"Greece","Greece","22"
460621,"Stanford Cardinal",NULL,"22"
996203,"Sportivo Trinidense","Sportivo Trinidense","22"
46631,"Colombia","Colombia","22"
293954,"VASAS FEMINA FC","VASAS FEMINA FC","22"
152574,"Ellidi","Ellidi","22"
475334,"Sacred Heart Pioneers",NULL,"22"
1120709,"HJK / Kantsu",NULL,"22"
35318,"Mikkelin Pallo-Kissat","Mikkelin Kissat","22"
552285,"Alianca FC GO",NULL,"22"
475148,"Utah Valley Wolverines",NULL,"22"
863915,"Gorilas de Juanacatlan","Gorilas de Juanacatlan","22"
1263053,"NK Samobor","Samobor","22"
22373,"FC Espoo/Heimo",NULL,"22"
716417,"Spain SRL",NULL,"22"
734621,"Merignac SA",NULL,"22"
294328,"FK Gsp Polet Dorcol","FK Gsp Polet Dorcol","22"
615492,"Lyngby","Lyngby","22"
965225,"Pkb Padinska Skela","Pkb Padinska Skela","22"
702153,"RKC Waalwijk SRL",NULL,"22"
1268634,"Espergaerde IF","Espergaerde IF","22"
1386,"Skovshoved IF","Skovshoved","22"
1000015,"CA Bandeirante SP",NULL,"22"
522244,"FK Radnicki Beograd","Radnicki Beograd","22"
37369,"NK Idrija","Idrija","22"
1349,"Aalborg Freja","Aalborg","22"
889967,"Kjp Kouvola","Kjp Kouvola","22"
1282223,"AL Fayha U21","AL Fayha U21","22"
142216,"A-Xiii Auhof Center","A-Xiii Auhof","22"
460733,"Grand Canyon Lopes",NULL,"22"
324339,"Universities of Canterbury AFC",NULL,"22"
373696,"Astra HFC Budapest",NULL,"22"
294330,"FK Brodarac","FK Brodarac","22"
1280743,"AL Gharafa","AL Gharafa","22"
38104,"Turkiye","Turkiye","22"
211590,"NK Rogaska","Rogaska","22"
452431,"Grambling State Tigers",NULL,"22"
24444,"FC Lokomotiv Mezdra","Lok Mezdra","22"
37373,"Slovenia","Slovenia","22"
1265385,"FC Sydkysten","FC Sydkysten","22"
4825,"El Salvador","El Salvador","22"
136226,"Lake Macquarie City FC","Lake Macquarie","22"
4746,"Bolivia","Bolivia","22"
619994,"Jeugd Patro Eisden Maasmechelen","Jeugd Patro Eisden Maasmechelen","22"
312979,"Maroochydore Swans FC",NULL,"22"
189388,"Hutteen SC","Hutteen SC","22"
452233,"Alabama Crimson Tide",NULL,"22"
40078,"Churchill Brothers SC",NULL,"22"
456867,"Michigan Wolverines",NULL,"22"
1037705,"NK Hajdina","NK Hajdina","22"
475186,"UIC Flames",NULL,"22"
1041347,"Desportivo Da Matola",NULL,"22"
21861,"Paranavai PR","Paranavai","22"
7229,"Haiti","Haiti","22"
1020245,"Real SC RS","Real SC","22"
22560,"Spain","Spain","22"
1173111,"Holstein Kiel Srl",NULL,"22"
537389,"Sokol Kazan",NULL,"22"
4724,"USA","USA","22"
89448,"Gerasd. Stammersd.","Gerasdorf","22"
275163,"Neroca FC","Neroca FC","22"
43228,"NK Dob","NK Dob","22"
460517,"Cornell Big Red",NULL,"22"
369134,"FK Jedinstvo Surcin","Jedinstvo Surcin","22"
452353,"Dayton Flyers",NULL,"22"
155488,"NK Slaven Belupo","Slaven Belupo","22"
718631,"Chile",NULL,"22"
330531,"Deportivo Coopsol",NULL,"22"
1167737,"Bergerac Perigord FC",NULL,"22"
1282229,"Neom SC U21","Neom SC U21","22"
509836,"Alg Spor","Alg Spor","22"
934311,"CS Gloria 2018 Bistrita-Nasaud","CS Gloria 2018 Bistrita-Nasaud","22"
615498,"Soenderjyske","Soenderjyske","22"
7418,"Japan","Japan","22"
53381,"AFC Universitatea Olimpia Cluj","AFC Universitatea Olimpia Cluj","22"
44034,"Oestre Boldklub","Oestre","22"
6273,"Kultsu FC","Kultsu","22"
22474,"France","France","22"
864167,"RC Lens","RC Lens","22"
1170869,"BB Bodrumspor Srl",NULL,"22"
1007073,"Kyparamaki Rangers",NULL,"22"
214140,"Radnicki Obrenovac","R. Obrenovac","22"
619848,"Olympic Club De Charleroi","Olympic Club De Charleroi","22"
464603,"UDA AL","UDA AL","22"
61722,"Bonsucesso FC RJ","Bonsucesso","22"
155470,"HNK Rijeka","Rijeka","22"
356594,"Broendby IF","Broendby IF","22"
475396,"Ohio State Buckeyes",NULL,"22"
1206351,"CA Piauiense PI","Piauiense","22"
317855,"UD Do Songo","Do Songo","22"
777292,"Cerrado EC GO","Cerrado","22"
7414,"Denmark","Denmark","22"
374800,"Lank FC Vilaverdense",NULL,"22"
167090,"Randers Freja","Randers Freja","22"
1280763,"Umm Salal","Umm Salal","22"
25469,"NK Zavrc","Zavrc","22"
215824,"NK Podvinci","Podvinci","22"
198234,"NK Ljutomer","Ljutomer","22"
220546,"Wydad Temara","Wydad Temara","22"
460713,"San Diego Toreros",NULL,"22"
889075,"CD Universidad Cesar Vallejo",NULL,"22"
1215281,"Heroes de Zaci FC","Heroes de Zaci FC","22"
7408,"MFK Ruzomberok B","Ruzomberok B","22"
475058,"Xavier Musketeers",NULL,"22"
755669,"Doxa 2016 PS",NULL,"22"
290184,"FC Finnkurd",NULL,"22"
1165821,"Yarmanya United",NULL,"22"
475270,"South Dakota State Jackrabbits",NULL,"22"
75279,"Sri Pahang FA",NULL,"22"
263753,"Union Sportif Amal Tiznit","U. S. Amal Tiznit","22"
827178,"Oulunsalon Pallo",NULL,"22"
1113455,"AO Acharnaikos","AO Acharnaikos","22"
758384,"Afk Csikszereda Miercurea Ciuc","Afk Csikszereda Miercurea Ciuc","22"
1236771,"Real Ancash",NULL,"22"
21839,"EC Aguia Negra MS","Aguia Negra","22"
499058,"Gpo Kastorias",NULL,"22"
865071,"Cruzeiro Arapiraca AL","Cruzeiro Arapiraca","22"
475142,"UTSA Roadrunners",NULL,"22"
43979,"FK Bask","BASK","22"
1275788,"Cruz Azul Opoa","Cruz Azul Opoa","22"
1007075,"Seinaajoen Sisu",NULL,"22"
475244,"Stephen F. Austin Lumberjacks",NULL,"22"
715569,"PK Keski-Uusimaa  2",NULL,"22"
2411,"NK Smartno 1928","NK Smartno 1928","22"
452405,"Florida State Seminoles",NULL,"22"
21822,"Suriname",NULL,"22"
62214,"Aigle Royal","Aigle Royal","22"
2419,"NK Korotan","Korotan","22"
1275778,"Roma FC","Roma FC","22"
2422,"NK IB Ljubljana","IB Ljubljana","22"
452277,"Bowling Green Falcons",NULL,"22"
452463,"Illinois State Redbirds",NULL,"22"
155468,"NK Osijek","Osijek","22"
36981,"FC Zimbru Chisinau 2","Zimbru C2","22"
452257,"Army Black Knights",NULL,"22"
759918,"Al-Sholla","Al-Sholla","22"
460593,"Bryant Bulldogs",NULL,"22"
42343,"Alftanes","Alftanes","22"
38101,"Slovakia","Slovakia","22"
712261,"Slovakia",NULL,"22"
1268056,"MSK Fomat Martin U19","MSK Fomat Martin U19","22"
625210,"CN Marcilio Dias SC",NULL,"22"
379376,"Esbjerg","Esbjerg","22"
37125,"FK Teleoptik","Teleoptik","22"
750669,"FC Bengaluru United","FC Bengaluru United","22"
475074,"Wisconsin Badgers",NULL,"22"
374952,"Fairleigh Dickinson Knights",NULL,"21"
2131,"FC BW Feldkirch","BW Feldkirch","21"
327303,"Sao Cristovao FR RJ",NULL,"21"
378100,"Royal Pari FC",NULL,"21"
926869,"Lindenwood Lions",NULL,"21"
712251,"Hungary SRL",NULL,"21"
1282217,"AL Okhdood U21","AL Okhdood U21","21"
718641,"Colombia",NULL,"21"
569281,"SC Mils","Mils","21"
1126777,"Porto SC BA","Porto","21"
626950,"Retro FC PE",NULL,"21"
391610,"Calangute Association","Calangute Association","21"
475446,"North Carolina Tar Heels",NULL,"21"
466295,"FK Torlak","FK Torlak","21"
338603,"Hougang United FC Reserve","Hougang United FC Reserve","21"
203483,"Knattspyrnufelagid Kria","Kria","21"
718639,"Venezuela",NULL,"21"
195356,"Gungahlin United FC",NULL,"21"
753721,"SK Ebbs","SK Ebbs","21"
283561,"Stps","Stps","21"
1280761,"Qatar SC","Qatar SC","21"
1280757,"AL Wakrah SC","AL Wakrah SC","21"
1280755,"AL Shamal","AL Shamal","21"
1280751,"AL Sadd","AL Sadd","21"
1280749,"AL Rayyan","AL Rayyan","21"
1280741,"AL Arabi Doha","AL Arabi Doha","21"
1280739,"AL Ahli Doha","AL Ahli Doha","21"
4723,"Uzbekistan",NULL,"21"
32671,"Itapipoca EC CE","Itapipoca","21"
718629,"Uruguay SRL",NULL,"21"
180918,"Balestier Khalsa Reserve","Balestier Khalsa Reserve","21"
180916,"Tanjong Pagar United FC Reserve","Tanjong Pagar United FC Reserve","21"
32878,"Resende FC RJ","Resende","21"
1182709,"Bornova Hitab Spor","Bornova Hitab Spor","21"
168810,"Metz FC","Metz","21"
718625,"Paraguay",NULL,"21"
1279635,"FK T6 Nika","FK T6 Nika","21"
4744,"Benin","Benin","21"
716419,"Sweden","Sweden SRL","21"
653287,"Sleza Wroclaw","Sleza Wroclaw","21"
152568,"KH Hlidarendi","Hlidarendi","21"
475374,"Penn State Nittany Lions",NULL,"21"
421527,"Bulawayo Chiefs FC","Bulawayo Chiefs FC","21"
1261425,"City London FC PR U20","City London FC PR U20","21"
137260,"Desportivo Brasil SP",NULL,"21"
48022,"Afturelding Mosfellsbaer","Afturelding Mosfellsbaer","21"
1278052,"Forte FC ES","Forte FC ES","21"
615500,"Vejle","Vejle","21"
475424,"Northwestern Wildcats",NULL,"21"
475422,"Northwestern State Lady Demons",NULL,"21"
594866,"Ferroviario AC CE","Ferroviario","21"
746453,"AC Horsens","AC Horsens","21"
7411,"Brazil","Brazil","21"
475216,"Texas State Bobcats",NULL,"21"
475214,"Texas Tech Red Raiders",NULL,"21"
36940,"Kom-Minyor Berkovitsa","Kom-Minyor","21"
665349,"Tanabi EC SP",NULL,"21"
1222643,"SV Rot-Weiss Walldorf","Rot-Weiss Walldorf","21"
475072,"Wofford Terriers",NULL,"21"
50793,"Haukiputaan Pallo","Haukiputaan","21"
37245,"NK Vitez","Vitez","21"
700515,"SK Slavia Prague SRL",NULL,"21"
475080,"Western Michigan Broncos",NULL,"21"
742243,"Malta Srl","Malta Srl","21"
698249,"Kaohsiung Attackers","Kaohsiung Attackers","21"
615490,"FC Nordsjaelland","FC Nordsjaelland","21"
37398,"OFK Bdin Vidin","Bdin Vidin","21"
475092,"West Virginia Mountaineers",NULL,"21"
615488,"AGF Aarhus","AGF Aarhus","21"
716393,"Finland SRL",NULL,"21"
37866,"France","France","21"
91578,"West Canberra Wanderers FC",NULL,"21"
90278,"Sao Raimundo EC RR","Sao Raimundo","21"
90268,"Sobradinho DF",NULL,"21"
37944,"Club Esportiu Principat","Principat","21"
1091003,"Patriotas FC PR","Patriotas","21"
1148217,"Putrajaya Athletic FC",NULL,"21"
1090843,"Sfera FC SP",NULL,"21"
37972,"Italy","Italy","21"
1089803,"FC Pantanal SAF MS","FC Pantanal SAF MS","21"
38066,"Norway","Norway","21"
698247,"Taichung Blue Whale","Taichung Blue Whale","21"
334243,"EC Taubate SP",NULL,"21"
452271,"Boise State Broncos",NULL,"21"
1225865,"CD Atletico Junior","CD Atletico Junior","21"
4779,"Mauritania","Mauritania","21"
6978,"AD Cabofriense RJ","Cabofriense RJ","21"
78487,"R. Aveyron","Aveyron","21"
452423,"Georgia Bulldogs",NULL,"21"
452435,"Green Bay Phoenix",NULL,"21"
1292775,"Pirineus United FC","Pirineus United FC","21"
1271688,"AJ Auxerre","AJ Auxerre","21"
452461,"Illinois Fighting Illini",NULL,"21"
452473,"Iowa Hawkeyes",NULL,"21"
452493,"Kentucky Wildcats",NULL,"21"
4783,"Mozambique",NULL,"21"
598076,"FAC Wien Amateure","FAC Wien Amateure","21"
76557,"HNK Hajduk Split","Hajduk Split","21"
40020,"Dong Nai FC",NULL,"21"
40023,"Huda Hue",NULL,"21"
1026993,"Tuloy FC","Tuloy FC","21"
322535,"Wagga City Wanderers",NULL,"21"
456743,"Connecticut Huskies",NULL,"21"
456751,"Maryland Terrapins",NULL,"21"
456755,"UCF Knights",NULL,"21"
456771,"UMass Minutemen",NULL,"21"
524620,"AL Shahaniya SC","AL Shahaniya SC","21"
40652,"Al Ittihad Ahli of Aleppo","Al Ittihad Ahli of Aleppo","21"
456787,"Duke Blue Devils",NULL,"21"
456791,"North Carolina Tar Heels",NULL,"21"
456797,"Pittsburgh Panthers",NULL,"21"
456801,"Virginia Cavaliers",NULL,"21"
493676,"Southern Indiana Screaming Eagles",NULL,"21"
41487,"Belarus","Belarus","21"
456861,"Indiana Hoosiers",NULL,"21"
1131339,"Holstin Dynamo",NULL,"21"
41818,"Vipa",NULL,"21"
456891,"UC Irvine Anteaters",NULL,"21"
456903,"Hofstra Pride",NULL,"21"
475190,"UCF Knights",NULL,"21"
308296,"Kallithea",NULL,"21"
684593,"Murdoch University Melville FC",NULL,"21"
894097,"Hoa Binh FC","Hoa Binh FC","21"
1039261,"Almere City FC Srl",NULL,"21"
475188,"UCLA Bruins",NULL,"21"
686827,"Araucaria EC PR","Araucaria EC PR","21"
308312,"Lamia 1964",NULL,"21"
876601,"Hafnir","Hafnir","21"
687265,"NK Mladost Zdralovi","Mladost Zdralovi","21"
493088,"Milwaukee Panthers",NULL,"21"
687417,"Yoogali SC",NULL,"21"
493062,"Memphis Tigers",NULL,"21"
493026,"Louisville Cardinals",NULL,"21"
4826,"Guinea","Guinea","21"
62576,"Albania","Albania","21"
513694,"Criciuma EC SC","Criciuma EC SC","21"
460579,"Evansville Purple Aces",NULL,"21"
492988,"Rhode Island Rams",NULL,"21"
492970,"Mississippi State Bulldogs",NULL,"21"
1148215,"Gombak FC",NULL,"21"
55827,"Curacao",NULL,"21"
716243,"Portugal SRL",NULL,"21"
265449,"EC Sao Bento SP",NULL,"21"
475306,"Samford Bulldogs",NULL,"21"
263661,"AC Guaratingueta SP",NULL,"21"
263079,"Sao Jose EC","Sao Jose","21"
1282317,"Csl Hidro Mecanica Sugag 1984","Csl Hidro Mecanica Sugag 1984","21"
712253,"Iceland Srl",NULL,"21"
1062076,"Wellington Phoenix",NULL,"21"
366050,"Geylang International Reserve","Geylang International Reserve","21"
3348,"FC SKA-1938","SKA-1938","21"
1042711,"Flugoiania FC GO",NULL,"21"
22505,"England","England","21"
44681,"MFC Kremin Kremenchuk",NULL,"21"
372484,"HNK Sibenik","Sibenik","21"
278355,"FC Sudburgenland","Sudburgenland","21"
373700,"Ujpesti TE","Ujpesti TE","21"
904597,"Parintins FC AM",NULL,"21"
1140101,"Ypm FC",NULL,"20"
2059,"SV Worgl","Worgl","20"
475198,"UC Irvine Anteaters",NULL,"20"
677609,"Fort Wayne FC","Fort Wayne FC","20"
452237,"Alabama State Lady Hornets",NULL,"20"
493082,"Middle Tennessee State Blue Raiders",NULL,"20"
452227,"Abilene Christian Wildcats",NULL,"20"
330253,"Guia FC","Guia FC","20"
876223,"Sport Sinop MT",NULL,"20"
38082,"Bosnia and Herzegovina","Bosnia and Herzegovina","20"
1088023,"Leixoes SC","Leixoes SC","20"
463211,"Desportivo de Nacala",NULL,"20"
493064,"Mercer Bears",NULL,"20"
2070,"SC Kundl","Kundl","20"
7050,"Vietnam","Vietnam","20"
38071,"Spain","Spain","20"
1243505,"Wjk Varkaus",NULL,"20"
493060,"McNeese State Cowgirls",NULL,"20"
874821,"Ballard FC","Ballard FC","20"
475384,"Oral Roberts Golden Eagles",NULL,"20"
820950,"Naestved HG","Naestved HG","20"
1054197,"Vulturii Cutezatori",NULL,"20"
460525,"Princeton Tigers",NULL,"20"
894827,"Royal GO","Royal","20"
1041423,"Beylerbeyi SK","Beylerbeyi SK","20"
493022,"Louisiana Monroe Warhawks",NULL,"20"
774392,"Bellarmine Knights",NULL,"20"
475202,"Tulsa Golden Hurricane",NULL,"20"
475136,"VCU Rams",NULL,"20"
514148,"Gil Vicente FC","Gil Vicente FC","20"
475280,"South Carolina Gamecocks",NULL,"20"
460565,"SIU Edwardsville Cougars",NULL,"20"
475314,"Saint Louis Billikens",NULL,"20"
475106,"VMI Keydets",NULL,"20"
62232,"Unisport Du Haut Nkam","Unisport Du Haut Nkam","20"
475104,"Wagner Seahawks",NULL,"20"
475100,"Wake Forest Demon Deacons",NULL,"20"
105951,"CA Ouriense","CA Ouriense","20"
1274218,"Esbjerg FB","Esbjerg FB","20"
475094,"Weber State Wildcats",NULL,"20"
1121089,"Bac Ninh","Bac Ninh","20"
475290,"Siena Saints",NULL,"20"
1274224,"FC Prague Raptors","FC Prague Raptors","20"
106983,"Dornbirner SV","Dornbirner","20"
475088,"Western Carolina Catamounts",NULL,"20"
460623,"UCLA Bruins",NULL,"20"
840590,"Sl Benfica B","Sl Benfica B","20"
492992,"Montana Grizzlies",NULL,"20"
434122,"Corpus Christi FC","Corpus Christi","20"
739533,"SK Dynamo Ceske Budejovice","SK Dynamo Ceske Budejovice","20"
460641,"Lehigh Mountain Hawks",NULL,"20"
327007,"Kosovo","Kosovo","20"
840586,"Sporting Cp B","Sporting Cp B","20"
742237,"Slovenia Srl",NULL,"20"
1222765,"Kks Lech Poznan","Kks Lech Poznan","20"
475152,"Utah Utes",NULL,"20"
460681,"Western Illinois Leathernecks",NULL,"20"
958983,"SC Braga B","SC Braga B","20"
4761,"Gabon",NULL,"20"
1275790,"Marcala Junior","Marcala Junior","20"
36707,"Maccabi Holon FC","Holon","20"
368390,"Partizan Bardejov","Partizan Bardejov","20"
460705,"Portland Pilots",NULL,"20"
36706,"Glentoran Belfast","Glentoran Belfast","20"
475064,"Youngstown State Penguins",NULL,"20"
774398,"Utah Tech Trailblazers",NULL,"20"
663653,"Nova Mutum EC MT",NULL,"20"
712273,"Georgia Srl",NULL,"20"
1215199,"Dragones de Oaxaca","Dragones de Oaxaca","20"
874799,"Vermont Green FC","Vermont Green FC","20"
475418,"Oakland Golden Grizzlies",NULL,"20"
475268,"South Florida Bulls",NULL,"20"
1035593,"Atletico de Alagoinhas BA","Atletico de Alagoinhas BA","20"
492964,"Lafayette Leopards",NULL,"20"
133864,"Galicia BA",NULL,"20"
475420,"Notre Dame Fighting Irish",NULL,"20"
4753,"Cape Verde",NULL,"20"
4752,"Canada","Canada","20"
51148,"KFS Vestmannaeyjar","KFS","20"
142200,"Philippine Army","Philippine Army","20"
1188733,"Jwaaya FC","Jwaaya FC","20"
475302,"San Diego State Aztecs",NULL,"20"
35319,"Kajaanin Haka","Kajaanin Haka","20"
152564,"Vaengir Jupiters","Vaengir Jupiters","20"
620214,"Amora FC","Amora FC","20"
1185589,"Quinho FC SAF RN",NULL,"20"
159396,"Admira Dornbirn","Admira Dornbirn","20"
4741,"Australia","Australia","20"
413697,"Pib FC",NULL,"20"
621170,"Rollon Pojat","Rollon Pojat","20"
412619,"Maniema Union","Maniema Union","20"
1117403,"Maccabi Panterot Ashdod","Maccabi Panterot Ashdod","20"
460753,"San Jose State Spartans",NULL,"20"
1001835,"SK Artis Brno","SK Artis Brno","20"
475342,"Rice Owls",NULL,"20"
265475,"Volta Redonda FC RJ",NULL,"20"
44170,"FC Teplice","Teplice","20"
718643,"Brazil SRL",NULL,"20"
265469,"Bangu AC RJ",NULL,"20"
1001841,"SK Olomouc Sigma","SK Olomouc Sigma","20"
44174,"FC Hradec Kralove","Hradec Kralove","20"
22586,"Brazil","Brazil","20"
34010,"Campinense PB",NULL,"20"
34006,"ACD Potiguar RN",NULL,"20"
463215,"Ferroviario de Nampula","Ferroviario de Nampula","20"
1001843,"Sparta Prague B","Sparta Prague B","20"
951073,"Juveforce Adc Ponte Vagos","Juveforce Adc Ponte Vagos","20"
33757,"Colombia",NULL,"20"
951043,"S.C. Rio Tinto","S.C. Rio Tinto","20"
637746,"Sesa FA","Sesa FA","20"
1180621,"FC Porto","FC Porto","20"
718627,"Bolivia",NULL,"20"
751447,"FC Tirsense","FC Tirsense","20"
777700,"Dhaka Wanderers Club","Dhaka Wanderers Club","20"
44847,"FC Speranta Drochia",NULL,"20"
832930,"BSC 1924 KFT","BSC 1924 KFT","20"
399507,"Cliftonville LFC","Cliftonville LFC","20"
475286,"SIU Edwardsville Cougars",NULL,"20"
397718,"SE Itapirense SP",NULL,"20"
4719,"Zimbabwe","Zimbabwe","20"
1159917,"FC Koebenhavn","FC Koebenhavn","20"
1105893,"KS Stare Oborzyska","KS Stare Oborzyska","20"
276343,"Cibao CF","Cibao CF","20"
396572,"SV Telfs","SV Telfs","20"
44845,"FC Santa Coloma B","Santa Coloma B","20"
475438,"North Texas Mean Green",NULL,"20"
1282231,"Albirex Niigata (S) Reserve","Albirex Niigata (S) Reserve","20"
8039,"Chad","Chad","20"
718637,"Peru",NULL,"20"
8032,"Equatorial Guinea",NULL,"20"
283555,"Purha",NULL,"20"
906169,"Coritiba FC PR","Coritiba FC PR","20"
203479,"Arborg","Arborg","20"
392504,"SV Fugen","Fugen","20"
248569,"Costa Rica EC MS","Costa Rica","20"
24791,"ACS Sticla Ariesul Turda","Ariesul Turda","20"
391612,"Hapoel Bnei Zalafa",NULL,"20"
210680,"Kematen","Kematen","20"
6062,"Innsbrucker AC","Innsbrucker AC","20"
210682,"SV Oberperfuss","Oberperfuss","20"
390666,"Hapoel Raanana","Hapoel Raanana","20"
22427,"Toledo EC PR","Toledo PR","20"
211930,"CF Benfica","CF Benfica","20"
1282235,"Young Lions Reserve","Young Lions Reserve","20"
1011065,"Porcinos FC","Porcinos FC","20"
783452,"NK Kustosija Zagreb","Kustosija Zagreb","20"
388932,"WSG Tirol","WSG","20"
716223,"Switzerland SRL",NULL,"20"
1114439,"Legia Ladies","Legia","20"
23825,"Hamar","Hamar","20"
782104,"Mixto EC MT","Mixto EC MT","20"
475370,"Pepperdine Waves",NULL,"20"
475174,"Kansas City Roos",NULL,"20"
240446,"UITM United FC",NULL,"20"
569989,"North Wellington AFC",NULL,"20"
7611,"Romania","Romania","20"
4890,"Germany","Germany","20"
722887,"Tervakosken Pato",NULL,"20"
22501,"Czechia","Czechia","20"
572499,"SC Brasil Capixaba ES","SC Brasil Capixaba ES","20"
371306,"SPG Silz / Moetz","SPG Silz / Moetz","20"
452491,"Kent State Golden Flashes",NULL,"20"
1282199,"AL Najma SC U21","AL Najma SC U21","20"
1282201,"AL Raed FC U21","AL Raed FC U21","20"
40168,"Naviraiense MS","Naviraiense","20"
452469,"Indiana State Sycamores",NULL,"20"
1282205,"AL Bukiryah U21","AL Bukiryah U21","20"
452457,"Idaho Vandals",NULL,"20"
1282233,"Lion City Sailors FC Reserve","Lion City Sailors FC Reserve","20"
452445,"High Point Panthers",NULL,"20"
1282207,"AL Jabalain FC U21","AL Jabalain FC U21","20"
456759,"Dayton Flyers",NULL,"20"
452443,"Hawaii Rainbow Wahine",NULL,"20"
1282209,"AL Orobah U21","AL Orobah U21","20"
233038,"FK Levski 2007","FK Levski 2007","20"
452407,"Fordham Rams",NULL,"20"
889667,"EC Laranja Mecanica PR","Laranja Mecanica","20"
764638,"Samambaia FC DF",NULL,"20"
1282213,"AL Shabab Riyadh U21","AL Shabab Riyadh U21","20"
334127,"El Farolito","El Farolito","20"
1282219,"Damac","Damac","20"
495464,"Partizan Cherven Briag","Partizan Cherven Briag","20"
456795,"Notre Dame Fighting Irish",NULL,"20"
456799,"Syracuse Orange",NULL,"20"
1965,"Parana Clube PR","Parana","20"
456805,"Wake Forest Demon Deacons",NULL,"20"
452395,"Fairleigh Dickinson Knights",NULL,"20"
456811,"Liberty Flames",NULL,"20"
1988,"CA Tubarao SC","Tubarao","20"
456817,"North Florida Ospreys",NULL,"20"
452389,"Elon Phoenix",NULL,"20"
456845,"Gardner Webb Runnin' Bulldogs",NULL,"20"
456847,"High Point Panthers",NULL,"20"
456851,"Presbyterian Blue Hose",NULL,"20"
379560,"AL Khaleej Saihat","AL Khaleej Saihat","20"
889613,"Kajaanin Palloilijat","Kajaanin Palloilijat","20"
456873,"Ohio State Buckeyes",NULL,"20"
1307990,"FC Mali Coura","FC Mali Coura","20"
456881,"Cal Poly Mustangs",NULL,"20"
456883,"Cal State Fullerton Titans",NULL,"20"
379558,"AL Ahli Jeddah","AL Ahli Jeddah","20"
456889,"UC Davis Aggies",NULL,"20"
22545,"Norway","Norway","20"
475240,"Stony Brook Seawolves",NULL,"20"
939577,"Tarleton State Texans",NULL,"20"
456919,"FIU Panthers",NULL,"20"
22583,"Belgium","Belgium","20"
53845,"Al Jahra","Al Jahra","20"
452299,"Cal State Northridge Matadors",NULL,"20"
452297,"Cal State Fullerton Titans",NULL,"20"
82267,"Academik Svishtov","Svishtov","20"
939571,"Lindenwood Lions",NULL,"20"
452263,"Ball State Cardinals",NULL,"20"
22599,"England","England","20"
38090,"Hungary","Hungary","20"
1282227,"AL Adalah U21","AL Adalah U21","20"
1307902,"Derby Academie","Derby Academie","20"
1026985,"Don Bosco Garelli United","Don Bosco Garelli United","20"
495762,"Aalborg BK","Aalborg BK","20"
778150,"Club Nacional Montevideo",NULL,"20"
493590,"Missouri State Bears",NULL,"20"
452371,"Duquesne Dukes",NULL,"19"
905851,"Ponkilan Pantterit","Ponkilan Pantterit","19"
456839,"Seton Hall Pirates",NULL,"19"
452365,"Drake Bulldogs",NULL,"19"
456843,"Campbell Fighting Camels",NULL,"19"
456757,"Davidson Wildcats",NULL,"19"
452377,"Eastern Illinois Panthers",NULL,"19"
342212,"EC Nova Cidade RJ",NULL,"19"
452375,"East Tennessee State Bucs",NULL,"19"
1992,"Americano FC RJ","Americano","19"
6979,"Friburguense AC RJ",NULL,"19"
456857,"USC Upstate Spartans",NULL,"19"
682663,"Harini FC",NULL,"19"
2127,"FC Hard","Hard","19"
475394,"Oklahoma Sooners",NULL,"19"
1011057,"Jijantes FC","Jijantes FC","19"
597650,"LIU Sharks",NULL,"19"
4755,"China PR",NULL,"19"
452349,"Dartmouth Big Green",NULL,"19"
452347,"Creighton Bluejays",NULL,"19"
475416,"Ohio Bobcats",NULL,"19"
492966,"Le Moyne Dolphins",NULL,"19"
332605,"Clube Andraus Brasil PR",NULL,"19"
729859,"FC Rotenberg","FC Rotenberg","19"
22579,"Austria","Austria","19"
4832,"Namibia",NULL,"19"
939579,"East Texas AM Lions",NULL,"19"
452339,"Colorado State Rams",NULL,"19"
452333,"Colgate Raiders",NULL,"19"
493610,"Navy Mids",NULL,"19"
452327,"Clemson Tigers",NULL,"19"
493604,"Murray State Racers",NULL,"19"
2186,"FC Wolfurt","Wolfurt","19"
456905,"Elon Phoenix",NULL,"19"
369096,"Yantra Polski Trambesh","Yantra Polski","19"
452325,"Cincinnati Bearcats",NULL,"19"
452323,"Chicago State Cougars",NULL,"19"
5353,"Valmiera FC","Valmiera","19"
452321,"Chattanooga Mocs",NULL,"19"
1242895,"Avai FC / AE Kindermann SC",NULL,"19"
456921,"Kentucky Wildcats",NULL,"19"
452307,"Canisius Golden Griffs",NULL,"19"
475348,"Purdue Boilermakers",NULL,"19"
452301,"California Golden Bears",NULL,"19"
21813,"Dominican Republic","Dominican Republic","19"
456937,"Cleveland State Vikings",NULL,"19"
251039,"Aalborg BK","Aalborg BK","19"
718635,"Ecuador SRL",NULL,"19"
939573,"Queens (NC) Royals",NULL,"19"
456947,"Milwaukee Panthers",NULL,"19"
1032483,"Tigres UANL U23",NULL,"19"
452295,"Cal State Bakersfield Roadrunners",NULL,"19"
452285,"Buffalo Bulls",NULL,"19"
475426,"Northern Kentucky Norse",NULL,"19"
452275,"Boston University Terriers",NULL,"19"
2176,"FC Bizau","Bizau","19"
1193621,"Unia Lublin","Unia Lublin","19"
1112873,"Pwd SC","Pwd SC","19"
475378,"Pacific Tigers",NULL,"19"
464091,"FC Egg","FC Egg","19"
8033,"Lesotho","Lesotho","19"
144854,"Princesa do Solimoes EC AM",NULL,"19"
144872,"Santos FC AP",NULL,"19"
475222,"Texas A&M Corpus Christi Islanders",NULL,"19"
39638,"AD Bahia de Feira BA",NULL,"19"
452251,"Arkansas Razorbacks",NULL,"19"
452249,"Arizona State Sun Devils",NULL,"19"
199344,"Juventus Malchika","Juventus Malchika","19"
452247,"Arizona Wildcats",NULL,"19"
475232,"Temple Owls",NULL,"19"
653567,"SV Ludesch","SV Ludesch","19"
493518,"Jackson State Tigers",NULL,"19"
4747,"Botswana","Botswana","19"
452235,"Alabama AM Bulldogs",NULL,"19"
452229,"Air Force Falcons",NULL,"19"
22596,"Czechia","Czechia","19"
371304,"Volser SV","Vols","19"
452429,"Gonzaga Bulldogs",NULL,"19"
38084,"Croatia","Croatia","19"
493070,"Miami Ohio Redhawks",NULL,"19"
460739,"Houston Christian Huskies",NULL,"19"
452497,"Lamar Lady Cardinals",NULL,"19"
452427,"Georgia State Panthers",NULL,"19"
266403,"Sao Jose EC SP",NULL,"19"
731925,"Etar Veliko Tarnovo II","Etar Veliko Tarnovo II","19"
475242,"Stetson Hatters",NULL,"19"
452393,"Fairfield Stags",NULL,"19"
4708,"Iceland","Iceland","19"
529951,"Castanhal EC PA","Castanhal","19"
475432,"Northern Colorado Bears",NULL,"19"
452413,"Furman Paladins",NULL,"19"
391632,"Arambagh KS","Arambagh","19"
86846,"Al-Wahda SC (Syr)","Al-Wahda","19"
475448,"North Alabama Lions",NULL,"19"
65202,"Hapoel Kafr Kanna",NULL,"19"
493052,"Marist Red Foxes",NULL,"19"
718623,"Argentina SRL",NULL,"19"
674989,"Capital FC TO","Capital","19"
1282203,"AL Kholood U21","AL Kholood U21","19"
712249,"Bulgaria Srl",NULL,"19"
88508,"South Sudan","South Sudan","19"
475154,"UT Martin Skyhawks",NULL,"19"
475200,"UC Davis Aggies",NULL,"19"
1278765,"Kkp Warszawa","Kkp Warszawa","19"
493032,"Loyola Chicago Ramblers",NULL,"19"
452483,"James Madison Dukes",NULL,"19"
716239,"France SRL",NULL,"19"
1272530,"FC Troyan","FC Troyan","19"
475266,"Southeast Missouri State Redhawks",NULL,"19"
460535,"Iona Gaels",NULL,"19"
882137,"Bukit Tambun FC",NULL,"19"
475386,"Omaha Mavericks",NULL,"19"
452479,"Jacksonville Dolphins",NULL,"19"
223878,"Dukla Prague","Dukla Praha","19"
4733,"Eswatini","Eswatini","19"
445255,"Marica FC RJ",NULL,"19"
493018,"Louisiana Tech Lady Techsters",NULL,"19"
460551,"Siena Saints",NULL,"19"
346346,"Eastern Suburbs Auckland AFC",NULL,"19"
475434,"Northern Arizona Lumberjacks",NULL,"19"
4891,"Spain","Spain","19"
475116,"Vermont Catamounts",NULL,"19"
475156,"USC Upstate Spartans",NULL,"19"
1229789,"Atletico Tembetary",NULL,"19"
452471,"Iona Gaels",NULL,"19"
6022,"Czechia","Czech","19"
212840,"SK St. Johann","St. Johann","19"
1287115,"FC Slovan Liberec B","FC Slovan Liberec B","19"
475296,"Santa Clara Broncos",NULL,"19"
475160,"UNLV Rebels",NULL,"19"
452387,"Eastern Washington Eagles",NULL,"19"
475096,"Washington State Cougars",NULL,"19"
1172819,"West Georgia Wolves",NULL,"19"
456727,"Stony Brook Seawolves",NULL,"19"
1282221,"AL Riyadh SC U21","AL Riyadh SC U21","19"
376834,"St. John's Red Storm",NULL,"19"
452379,"Eastern Kentucky Colonels",NULL,"19"
1131333,"Villan Pojat","Villan Pojat","19"
402217,"AA Dimensao Saude AL","Dimensao Saude","19"
2184,"FC Nenzing","Nenzing","19"
388834,"Hapoel Bueine",NULL,"19"
452455,"Howard Lady Bison",NULL,"19"
613702,"Real Santa Cruz",NULL,"19"
49281,"Chile","Chile","19"
2188,"Austria Lustenau II","A. Lustenau II","19"
460633,"Bucknell Bison",NULL,"19"
4766,"IR Iran","Iran","19"
475170,"UNC Greensboro Spartans",NULL,"19"
475230,"Tennessee Lady Volunteers",NULL,"19"
1317886,"Internacional de Bogota.","Internacional de Bogota.","19"
37338,"France","France","19"
475086,"Western Illinois Leathernecks",NULL,"19"
475294,"Seattle Redhawks",NULL,"19"
452449,"Holy Cross Crusaders",NULL,"19"
742207,"SC Gofis","SC Gofis","19"
388294,"FC Tzeirei Kfar Kanna","FC Tzeirei Kfar Kanna","19"
751451,"Rio Ave FC","Rio Ave FC","19"
4764,"Ghana","Ghana","19"
460665,"Wofford Terriers",NULL,"19"
742255,"Armenia Srl",NULL,"19"
5936,"France","France","19"
635130,"Southern Illinois Salukis",NULL,"19"
541843,"FK Pavlikeni","FK Pavlikeni","19"
215516,"SV Lochau","Lochau","19"
1174583,"CA Piauiense PI",NULL,"19"
742267,"Montenegro Srl",NULL,"19"
475070,"Wright State Raiders",NULL,"19"
475068,"Wyoming Cowgirls",NULL,"19"
32670,"Quixada FC CE",NULL,"19"
40266,"PFK Metallurg Bekabad","Metallurg","19"
475392,"Oklahoma State Cowgirls",NULL,"19"
879051,"General Caballero Jlm",NULL,"19"
840432,"CF Caravaggio SC","Caravaggio","19"
399505,"FC Raika Volders","FC Raika Volders","19"
475380,"Oregon State Beavers",NULL,"19"
1043507,"Mercyhurst Lakers",NULL,"19"
377212,"America FC RJ",NULL,"19"
1275792,"CD Fas San Lorenzo","CD Fas San Lorenzo","19"
399467,"Metro United",NULL,"19"
452401,"Florida Atlantic Owls",NULL,"19"
4722,"Venezuela",NULL,"19"
475272,"South Dakota Coyotes",NULL,"19"
792340,"West Coast Rangers FC",NULL,"19"
456785,"Clemson Tigers",NULL,"19"
493688,"UC San Diego Tritons",NULL,"19"
475062,"UAB Blazers",NULL,"19"
492968,"Longwood Lancers",NULL,"19"
21857,"Linhares FC ES",NULL,"19"
368690,"Luks Sportowa Czworka Radom","LS Czworka Radom","19"
475360,"Portland Pilots",NULL,"19"
4786,"Northern Ireland","Northern Ireland","18"
868423,"Miguelense FC AL","Miguelense","18"
892229,"Aracatuba FC SP",NULL,"18"
905857,"Kemin Palloseura","Kemin Palloseura","18"
4475,"Norway","Norway","18"
4476,"Denmark","Denmark","18"
4477,"Romania","Romania","18"
4478,"Luxembourg","Luxembourg","18"
4479,"Bosnia and Herzegovina","Bosnia and Herzegovina","18"
4481,"France","France","18"
4482,"Cyprus","Cyprus","18"
4484,"Slovenia","Slovenia","18"
4688,"Sweden","Sweden","18"
4690,"Albania","Albania","18"
4693,"Ireland","Ireland","18"
4695,"Scotland","Scotland","18"
4697,"Slovakia","Slovakia","18"
4698,"Spain","Spain","18"
4699,"Switzerland","Switzerland","18"
4700,"Turkiye","Turkiye","18"
4701,"Ukraine","Ukraine","18"
4702,"Wales","Wales","18"
4703,"Poland","Poland","18"
4704,"Portugal","Portugal","18"
4705,"Netherlands","Netherlands","18"
4706,"Latvia","Latvia","18"
4707,"Italy","Italy","18"
4709,"Hungary","Hungary","18"
4710,"Greece","Greece","18"
4711,"Germany","Germany","18"
4712,"Finland",NULL,"18"
4713,"England","England","18"
4714,"Czechia","Czechia","18"
4715,"Croatia","Croatia","18"
4716,"Bulgaria",NULL,"18"
4717,"Belgium","Belgium","18"
4718,"Austria","Austria","18"
4725,"Uruguay","Uruguay","18"
4738,"Singapore","Singapore","18"
4742,"Azerbaijan",NULL,"18"
4743,"Belarus","Belarus","18"
4745,"Bermuda",NULL,"18"
4748,"Brazil","Brazil","18"
4754,"Chile",NULL,"18"
4757,"Ecuador","Ecuador","18"
4759,"Estonia",NULL,"18"
4763,"Georgia","Georgia","18"
4765,"Hong Kong","Hong Kong","18"
4772,"Kazakhstan",NULL,"18"
4776,"Lithuania","Lithuania","18"
4789,"Paraguay","Paraguay","18"
4790,"Peru","Peru","18"
4820,"Colombia","Colombia","18"
1311228,"Khan Shaykhun SC","Khan Shaykhun SC","18"
1311226,"Omaya SC","Omaya SC","18"
6025,"England","England","18"
6048,"Romania","Romania","18"
6355,"Serbia","Serbia","18"
7139,"Montenegro","Montenegro","18"
7409,"Argentina","Argentina","18"
7410,"Australia","Australia","18"
8037,"Rwanda",NULL,"18"
21860,"Nacional PB",NULL,"18"
21965,"EC Guarani RS",NULL,"18"
22480,"Switzerland","Switzerland","18"
22499,"Croatia","Croatia","18"
22502,"Denmark","Denmark","18"
22548,"Poland","Poland","18"
22605,"Germany","Germany","18"
23470,"Central African Republic",NULL,"18"
32769,"Veranopolis RS",NULL,"18"
35891,"Damascus Al-Ahli","Damascus","18"
1275786,"Leones FC","Leones FC","18"
1275780,"Estrella FC Santos Guardiola","Estrella FC Santos Guardiola","18"
37362,"Spain","Spain","18"
38088,"Georgia","Georgia","18"
38097,"Luxembourg","Luxembourg","18"
38355,"Crusaders Strikers FC","Crusaders Strikers","18"
39613,"Crato EC CE","Crato","18"
41488,"Malta","Malta","18"
42728,"Inter Milano","Inter","18"
1258251,"AC Taipei","AC Taipei","18"
1258249,"Taichung Cherry Blossoms","Taichung Cherry Blossoms","18"
1251013,"Club Deportivo Cuenca Juniors","Club Deportivo Cuenca Juniors","18"
1245358,"Quang Ninh FC","Quang Ninh FC","18"
49194,"Gurupi TO","Gurupi","18"
54585,"Al-Jalil","Al-Jalil","18"
55169,"Al Shabab Kuwait","Al Shabab","18"
1236769,"Vinotinto FC",NULL,"18"
60270,"Uruguay","Uruguay","18"
70488,"Montenegro","Montenegro","18"
85341,"Audax Rio EC RJ","Audax","18"
1198869,"Geno Sports Club","Geno Sports Club","18"
1190797,"Taichung Rock FC","Taichung Rock FC","18"
144472,"Cyprus","Cyprus","18"
1185927,"Philippine Development Youth Club",NULL,"18"
154426,"Kosovo","Kosovo","18"
168060,"Medyk Konin","Medyk","18"
178548,"Vasco SC","Vasco SC","18"
1178425,"APAFUT Caxias Do Sul RS",NULL,"18"
195098,"Andorra","Andorra","18"
1177541,"Desportiva Aracaju SE",NULL,"18"
245405,"OTP FC",NULL,"18"
265455,"AE Velo Clube SP",NULL,"18"
283625,"Ajax Sarkkiranta","Ajax Sarkkiranta","18"
293818,"Canterbury United Pride",NULL,"18"
293820,"Southern United",NULL,"18"
299486,"AL Mabarrah","AL Mabarrah","18"
337981,"Linfield Ladies","Linfield Ladies","18"
341002,"Western Springs Women",NULL,"18"
342178,"Lisburn LFC","Lisburn LFC","18"
342180,"Derry City Ladies","Derry City Ladies","18"
345376,"Budapest Honved","Budapest Honved","18"
345382,"Illes Akademia","Illes Akademia","18"
1116389,"DH van Hien","DH van Hien","18"
366046,"BG Tampines Rovers Reserve","BG Tampines Rovers Reserve","18"
388636,"Al-Horiyah","Al-Horiyah","18"
426913,"Penn Quakers",NULL,"18"
431287,"Rider Broncs",NULL,"18"
438984,"Perolas Negras RJ","Perolas Negras RJ","18"
452231,"Akron Zips",NULL,"18"
452259,"Auburn Tigers",NULL,"18"
452261,"Austin Peay Governors",NULL,"18"
452273,"Boston College Eagles",NULL,"18"
452281,"Bryant Bulldogs",NULL,"18"
452283,"Bucknell Bison",NULL,"18"
452311,"Central Connecticut Blue Devils",NULL,"18"
452313,"Central Michigan Chippewas",NULL,"18"
452317,"Charleston Southern Bucs",NULL,"18"
452319,"Charlotte 49ers",NULL,"18"
452337,"Colorado Tigers",NULL,"18"
452343,"Connecticut Huskies",NULL,"18"
452355,"Delaware Blue Hens",NULL,"18"
452357,"Delaware State Hornets",NULL,"18"
452359,"Denver Pioneers",NULL,"18"
452361,"Depaul Blue Demons",NULL,"18"
452363,"Detroit Mercy Titans",NULL,"18"
452367,"Drexel Dragons",NULL,"18"
452373,"East Carolina Pirates",NULL,"18"
452381,"Eastern Michigan Eagles",NULL,"18"
452399,"Florida Gators",NULL,"18"
452403,"Florida Gulf Coast Eagles",NULL,"18"
452411,"Fresno State Bulldogs",NULL,"18"
452415,"Gardner-Webb Runnin' Bulldogs",NULL,"18"
452417,"George Mason Patriots",NULL,"18"
452419,"George Washington Revolutionaries",NULL,"18"
452425,"Georgia Southern Eagles",NULL,"18"
452433,"Grand Canyon Lopes",NULL,"18"
452447,"Hofstra Pride",NULL,"18"
452451,"Houston Cougars",NULL,"18"
452477,"IU Indy Jaguars",NULL,"18"
452481,"Jacksonville State Gamecocks",NULL,"18"
452487,"Kansas State Wildcats",NULL,"18"
452495,"La Salle Explorers",NULL,"18"
452509,"Long Beach State Beach",NULL,"18"
456725,"New Hampshire Wildcats",NULL,"18"
456731,"Umass Lowell River Hawks",NULL,"18"
456753,"Tulsa Golden Hurricane",NULL,"18"
456763,"Fordham Rams",NULL,"18"
456777,"Saint Joseph's Hawks",NULL,"18"
456809,"Jacksonville Dolphins",NULL,"18"
456833,"Providence Friars",NULL,"18"
456837,"Villanova Wildcats",NULL,"18"
456887,"Sacramento State Hornets",NULL,"18"
456927,"Old Dominion Monarchs",NULL,"18"
456929,"South Carolina Gamecocks",NULL,"18"
456939,"Detroit Mercy Titans",NULL,"18"
456943,"Green Bay Phoenix",NULL,"18"
460509,"UIC Flames",NULL,"18"
460533,"Fairfield Stags",NULL,"18"
460607,"Robert Morris Colonials",NULL,"18"
460609,"Sacred Heart Pioneers",NULL,"18"
460613,"Saint Francis (PA) Red Flash",NULL,"18"
460615,"California Golden Bears",NULL,"18"
460617,"Oregon State Beavers",NULL,"18"
460619,"San Diego State Aztecs",NULL,"18"
460627,"American Eagles",NULL,"18"
460629,"Army Black Knights",NULL,"18"
460631,"Boston University Terriers",NULL,"18"
460637,"Holy Cross Crusaders",NULL,"18"
460647,"Navy Midshipmen",NULL,"18"
460659,"Mercer Bears",NULL,"18"
460663,"VMI Keydets",NULL,"18"
460689,"Georgia Southern Eagles",NULL,"18"
460691,"Georgia State Panthers",NULL,"18"
460693,"Howard Bison",NULL,"18"
460699,"Loyola Marymount Lions",NULL,"18"
460701,"Pacific Tigers",NULL,"18"
460723,"Santa Clara Broncos",NULL,"18"
460743,"Incarnate Word Cardinals",NULL,"18"
460759,"Seattle Redhawks",NULL,"18"
1078430,"Czarni Sosnowiec II","Czarni Sosnowiec II","18"
475078,"William & Mary Tribe",NULL,"18"
475090,"The Citadel Bulldogs",NULL,"18"
475110,"Virginia Tech Hokies",NULL,"18"
475114,"Villanova Wildcats",NULL,"18"
475144,"UTRGV Vaqueros",NULL,"18"
475162,"UNC Wilmington Seahawks",NULL,"18"
475176,"UMBC Retrievers",NULL,"18"
475196,"UC Riverside Highlanders",NULL,"18"
475212,"Toledo Rockets",NULL,"18"
475220,"Texas Southern Lady Tigers",NULL,"18"
475238,"Syracuse Orange",NULL,"18"
475254,"Southern Utah Thunderbirds",NULL,"18"
475264,"Southeastern Louisiana Lady Lions",NULL,"18"
475282,"South Alabama Jaguars",NULL,"18"
475284,"SMU Mustangs",NULL,"18"
475292,"Seton Hall Pirates",NULL,"18"
475298,"San Jose State Spartans",NULL,"18"
475300,"San Francisco Dons",NULL,"18"
475304,"San Diego Toreros",NULL,"18"
475310,"Saint Peter's Peacocks",NULL,"18"
475312,"Saint Mary's Gaels",NULL,"18"
475316,"Saint Josephs Hawks",NULL,"18"
475330,"Saint Francis (PA) Red Flash",NULL,"18"
475332,"St. Bonaventure Bonnies",NULL,"18"
475336,"Sacramento State Hornets",NULL,"18"
475356,"Prairie View AM Lady Panthers",NULL,"18"
475364,"Pittsburgh Panthers",NULL,"18"
475382,"Oregon Ducks",NULL,"18"
475390,"Old Dominion Lady Monarchs",NULL,"18"
475442,"North Dakota State Bison",NULL,"18"
475444,"North Dakota Fighting Hawks",NULL,"18"
475450,"Njit Highlanders",NULL,"18"
475452,"Nicholls Colonels",NULL,"18"
475458,"New Mexico State Aggies",NULL,"18"
475460,"New Mexico Lobos",NULL,"18"
492986,"Richmond Spiders",NULL,"18"
492996,"Louisiana Lafayette Ragin' Cajuns",NULL,"18"
493030,"Loyola Maryland Greyhounds",NULL,"18"
1059688,"Guarani de Paripueira Al","Guarani de Paripueira Al","18"
493044,"Maine Black Bears",NULL,"18"
493046,"Manhattan Jaspers",NULL,"18"
493054,"Marquette Golden Eagles",NULL,"18"
493058,"Maryland Terrapins",NULL,"18"
493066,"Miami Hurricanes",NULL,"18"
493078,"Michigan Wolverines",NULL,"18"
493592,"Monmouth Hawks",NULL,"18"
493596,"Morehead State Eagles",NULL,"18"
493612,"North Carolina State Wolfpack",NULL,"18"
493622,"Nebraska Huskers",NULL,"18"
493624,"Nevada Wolf Pack",NULL,"18"
1051397,"Pombal EC PB",NULL,"18"
513404,"Central Football",NULL,"18"
529807,"EC Patos PB",NULL,"18"
529979,"Real Brasilia FC DF",NULL,"18"
1032489,"Atletico San Luis U23",NULL,"18"
574499,"Xuan Thien Phu Tho FC","Xuan Thien Phu Tho FC","18"
575815,"Flint City Bucks","Flint City Bucks","18"
585385,"Wellington United Diamonds",NULL,"18"
610030,"Kkp Bydgoszcz","Kkp Bydgoszcz","18"
1011071,"Ultimate Mostoles","Ultimate Mostoles","18"
1011069,"Saiyans FC","Saiyans FC","18"
1007193,"Leones Del Norte",NULL,"18"
635034,"Merrimack Warriors",NULL,"18"
635064,"Purdue Fort Wayne Mastodons",NULL,"18"
635984,"Oakland Golden Grizzlies",NULL,"18"
643568,"Club Nanas",NULL,"18"
646480,"Uks Staszkowka Jelna","Uks Staszkowka Jelna","18"
657203,"Polonia Sroda Wielkopolska","Polonia Sroda Wielkopolska","18"
663999,"Paranoa EC DF",NULL,"18"
698489,"Taipei Xiongzan","Taipei Xiongzan","18"
698491,"Hualian WFT","Hualian WFT","18"
712277,"North Macedonia",NULL,"18"
736657,"Saudi Arabia SRL",NULL,"18"
736993,"Qarabag FK Srl",NULL,"18"
742249,"Albania Srl",NULL,"18"
742261,"Azerbaijan Srl",NULL,"18"
742265,"Cyprus Srl",NULL,"18"
765580,"AD Atletico Gloriense SE",NULL,"18"
939575,"Stonehill Skyhawks",NULL,"18"
791392,"SE Belford Roxo RJ",NULL,"18"
792888,"Independente EC AP","Independente","18"
805844,"Lisburn Rangers","Lisburn Rangers","18"
805858,"Larne Ladies","Larne Ladies","18"
829996,"UC San Diego Tritons",NULL,"18"
830444,"Doce Mel EC BA","Doce Mel EC BA","18"
926867,"Stonehill Skyhawks",NULL,"18"
841532,"Honduras Srl",NULL,"18"
853065,"Goa Police SC","Goa Police SC","18"
69660,"Loyola FC",NULL,"17"
475340,"Robert Morris Colonials",NULL,"17"
475328,"St. John's Red Storm",NULL,"17"
8043,"Malawi","Malawi","17"
475308,"Sam Houston State Bearkats",NULL,"17"
265453,"AD Sao Caetano SP",NULL,"17"
265513,"Thornton Redbacks FC",NULL,"17"
268321,"Gyori ETO FC","Gyori ETO","17"
712271,"Israel Srl",NULL,"17"
460555,"Bowling Green Falcons",NULL,"17"
1005845,"Montevideo City Torque",NULL,"17"
460635,"Colgate Raiders",NULL,"17"
618842,"Maua FC SP",NULL,"17"
1248395,"CA Bella Vista",NULL,"17"
1248397,"CS Cerrito",NULL,"17"
1198871,"Pax of Nagoa SC","Pax of Nagoa SC","17"
460547,"Rider Broncs",NULL,"17"
279119,"AZS UJ Krakow","AZS UJ Krakow","17"
460649,"Belmont Bruins",NULL,"17"
1258245,"Valkyrie","Valkyrie","17"
283389,"Club Brugge","Club Brugge","17"
460545,"Quinnipiac Bobcats",NULL,"17"
493564,"Loyola Marymount Lions",NULL,"17"
178634,"Odishi","Odishi","17"
44175,"Banik Ostrava","Ostrava","17"
287751,"Nautico Capibaribe PE",NULL,"17"
38098,"Moldova","Moldova","17"
1042343,"Le Moyne Dolphins",NULL,"17"
38094,"Kazakhstan","Kazakhstan","17"
294196,"Sahab SC","Sahab SC","17"
460671,"Eastern Illinois Panthers",NULL,"17"
38085,"Estonia","Estonia","17"
460677,"Oral Roberts Golden Eagles",NULL,"17"
460679,"Purdue Fort Wayne Mastodons",NULL,"17"
460521,"Harvard Crimson",NULL,"17"
192550,"Tampereen Ilves","Tampereen Ilves","17"
493112,"Minnesota Golden Gophers",NULL,"17"
637872,"Vitoria SC","Vitoria SC","17"
456949,"Northern Kentucky Norse",NULL,"17"
456945,"IU Indy Jaguars",NULL,"17"
456917,"Florida Atlantic Owls",NULL,"17"
456915,"Charlotte 49ers",NULL,"17"
696865,"LASK SRL","LASK SRL","17"
493056,"Marshall Herd",NULL,"17"
456899,"Delaware Blue Hens",NULL,"17"
456897,"Charleston Cougars",NULL,"17"
456893,"UC Riverside Highlanders",NULL,"17"
456885,"Cal State Northridge Matadors",NULL,"17"
456877,"Rutgers Scarlet Knights",NULL,"17"
520088,"CA Penarol Montevideo",NULL,"17"
324307,"AL Karmel","AL Karmel","17"
456875,"Penn State Nittany Lions",NULL,"17"
456871,"Northwestern Wildcats",NULL,"17"
460717,"San Francisco Dons",NULL,"17"
521724,"FC Goa II","FC Goa II","17"
456853,"Radford Highlanders",NULL,"17"
456825,"Depaul Blue Demons",NULL,"17"
456821,"Butler Bulldogs",NULL,"17"
456819,"Stetson Hatters",NULL,"17"
456815,"Njit Highlanders",NULL,"17"
456813,"Lipscomb Bisons",NULL,"17"
460725,"Air Force Falcons",NULL,"17"
492994,"Missouri Tigers",NULL,"17"
456789,"Louisville Cardinals",NULL,"17"
456783,"Boston College Eagles",NULL,"17"
456781,"VCU Rams",NULL,"17"
71056,"Ventura County Fusion","Ventura","17"
907917,"EC Bonfim MG U20",NULL,"17"
456773,"Rhode Island Rams",NULL,"17"
456769,"La Salle Explorers",NULL,"17"
456767,"George Washington Revolutionaries",NULL,"17"
456749,"South Florida Bulls",NULL,"17"
1243395,"Uberaba SC MG",NULL,"17"
456735,"UMBC Retrievers",NULL,"17"
456721,"Binghamton Bearcats",NULL,"17"
456719,"University At Albany Great Danes",NULL,"17"
910131,"Vointa Limpezis","Vointa Limpezis","17"
452499,"Lehigh Mountain Hawks",NULL,"17"
452489,"Kennesaw State Owls",NULL,"17"
452475,"Iowa State Cyclones",NULL,"17"
452467,"Indiana Hoosiers",NULL,"17"
452459,"Idaho State Bengals",NULL,"17"
460727,"Cal State Bakersfield Roadrunners",NULL,"17"
452397,"Fiu Panthers",NULL,"17"
840240,"Chicago State Cougars",NULL,"17"
839680,"Liverpool FC Montevideo",NULL,"17"
839676,"Defensor SC Montevideo",NULL,"17"
452351,"Davidson Wildcats",NULL,"17"
452329,"Cleveland State Vikings",NULL,"17"
452315,"Charleston Cougars",NULL,"17"
452309,"Central Arkansas Bears",NULL,"17"
529519,"Sertaozinho FC SP",NULL,"17"
697227,"AEK Athens SRL","AEK Athens SRL","17"
737005,"KAA Gent Srl",NULL,"17"
452287,"Butler Bulldogs",NULL,"17"
452279,"Brown Bears",NULL,"17"
37353,"Poland","Poland","17"
452269,"Binghamton Bearcats",NULL,"17"
1011051,"1K FC","1K FC","17"
452267,"Belmont Bruins",NULL,"17"
37350,"Netherlands","Netherlands","17"
1011055,"El Barrio","El Barrio","17"
452245,"Appalachian State Mountaineers",NULL,"17"
452243,"American Eagles",NULL,"17"
452241,"Alcorn State Lady Braves",NULL,"17"
452239,"University At Albany Great Danes",NULL,"17"
1129539,"Canadian",NULL,"17"
926865,"Southern Indiana Screaming Eagles",NULL,"17"
1129537,"San Jacinto Keguay",NULL,"17"
460569,"Bradley Braves",NULL,"17"
460577,"Drake Bulldogs",NULL,"17"
493602,"Mount St. Mary's Mountaineers",NULL,"17"
230990,"CF Atletic America",NULL,"17"
4480,"Israel","Israel","17"
460589,"Missouri State Bears",NULL,"17"
4740,"Armenia","Armenia","17"
4760,"Faroe Islands","Faroe Islands","17"
1011063,"Pio FC","Pio FC","17"
440798,"AD Vasco Da Gama AC","AD Vasco Da Gama","17"
345378,"Ferencvarosi TC","Ferencvarosi TC","17"
345384,"MTK Budapest","MTK Budapest","17"
440786,"Minas Brasilia DF","Minas Brasilia","17"
4777,"North Macedonia","North Macedonia","17"
742241,"Faroe Islands Srl",NULL,"17"
742245,"Latvia Srl","Latvia Srl","17"
597652,"LIU Sharks",NULL,"17"
823026,"Atcs Sparta Ramnicu Valcea",NULL,"17"
1275784,"CD Subirana","CD Subirana","17"
460599,"Central Connecticut Blue Devils",NULL,"17"
494468,"Queens (NC) Royals",NULL,"17"
4819,"Argentina","Argentina","17"
920005,"Montevideo Wanderers",NULL,"17"
499078,"Arkansas Little Rock Trojans",NULL,"17"
433032,"Lionsbridge FC","Lionsbridge FC","17"
32673,"AAD Vitoria Tabocas PE","Vitoria Tabocas","17"
32669,"Maranguape CE",NULL,"17"
754867,"Szeged-Csanad Grosics Akademia","Szeged-Csanad Grosics","17"
475462,"New Hampshire Wildcats",NULL,"17"
369162,"Fehervar FC","Fehervar","17"
4888,"Italy","Italy","17"
5196,"FC WIT Georgia",NULL,"17"
1063720,"R4 CE","R4 CE","17"
773766,"Bellarmine Knights",NULL,"17"
1032469,"Club America U23",NULL,"17"
773792,"Utah Tech Trailblazers",NULL,"17"
6027,"Finland","Finland","17"
773800,"St. Thomas (MN) Tommies",NULL,"17"
475430,"Northern Illinois Huskies",NULL,"17"
475084,"Western Kentucky Lady Toppers",NULL,"17"
475102,"UTEP Miners",NULL,"17"
682335,"Real Brasilia FC DF",NULL,"17"
546957,"UTE Labdarugo Akademia","UTE Labdarugo Akademia","17"
1244708,"PVF Cand B","PVF Cand B","17"
22515,"Hungary","Hungary","17"
782102,"Acao Futebol MT","Acao Futebol MT","17"
1173869,"Mercyhurst Lakers",NULL,"17"
1298830,"La Capital CF","La Capital CF","17"
475358,"Portland State Viks",NULL,"17"
475140,"Valparaiso Beacons",NULL,"17"
475158,"USC Trojans",NULL,"17"
1032507,"FC Juarez U23",NULL,"17"
6373,"Georgia","Georgia","17"
702171,"SK Rapid Wien SRL","Rapid Wien SRL","17"
475172,"UNC Asheville Bulldogs",NULL,"17"
1290921,"Chapora Yuvak Sangh","Chapora Yuvak Sangh","17"
460605,"Mount St. Mary's Mountaineers",NULL,"17"
475352,"Princeton Tigers",NULL,"17"
1290919,"Bidesh XI SC","Bidesh XI SC","17"
475178,"Umass Lowell River Hawks",NULL,"17"
475184,"UMass Minutewomen",NULL,"17"
22476,"Ireland","Ireland","17"
1011073,"Xbuyer Team","Xbuyer Team","17"
475208,"Troy Trojans",NULL,"17"
21862,"Rio Branco FC AC",NULL,"17"
1286325,"Planalto EC GO","Planalto EC GO","17"
796772,"Inter de Minas MG","Inter de Minas","17"
475224,"Texas A&M Aggies",NULL,"17"
475226,"Texas Longhorns",NULL,"17"
8031,"Niger",NULL,"17"
8034,"Liberia",NULL,"17"
475260,"Southern Miss Lady Eagles",NULL,"17"
21817,"Nicaragua","Nicaragua","17"
475346,"Quinnipiac Bobcats",NULL,"17"
475354,"Presbyterian Blue Hose",NULL,"16"
740213,"NAC Breda","Breda","16"
456807,"Florida Gulf Coast Eagles",NULL,"16"
456803,"Virginia Tech Hokies",NULL,"16"
4731,"Syria","Syria","16"
802534,"Vitesse","Vitesse","16"
559142,"Asheville City SC","Asheville City SC","16"
475350,"Providence Friars",NULL,"16"
1048955,"Tiburones de Sonsonate",NULL,"16"
783086,"Churchill Brothers II","Churchill Brothers II","16"
1031357,"SPG FC Lustenau / FC Dornbirn",NULL,"16"
258535,"Rondoniense RO","Rondoniense RO","16"
1285561,"Dinthar FC",NULL,"16"
4750,"Burundi","Burundi","16"
22113,"Guyana",NULL,"16"
785564,"Sports Academy Tirur",NULL,"16"
21922,"Korea Republic","Korea Republic","16"
790516,"Northern Virginia FC","Northern Virginia FC","16"
22522,"Italy","Italy","16"
1298846,"Skull FC","Skull FC","16"
47790,"CE Lajeadense RS",NULL,"16"
21840,"Baraunas RN",NULL,"16"
6045,"Portugal","Portugal","16"
475210,"Towson Tigers",NULL,"16"
456765,"George Mason Patriots",NULL,"16"
21821,"Saint Vincent and the Grenadines","Vincent Grenadines","16"
456761,"Duquesne Dukes",NULL,"16"
7930,"Kyrgyzstan",NULL,"16"
6023,"Denmark","Denmark","16"
4775,"Libya",NULL,"16"
8036,"Ethiopia","Ethiopia","16"
475436,"Northeastern Huskies",NULL,"16"
182526,"Ecuador","Ecuador","16"
473585,"San Juan FC","San Juan FC","16"
21814,"Grenada",NULL,"16"
475262,"Southern Lady Jaguars",NULL,"16"
475344,"Radford Highlanders",NULL,"16"
236868,"James Madison Dukes",NULL,"16"
475338,"Rutgers Scarlet Knights",NULL,"16"
475276,"South Carolina State Lady Bulldogs",NULL,"16"
736963,"Standard Liege Srl","Standard Liege Srl","16"
415469,"Trau FC",NULL,"16"
702167,"FK Austria Wien SRL","Austria Wien SRL","16"
21804,"Anguilla","Anguilla","16"
4782,"Moldova","Moldova","16"
702865,"New Taipei Hang Yuen","New Taipei Hang Yuen","16"
1103401,"Alianza FC",NULL,"16"
4791,"Philippines","Philippines","16"
76559,"Vasas Kubala Academy","Vasas Kubala","16"
76563,"Debreceni VSC","Debreceni VSC","16"
1244998,"Ristozi FC","Ristozi FC","16"
452465,"Incarnate Word Cardinals",NULL,"16"
1245122,"Furia FC","Furia FC","16"
680125,"Klasa",NULL,"16"
1245124,"G3X FC","G3X FC","16"
22490,"Belgium","Belgium","16"
460557,"Northern Illinois Huskies",NULL,"16"
37301,"FC Kolkheti Khobi",NULL,"16"
655657,"Santa Rosa PA",NULL,"16"
452437,"Hampton Lady Pirates",NULL,"16"
1005495,"Michigan Rangers FC","Michigan Rangers FC","16"
1107729,"Dothan United SC","Dothan United SC","16"
1005469,"Arkadag FK","Arkadag FK","16"
460643,"Loyola Maryland Greyhounds",NULL,"16"
460549,"Saint Peter's Peacocks",NULL,"16"
452391,"Evansville Purple Aces",NULL,"16"
1245140,"Funkbol Clube","Funkbol Clube","16"
354042,"Ypiranga RS","Ypiranga","16"
1011067,"Rayo de Barcelona","Rayo de Barcelona","16"
1251119,"New Haven Chargers",NULL,"16"
1251121,"New Haven Chargers",NULL,"16"
22594,"Croatia","Croatia","16"
494478,"Temple Owls",NULL,"16"
278353,"FC Bergheim",NULL,"16"
452345,"Cornell Big Red",NULL,"16"
452341,"Columbia Lions",NULL,"16"
1252643,"Quixada FC CE","Quixada","16"
452331,"Coastal Carolina Chanticleers",NULL,"16"
1118367,"Mls FC Lawtngtlai",NULL,"16"
1198873,"Cortalim Villagers","Cortalim Villagers","16"
4793,"Sweden","Sweden","16"
1200269,"Clube de Salgaocar","Clube de Salgaocar","16"
1159737,"FC Ranger B",NULL,"16"
460575,"Central Arkansas Bears",NULL,"16"
718633,"Australia SRL",NULL,"16"
129264,"Gibraltar","Gibraltar","16"
751219,"CFR Cluj Srl",NULL,"16"
998547,"Virginia Dream FC","Virginia Dream FC","16"
529477,"Bragantino Clube do Para PA","Bragantino","16"
925351,"Jaguar PE","Jaguar PE","16"
40169,"Brasilia FC DF",NULL,"16"
452305,"Campbell Fighting Camels",NULL,"16"
4818,"Andorra","Andorra","16"
287759,"Santa Cruz FC PE",NULL,"16"
22592,"Colombia","Colombia","16"
838020,"Aruc DF",NULL,"16"
90272,"Cameta SC PA",NULL,"16"
189924,"Globo FC RN",NULL,"16"
100011,"Des Moines Menaceusa","Des Moines","16"
22576,"Argentina","Argentina","16"
4824,"Cuba","Cuba","16"
460673,"Omaha Mavericks",NULL,"16"
38087,"Faroe Islands","Faroe Islands","16"
475076,"Winthrop Eagles",NULL,"16"
1217665,"Azuriz FC PR",NULL,"16"
120856,"Manchester City FC","Man City","16"
613994,"CD La Equidad",NULL,"16"
751233,"Maccabi Tel Aviv FC Srl",NULL,"16"
48841,"Venezuela","Venezuela","16"
460543,"Niagara Purple Eagles",NULL,"16"
460541,"Monmouth Hawks",NULL,"16"
460539,"Marist Red Foxes",NULL,"16"
460537,"Manhattan Jaspers",NULL,"16"
460531,"Canisius Golden Griffins",NULL,"16"
1232515,"Snohomish United","Snohomish United","16"
22566,"Turkiye","Turkiye","16"
460697,"Gonzaga Bulldogs",NULL,"16"
559162,"Little Rock Rangers","Little Rock Rangers","16"
460511,"Wright State Raiders",NULL,"16"
613730,"FC KTP","FC KTP","16"
391140,"Guardian Angel SC","Guardian Angel SC","16"
460711,"Saint Marys Gaels",NULL,"16"
841538,"Jamaica Srl",NULL,"16"
37970,"Austria","Austria","16"
628918,"Merrimack Warriors",NULL,"16"
4830,"Liechtenstein",NULL,"16"
702117,"Legia Warszawa SRL","Legia Warszawa SRL","16"
4833,"San Marino","San Marino","16"
51498,"Samut Prakan City FC",NULL,"16"
475428,"Northern Iowa Panthers",NULL,"16"
475454,"Niagara Purple Eagles",NULL,"16"
456913,"William & Mary Tribe",NULL,"16"
22559,"Slovenia","Slovenia","16"
1181235,"AL Wehdat B",NULL,"16"
1181237,"AL Hussein Irbid B",NULL,"16"
22672,"Brazil",NULL,"16"
22666,"Argentina",NULL,"16"
467831,"Diosgyori VTK","Diosgyori","16"
460731,"California Baptist Lancers",NULL,"16"
4887,"Ukraine","Ukraine","16"
456879,"Wisconsin Badgers",NULL,"16"
22540,"Montenegro","Montenegro","16"
829998,"St. Thomas (MN) Tommies",NULL,"16"
37344,"Italy","Italy","16"
447643,"West Chester United","West Chester United","16"
4889,"Poland","Poland","16"
460783,"UNLV Rebels",NULL,"16"
456869,"Michigan State Spartans",NULL,"16"
456859,"Winthrop Eagles",NULL,"16"
736665,"USA SRL",NULL,"16"
1011061,"Los Troncos FC","Los Troncos FC","16"
456855,"UNC Asheville Bulldogs",NULL,"16"
841512,"Costa Rica SRL",NULL,"16"
373130,"GE Bage RS",NULL,"16"
456849,"Longwood Lancers",NULL,"16"
460583,"Loyola Chicago Ramblers",NULL,"16"
456831,"Marquette Golden Eagles",NULL,"16"
848791,"Capitao Poco PA",NULL,"16"
456823,"Creighton Bluejays",NULL,"16"
912015,"North Carolina Courage","North Carolina Courage","16"
5024,"Netherlands","Netherlands","16"
4483,"Malta","Malta","16"
825058,"Potyguar Cn Seridoense RN",NULL,"16"
740193,"Canada SRL",NULL,"16"
421093,"Ivoti RS","Ivoti","15"
1232489,"Fort Lauderdale United FC","Fort Lauderdale United FC","15"
682005,"Tanabi EC SP","Tanabi","15"
653096,"Skra Czestochowa",NULL,"15"
655737,"Paysandu SC PA","Paysandu SC PA","15"
655739,"Clube Do Remo PA","Clube Do Remo PA","15"
135528,"SE Matonense SP",NULL,"15"
88732,"Gremio Osasco Audax EC SP",NULL,"15"
1211313,"CE Juventude de Estancia SE","Juventude de Estancia","15"
234,"Sittingbourne FC","Sittingbourne","15"
460529,"Yale Bulldogs",NULL,"15"
460513,"Brown Bears",NULL,"15"
841534,"Iraq Srl",NULL,"15"
864513,"Uniao Sao Joao EC SP",NULL,"15"
456931,"UAB Blazers",NULL,"15"
456911,"UNC Wilmington Seahawks",NULL,"15"
456909,"Northeastern Huskies",NULL,"15"
456901,"Drexel Dragons",NULL,"15"
456841,"Xavier Musketeers",NULL,"15"
456775,"St. Bonaventure Bonnies",NULL,"15"
456745,"Memphis Tigers",NULL,"15"
839534,"Viana MA",NULL,"15"
1320598,"Independiente Yumbo","Independiente Yumbo","15"
833796,"Broendby Srl","Broendby Srl","15"
452253,"Arkansas State Red Wolves",NULL,"15"
830436,"AA Oeirense PI",NULL,"15"
529815,"Pinheiro AC MA",NULL,"15"
1318472,"Union Cocle FC B","Union Cocle FC B","15"
1317144,"Bataguassu MS","Bataguassu MS","15"
4737,"Sierra Leone",NULL,"15"
4762,"Gambia","Gambia","15"
1060666,"Potros Del Este B",NULL,"15"
437198,"Asheville City SC","Asheville City SC","15"
431285,"Penn Quakers",NULL,"15"
1054659,"Dogra",NULL,"15"
6031,"Iceland","Iceland","15"
6044,"Norway","Norway","15"
6047,"Ireland","Ireland","15"
475388,"Ole Miss Rebels",NULL,"15"
808972,"EC Uniao Suzano SP","EC Uniao Suzano SP","15"
806652,"Cariri FC CE","Cariri","15"
6912,"Malaysia","Malaysia","15"
549485,"Serc Brasil De Farroupilha RS","Serc Brasil De Farroupilha ","15"
550219,"Om Al Qutain","Al Qutain","15"
1288607,"Teresina EC PI",NULL,"15"
798388,"Cruizers FC","Cruizers","15"
21806,"Aruba",NULL,"15"
21809,"Belize",NULL,"15"
21810,"Virgin Islands, British","Br. Virgin Islands","15"
407755,"SERC Brasil de Farroupilha RS",NULL,"15"
791034,"Itacoatiara FC AM","Itacoatiara FC AM","15"
403227,"Myawady FC",NULL,"15"
559056,"Minneapolis City SC","Minneapolis City SC","15"
22486,"Austria","Austria","15"
22508,"Finland","Finland","15"
22509,"France","France","15"
22552,"Romania","Romania","15"
1032501,"Cruz Azul U23",NULL,"15"
1032497,"Deportivo Toluca U23",NULL,"15"
1107725,"Hickory FC",NULL,"15"
475066,"Yale Bulldogs",NULL,"15"
474794,"Campo Grande AC RJ",NULL,"15"
1032481,"CF Pachuca U23",NULL,"15"
1032475,"Chivas Guadalajara U23",NULL,"15"
1107791,"Almaden FC","Almaden FC","15"
374948,"Columbia Lions",NULL,"15"
912043,"Minnesota Aurora","Minnesota Aurora","15"
22706,"Paraguay",NULL,"15"
23478,"Guinea-Bissau","Guinea-Bissau","15"
33762,"Guarani de Juazeiro CE","Guarani de Juazeiro","15"
34011,"Desportiva Ferroviaria ES","Desportiva","15"
35288,"Adesg AC",NULL,"15"
36101,"Western Mass Pioneers","Western Mass","15"
354028,"EC Sao Luiz RS","Sao Luiz","15"
354010,"EC Novo Hamburgo RS","Novo Hamburgo","15"
1274838,"SD Atletico Nacional B",NULL,"15"
742281,"Liechtenstein Srl",NULL,"15"
742269,"Estonia Srl",NULL,"15"
742257,"Gibraltar Srl","Gibraltar Srl","15"
742253,"Kazakhstan Srl",NULL,"15"
348506,"Shakhtyor Soligorsk 2",NULL,"15"
740197,"China Srl",NULL,"15"
37333,"England","England","15"
37337,"Finland","Finland","15"
603278,"Paraguay","Paraguay","15"
460785,"Utah Valley Wolverines",NULL,"15"
334509,"San Francisco City","San Francisco City","15"
736979,"Fotbal Club FCSB SRL",NULL,"15"
736659,"Mexico SRL",NULL,"15"
37363,"Sweden","Sweden","15"
317837,"Prospect United","Prospect United","15"
315433,"Parnu Jalgpalliklubi",NULL,"15"
38067,"Poland","Poland","15"
303568,"AA Corisaba PI",NULL,"15"
38079,"Armenia","Armenia","15"
299182,"America FC RN",NULL,"15"
38086,"North Macedonia","North Macedonia","15"
718645,"Qatar SRL",NULL,"15"
717861,"HNK Rijeka SRL","Rijeka SRL","15"
460655,"East Tennessee State Buccaneers",NULL,"15"
716227,"Ukraine",NULL,"15"
275239,"AA Portuguesa RJ",NULL,"15"
618840,"Jabaquara AC SP",NULL,"15"
1245134,"Loud SC","Loud SC","15"
1245130,"Dendele FC","Dendele FC","15"
1245128,"Desimpain","Desimpain","15"
1245126,"Nyvelados FC","Nyvelados FC","15"
268353,"Rio Claro FC SP",NULL,"15"
702215,"Vitoria Guimaraes SRL","Guimaraes SRL","15"
702181,"Wolfsberger AC SRL","WAC SRL","15"
1173683,"United Kolkata SC","United Kolkata SC","15"
702107,"KKS Lech Poznan SRL",NULL,"15"
859529,"CA Estudiantes de Caseros",NULL,"15"
48828,"Bolivia","Bolivia","15"
48830,"Chile","Chile","15"
697233,"Aris Thessaloniki SRL",NULL,"15"
1243393,"EC Villa Real MG","Villa Real","15"
1243391,"Itabirito FC MG","Itabirito","15"
1242897,"Rio Negro RR","Rio Negro RR","15"
694879,"FC Schalke 04 SRL","Schalke 04 SRL","15"
187301,"Uniao Frederiquense de Futebol RS",NULL,"15"
589045,"Peru","Peru","14"
7852,"Montenegro","Montenegro","14"
4836,"Togo",NULL,"14"
23497,"Timor-Leste","Timor-Leste","14"
495782,"Moca FC","Moca FC","14"
22556,"Serbia","Serbia","14"
37361,"Slovenia","Slovenia","14"
452441,"Harvard Crimson",NULL,"14"
6051,"Scotland","Scotland","14"
32796,"Trindade AC GO",NULL,"14"
8040,"Congo Republic",NULL,"14"
529623,"CD Titan de Texistepeque",NULL,"14"
433036,"San Francisco Glens SC","S. Francisco Glens","14"
702057,"CR Flamengo RJ SRL","Flamengo SRL","14"
6032,"Israel","Israel","14"
1286921,"Heips RJ","Heips RJ","14"
874825,"Marin FC Legends","Marin FC Legends","14"
37352,"Norway","Norway","14"
21812,"Dominica",NULL,"14"
798378,"Davis Legacy","Davis Legacy","14"
895703,"Lubbock Matadors SC","Lubbock Matadors SC","14"
864539,"Iape MA",NULL,"14"
21811,"Cayman Islands",NULL,"14"
21808,"Barbados","Barbados","14"
751223,"Molde FK Srl","Molde FK Srl","14"
452255,"Arkansas Pine Bluff Golden Lions",NULL,"14"
334129,"Boston City FC","Boston City","14"
2015,"Sao Raimundo EC AM",NULL,"14"
334431,"Boston Bolts","Boston Bolts","14"
363852,"AZ Alkmaar","Alkmaar","14"
34002,"Cristal AP",NULL,"14"
334437,"Seacoast United Phantoms","Seacoast U. Phantoms","14"
865937,"Bela Vista TO","Bela Vista TO","14"
334497,"Lane United FC",NULL,"14"
648018,"Associacao Tupy de Esportes GO",NULL,"14"
445265,"Perolas Negras RJ",NULL,"14"
6030,"Hungary","Hungary","14"
21991,"FC Santa Cruz RS",NULL,"14"
434118,"Black Rock FC","Black Rock FC","14"
6028,"North Macedonia","North Macedonia","14"
1277290,"Saikhamakawn FC",NULL,"14"
336431,"Christos FC","Christos FC","14"
594868,"Floresta EC CE","Floresta","14"
594870,"CF Atletas do Tirol CE","Atletas do Tirol","14"
4721,"Yemen","Yemen","14"
48854,"Paraguay","Paraguay","14"
353984,"Associacao de Pais E Amigos Futebol RS","Assoc. de Pais E Amigos Futebol","14"
687391,"FBC Riograndense RS",NULL,"14"
37326,"Belgium","Belgium","14"
1232525,"Portland Bangers FC","Portland Bangers","14"
348538,"CD UAI Urquiza",NULL,"14"
1027711,"Mohammedan SC Reserves","Mohammedan","14"
742251,"Lithuania Srl",NULL,"14"
22568,"Ukraine","Ukraine","14"
874823,"FC Olympia","FC Olympia","14"
22572,"Wales","Wales","14"
702067,"SE Palmeiras SP SRL","Palmeiras SRL","14"
258549,"AC Connecticut","AC Connecticut","14"
263231,"Sao Francisco FC PA",NULL,"14"
702191,"CD Santa Clara SRL",NULL,"14"
702209,"Rio Ave FC SRL",NULL,"14"
912045,"Stockton Cargo SC","Stockton Cargo","14"
1175179,"Ipojuca Atletico Clube PE","Ipojuca Atletico Clube PE","14"
65158,"IFK Goteborg","Goteborg","14"
153488,"Laredo Heat SC","Laredo Heat","14"
400991,"CA Patrocinense MG",NULL,"14"
265471,"Madureira EC RJ",NULL,"14"
6080,"Bangladesh","Bangladesh","14"
1000091,"SC Aguai SP",NULL,"14"
397066,"Univ. Organizacion y Metodo FC","Univ. Organizacion y Metodo FC","14"
144848,"Barbalha FC CE","Barbalha","14"
1245068,"Rolim de Moura RO","Rolim de Moura RO","14"
1223517,"SF Siegen",NULL,"14"
61716,"Rio Verde",NULL,"14"
1245136,"Capim FC","Capim FC","14"
274675,"Olimpia Asuncion","Olimpia Asuncion","14"
677601,"Tacoma Stars","Tacoma Stars","14"
1053635,"US Albenga",NULL,"14"
1232483,"New England FC","New England FC","14"
239000,"Gremio Esportivo Gloria RS",NULL,"14"
48810,"Morocco",NULL,"14"
1107777,"Midlakes United","Midlakes United","14"
396600,"Mizoram Police FC",NULL,"14"
1245138,"Fluxo FC","Fluxo FC","14"
677599,"Project 51O","Project 51O","14"
575811,"Virginia Beach United","Virginia Beach United","14"
559226,"Academica SC","Academica SC","14"
874803,"Patuxent Football Athletics","Patuxent Football Athletics","14"
1047495,"Doqarah FC","Doqarah FC","14"
225460,"Al Tora","Tora","14"
6021,"Cyprus","Cyprus","14"
1107783,"West Seattle Junction FC","West Seattle Junction FC","14"
193670,"SC Rio Grande RS",NULL,"14"
675195,"Sao Francisco FC AC",NULL,"14"
1163825,"Torpedo Zhodino 2",NULL,"14"
1232513,"Bigfoot FC","Bigfoot FC","14"
87168,"Gremio Anapolis GO",NULL,"14"
673711,"EC Mamore MG",NULL,"14"
991609,"Virginia Marauders FC","Virginia Marauders FC","14"
673423,"Louisiana Krewe FC","Louisiana Krewe FC","14"
998601,"East BengaL FC Reserves","East BengaL FC Reserves","14"
1232573,"Utah United","Utah United","14"
42961,"Long Island Rough Riders","Long Island","14"
21980,"Metropolitano SC","Metropolitano","14"
998543,"Annapolis Blues FC","Annapolis Blues FC","14"
39631,"Morrinhos FC GO",NULL,"14"
7412,"Canada","Canada","14"
90134,"Liverpool","Liverpool","14"
38096,"Lithuania","Lithuania","14"
38095,"Latvia","Latvia","14"
998531,"Steel City FC","Steel City FC","14"
100013,"FC Tucson","Tucson","14"
21894,"Democrata Sete Lagoas FC MG",NULL,"14"
21851,"Icasa CE","Icasa","14"
38092,"Israel","Israel","14"
38089,"Germany","Germany","14"
1235713,"Kanan FC Aizawl",NULL,"14"
38083,"Bulgaria","Bulgaria","14"
624762,"TUS BW Konigsdorf",NULL,"14"
991629,"Monterey Bay FC Usl 2",NULL,"14"
307384,"Boavista RJ",NULL,"14"
307394,"AD Cabofriense RJ",NULL,"14"
307398,"Nova Iguacu FC RJ",NULL,"14"
1107693,"Sueno FC","Sueno FC","14"
796774,"Betim Futebol MG","Betim Futebol MG","14"
21819,"Saint Kitts and Nevis",NULL,"14"
874797,"Albany Rush","Albany Rush","14"
4876,"Switzerland","Switzerland","14"
203115,"Philippines",NULL,"14"
792292,"CD San Juan Gualjoco",NULL,"14"
886019,"Flower City Union","Flower City Union","14"
308928,"Ipora GO",NULL,"14"
460685,"Coastal Carolina Chanticleers",NULL,"14"
460519,"Dartmouth Big Green",NULL,"14"
312454,"Gladesville Ryde Magic","Gladesville R. Magic","14"
23472,"Somalia","Somalia","14"
72070,"Atalanta BC","Atalanta","14"
23484,"Myanmar","Myanmar","14"
1153783,"Sys FC, Lunglei",NULL,"14"
841536,"Iran SRL",NULL,"14"
1107707,"Charlottesville Blues","Charlottesville Blues","14"
1038769,"New Alipore Suruchi Sangha","New Alipore Suruchi Sangha","14"
736669,"Japan SRL",NULL,"14"
370108,"Calcutta Customs","Calcutta Customs","14"
370102,"Excursionistas",NULL,"14"
736673,"New Zealand",NULL,"14"
464605,"Ypiranga Clube AP","Ypiranga","14"
7023,"CSD Zacapa",NULL,"13"
6371,"Slovenia","Slovenia","13"
6370,"Croatia","Croatia","13"
1032505,"Club Leon U23",NULL,"13"
1100611,"Puerto Viejo FC",NULL,"13"
561514,"Blacktown Spartans FC","Blacktown Spartans","13"
22530,"Latvia","Latvia","13"
6040,"Malta","Malta","13"
22539,"Moldova","Moldova","13"
6036,"Latvia","Latvia","13"
22551,"Ireland","Ireland","13"
1032503,"Rayados de Monterrey U23",NULL,"13"
777804,"Ebk","Ebk","13"
1032499,"Club Tijuana de Caliente U23",NULL,"13"
1107717,"Siouxland United FC","Siouxland United FC","13"
1032495,"Necaxa U23",NULL,"13"
1032493,"Mazatlan FC U23",NULL,"13"
429647,"Hurstville FC","Hurstville FC","13"
1032487,"Universidad Nacional U23",NULL,"13"
1032485,"Club Santos Laguna U23",NULL,"13"
774534,"Inner West Hawks FC","Inner West Hawks FC","13"
429677,"Bankstown United FC","Bankstown United FC","13"
1107773,"Utah United","Utah United","13"
1032479,"Atlas FC U23",NULL,"13"
430145,"Ypiranga Clube AP",NULL,"13"
1032477,"Club Puebla",NULL,"13"
771290,"Inter Lions FC","Inter Lions FC","13"
771190,"Bulls FC Academy","Bulls Academy","13"
5369,"Korea DPR",NULL,"13"
767384,"Desportivo Alianca AL","Desportivo Alianca AL","13"
4884,"Bulgaria","Bulgaria","13"
4877,"Belgium","Belgium","13"
764440,"FC Stroitel Kamensk-Shakhtinsky",NULL,"13"
466767,"Calcutta Police Club","Calcutta Police Club","13"
22676,"Chile",NULL,"13"
23489,"Nepal","Nepal","13"
947069,"Araguari MG","Araguari MG","13"
367654,"Parnu JK Vaprus II","Parnu Vaprus II","13"
1045443,"Luton Town","Luton","13"
751235,"Royal Antwerp FC Srl","Royal Antwerp FC Srl","13"
364628,"Wollongong Wolves FC","Wollongong Wolves","13"
364626,"Sutherland Sharks FC","Sutherland Sharks","13"
364622,"Blacktown City FC","Blacktown City","13"
364620,"Manly United FC","Manly United","13"
364616,"Hakoah Sydney City East FC","Hakoah Sydney City East FC","13"
364614,"Sydney Olympic FC","Sydney Olympic","13"
33560,"LDU Portoviejo","Portoviejo","13"
919587,"SSV Reutlingen","SSV Reutlingen","13"
433744,"Rydalmere Lions FC","Rydalmere Lions FC","13"
35281,"Bare EC RR","Bare","13"
1116091,"BFF Academy Minsk",NULL,"13"
36099,"Ocean City Nor Easters","Ocean City","13"
846010,"Flamengo Sao Pedro RS",NULL,"13"
36709,"Apollon Ladies Limassol","Apollon Ladies","13"
841590,"Vietnam Srl",NULL,"13"
4784,"New Zealand",NULL,"13"
742247,"Andorra Srl",NULL,"13"
4780,"Mauritius","Mauritius","13"
742235,"Moldova Srl",NULL,"13"
534097,"Hombrucher SV","Hombrucher SV","13"
4774,"Lebanon","Lebanon","13"
37329,"Croatia","Croatia","13"
37331,"Czechia","Czechia","13"
1125159,"Niteroiense FC RJ",NULL,"13"
37332,"Denmark","Denmark","13"
342680,"Ser Caxias RS","Ser Caxias","13"
339023,"Sydney United 58 FC","Sydney United 58","13"
336437,"FC Motown","FC Motown","13"
895697,"Jackson Lions FC",NULL,"13"
529967,"Jacioba AC AL","Jacioba","13"
334153,"Jacksonville Armada",NULL,"13"
37355,"Ireland","Ireland","13"
874785,"Midwest United FC","Midwest United FC","13"
49195,"Murici FC AL",NULL,"13"
903807,"Flatirons FC","Flatirons","13"
736397,"Rockdale Ilinden FC","Rockdale Ilinden","13"
325603,"Hills United FC","Hills United FC","13"
324681,"Bolivia","Bolivia","13"
37364,"Switzerland","Switzerland","13"
37366,"Wales","Wales","13"
321519,"Sydney University SFC","Sydney University","13"
37867,"Germany","Germany","13"
317841,"Prospect United","Prospect United","13"
317289,"Dulwich Hill","Dulwich Hill","13"
315509,"University of NSW","University NSW","13"
841574,"South Korea Srl",NULL,"13"
734571,"Western City Rangers FC","Rangers","13"
733965,"Western Sydney Wanderers","Western Sydney Wanderers","13"
38013,"England","England","13"
733453,"Newcastle Jets FC","Newcastle Jets FC","13"
841588,"United Arab Emirates Srl",NULL,"13"
38060,"Faroe Islands","Faroe Islands","13"
310464,"Nunawading City","Nunawading","13"
308630,"AA Carapebus RJ",NULL,"13"
107207,"FC Krasnodar-2",NULL,"13"
998525,"California Odyssey SC",NULL,"13"
90140,"PSV Eindhoven","PSV Eindhoven","13"
39990,"Chinese Taipei",NULL,"13"
1212813,"Igaci FC AL",NULL,"13"
42729,"Juventus Turin","Juventus Turin","13"
717859,"HNK Hajduk Split Srl",NULL,"13"
133866,"Exeter City","Exeter","13"
274671,"Libertad Asuncion","Libertad Asuncion","13"
64145,"APIA Leichhardt Tigers","APIA Leichhardt Tigers","13"
1224271,"Deportivo Recoleta Reserve","Deportivo Recoleta Reserve","13"
1245066,"Galvez EC AC","Galvez EC AC","13"
1245002,"New Haven United FC",NULL,"13"
681567,"Peoria City","Peoria City","13"
264425,"St George FC","St George","13"
264423,"Central Coast Mariners","Central Coast Mariners","13"
264421,"Bankstown City FC","Bankstown City","13"
681971,"Charlotte Independence 2","Charlotte Independence 2","13"
264415,"Sydney FC","Sydney","13"
264413,"Marconi Stallions FC","Marconi Stallions","13"
264411,"Northern Tigers FC","Northern Tigers FC","13"
264405,"Macarthur Rams FC","Macarthur Rams","13"
75091,"Biolog Novokubansk",NULL,"13"
687675,"SD Raiders FC","SD Raiders FC","13"
8042,"Djibouti","Djibouti","13"
794226,"Hudson Valley Hammers","Hudson Valley Hammers","13"
21818,"Puerto Rico",NULL,"13"
21820,"Saint Lucia",NULL,"13"
796182,"FC Motown STA","FC Motown STA","13"
407751,"Esporte Clube Sao Gabriel RS",NULL,"13"
555636,"GE Anapolis GO",NULL,"13"
702081,"LDU Quito SRL","LDU SRL","13"
790940,"Appalachian FC",NULL,"13"
1033979,"Railway FC","Railway FC","13"
798282,"CE Bento Goncalves RS","Bento Goncalves","13"
937117,"Union Saint-Gilloise Srl",NULL,"13"
784792,"AS Far Rabat",NULL,"13"
7419,"New Zealand","New Zealand","13"
550479,"ACF Fiorentina Viareggio Team",NULL,"13"
559132,"Naples United",NULL,"13"
7297,"Ipatinga MG",NULL,"13"
886439,"FC Kompozit Pavlovskiy Posad",NULL,"12"
414515,"Whittlesea United SC","Whittlesea Utd.","12"
591467,"Rochester FC","Rochester FC","12"
37356,"Romania","Romania","12"
37358,"Scotland","Scotland","12"
608746,"Sreebhumi FC","Sreebhumi FC","12"
37359,"Serbia","Serbia","12"
1107719,"New Jersey United AC",NULL,"12"
37360,"Slovakia","Slovakia","12"
4828,"India","India","12"
49111,"Vietnam","Vietnam","12"
328497,"Londrina EC PR",NULL,"12"
840330,"Atletas de Jesus GO",NULL,"12"
1110777,"Columbus United FC","Columbus United FC","12"
910341,"West Chester United SC USL2","West Chester United USL2","12"
327351,"Olaria AC RJ",NULL,"12"
370110,"Nbp Rainbow AC","Nbp Rainbow","12"
903809,"Colorado International Soccer Academy","Colorado International Soccer Academy","12"
915111,"Cedar Stars","Cedar","12"
1097101,"Preston Lions FC U20","Preston Lions FC U20","12"
874789,"Chicago Dutch Lions FC","Chicago Dutch Lions","12"
429007,"Bryne FK","Bryne","12"
1043383,"AA Vasco de Itaberai GO",NULL,"12"
1139837,"California Storm Uslw","California Storm Uslw","12"
22562,"Switzerland","Switzerland","12"
325141,"Venezuela","Venezuela","12"
22561,"Sweden","Sweden","12"
1232509,"Red River FC","Red River FC","12"
22558,"Slovakia","Slovakia","12"
370114,"Kidderpore SC","Kidderpore SC","12"
322369,"FC Gori","FC Gori","12"
1107709,"Staten Island Asc","Staten Island Asc","12"
1107705,"Union FC Macomb","Union FC Macomb","12"
991603,"RKC Third Coast","RKC Third Coast","12"
610682,"Eintracht Norderstedt",NULL,"12"
37873,"Belarus","Belarus","12"
370944,"Lonestar SC","Lonestar SC","12"
37971,"Czechia","Czechia","12"
37975,"Scotland","Scotland","12"
37976,"Switzerland","Switzerland","12"
1107699,"River Light FC","River Light FC","12"
317839,"Hawkesbury City SC","Hawkesbury City","12"
1232511,"Global Football Innovation Academy",NULL,"12"
559086,"FC Buffalo","FC Buffalo","12"
316663,"St George City FA","St George City","12"
798466,"Brevard SC","Brevard","12"
991625,"Redlands FC","Redlands FC","12"
242396,"Fraser Park FC","Fraser Park","12"
314905,"Dunbar Rovers FC","Dunbar Rovers","12"
559096,"Hartford City FC",NULL,"12"
38009,"Belarus","Belarus","12"
7850,"Faroe Islands","Faroe Islands","12"
38012,"Denmark","Denmark","12"
7849,"Azerbaijan","Azerbaijan","12"
23488,"Tajikistan","Tajikistan","12"
874809,"Tennessee SC",NULL,"12"
38059,"Croatia","Croatia","12"
585825,"Miami AC","Miami AC","12"
559220,"Sacramento Gold FC",NULL,"12"
311010,"Sportivo Trinidense","Sportivo Trinidense","12"
796812,"North Carolina Fusion","North Carolina Fusion","12"
22722,"USA",NULL,"12"
760768,"FC Saint Eloi Lupopo","FC Saint Eloi Lupopo","12"
1222645,"SV Gonsenheim",NULL,"12"
111253,"Turris Calcio",NULL,"12"
1232479,"Santafe Wanderers FC","Santafe Wanderers FC","12"
38061,"Greece","Greece","12"
38062,"Hungary","Hungary","12"
1232491,"Kings Hammer Sun City",NULL,"12"
38065,"Northern Ireland","Northern Ireland","12"
796840,"Chicago Dutch Lions",NULL,"12"
585713,"Perolas Negras RJ",NULL,"12"
895701,"Philadelphia Ukrainian Nationals",NULL,"12"
38073,"Wales","Wales","12"
21868,"GE Juventus Jaragua do Sul SC","Jaragua do Sul","12"
307600,"Southern Samity FC","Southern Samity FC","12"
22654,"Sweden","Sweden","12"
22651,"Slovenia","Slovenia","12"
38077,"Belgium","Belgium","12"
22650,"Slovakia","Slovakia","12"
895727,"Apotheos FC","Apotheos FC","12"
38078,"Georgia","Georgia","12"
22647,"San Marino","San Marino","12"
22645,"Romania","Romania","12"
100015,"Reading United AC","Reading Utd.","12"
22638,"Norway","Norway","12"
1232521,"City SC San Diego","City SC San Diego","12"
395540,"Canterbury Bankstown Berries","Canterbury Bankstown Berries","12"
4892,"Turkiye","Turkiye","12"
22637,"Northern Ireland","Northern Ireland","12"
22630,"Moldova","Moldova","12"
374770,"Kosovo","Kosovo","12"
998535,"West Texas FC","West Texas FC","12"
6052,"Slovakia","Slovakia","12"
1232485,"Delaware FC","Delaware FC","12"
22628,"Malta","Malta","12"
6018,"Armenia","Armenia","12"
90122,"Aston Villa","Aston Villa","12"
22624,"Liechtenstein","Liechtenstein","12"
22477,"Scotland","Scotland","12"
790938,"New York Shockers",NULL,"12"
771248,"Hurstville FC","Hurstville","12"
790874,"Joy AC St Louis Park","Louis Park","12"
22615,"Israel","Israel","12"
90120,"Arsenal FC","Arsenal","12"
22609,"Hungary","Hungary","12"
22603,"North Macedonia","North Macedonia","12"
1108125,"River Light FC","River Light FC","12"
1107789,"Coachella SC",NULL,"12"
717869,"NK Osijek Srl","NK Osijek Srl","12"
991785,"Rochester FC","Rochester FC","12"
1107785,"AMSG FC","AMSG","12"
22482,"Albania","Albania","12"
472971,"Gibraltar","Gibraltar","12"
675187,"Uniao Cacoalense RO","Uniao Cacoalense RO","12"
22602,"Finland","Finland","12"
1252803,"Lexington SC II",NULL,"12"
6019,"Austria","Austria","12"
85277,"Montenegro","Montenegro","12"
85275,"Malta","Malta","12"
22601,"Faroe Islands","Faroe Islands","12"
658143,"Preston North End","Preston North End","12"
796942,"SSA Swarm FC","SSA Swarm","12"
657391,"Tuna Luso Brasileira PA",NULL,"12"
498356,"Liechtenstein","Liechtenstein","12"
85273,"Portugal","Portugal","12"
1232557,"Annapolis Blues FC","Annapolis Blues FC","12"
575809,"Salem City FC","Salem City FC","12"
274683,"Sportivo Luqueno","Sportivo Luqueno","12"
575805,"Manhattan SC","Manhattan SC","12"
991809,"Academica SC",NULL,"12"
1107761,"Brooke House FC","Brooke House FC","12"
1107759,"Hattiesburg FC","Hattiesburg FC","12"
85225,"Albania","Albania","12"
790870,"Oakland Stompers",NULL,"12"
274669,"Guarani Asuncion","Guarani Asuncion","12"
274661,"Cerro Porteno Asuncion","Cerro Porteno Asuncion","12"
1107731,"Hill Country Lobos","Hill Country Lobos","12"
874793,"St. Croix SC","St. Croix SC","12"
1223515,"1.FC Schweinfurt 05",NULL,"12"
272447,"Olympic FC Brisbane","Olympic Brisbane","12"
22595,"Cyprus","Cyprus","12"
429663,"Camden Tigers FC","Camden Tigers FC","12"
191852,"FC Istiklol","Istiklol","12"
798216,"Springfield FC","Springfield FC","12"
65154,"GAIS Goteborg","GAIS","12"
798274,"Sunflower State FC","Sunflower State FC","12"
992585,"ST Petersburg FC",NULL,"12"
818050,"FC Alania Vladikavkaz-2",NULL,"12"
65156,"IF Elfsborg","Elfsborg","12"
429651,"Nepean FC","Nepean FC","12"
21963,"Fluminense de Feira FC BA","Fluminense","12"
21977,"Macae Esporte FC RJ",NULL,"12"
22585,"Bosnia & Herzegovina","Bosnia And Herzegov.","12"
681555,"Oakland County FC","Oakland County FC","12"
1107727,"Birmingham Legion FC 2","Birmingham Legion FC 2","12"
1059023,"Luxembourg","Luxembourg","12"
22544,"Northern Ireland","Northern Ireland","12"
702485,"Rakow Czestochowa SRL","Czestochowa SRL","12"
787692,"Morris Elite SC","Morris Elite SC","12"
22534,"Luxembourg","Luxembourg","12"
787690,"Real Central New Jersey","Real Central New Jersey","12"
787684,"Kings Hammer Cincinnati",NULL,"12"
264417,"NWS Spirit FC","NWS Spirit","12"
6042,"Moldova","Moldova","12"
22521,"Israel","Israel","12"
7413,"China PR",NULL,"12"
559068,"Toledo Villa FC","Toledo Villa FC","12"
22577,"Armenia","Armenia","12"
388226,"Aryans Sports","Aryans","12"
22575,"Andorra","Andorra","12"
1179203,"Bromley FC","Bromley","12"
1032491,"Gallos Blancos Queretaro U23",NULL,"12"
258553,"South Carolina United Bantams","South Carolina Utd","12"
1232481,"FC Ambush","Ambush","12"
258545,"Rolim de Moura RO",NULL,"12"
681981,"East Atlanta FC","East Atlanta","12"
702179,"TSV Hartberg SRL",NULL,"12"
258509,"Brave SC","Brave SC","12"
991787,"RKC Third Coast","RKC Third Coast","12"
681991,"SSA Swarm FC","SSA Swarm","12"
163426,"Parramatta FC Eagles","Eagles","12"
6050,"San Marino","San Marino","12"
1244982,"Ambassadors FC Ohio","Ambassadors FC Ohio","12"
1244980,"Real San Jose",NULL,"12"
75029,"Thailand","Thailand","12"
1244978,"FC Pride Elite",NULL,"12"
682333,"AC Goianiense GO",NULL,"12"
874215,"Sportivo Ameliano","Sportivo Ameliano","12"
742259,"San Marino Srl",NULL,"12"
71058,"Dayton Dutch Lions","Dayton","12"
1055935,"Stockport County","Stockport","12"
912017,"South Carolina United Bantams","South Carolina United Bantams","12"
697231,"OFI Crete SRL","Crete SRL","12"
37290,"Moldova","Moldova","12"
37286,"Finland","Finland","12"
1183611,"EC Resende RJ",NULL,"12"
991611,"Ironbound SC","Ironbound SC","12"
874783,"Lansing City Football","Lansing City Football","12"
559072,"Kalamazoo FC","Kalamazoo FC","12"
437878,"Duluth FC","Duluth FC","12"
429513,"South Coast Flame FC","South Coast Flame FC","12"
37325,"Azerbaijan","Azerbaijan","12"
388884,"Bhawanipore FC","Bhawanipore","12"
437226,"Pleasanton Rage","Pleasanton Rage","12"
37328,"Bulgaria","Bulgaria","12"
1232473,"Northern Indiana FC","Northern Indiana FC","12"
21805,"Antigua and Barbuda",NULL,"12"
912047,"Oakland Soul","Oakland Soul","12"
37330,"Cyprus","Cyprus","12"
344382,"Capalaba FC","Capalaba FC","12"
702099,"Racing Club Avellaneda SRL",NULL,"12"
21807,"Bahamas",NULL,"12"
22479,"Spain","Spain","12"
1232501,"Montgomery United FC","Montgomery United FC","12"
850663,"Prosperidade FC ES","Prosperidade FC ES","12"
1232523,"Stars FC","Stars FC","12"
4694,"Russia","Russia","12"
991803,"Olympic Club",NULL,"12"
37334,"Estonia","Estonia","12"
559078,"AFC Ann Arbor","AFC Ann Arbor","12"
3357,"FC Shakhter Soligorsk",NULL,"12"
37335,"North Macedonia","North Macedonia","12"
552759,"Charlotte Eagles","Charlotte Eagles","12"
37336,"Faroe Islands","Faroe Islands","12"
991813,"Birmingham Legion FC","Birmingham Legion FC","12"
552775,"Wake FC","Wake FC","12"
437224,"Marin FC Alliance","Marin FC Alliance","12"
336057,"Granville Rage","Granville Rage","12"
48835,"Ecuador","Ecuador","12"
895723,"Akron City FC","Akron City FC","12"
388886,"Peerless SC","Peerless SC","12"
37339,"Georgia","Georgia","12"
49032,"China","China","12"
927163,"Caucaia EC CE","Caucaia EC CE","12"
334511,"Southern California Eagles","Southern California Eagles","12"
49108,"United Arab Emirates",NULL,"12"
37340,"Greece","Greece","12"
37342,"Iceland","Iceland","12"
34713,"Andorra","Andorra","12"
334483,"Weston FC","Weston FC","12"
334473,"FC Miami City","FC Miami City","12"
1232475,"Kings Hammer Columbus","Kings Hammer Columbus","12"
334471,"Houston FC","Houston FC","12"
334467,"Twin City Toucans","Twin City Toucans","12"
1026941,"Wari AC","Wari AC","12"
34012,"Vilhena RO",NULL,"12"
334463,"Mississippi Brilla","Mississippi Brilla","12"
334453,"Tobacco Road FC","Tobacco Road FC","12"
334449,"North Carolina FC","North Carolina","12"
334443,"LVU Rush","Lehigh Valley Utd","12"
1232541,"Sioux Falls City FC","Sioux Falls City FC","12"
37345,"Kazakhstan","Kazakhstan","12"
334435,"Westchester Flames","Westchester Flames","12"
33813,"Sao Tome and Principe","Sao Tome & Principe","12"
334417,"West Virginia United","West Virginia","12"
1232519,"Colorado Storm","Colorado Storm","12"
1320592,"Melbourne City Youth","Melbourne City Youth","12"
37348,"Latvia","Latvia","12"
37349,"Lithuania","Lithuania","12"
1129919,"Capo FC 2","Capo FC 2","12"
242638,"Kosovo","Kosovo","12"
334131,"New Jersey Copa FC","New Jersey Copa FC","12"
889671,"Vere FC PR",NULL,"12"
607660,"Cangrejera FC",NULL,"12"
434116,"AHFC Royals","AHFC Royals","12"
912037,"Kings Hammer FC Cincinnati",NULL,"12"
1329730,"Atletico Rojiblanco","Atletico Rojiblanco","12"
22580,"Azerbaijan","Azerbaijan","11"
511106,"Aparecida EC GO",NULL,"11"
516742,"Rioverdense GO",NULL,"11"
518816,"Pires Do Rio GO",NULL,"11"
1038241,"Kalighat Sports Lovers","Kalighat Sports Lovers","11"
447519,"Long Island Rough Riders","Long Island Rough Riders","11"
437882,"Fort Worth Vaqueros FC","Fort Worth Vaqueros FC","11"
437414,"Erie Commodores FC","Erie Commodores FC","11"
1097013,"Oakleigh Cannons FC","Oakleigh Cannons","11"
1097015,"Manningham United Blues FC","Manningham United Blues","11"
433696,"Milwaukee Torrent",NULL,"11"
1097017,"Avondale FC","Avondale","11"
1097021,"Green Gully SC","Green Gully","11"
1097025,"Altona Magic SC","Altona Magic","11"
1097027,"Heidelberg United FC","Heidelberg United","11"
1097033,"Port Melbourne Sharks SC","Port Melbourne Sharks","11"
1097035,"ST Albans Saints Dinamo SC","ST Albans Saints Dinamo","11"
429673,"Central Coast United FC","Central Coast United FC","11"
1097037,"South Melbourne FC","South Melbourne","11"
1097043,"Melbourne City FC","Melbourne City","11"
1097047,"North Geelong Warriors FC","North Geelong Warriors","11"
1097051,"Brunswick City SC","Brunswick City","11"
1097053,"Melbourne Victory FC","Melbourne Victory","11"
1097057,"Langwarrin SC","Langwarrin","11"
1097059,"Bentleigh Greens SC","Bentleigh Greens","11"
1097061,"Western United FC","Western United","11"
1097065,"FC Bulleen Lions","Bulleen Lions","11"
550465,"US Sassuolo Viareggio Team",NULL,"11"
422639,"TPV",NULL,"11"
1097067,"Preston Lions FC","Preston Lions","11"
1097069,"Brunswick Juventus FC","Brunswick Juventus","11"
552267,"Varzea Grande EC MT","Varzea Grande","11"
552269,"Sao Raimundo EC RR","Sao Raimundo EC RR","11"
1097081,"North Sunshine Eagles FC","North Sunshine Eagles","11"
552287,"Cresspom DF","Cresspom DF","11"
1097097,"Bentleigh Greens SC U20","Bentleigh Greens SC U20","11"
415431,"Bayside Argonauts FC","Bayside Argonauts","11"
1097103,"Box Hill United FC U20","Box Hill United FC U20","11"
1097107,"Heidelberg United FC U20","Heidelberg United FC U20","11"
1097109,"Alamein FC U20","Alamein FC U20","11"
1097111,"FC Bulleen Lions U20","FC Bulleen Lions U20","11"
555626,"Goianesia EC GO",NULL,"11"
407293,"Inter Club Brazzaville","Inter Club Brazzaville","11"
559050,"Sioux Falls Thunder FC","Sioux Falls Thunder FC","11"
559116,"Electric City Shock SC",NULL,"11"
559146,"Denton Diablos","Denton Diablos","11"
399457,"Sampaio Correa FE RJ",NULL,"11"
560216,"Hwange Colliery FC",NULL,"11"
399439,"Patha Chakra","Patha Chakra","11"
1106553,"Tsunami Azul FF",NULL,"11"
388666,"Kalighat MS","Kalighat MS","11"
388634,"George Telegraph FC","George Telegraph FC","11"
388184,"Brunswick Juventus FC","Brunswick Juventus","11"
1107763,"Inter Gainesville KF","Inter Gainesville KF","11"
575813,"Wake FC","Wake FC","11"
380918,"Kosovo","Kosovo","11"
1108155,"Tallahassee Reckoning","Tallahassee Reckoning","11"
585381,"Waterside Karori",NULL,"11"
1109511,"Arenel Movers FC",NULL,"11"
1109513,"Chegutu Pirates FC",NULL,"11"
1110223,"Shanghai Second","Shanghai Second","11"
1110779,"Gios Lions SC",NULL,"11"
365944,"Polva FC Lootos",NULL,"11"
592039,"FC Atletico Cearense CE","Cearense","11"
364600,"Keilor Park SC","Keilor Park","11"
364596,"Essendon Royals SC","Essendon Royals","11"
364590,"Malvern City FC","Malvern City","11"
592890,"FCI Levadia Tallinn","Levadia Tallinn","11"
349178,"FC Inter Turku",NULL,"11"
600122,"Municipal Perez Zeledon",NULL,"11"
342632,"TPS Juniorijalkapallo",NULL,"11"
334717,"Grankulla IFK",NULL,"11"
334715,"JaPS",NULL,"11"
334705,"Atlantis FC",NULL,"11"
334701,"HJK Helsinki",NULL,"11"
1026843,"CR Brasil B AL","Brasil B","11"
1134031,"Lonestar SC","Lonestar SC","11"
327453,"Keilor Park SC","Keilor Park SC","11"
327311,"Goytacaz FC RJ",NULL,"11"
315369,"Eltham Redbacks FC","Eltham Redbacks","11"
613860,"PPJ",NULL,"11"
310918,"Springvale White Eagles","Springvale W. E.","11"
613920,"Bss Sporting Club","Bss Sporting Club","11"
613940,"SG Unterrath","SG Unterrath","11"
308086,"Altona City SC","Altona City","11"
295178,"CA Quilmes Reserve","CA Quilmes Reserve","11"
295166,"At Rafaela Reserve","At Rafaela Reserve","11"
284961,"Malta","Malta","11"
1162275,"SC Abadia GO",NULL,"11"
280137,"America FC GO",NULL,"11"
274673,"Nacional Asuncion","Nacional Asuncion","11"
273497,"Indonesia","Indonesia","11"
255841,"Police AC","Police AC","11"
243490,"Box Hill United FC","Box Hill Utd","11"
1174829,"Valadares EC MG",NULL,"11"
1175175,"Itaucu EC GO",NULL,"11"
221680,"Andorra","Andorra","11"
213958,"TSV Havelse","Havelse","11"
212956,"AE Evangelica GO",NULL,"11"
202451,"Scarborough SC",NULL,"11"
180870,"North Geelong Warriors FC","N. Geelong Warriors","11"
874819,"AC Houston Sur","AC Houston Sur","11"
1182929,"FC Vaajakoski",NULL,"11"
874811,"Nona FC","Nona FC","11"
142728,"Werribee City FC","Werribee City","11"
142726,"Goulburn Valley Suns","Goulburn V. S.","11"
134292,"Diables Noirs","Diables Noirs","11"
132958,"Vietnam",NULL,"11"
132938,"India","India","11"
998539,"Charlottetowne Hops FC","Charlottetowne Hops FC","11"
114621,"Sud America",NULL,"11"
677615,"Port City FC",NULL,"11"
79397,"Montenegro","Montenegro","11"
1232477,"Erie Sports Center","Erie Sports Center","11"
1232505,"Pittsburgh Riveters SC","Pittsburgh Riveters SC","11"
1232507,"McKinney Chupacabras FC","McKinney Chupacabras FC","11"
991807,"San Francisco Glens SC",NULL,"11"
65182,"Osters IF","Osters","11"
991793,"FC Olympia","FC Olympia","11"
65172,"Halmstads BK","Halmstads","11"
65170,"Falkenbergs FF","Falkenbergs","11"
694849,"Sheffield United SRL",NULL,"11"
1232575,"San Juan SC","San Juan SC","11"
1232585,"Santa Clarita Blue Heat FC","Santa Clarita Blue Heat FC","11"
1232597,"One Knoxville SC","One Knoxville","11"
694881,"Fortuna Dusseldorf SRL","F. Dusseldorf SRL","11"
50928,"Saudi Arabia",NULL,"11"
991619,"Albion SC Colorado","Albion SC Colorado","11"
49102,"Thailand","Thailand","11"
49101,"Syria",NULL,"11"
874795,"Cleveland Force SC","Cleveland Force SC","11"
1244689,"Rio Branco SC PR",NULL,"11"
1244986,"Rochester NY FC Academy","Rochester NY FC Academy","11"
1244992,"Players Development Academy",NULL,"11"
1244994,"Oklahoma United FC",NULL,"11"
1245004,"Osners FC",NULL,"11"
712275,"Belarus Srl",NULL,"11"
714193,"Incheon United FC SRL","Incheon United SRL","11"
987517,"Club de Lyon FC",NULL,"11"
1252567,"Carolina Ascent II","Carolina Ascent II","11"
1261771,"Eltham Redbacks FC","Eltham Redbacks","11"
42871,"Sakhalin Sakhalinsk",NULL,"11"
980569,"NoPS",NULL,"11"
38102,"Slovakia","Slovakia","11"
38076,"Azerbaijan","Azerbaijan","11"
38072,"Ukraine","Ukraine","11"
38070,"Serbia","Serbia","11"
38068,"Romania","Romania","11"
38019,"Turkiye","Turkiye","11"
38015,"North Macedonia","North Macedonia","11"
38010,"Bulgaria","Bulgaria","11"
37974,"Ireland","Ireland","11"
37870,"Latvia","Latvia","11"
37868,"Iceland","Iceland","11"
37865,"Estonia","Estonia","11"
37351,"Northern Ireland","Northern Ireland","11"
37343,"Israel","Israel","11"
37341,"Hungary","Hungary","11"
739513,"West Bromwich Albion",NULL,"11"
37327,"Bosnia and Herzegovina","Bosnia and Herzegovina","11"
37324,"Austria","Austria","11"
37323,"Armenia","Armenia","11"
37291,"Turkiye","Turkiye","11"
1276190,"Crixas EC GO",NULL,"11"
1276192,"Bom Jesus EC",NULL,"11"
35466,"South Africa",NULL,"11"
32795,"Santa Helena GO",NULL,"11"
23633,"Charlotte Eagles","Charlotte","11"
22781,"Serbian White Eagles",NULL,"11"
762776,"Mixto EC PB","Mixto EC PB","11"
22664,"Wales","Wales","11"
22662,"Uzbekistan","Uzbekistan","11"
22642,"Poland","Poland","11"
22625,"Lithuania","Lithuania","11"
22619,"Kazakhstan","Kazakhstan","11"
22610,"Iceland","Iceland","11"
22607,"Greece","Greece","11"
22600,"Estonia","Estonia","11"
22597,"Denmark","Denmark","11"
774154,"Estudiantes de Rio Cuarto Reserve","Estudiantes de Rio Cuarto Reserve","11"
774156,"Gimnasia de Mendoza Reserve","Gimnasia de Mendoza Reserve","11"
22588,"Bulgaria","Bulgaria","11"
774580,"SE Uniao De Natal RN","SE Uniao De Natal RN","11"
22582,"Belarus","Belarus","11"
22574,"Albania","Albania","11"
22549,"Portugal","Portugal","11"
22511,"Georgia","Georgia","11"
22510,"North Macedonia","North Macedonia","11"
22484,"Armenia","Armenia","11"
22481,"Turkiye","Turkiye","11"
22478,"Serbia","Serbia","11"
22475,"Netherlands","Netherlands","11"
22428,"Tupi FC MG",NULL,"11"
21981,"Mineiros GO",NULL,"11"
21974,"Itumbiara EC GO",NULL,"11"
21973,"Itabuna EC BA",NULL,"11"
795828,"Avondale FC","Avondale FC","11"
7851,"Kazakhstan","Kazakhstan","11"
796980,"Pori Akatemia YJ",NULL,"11"
796998,"Chattanooga Red Wolves SC","Chattanooga Red Wolves SC","11"
798400,"San Leandro United FC",NULL,"11"
7746,"Deportivo Lara","Lara","11"
802542,"Fortuna Sittard","Fortuna Sittard","11"
7299,"Guadeloupe",NULL,"11"
7060,"Real Potosi","Real Potosi","11"
6057,"Wales","Wales","11"
6043,"Northern Ireland","Northern Ireland","11"
6026,"Estonia","Estonia","11"
5937,"Chinese Taipei","Chinese Taipei","11"
1314460,"Leones de Rosario FC","Leones de Rosario FC","11"
1314560,"Jfv Lubeck U19","Jfv Lubeck U19","11"
1314562,"SC Borea Dresden U19","SC Borea Dresden U19","11"
4689,"Afghanistan","Afghanistan","11"
2378,"Brechin City FC","Brechin","11"
916781,"Cooper",NULL,"11"
1320578,"Melbourne City FC 2","Melbourne City FC 2","11"
1320590,"Melbourne Victory FC Youth","Melbourne Victory FC Youth","11"
1320600,"Spring Hills FC U20","Spring Hills FC U20","11"
1320602,"Melbourne Victory FC U20","Melbourne Victory FC U20","11"
1320604,"Keilor Park SC U20","Keilor Park SC U20","11"
1320606,"Avondale FC U20","Avondale FC U20","11"
1320608,"Melbourne City U20","Melbourne City U20","11"
835290,"Jataiense GO",NULL,"11"
1329650,"Club Atletico Barinas","Club Atletico Barinas","11"
1331262,"Guaynabo","Guaynabo","11"
895725,"Alexandria Reds",NULL,"11"
845612,"Abd GO",NULL,"11"
845616,"Guanabara City GO",NULL,"11"
895721,"Grove Soccer United",NULL,"11"
895699,"Pennsylvania Classics",NULL,"11"
912003,"Eagle FC","Eagle FC","11"
912013,"Greenville Liberty",NULL,"11"
912019,"South Georgia Tormenta FC","South Georgia Tormenta FC","11"
912021,"Tennessee SC",NULL,"11"
912027,"FC Miami City","FC Miami City","11"
912029,"Detroit City FC","Detroit City FC","11"
888051,"Estudiantes de la Plata Srl","Estudiantes de la Plata Srl","11"
885431,"Kosovo","Kosovo","11"
499104,"MP Mikkelin",NULL,"11"
1057633,"FC Dinamo Minsk","Dinamo Minsk","11"
912035,"Kalamazoo FC","Kalamazoo FC","10"
1244996,"District Elite FC",NULL,"10"
677621,"FC Brownsville",NULL,"10"
1245000,"American Soccer Club New York",NULL,"10"
877539,"Palm Beach SC","Palm Beach SC","10"
22493,"Bulgaria","Bulgaria","10"
1245006,"Burlington United FC","Burlington United FC","10"
1996,"Atletico Roraima RR","Atl. Roraima","10"
1169957,"Essube MG",NULL,"10"
1169313,"HJK Akatemia",NULL,"10"
1195755,"Intituto de FF The Blessed CE",NULL,"10"
22555,"Scotland","Scotland","10"
22507,"Faroe Islands","Faroe Islands","10"
1135239,"XV de Novembro EC MG",NULL,"10"
327343,"Audax Rio EC RJ",NULL,"10"
1107713,"Dmv Elite FC",NULL,"10"
1086332,"Athletic Bilbao","Athletic Bilbao","10"
1232599,"Capo FC","Capo FC","10"
1107715,"Minnesota Blizzard FC","Minnesota Blizzard FC","10"
1097071,"FC Melbourne Srbija","Melbourne Srbija","10"
1088209,"Valencia CF Mestalla","Valencia Mestalla","10"
22492,"Bosnia and Herzegovina","Bosnia and Herzegovina","10"
327337,"Sao Goncalo EC RJ",NULL,"10"
22679,"Egypt",NULL,"10"
327329,"Duque de Caxias FC RJ",NULL,"10"
886895,"Valmiera FC II / VSS",NULL,"10"
8038,"Seychelles","Seychelles","10"
58027,"Anstey Nomads","Anstey N","10"
1316454,"FC Hunters","FC Hunters","10"
1232499,"FC Buffalo","FC Buffalo","10"
324543,"Gibraltar","Gibraltar","10"
1316452,"Hardrock FC","Hardrock FC","10"
37365,"Ukraine","Ukraine","10"
714251,"FC Banik Ostrava (Srl)",NULL,"10"
1316450,"Agama FC","Agama FC","10"
826584,"Falcon SE",NULL,"10"
1200717,"FC Masar",NULL,"10"
991801,"Paisley Athletic FC","Paisley Athletic FC","10"
445257,"Araruama FC RJ",NULL,"10"
1314564,"SGV Freiberg Fussball U19","SGV Freiberg Fussball U19","10"
912009,"Patuxent Football Athletics","Patuxent Football Athletics","10"
1251601,"Manga Canada",NULL,"10"
714271,"SK Sigma Olomouc (Srl)","SK Sigma Olomouc (Srl)","10"
46967,"Dunston Uts","Dunston Uts","10"
89452,"Helsingborgs IF","Helsingborgs","10"
89454,"Orgryte IS","Orgryte","10"
1252563,"Lexington SC II",NULL,"10"
57909,"Bosnia & Herzegovina","Bosnia and Herzegov.","10"
1044081,"Valeriodoce EC MG",NULL,"10"
1252569,"Sporting Jacksonville II","Sporting Jacksonville II","10"
22506,"Estonia","Estonia","10"
912007,"Northern Virginia FC","Northern Virginia FC","10"
4728,"Turkmenistan","Turkmenistan","10"
566539,"Inhumas EC GO","Inhumas EC","10"
37869,"Israel","Israel","10"
1007245,"Global Soccer Pathways",NULL,"10"
7929,"Cambodia","Cambodia","10"
37871,"Sweden","Sweden","10"
885423,"Luxembourg","Luxembourg","10"
796238,"Liechtenstein","Liechtenstein","10"
1280199,"City London PR",NULL,"10"
1261391,"Santa Cruz Acre EC AC",NULL,"10"
37973,"Lithuania","Lithuania","10"
911995,"Morris Elite SC","Morris Elite SC","10"
1264935,"Newcastle Jet U23","Newcastle Jet U23","10"
798268,"Iowa Demon Hawks",NULL,"10"
1232569,"Kings Hammer FC Sun City",NULL,"10"
781750,"Brisbane Strikers","Brisbane Strikers","10"
437428,"GNK Dinamo Zagreb","Dinamo Zagreb","10"
37991,"Bishop´s Cleeve","Bishop´s Cleeve","10"
538331,"Memphis 901 FC",NULL,"10"
733771,"Botafogo Fr RJ",NULL,"10"
991799,"Cleveland Force SC","Cleveland Force SC","10"
313119,"North Brisbane FC","North Brisbane","10"
848759,"Dangjin Citizen","Dangjin Citizen","10"
45485,"Martinique","Martinique","10"
1097019,"Dandenong City SC","Dandenong City","10"
559126,"Hershey FC",NULL,"10"
4882,"Bosnia and Herzegovina","Bosnia and Herzegovina","10"
362624,"Morocco","Morocco","10"
1044077,"AE Paracatu",NULL,"10"
38018,"Slovenia","Slovenia","10"
38063,"Moldova","Moldova","10"
1280195,"Samas PR",NULL,"10"
559110,"FC Frederick",NULL,"10"
285651,"Kairat Almaty","Kairat Almaty","10"
460787,"UTRGV Vaqueros",NULL,"10"
494810,"Dunfermline Athletic FC",NULL,"10"
550487,"Genoa CFC Viareggio Team",NULL,"10"
307388,"Resende FC RJ",NULL,"10"
1288071,"SK Brann Srl",NULL,"10"
991791,"Lane United FC",NULL,"10"
297888,"Real Hope FA",NULL,"10"
54721,"Keila JK","Keila","10"
458259,"FC Abdysh-Ata","Abdysh-Ata ","10"
871907,"Yeronga Eagles FC","Yeronga Eagles FC","10"
871395,"St George Willawong","St George Willawong","10"
426353,"Rio Negro RR","Rio Negro RR","10"
1097029,"Dandenong Thunder FC","Dandenong Thunder","10"
1097031,"Hume City FC","Hume City","10"
559108,"Virginia Beach City FC",NULL,"10"
6029,"Greece","Greece","10"
1097039,"Melbourne Knights FC","Melbourne Knights","10"
748485,"Red Bull Bragantino SP",NULL,"10"
998545,"Greenville United","Greenville United","10"
1097041,"Caroline Springs George Cross FC","Caroline Springs George Cross","10"
730349,"Valentine FC Reserve","Valentine FC Reserve","10"
545505,"Nacional AC Muriae MG",NULL,"10"
42218,"Real Juventud",NULL,"10"
23491,"Brunei Darussalam","Brunei","10"
6037,"Lithuania","Lithuania","10"
730347,"Newcastle Olympic FC Reserve","Newcastle Olympic FC Reserve","10"
1232565,"Lonestar SC San Antonio","Lonestar SC San Antonio","10"
65180,"Malmo FF","Malmo","10"
781754,"Queensland Lions FC","Queensland Lions FC","10"
1232563,"Hudson Valley Crusaders","Hudson Valley Crusaders","10"
730345,"Weston Bears FC","Weston Bears FC","10"
39621,"AA Caldense MG",NULL,"10"
730343,"Lambton Jaffas FC Reserve","Lambton Jaffas FC Reserve","10"
426355,"Progresso RR","Progresso RR","10"
547603,"Coimbra Sports MG",NULL,"10"
815192,"Grapiuna AC BA","Grapiuna AC BA","10"
1232503,"Flower City Union","Flower City Union","10"
65178,"Landskrona BoIS","Landskrona","10"
559104,"Alexandria Rough Diamonds",NULL,"10"
35291,"Sao Jose AP",NULL,"10"
6081,"Pakistan","Pakistan","10"
122290,"Gibraltar","Gibraltar","10"
22667,"Australia",NULL,"10"
1108181,"Flatirons FC","Flatirons FC","10"
90928,"Leopards de Dolisie","Leopards","10"
1016011,"Philadelphia Union Ds",NULL,"10"
38362,"ZNK Mura","ZNK Mura","10"
38306,"Kazakhstan","Kazakhstan","10"
895707,"CF10 Houston FC",NULL,"10"
370978,"Pittsburgh Steel City","Pittsburgh Steel","10"
912025,"Miami AC","Miami AC","10"
91138,"Ipswich Knights","Knights","10"
1223353,"Nepean FC","Nepean","10"
1232587,"Southern California Dutch Lions FC","Southern California Dutch Lions","10"
397658,"Alianca FC CE","Alianca","10"
1232561,"Virginia Beach United FC","Virginia Beach United FC","10"
366080,"Zamora FC Barinas II","Zamora FC Barinas II","10"
911987,"AC Connecticut","AC Connecticut","10"
842250,"Elite CD",NULL,"10"
991817,"Virginia Marauders FC",NULL,"10"
22392,"OPS Oulu",NULL,"10"
22525,"Kazakhstan","Kazakhstan","10"
397072,"Americano RJ",NULL,"10"
1108171,"Colorado Storm","Colorado Storm","10"
1232591,"Virginia Atlantic WFC","Virginia Atlantic WFC","10"
22532,"Liechtenstein","Liechtenstein","10"
915049,"Racing Louisville FC Academy",NULL,"10"
998537,"865 Alliance","865 Alliance","10"
22516,"Iceland","Iceland","10"
1107723,"Bristol Rhythm AFC","Bristol Rhythm AFC","10"
49059,"Kyrgyzstan",NULL,"10"
1108167,"Colorado International Soccer Academy","Colorado International Soccer Academy","10"
49056,"Jordan",NULL,"10"
1108165,"Albion SC Colorado","Albion SC Colorado","10"
1108163,"Tacoma Galaxy","Tacoma Galaxy","10"
36136,"FC Hoyvik","FC Hoyvik","10"
22636,"Korea DPR","Korea DPR","10"
22631,"Montenegro","Montenegro","10"
1108161,"Challenge SC","Challenge SC","10"
32875,"Uberaba SC MG",NULL,"10"
1108159,"Ahfc Royals","Ahfc Royals","10"
1277738,"Novo Esporte MG",NULL,"10"
49023,"Bahrain",NULL,"10"
74433,"Fortuna Cologne","Fortuna Cologne","10"
147566,"FK Utenos Utenis","Utenos Utenis","10"
559090,"Cleveland SC","Cleveland SC","10"
22626,"Luxembourg","Luxembourg","10"
751299,"Marconi Stallions","Marconi Stallions","10"
559084,"Syracuse FC",NULL,"10"
1112963,"Niagara 1812","Niagara 1812","10"
1112965,"Southern Indiana Guardians FC",NULL,"10"
776862,"Kahibah FC Reserve","Kahibah FC Reserve","10"
108725,"Wacker Burghausen","Burghausen","10"
1177161,"Petropolis FC RJ",NULL,"10"
785790,"Arkansas Wolves",NULL,"10"
1119835,"IK Oddevold","Oddevold","10"
1110783,"Wc Predators",NULL,"10"
786770,"Melville United AFC","Melville United AFC","10"
1222839,"FC Racine",NULL,"10"
776846,"Belmont Swansea United FC Reserves","Belmont Swansea United FC Reserves","10"
1175987,"Real Sociedad","Real Sociedad","10"
1098165,"Moreton City Excelsior","Moreton City Excelsior","10"
1243433,"EC Mamore MG",NULL,"10"
961731,"TP Mazembe",NULL,"10"
1217735,"Monte Roraima RR",NULL,"10"
457463,"Fluminense SC","Fluminense SC","10"
457093,"Lancaster Inferno","Lancaster Inferno","10"
21964,"Guarani MG",NULL,"10"
370946,"San Antonio Athenians SC",NULL,"10"
224772,"FC RB Salzburg",NULL,"10"
22500,"Cyprus","Cyprus","10"
22713,"Korea Republic",NULL,"10"
906171,"Operario FC MS",NULL,"10"
37322,"Uruguay","Uruguay","10"
1110781,"Wisconsin Conquerors FC",NULL,"10"
65152,"BK Hacken","Hacken","10"
1286323,"Anapolina Saf GO",NULL,"10"
771192,"Nepean FC","Nepean FC","10"
346800,"FC Vorskla Poltava","Vorskla Poltava","10"
23486,"Laos","Laos","10"
702043,"AFC Ann Arbor","AFC Ann Arbor","10"
1108147,"Brevard SC Riptide","Brevard SC Riptide","10"
1232581,"West Seattle Rhodies FC","West Seattle Rhodies FC","10"
1232579,"Salmon Bay FC","Salmon Bay FC","10"
1232517,"Union FC Macomb","Union FC Macomb","10"
22618,"Japan","Japan","10"
370972,"Dayton Dutch Lions","Dayton Dutch Lions","10"
840480,"Barra SE",NULL,"10"
912039,"Midwest United FC","Midwest United FC","10"
1108135,"Richmond Ivy USLW","Richmond Ivy USLW","10"
346268,"Toledo Villa","Toledo Villa","10"
702083,"Sao Paulo FC SP SRL",NULL,"10"
776058,"Brisbane City","Brisbane City","10"
346244,"New Jersey Copa FC","New Jersey Copa FC","10"
344384,"Logan Lightning","Logan Lightning","10"
1030587,"CF Com Vida RS",NULL,"10"
1223351,"Marconi Stallions","Marconi Stallions","10"
776002,"Gold Coast United FC","Gold Coast United FC","10"
1232577,"Bigfoot FC","Bigfoot FC","10"
1027705,"Mohun Bagan SG Reserves","Mohun Bagan SG Reserves","10"
740569,"Maitland FC Reserve","Maitland FC Reserve","10"
21854,"Boa EC MG",NULL,"10"
912033,"Indy Eleven","Indy Eleven","10"
702123,"MKS Pogon Szczecin SRL",NULL,"10"
529505,"Horizonte FC CE","Horizonte FC CE","10"
47505,"America PE",NULL,"10"
740565,"Edgeworth FC Reserve","Edgeworth FC Reserve","10"
499610,"Albania","Albania","10"
740563,"Broadmeadow Magic FC Reserve","Broadmeadow Magic FC Reserve","10"
911989,"Cedar Stars Academy","Cedar Stars Academy","10"
740561,"Adamstown Rosebud FC Reserve","Adamstown Rosebud FC Reserve","10"
677623,"Miami Dutch Lions",NULL,"10"
1108129,"Charlottesville Blues FC","Charlottesville Blues FC","10"
781818,"Caboolture Sports FC","Caboolture Sports FC","10"
22604,"Georgia","Georgia","10"
1244984,"Buffalo Stallions","Buffalo Stallions","10"
1126775,"Ssa FC BA","Ssa FC BA","10"
911993,"Manhattan SC","Manhattan SC","10"
22700,"Nigeria",NULL,"10"
702169,"SCR Altach SRL","Altach SRL","10"
494824,"Kilmarnock FC",NULL,"10"
1244988,"FC Florida",NULL,"10"
1327828,"Bucheon FC Srl","Bucheon FC Srl","10"
393814,"FC Khimki-M",NULL,"10"
342728,"The Gap FC","The Gap","10"
1324674,"Galo Maringa PR U20","Galo Maringa PR U20","10"
835494,"Varginha EC MG",NULL,"10"
1097113,"Essendon Royals SC U20","Essendon Royals SC U20","10"
494828,"Queen of the South FC",NULL,"10"
792286,"Lone FC",NULL,"10"
21815,"Montserrat",NULL,"10"
1324672,"Cianorte FC PR U20","Cianorte FC PR U20","10"
1324670,"CE Uniao PR U20","CE Uniao PR U20","10"
1232497,"Erie Sports Center","Erie Sports Center","10"
1097099,"Boroondara-Carey Eagles U20","Boroondara-Carey Eagles U20","10"
1130317,"Unity FC Csl",NULL,"10"
494812,"Dundee FC",NULL,"10"
22689,"Japan",NULL,"10"
608546,"Measurers Club","Measurers Club","10"
1097093,"South Melbourne FC U20","South Melbourne FC U20","10"
1135237,"Contagem EC MG",NULL,"10"
24259,"Republic of Korea",NULL,"10"
772186,"Sunshine Coast Wanderers","Sunshine Coast Wanderers","9"
1232583,"Amsg FC","Amsg FC","9"
23487,"Sri Lanka","Sri Lanka","9"
22533,"Lithuania","Lithuania","9"
22538,"Malta","Malta","9"
22708,"Portugal","Portugal","9"
1107369,"Daegu FC II",NULL,"9"
513674,"Varzea Grande EC MT",NULL,"9"
777310,"Confianca EC PB",NULL,"9"
851185,"Picuiense PB",NULL,"9"
22659,"Ukraine","Ukraine","9"
22652,"Korea Republic","Korea Republic","9"
585509,"Grange Thistle","Grange Thistle","9"
22648,"Saudi Arabia","Saudi Arabia","9"
568241,"Blacktown Spartans FC","Blacktown Spartans FC","9"
776854,"Cooks Hill United FC Reserve","Cooks Hill United FC Reserve","9"
771086,"Gold Coast Knights FC","Gold Coast Knights FC","9"
771092,"Wynnum Wolves FC","Wynnum Wolves FC","9"
1108149,"Brooke House FC","Brooke House","9"
771194,"St George FC","St George FC","9"
771210,"SD Raiders FC","SD Raiders FC","9"
771212,"Inter Lions FC","Inter Lions FC","9"
1223349,"Inter Lions FC","Inter Lions","9"
776000,"Rochedale Rovers","Rochedale Rovers","9"
381998,"Kosovo","Kosovo","9"
694883,"Hertha BSC SRL",NULL,"9"
775774,"Logan Lightning","Logan Lightning","9"
1223347,"Hills United FC","Hills United","9"
571761,"Yverdon Sport FC","Yverdon","9"
888487,"Broadbeach United","Broadbeach United","9"
1225863,"Atletico Sanjuaneno",NULL,"9"
680237,"Sutherland Strikers","Sutherland Strikers","9"
1223345,"Central Coast Mariners","Central Coast Mariners","9"
1223343,"Camden Tigers FC","Camden Tigers","9"
1223341,"Blacktown Spartans FC","Blacktown Spartans","9"
660575,"America FC Pedrinhas SE",NULL,"9"
203117,"Malaysia",NULL,"9"
1223339,"Blacktown City FC","Blacktown","9"
1223337,"Bankstown City FC","Bankstown City","9"
1223335,"Western Sydney Wanderers","Western Sydney Wanderers","9"
841566,"Oman Srl",NULL,"9"
49109,"Uzbekistan",NULL,"9"
92022,"Cockburn City","Cockburn","9"
1239059,"CA Pontalinense GO","CA Pontalinense","9"
1240437,"Anapolis FC GO","Anapolis","9"
49081,"Oman",NULL,"9"
1223333,"UNSW FC","UNSW","9"
1223331,"Sydney University SFC","Sydney University","9"
1223329,"Sydney Olympic FC","Sydney Olympic","9"
1223327,"NWS Spirit FC","NWS Spirit","9"
232,"Leatherhead FC","Leatherhead","9"
49061,"Lebanon",NULL,"9"
1223325,"Northern Tigers","Northern Tigers","9"
49055,"Japan",NULL,"9"
1223321,"Western City Rangers FC","Rangers","9"
1223317,"Manly United FC","Manly United","9"
1223315,"Macarthur Rams","Macarthur Rams","9"
1223313,"Illawarra Stingrays","Illawarra Stingrays","9"
1223311,"Gladesville Ravens","Gladesville Ravens","9"
214572,"Newmarket SFC","Newmarket","9"
1223307,"APIA Leichhardt FC","APIA Leichhardt","9"
48992,"Argentina",NULL,"9"
48986,"Ecuador",NULL,"9"
48983,"Paraguay",NULL,"9"
48978,"Venezuela",NULL,"9"
664001,"SE Ceilandense DF",NULL,"9"
1175989,"Sporting Cp","Sporting","9"
1011035,"AD Leonico BA","AD Leonico BA","9"
521154,"Livingston",NULL,"9"
841518,"El Salvador Srl",NULL,"9"
840492,"Atletico Central SE",NULL,"9"
840488,"Independente Simao Dias SE",NULL,"9"
1243827,"Vilnius Football Academy","Vilnius Football Academy","9"
1003565,"Muras United FC","Muras United FC","9"
840482,"Caninde SE",NULL,"9"
238998,"PSTC Procopense PR",NULL,"9"
144734,"Nautico RR","Nautico","9"
678883,"Adelaide Cobras Reserves","Adelaide Cobras Reserves","9"
702075,"Penarol Montevideo SRL","Penarol SRL","9"
702077,"CA River Plate (ARG) SRL",NULL,"9"
1244501,"OC Sporting FC","OC Sporting FC","9"
180236,"Bonaire",NULL,"9"
243950,"Bangladesh",NULL,"9"
244574,"North Pine","North Pine","9"
84875,"AC Barnechea",NULL,"9"
246141,"Etoile Du Congo","Etoile Du Congo","9"
47283,"Witham Town FC",NULL,"9"
838666,"Nova Venecia ES",NULL,"9"
838232,"Agrimaq Pilarense AL",NULL,"9"
838016,"Legiao FC DF",NULL,"9"
1329652,"Atletico Avila FC","Atletico Avila FC","9"
1326234,"Internacional de Bogota","Internacional de Bogota","9"
702479,"Libertad SRL","Libertad SRL","9"
496028,"Sint Maarten",NULL,"9"
1055089,"Flamengo SE",NULL,"9"
832492,"Aris Lemesou","Aris Lemesou","9"
1319624,"Central Coast Mariners Academy","Central Coast Mariners Academy","9"
529805,"Atletico Cajazeirense PB",NULL,"9"
1055087,"AD Carmopolis SE",NULL,"9"
2341,"FC Lada-Tolyatti",NULL,"9"
529813,"Olimpico EC SE",NULL,"9"
513402,"Petone FC",NULL,"9"
274679,"Rubio Nu Reserve","Rubio Nu Reserve","9"
870691,"Redcliffe Dolphins","Redcliffe Dolphins","9"
275257,"Peninsula Power FC","Peninsula Power","9"
1317146,"Clube de Regatas Aquidauana MS","Clube de Regatas Aquidauana MS","9"
826016,"Greuther Furth Srl",NULL,"9"
1252107,"Bulls FC Academy U23","Bulls FC Academy U23","9"
164020,"Altyn Asyr FC","Altyn Asyr","9"
1252565,"Fort Lauderdale United FC II","Fort Lauderdale United FC II","9"
442640,"Santos FC SP",NULL,"9"
65498,"Auto Esporte Clube PB",NULL,"9"
440788,"Lusaca BA",NULL,"9"
190566,"Jacobina EC BA","Jacobina","9"
65490,"Aquidauanense FC MS",NULL,"9"
282909,"Ashford United","Ashford United","9"
4878,"Albania",NULL,"9"
931615,"Bam Khatoon FC","Bam Khatoon FC","9"
1312976,"Brooklyn FC","Brooklyn FC","9"
1268058,"Chapada FC MT",NULL,"9"
1223363,"Sutherland Strikers","Sutherland Strikers","9"
544513,"Queens Park",NULL,"9"
43216,"Brazil",NULL,"9"
43214,"Colombia",NULL,"9"
41266,"Yongin City FC","Yongin City","9"
6039,"Luxembourg","Luxembourg","9"
817570,"Pinda Ferroviaria SC SP",NULL,"9"
287755,"Paysandu SC PA","Paysandu SC PA","9"
978879,"South Coast Flame FC","South Coast Flame FC","9"
978875,"Hills United FC","Hills United FC","9"
814100,"Glasgow Rangers FC B","Glasgow Rangers FC B","9"
728551,"FC Hiiumaa","Hiiumaa","9"
978873,"Camden Tigers FC","Camden Tigers FC","9"
813966,"Caruaru City PE",NULL,"9"
1097049,"Northcote City FC","Northcote City","9"
978871,"Blacktown City FC","Blacktown City FC","9"
6372,"Serbia",NULL,"9"
6374,"Belarus","Belarus","9"
6911,"Maldives","Maldives","9"
294080,"IR Iran",NULL,"9"
1333048,"Dibrados FC","Dibrados FC","9"
501452,"Toledo EC PR",NULL,"9"
731727,"FC Vikings",NULL,"9"
7553,"Uruguay",NULL,"9"
731941,"Sorrento FC","Sorrento FC","9"
1223361,"St George FC","St George","9"
1223357,"South Coast Flame FC","South Coast Flame","9"
308344,"Afogados Ingazeira PE",NULL,"9"
309538,"Boca Junior FC SE",NULL,"9"
309542,"AD Frei Paulistano SE",NULL,"9"
313123,"AC Carina","AC Carina","9"
313135,"Caloundra FC","Caloundra","9"
314091,"Bankstown City FC","Bankstown City","9"
314349,"FC Nordsjaelland","Nordsjaelland","9"
797004,"Eastern United Reserve","Eastern United Reserve","9"
86046,"Gibraltar","Gibraltar","9"
418043,"Inter de Barinas",NULL,"9"
21803,"US Virgin Islands",NULL,"9"
415245,"Virginia United","Virginia United","9"
872023,"FC Rodina Youth","FC Rodina Youth","9"
792282,"CD Inter",NULL,"9"
606106,"FK Pirmasens","FK Pirmasens","9"
408619,"Springfield United","Springfield United","9"
408617,"Logan Roos FC","Logan Roos FC","9"
555628,"Goiania EC GO","Goiania","9"
337045,"Cong An Tp Ho Chi Minh City FC","Cong An Tp Ho Chi Minh City FC","9"
342214,"Santa Cruz FC RJ",NULL,"9"
342866,"Robina City","Robina City","9"
21856,"Jaguare ES",NULL,"9"
740595,"Charlestown Azzurri FC Reserve","Charlestown Azzurri FC Reserve","9"
344390,"Virginia United","Virginia United","9"
346774,"Moggill FC","Moggill","9"
346776,"MT Gravatt Hawks","MT Gravatt Hawks","9"
191172,"Estrela Do Norte FC ES",NULL,"9"
21887,"Centro Limoeirense",NULL,"9"
597270,"Manukau United FC","Manukau United FC","9"
407303,"Patronage Sainte-Anne",NULL,"9"
407297,"JS Talangai","JS Talangai","9"
352006,"Caboolture FC","Caboolture FC","9"
558576,"Teixeira de Freitas BA",NULL,"9"
558580,"EC Ypiranga BA",NULL,"9"
21969,"AA Iguacu PR",NULL,"9"
788142,"Cerro Porteno Srl","Cerro Porteno Srl","9"
788140,"Universitario de Deportes Srl","Universitario de Deportes Srl","9"
788130,"Velez Sarsfield Srl",NULL,"9"
1098169,"Ipswich FC","Ipswich","9"
36722,"Znk Osijek",NULL,"9"
21985,"Petrolina SFC PE",NULL,"9"
1077494,"PFC Nasaf","Nasaf","9"
954497,"AS Juk","AS Juk","9"
507768,"Mossoro",NULL,"9"
1223355,"SD Raiders FC","Raiders","9"
22430,"EC Vitoria da Conquista BA","Vitoria Conquista","9"
35287,"Coxim MS",NULL,"9"
748479,"Clube de Regatas Brasil AL",NULL,"9"
1099445,"FC Pari Nizhniy Novgorod 2",NULL,"9"
33812,"Saint-Martin",NULL,"9"
22483,"Andorra","Andorra","9"
397740,"Real Brasilia FC DF",NULL,"9"
22487,"Azerbaijan","Azerbaijan","9"
781806,"Magic United TFA","Magic United","9"
781802,"North Star","North Star","9"
781776,"Holland Park Hawks","Holland Park Hawks","9"
781756,"Olympic Football Club","Olympic Football Club","9"
1112285,"FC Volna Nizhny Novgorod",NULL,"9"
781752,"Capalaba FC","Capalaba FC","9"
781748,"Redlands United","Redlands United","9"
781746,"Eastern Suburbs","Eastern Suburbs","9"
754179,"Itacoatiara FC AM",NULL,"9"
754633,"Llaneros FC","Llaneros FC","9"
22513,"Greece","Greece","9"
533461,"Sportivo San Lorenzo","Sportivo San Lorenzo","8"
1183607,"Mirassol FC SP U23",NULL,"8"
424585,"Eastern United","Eastern United","8"
278083,"Rans Nusantara",NULL,"8"
610548,"South Adelaide Reserve","South Adelaide Reserve","8"
714249,"Bohemians Prague (Srl)","Bohemians Prague (Srl)","8"
551841,"Adelaide Olympic FC Reserve","Adelaide Olympic FC Reserve","8"
500628,"West Bromwich Albion Wfc","West Bromwich Albion Wfc","8"
1317448,"Lake Macquarie City FC","Lake Macquarie City FC","8"
327315,"Serra Macaense FC RJ",NULL,"8"
1319038,"Denver Summit FC","Denver","8"
1232185,"Almaz Antey Youth","Almaz Antey Youth","8"
65504,"4 de Julho EC PI",NULL,"8"
273499,"Singapore",NULL,"8"
1319582,"Adelaide Atletico Victory Reserves","Adelaide Atletico Victory Reserves","8"
1237379,"Armadale SC","Armadale","8"
327457,"Bundoora United FC","Bundoora United FC","8"
1280193,"Hope International FC PR",NULL,"8"
1237377,"Sorrento FC","Sorrento","8"
2014,"River AC PI",NULL,"8"
265443,"Olimpia Asuncion",NULL,"8"
1320594,"Ballarat City FC","Ballarat City FC","8"
207,"Tilbury FC","Tilbury","8"
463917,"AS Monaco","Monaco","8"
500646,"Wolverhampton Wanderers WFC","Wolverhampton","8"
1320652,"CT United FC","CT United FC","8"
263657,"Nacional AC SP",NULL,"8"
34708,"IFK Berga","Berga","8"
792864,"Cuiaba EC MT",NULL,"8"
1055129,"Pafos FC","Pafos","8"
1182987,"SK Sturm Graz",NULL,"8"
334221,"Votuporanguense SP",NULL,"8"
686223,"Cumberland United Reserve","Cumberland United Reserve","8"
1280197,"CA Cambe PR",NULL,"8"
1237375,"Bayswater City SC","Bayswater City","8"
1237373,"Fremantle City FC","Fremantle City","8"
396504,"North Eastern Metrostars SC Reserves","North Eastern Metrostars SC Reserves","8"
1237371,"Perth Glory FC","Perth Glory","8"
605364,"Anjos Do Ceu FC CE","Anjos Do Ceu FC CE","8"
1078084,"Aguia PE",NULL,"8"
702197,"Famalicao SRL","Famalicao SRL","8"
1237369,"Balcatta Etna FC","Balcatta Etna","8"
191128,"Utsiktens BK",NULL,"8"
1237367,"Perth SC","Perth SC","8"
132950,"Nepal","Nepal","8"
342686,"Southern United","Southern United","8"
342692,"Geelong Galaxy United FC","Geelong Galaxy","8"
702183,"WSG Tirol SRL","TIR SRL","8"
777412,"Paraiso EC TO","Paraiso EC TO","8"
1329658,"Dianella White Eagles SC U23","Dianella White Eagles SC U23","8"
1332082,"Chongqing Tonglianglong FC Srl","Chongqing Tonglianglong FC Srl","8"
1332084,"Liaoning Tieren FC Srl","Liaoning Tieren FC Srl","8"
47498,"AE Tiradentes CE",NULL,"8"
1334280,"Xiamen Feilu","Xiamen Feilu","8"
244687,"Trelleborgs FF",NULL,"8"
396836,"Piaui EC PI",NULL,"8"
1280203,"Oeste Brasil PR",NULL,"8"
738,"Klepp IL","Klepp","8"
1183035,"FC 2 Korriku","2 Korriku","8"
1080036,"Liga Sao Jao PI","Liga Sao Jao PI","8"
702091,"SC Internacional RS SRL",NULL,"8"
407469,"Sturt Lions","Sturt Lions","8"
624570,"Persipa Pati FC",NULL,"8"
947071,"Nacional Vrb MG",NULL,"8"
132928,"Costa Rica",NULL,"8"
22678,"Czechia","Czechia","8"
1243581,"Dinamo-Makhachkala Youth","Dinamo-Makhachkala Youth","8"
893149,"SE Paraty RJ",NULL,"8"
48812,"Norway",NULL,"8"
1233319,"The Cove FC Reserves","The Cove FC Reserves","8"
21889,"Colo Colo BA",NULL,"8"
48813,"Romania","Romania","8"
877589,"FK Beograd Reserve","FK Beograd Reserve","8"
1334654,"AD Itapuense RO","AD Itapuense RO","8"
407309,"V. Club Mokanda","V. Club Mokanda","8"
349644,"Eltham Redbacks","Eltham Redbacks","8"
76465,"RSC Anderlecht","Anderlecht","8"
1103477,"Ojodu City FC Viareggio Team",NULL,"8"
407295,"JS Poto-Poto",NULL,"8"
569849,"Melbourne University SC","Melbourne University SC","8"
1120811,"Botafogo Fr RJ Srl",NULL,"8"
569843,"Ringwood City FC","Ringwood City FC","8"
65146,"IF Brommapojkarna","Brommapojkarna","8"
352066,"America PE",NULL,"8"
352078,"Petrolina SFC PE",NULL,"8"
37196,"ZNK SFK 2000 Sarajevo","SFK 2000","8"
22622,"Latvia","Latvia","8"
558798,"Adelaide City FC Reserve","Adelaide City FC Reserve","8"
224760,"HJK Helsinki","HJK Helsinki","8"
771088,"Peninsula Power","Peninsula Power","8"
1175983,"RB Leipzig","Leipzig","8"
21972,"Iraty SC PR",NULL,"8"
776866,"Newcastle Olympic FC","Newcastle Olympic FC","8"
776868,"Charlestown Azzurri FC","Charlestown Azzurri FC","8"
65138,"Djurgardens IF","Djurgardens","8"
22680,"France",NULL,"8"
405647,"CE Uniao PR",NULL,"8"
64285,"Gresik United",NULL,"8"
1220459,"Queensland State Team","Queensland State Team","8"
1098167,"Moreton City Excelsior U23","Moreton City Excelsior U23","8"
388386,"Omonia Nicosia",NULL,"8"
781180,"Salisbury United Reserve","Salisbury United Reserve","8"
776890,"New Lambton FC Reserve","New Lambton FC Reserve","8"
1175991,"Borussia Monchengladbach","Monchengladbach","8"
1177081,"Vancouver Rise FC Academy","Vancouver Rise FC Academy","8"
21987,"Porto PE",NULL,"8"
22687,"Italy","Italy","8"
372796,"Oxford Utd LFC","Oxford Utd LFC","8"
165892,"SL Benfica","Benfica","8"
559070,"Modbury Jets SC Reserve","Modbury Jets SC Reserve","8"
1222849,"Inter de P N",NULL,"8"
1242973,"FC Clifton Hill","FC Clifton Hill","8"
889969,"Kuopion Elo","Kuopion Elo","8"
1276610,"Western Strikes","Western Strikes","8"
86070,"Persibo Bojonegoro",NULL,"8"
1242957,"Manningham United Blues FC","Manningham United Blues FC","8"
888009,"Fortaleza Srl",NULL,"8"
1277386,"Inter de Santa Maria RS U20","Inter de Santa Maria RS U20","8"
629172,"KRC Genk","Genk","8"
1098853,"Sportivo 2 de Mayo","Sportivo 2 de Mayo","8"
811896,"SC Aymores MG",NULL,"8"
1242953,"Banyule City SC","Banyule City SC","8"
38873,"TP Mazembe",NULL,"8"
547105,"Campbelltown City SC Reserve","Campbelltown City SC Reserve","8"
547977,"Sturt Lions Reserve","Sturt Lions Reserve","8"
61684,"Belo Jardim",NULL,"8"
1183519,"Marcilio Dias",NULL,"8"
547103,"Adelaide United FC Reserves","Adelaide United FC Reserves","8"
1294323,"Mauaense GE SP","Mauaense","8"
427287,"Darwin Hearts FC","Darwin Hearts FC","8"
287757,"Sampaio Correa FC MA",NULL,"8"
286427,"FC Do Porto De Porto Uniao SC",NULL,"8"
513182,"Pacatuba EC CE",NULL,"8"
784596,"Bayside Argonauts FC","Bayside Argonauts FC","8"
285657,"Dinamo Tbilisi","Dinamo Tbilisi","8"
65176,"Kalmar FF","Kalmar","8"
44558,"Korea DPR","Korea DPR","8"
49091,"Qatar",NULL,"8"
1300016,"Staffanstorp United","Staffanstorp","8"
425427,"Sampaio Correa FC MA","Sampaio Correa","8"
1183605,"Cr Vasco Da Gama RJ U23",NULL,"8"
7316,"Villa Nova AC MG",NULL,"8"
818844,"Academia FC MT",NULL,"8"
91148,"UQ FC","UQ","8"
7350,"Grei Kvinner Elite FK","Grei Kvinner Elite","8"
7421,"DPR Korea",NULL,"8"
731693,"West Torrens Birkalla Reserve","West Torrens Birkalla Reserve","8"
22429,"Vera Cruz PE",NULL,"8"
168058,"Vllaznia Shkoder","Vllaznia Shkoder","8"
65174,"IFK Varnamo","Varnamo","8"
1288539,"Afogados Ingazeira PE U20",NULL,"8"
1288085,"Criciuma EC SC Reserve",NULL,"8"
780872,"Atletico Nacional Medellin Srl",NULL,"8"
732063,"Fluminense RJ FC",NULL,"8"
155462,"FK Buducnost Podgorica","Buducnost Podgorica","8"
65184,"Mjallby AIF",NULL,"8"
982929,"Elizabeth Grove","Elizabeth Grove","8"
948539,"Persikas Subang",NULL,"8"
982933,"Adelaide Jaguars","Adelaide Jaguars","8"
1288069,"Kairat Almaty Srl",NULL,"8"
44865,"Trearddur Bay United","Trearddur Bay","8"
510694,"Znk Agram","Znk Agram","8"
132956,"Uzbekistan",NULL,"8"
22431,"Ypiranga PE",NULL,"8"
982935,"Cove FC","Cove FC","8"
90124,"Chelsea FC","Chelsea","8"
424625,"Adelaide Atletico VSC","Adelaide Atletico","8"
1267362,"Gremio Esportivo Tunense SC",NULL,"8"
1237389,"Stirling Macedonia FC","Stirling Macedonia","8"
372792,"London Bees LFC","London Bees LFC","8"
613858,"Ipojuca Atletico Clube PE",NULL,"8"
550713,"Adelaide Blue Eagles Reserves","Adelaide Blue Eagles Reserves","8"
190904,"CA Belgrano",NULL,"8"
542789,"Persewar Waropen",NULL,"8"
45622,"Brora Rangers","Brora","8"
613488,"Adelaide Comets Reserves","Adelaide Comets Reserves","8"
433740,"Fulham United FC Reserve","Fulham United FC Reserve","8"
1237387,"Olympic Kingsway SC","Olympic Kingsway","8"
1334266,"Dalian Kewei","Dalian Kewei","8"
1237385,"Perth Redstar FC","Perth Redstar","8"
550717,"Para Hills Knights SC Reserve","Para Hills Knights SC Reserve","8"
53903,"New York Cosmos","NY Cosmos","8"
1237383,"Western Knights SC","Western Knights","8"
1288067,"Pafos FC Srl",NULL,"8"
982937,"Modbury Jets","Modbury Jets","8"
693257,"Fittja IF","Fittja IF","8"
437588,"Adamstown Rosebud JFC","Adamstown Rosebud JFC","8"
7770,"Peru","Peru","8"
982939,"South Adelaide FC","South Adelaide FC","8"
694855,"Watford FC SRL",NULL,"8"
437598,"New Lambton FC","New Lambton FC","8"
1254683,"Vonds Ichihara FC","Vonds Ichihara","8"
438982,"7 De Abril RJ",NULL,"8"
551811,"Adelaide Croatia Raiders SC Reserve","Adelaide Croatia Raiders SC Reserve","8"
1163841,"Lion City Sailors FC","Lion City Sailors FC","8"
551815,"West Adelaide SC Reserve","West Adelaide SC Reserve","8"
43676,"Saue JK ","Saue ","7"
1183603,"Atletico Mineiro MG U23",NULL,"7"
1182931,"Psps Pekanbaru",NULL,"7"
841564,"Nigeria Srl",NULL,"7"
1181083,"Karbi Anglong Morning Star FC","Karbi Anglong Morning Star FC","7"
174974,"Huracan FC","Huracan","7"
684335,"FC Schlieren",NULL,"7"
1181069,"Myj-Gmsc","Myj-Gmsc","7"
177960,"Sao Francisco Do Conde BA",NULL,"7"
180004,"Algeria","Algeria","7"
186779,"FC Dordoi Bishkek","Dordoi Bishkek","7"
68856,"Dalstorps IF","Dalstorps","7"
65502,"Luminense AC MA",NULL,"7"
190482,"Al-Ahli Tripoli","Al-Ahli Tripoli","7"
65500,"Independente PA",NULL,"7"
841578,"Syria Srl",NULL,"7"
65160,"IFK Norrkoping FK","Norrkoping","7"
61726,"Crateus EC CE","Crateus","7"
923473,"Riacho City Futebol Clube",NULL,"7"
911297,"Criciuma SC",NULL,"7"
694889,"SC Paderborn 07 SRL",NULL,"7"
1233345,"AS Penarol",NULL,"7"
1237581,"Vis Pesaro 1898 Viareggio Team",NULL,"7"
49200,"Comercial PI",NULL,"7"
212950,"Darwin Olympic SC","Darwin Olympic","7"
49094,"Saudi Arabia",NULL,"7"
49051,"Iran",NULL,"7"
49021,"Australia",NULL,"7"
215678,"Clydebank FC","Clydebank","7"
702053,"Barcelona SC SRL","Barcelona SRL","7"
702059,"CSD Independiente del Valle SRL","Ind. del Valle SRL","7"
702063,"Club Bolivar SRL","Bolivar SRL","7"
624716,"Atletico PE",NULL,"7"
702093,"Alianza Lima SRL",NULL,"7"
702095,"Club Nacional de Football SRL","Nacional SRL","7"
702103,"Jagiellonia Bialystok SRL","Jagiellonia SRL","7"
47258,"Waltham Abbey FC","Waltham Abbey","7"
857279,"Penarol AM","Penarol AM","7"
702205,"Moreirense FC SRL",NULL,"7"
47195,"Shifnal Town",NULL,"7"
266119,"Viimsi JK II","Viimsi II","7"
1168773,"SD Juazeirense BA",NULL,"7"
274903,"Santana EC AP",NULL,"7"
47014,"Gorleston",NULL,"7"
714259,"FK Jablonec (Srl)",NULL,"7"
1252165,"Integracion Del Norte San Juan FC",NULL,"7"
1165043,"Sete FC AM",NULL,"7"
46925,"Clitheroe FC","Clitheroe","7"
1260267,"Garuda FC","Garuda FC","7"
717857,"HNK Gorica Srl",NULL,"7"
717871,"NK Slaven Srl",NULL,"7"
1268060,"Stallion Laguna FC","Stallion Laguna FC","7"
1268066,"Naegohyang Womens FC","Naegohyang Womens FC","7"
44563,"Brazil",NULL,"7"
44560,"Mexico",NULL,"7"
846012,"Caete PA",NULL,"7"
39227,"Moyola Park FC","Moyola Park","7"
245,"Witton Albion",NULL,"7"
300324,"FC Hauts Lyonnais","FC Hauts Lyonnais","7"
732167,"Adelaide University FC Reserve","Adelaide University FC Reserve","7"
732169,"Ffsa Ntc Reserve","Ffsa Ntc Reserve","7"
732175,"West Adelaide Reserve","West Adelaide Reserve","7"
732773,"Northern AFC","Northern AFC","7"
895465,"Campbelltown City SC Reserves","Campbelltown City SC Reserves","7"
317865,"Cara Brazzaville","Cara Brazzaville","7"
736663,"Ivory Coast",NULL,"7"
736671,"Egypt",NULL,"7"
1128845,"Itapipoca EC CE",NULL,"7"
739731,"Adelaide Comets FC Reserves","Adelaide Comets FC Reserves","7"
893151,"FC Rio de Janeiro RJ",NULL,"7"
1028729,"Cruzeiro EC PB",NULL,"7"
892775,"FC Amitie","FC Amitie","7"
1275234,"Cffb",NULL,"7"
1275236,"Litoral Norte",NULL,"7"
1276626,"Gremio Desportivo Valparaiso DF",NULL,"7"
1276646,"Candango EC DF",NULL,"7"
355332,"Tartu FC Helios","Tartu Helios","7"
1277388,"SC Gaucho RS U20","SC Gaucho RS U20","7"
36137,"HB Torshavn II","HB Torshavn II","7"
36078,"Rakvere JK Tarvas","Tarvas","7"
1278054,"Galatas EC ES",NULL,"7"
748477,"Vila Nova FC GO",NULL,"7"
748481,"Fortaleza EC CE",NULL,"7"
748483,"EC Juventude RS",NULL,"7"
35029,"Fraserburgh","Fraserburgh","7"
34001,"Tocantins TO",NULL,"7"
363964,"Burnley FC Women","Burnley","7"
1114181,"Hps/2","Hps/2","7"
751217,"CSKA Sofia Ssrl",NULL,"7"
364214,"Bodoe/Glimt","Bodoe/Glimt","7"
751225,"Hapoel Beer Sheva FC Srl",NULL,"7"
23490,"Bhutan","Bhutan","7"
22707,"Poland","Poland","7"
22660,"United Arab Emirates","United Arab Emirates","7"
872857,"West Torrens Birkalla Reserves","West Torrens Birkalla Reserves","7"
22612,"Indonesia","Indonesia","7"
772326,"FC Nathalys de Pointe-Noire",NULL,"7"
1074320,"Chatham Town Women","Chatham Town Women","7"
872855,"Modbury Vista Reserves","Modbury Vista Reserves","7"
919911,"Abu Dhabi Country Club",NULL,"7"
387064,"Znk Dinamo-Maksimir","Znk Dinamo-Maksimir","7"
572483,"Pinheiros FC ES",NULL,"7"
776872,"Maitland FC","Maitland FC","7"
776874,"Broadmeadow Magic FC","Broadmeadow Magic FC","7"
776882,"Newcastle Olympic FC Reserve","Newcastle Olympic FC Reserve","7"
776892,"Adamstown Rosebud Jfc Reserve","Adamstown Rosebud Jfc Reserve","7"
397684,"AA Francana SP",NULL,"7"
397714,"CA Linense SP",NULL,"7"
854843,"Tiradentes PA","Tiradentes PA","7"
1332870,"Respublika Football Academy","Respublika Football Academy","7"
22473,"Germany","Germany","7"
783814,"Lochin","Lochin","7"
22347,"Stenungsunds IF","Stenungsunds","7"
22309,"Lilla Torg FF","Lilla Torg","7"
788128,"Sporting Cristal Srl","Sporting Cristal Srl","7"
790118,"Bunnys Gunma FC White Star",NULL,"7"
790236,"CA Defensores de Vilelas","CA Defensores de Vilelas","7"
407301,"Nico-Nicoye",NULL,"7"
872853,"Modbury Vista","Modbury Vista","7"
407471,"Forrestfield United","Forrestfield United","7"
1334662,"Portuguesa AP","Portuguesa AP","7"
8045,"New Caledonia",NULL,"7"
551807,"Croydon Kings FC Reserve","Croydon Kings FC Reserve","7"
884953,"Tabasalu Ulasabat CF","Tabasalu Ulasabat CF","7"
7767,"Tajikistan","Tajikistan","7"
1294937,"Olympiakos Nicosia Wfc",NULL,"7"
547979,"Playford City Reserve","Playford City Reserve","7"
1297081,"Guarai TO","Guarai TO","7"
1298359,"Escobar FC","Escobar FC","7"
498118,"Fulham Lfc","Fulham Lfc","7"
814098,"Dundee United B","Dundee United B","7"
814108,"Heart of Midlothian B","Heart of Midlothian B","7"
814110,"Celtic Glasgow B","Celtic Glasgow B","7"
427289,"Azzurri United FC","Azzurri United","7"
429019,"Frigg Oslo FK","Frigg Oslo FK","7"
430131,"EC Macapa AP",NULL,"7"
818716,"Club Dr Benjamin Aceval","Club Dr Benjamin Aceval","7"
1312978,"AC Boise","AC Boise","7"
498054,"AFC Bournemouth Ladies","AFC Bournemouth Ladies","7"
437874,"New Orleans Jesters",NULL,"7"
442490,"Goias EC GO U23",NULL,"7"
442494,"SC Recife PE",NULL,"7"
442500,"EC Vitoria BA",NULL,"7"
825086,"Carneras Ups","Carneras Ups","7"
1092099,"Batalhao FC TO",NULL,"7"
1314850,"Brazil",NULL,"7"
1317056,"AS Vallee","AS Vallee","7"
446791,"FC Dekadaha","FC Dekadaha","7"
1317454,"Lake Macquarie City FC Reserve","Lake Macquarie City FC Reserve","7"
1319036,"Boston Legacy FC","Boston","7"
1319188,"Khelaghar Samaj Kalyan Samiti","Khelaghar Samaj Kalyan Samiti","7"
1319578,"Metrostars","Metrostars","7"
830822,"Itarema EC CE",NULL,"7"
830832,"Pacatuba CE",NULL,"7"
2013,"Palmas TO","Palmas","7"
1956,"Flamengo PI",NULL,"7"
1319600,"Plympton FC Reserve","Plympton FC Reserve","7"
1319648,"Ghan United Reserves","Ghan United Reserves","7"
529803,"CE Forca e Luz RN",NULL,"7"
529753,"Middlesbrough Lfc","Middlesbrough Lfc","7"
1334658,"FC Pantanal Saf MS","FC Pantanal Saf MS","7"
838014,"Cruzeiro FC DF",NULL,"7"
838024,"Planaltina EC DF",NULL,"7"
838204,"Paysandu FC","Paysandu FC","7"
1045465,"Olympique Lyon",NULL,"7"
894,"Brumunddal Fotball","Brumunddal","7"
874,"Raade IL","Raade IL","7"
838670,"Gremio Esportivo Laranjeiras ES",NULL,"7"
528137,"Psk Dinskaya","Psk Dinskaya","7"
1332866,"FC Kattaqorgon","FC Kattaqorgon","7"
524834,"Kitchee","Kitchee","7"
841500,"Algeria Srl",NULL,"7"
841506,"Burkina Faso Srl",NULL,"7"
841508,"Cameroon SRL",NULL,"7"
1038315,"SE Buzios RJ",NULL,"7"
841526,"Ghana SRL",NULL,"7"
1217739,"Portuguesa AP",NULL,"7"
112691,"Enskede IK","Enskede","7"
1222841,"Acjm",NULL,"7"
1222847,"Rcst",NULL,"7"
996349,"Flinders United Wfc Reserves","Flinders United Wfc Reserves","7"
1222851,"Saint Michel de Madingou",NULL,"7"
120866,"Celtic FC",NULL,"7"
93631,"AA Luziania DF",NULL,"7"
90146,"Tottenham Hotspur","Tottenham","7"
90118,"Ajax Amsterdam","Ajax","7"
673163,"Paro FC","Paro FC","7"
132948,"Myanmar",NULL,"7"
1195957,"Itz Sport MA",NULL,"7"
655747,"Tuna Luso PA",NULL,"7"
142998,"Tallinna FC Flora","Tallinna Flora","7"
1225613,"Club Des Jeunes FC",NULL,"7"
144852,"Placido de Castro",NULL,"7"
1232211,"Gilla FC","Gilla FC","7"
1317446,"Newcastle Croatia FC","Newcastle Croatia FC","6"
500630,"Liverpool Feds WFC","Liverpool Feds WFC","6"
1317450,"Dudley Redhead United SFC Reserve","Dudley Redhead United SFC Reserve","6"
1317452,"Newcastle Croatia FC Reserve","Newcastle Croatia FC Reserve","6"
424613,"Noarlunga United","Noarlunga United","6"
1035595,"EC Jacuipense BA",NULL,"6"
1286991,"Clube 1992 RS",NULL,"6"
47033,"Haringey Borough FC",NULL,"6"
841542,"Lebanon Srl",NULL,"6"
2389,"Buckie Thistle FC","Buckie Thistle","6"
878663,"Olympique de Sebkha","Olympique de Sebkha","6"
1319304,"Club Tucuman Central Deportes","Club Tucuman Central Deportes","6"
1319312,"Barossa United","Barossa United","6"
885771,"Harju JK Laagri","Harju Laagri","6"
1319314,"Angle Vale","Angle Vale","6"
883109,"AS Livorno Viareggio Team",NULL,"6"
1275232,"Botafogo SC BA",NULL,"6"
1055101,"Newcastle United","Newcastle","6"
424615,"Salisbury International SC","Salisbury Int.","6"
1167065,"AS Sao Domingos AL","Sao Domingos","6"
1167295,"Barcelona Ilheus BA",NULL,"6"
58001,"Newton Aycliffe",NULL,"6"
1319316,"Elizabeth Grove","Elizabeth Grove","6"
1319324,"Plympton FC","Plympton FC","6"
188105,"Port Adelaide Pirates","Port Adelaide","6"
1275230,"Porto SC BA",NULL,"6"
1319584,"Angle Vale Reserve","Angle Vale Reserve","6"
1319586,"Barossa United Reserve","Barossa United Reserve","6"
1319594,"Elizabeth Grove Reserve","Elizabeth Grove Reserve","6"
1319596,"Elizabeth Downs SC Reserve","Elizabeth Downs SC Reserve","6"
881699,"Persikota Tangerang",NULL,"6"
1167973,"Quinho FC SAF RN",NULL,"6"
424621,"Elizabeth Downs SC","Elizabeth Downs","6"
677911,"Abo Club de Futbol","Abo Club de Futbol","6"
1333676,"FC LeKi","FC LeKi","6"
120874,"AC Milan",NULL,"6"
894633,"Murdoch University Melville FC Reserves","Murdoch University Melville FC Reserves","6"
312590,"CE Olhodaguense AL",NULL,"6"
841556,"Morocco SRL",NULL,"6"
1319598,"Adelaide Titans FC Reserve","Adelaide Titans FC Reserve","6"
1870,"IFK Lidingo FK","Lidingo","6"
1867,"Karlslunds IF HFK","Karlslunds","6"
1275228,"SC Camacariense BA",NULL,"6"
1319604,"Metrostars Reserve","Metrostars Reserve","6"
844612,"Amazonia PA",NULL,"6"
1183613,"Araruama FC RJ",NULL,"6"
883103,"AC Milan Viareggio Team",NULL,"6"
307602,"Sudeva Delhi FC","Sudeva Delhi","6"
47179,"Runcorn Linnets",NULL,"6"
1120413,"FK Union Carl Berner","FK Union Carl Berner","6"
1171463,"Leyton Orient London U21","Leyton Orient London U21","6"
926477,"Kilmarnock FC B","Kilmarnock FC B","6"
529761,"Hull City Lfc","Hull City Lfc","6"
512092,"Visao Celeste",NULL,"6"
679887,"Westchester United Viareggio Team",NULL,"6"
732173,"Salisbury Inter Reserve","Salisbury Inter Reserve","6"
1288083,"Avai FC SC Reserve",NULL,"6"
1274702,"CE Paysandu SC",NULL,"6"
1288087,"Chapecoense SC Reserve",NULL,"6"
495366,"ZFK Ljuboten","Ljuboten","6"
47191,"Shaftesbury",NULL,"6"
1320742,"Salisbury United Reserve 2","Salisbury United Reserve 2","6"
1321830,"Helges IF","Helges IF","6"
1321832,"Galtabacks BK","Galtabacks BK","6"
300620,"Nautico RR",NULL,"6"
263653,"Cruzeiro RS",NULL,"6"
702199,"FC Gil Vicente SRL",NULL,"6"
835488,"Boston City FC Brazil MG",NULL,"6"
1335610,"Rodina-3 Moscow","Rodina-3 Moscow","6"
835500,"Inter de Minais MG",NULL,"6"
702187,"Boavista FC SRL","Boavista SRL","6"
424629,"Ghan Kilburn SC","Ghan Kilburn","6"
7549,"Jordan",NULL,"6"
1114579,"Estrela de Marco BA",NULL,"6"
789002,"Inglewood United Reserves","Inglewood United Reserves","6"
255311,"Persikabo 1973",NULL,"6"
254839,"Canning City","Canning","6"
7431,"Konnerud","Konnerud","6"
529749,"Stoke City Lfc","Stoke City Lfc","6"
731691,"Vipers FC Reserves","Vipers FC Reserves","6"
550483,"Westchester United Viareggio Team",NULL,"6"
529541,"Carajas EC PA",NULL,"6"
424635,"Quinns FC","Quinns","6"
550421,"Torino FC Viareggio Team",NULL,"6"
1069,"Varhaug","Varhaug","6"
253261,"Qarabag FK","Qarabag","6"
789006,"Canning City FC Reserves","Canning City FC Reserves","6"
789012,"Floreat Athena FC Reserves","Floreat Athena FC Reserves","6"
37186,"FC Honka","Honka","6"
299170,"Salgueiro AC PE",NULL,"6"
249951,"GAIS","GAIS","6"
841552,"Mali Srl",NULL,"6"
79047,"Bologna FC",NULL,"6"
249895,"Mjallby AIF","Mjallby","6"
47271,"Westbury United",NULL,"6"
847,"Varegg","Varegg","6"
529529,"CS Alagoano AL",NULL,"6"
1158269,"Manaus FC AM",NULL,"6"
1332276,"SK Super Nova II","SK Super Nova II","6"
1115003,"Kingsley Westside FC","Kingsley Westside","6"
802592,"IF Karlstad Fotbollutveckling","IF Karlstad Fotbollutveckling","6"
203605,"Central Espanol Reserve","Central Espanol Reserve","6"
90892,"Western Strikers","Western Strikers","6"
452385,"Joondalop City FC Reserve","Joondalop City FC Reserve","6"
452853,"Hellenic Athletic Club","Hellenic Athletic Club","6"
424637,"Morley Windmills SC","Morley Windmills","6"
1332532,"HNK Rijeka Viareggio Team",NULL,"6"
47568,"Westfield FC",NULL,"6"
702071,"Colo Colo SRL",NULL,"6"
1174825,"Betim Futebol MG",NULL,"6"
1332862,"FK Gazalkent","FK Gazalkent","6"
227870,"Orebro SK","Orebro","6"
782272,"Glenorchy Knights FC 2","Glenorchy Knights FC 2","6"
500722,"Cheltenham Town Lfc","Cheltenham Town Lfc","6"
718,"Finnsnes IL","Finnsnes","6"
296212,"PFC Kiziltash Bakhchisaray","PFC Kiziltash Bakhchisaray","6"
1332868,"Bukhoro Davlat Universiteti","Bukhoro Davlat Universiteti","6"
841420,"Serra Macaense FC RJ",NULL,"6"
872859,"Adelaide University SC Reserves","Adelaide University SC Reserves","6"
730357,"Belconnen United FC","Belconnen United","6"
425587,"Tuggeranong United FC","Tuggeranong United FC","6"
730353,"Tuggeranong United FC","Tuggeranong United FC","6"
730351,"Tigers FC","Tigers FC","6"
640922,"US Forces Armees","US Forces Armees","6"
681125,"Attram de Visser","Attram de Visser","6"
681375,"Jacioba AC AL",NULL,"6"
522236,"Duque de Caxias FC RJ",NULL,"6"
37320,"Burkina Faso",NULL,"6"
224852,"Sporting Khalsa FC",NULL,"6"
290822,"FC Pakhtakor Tashkent II","P. Tashkent II","6"
627590,"Lakatamia FC",NULL,"6"
885815,"FC Ways","FC Ways","6"
224748,"SK Brann","Brann","6"
976051,"Al Nassr FC","Al Nassr FC","6"
1175453,"Club Deportivo Magallanes","Club Deportivo Magallanes","6"
1335602,"Shakhtar Donetsk Taganrog","Shakhtar Donetsk Taganrog","6"
684121,"Deportes Temuco","Deportes Temuco","6"
998331,"GE Maringa PR",NULL,"6"
89450,"Degerfors IF",NULL,"6"
997991,"FC Mavlon Viareggio Team",NULL,"6"
977781,"Dejan FC",NULL,"6"
1217715,"Brasiliense FC DF",NULL,"6"
22371,"Angby IF","Angby IF","6"
1185681,"Meninas de Jaragua",NULL,"6"
48862,"Morocco",NULL,"6"
978751,"Widad Arafat","Widad Arafat","6"
1234455,"Avenir FC",NULL,"6"
682097,"Dinamo-BGUFK Minsk","Dinamo-BGUFK","6"
154452,"Parnu JK Poseidon","Parnu","6"
547601,"CA Serranense MG",NULL,"6"
1335608,"Pobeda Nizhny Novgorod","Pobeda Nizhny","6"
597806,"Biggleswade FC",NULL,"6"
811894,"Uniao Luziense MG",NULL,"6"
1243039,"Kalamunda City FC Reserves","Kalamunda City FC Reserves","6"
38369,"Banks O´Dee FC","Banks O´Dee","6"
1242317,"Curtin University SC Reserves","Curtin University SC Reserves","6"
49049,"India",NULL,"6"
49050,"Indonesia",NULL,"6"
49052,"Iraq",NULL,"6"
728837,"Ezra FC","Ezra FC","6"
49057,"Kuwait",NULL,"6"
75195,"FK Izhevsk","Izhevsk","6"
347926,"Västeras SK FK","Västeras SK FK","6"
1241233,"Neftyanik Izberbash","Neftyanik Izberbash","6"
1280241,"Independente Atalaia AL",NULL,"6"
669099,"FC Brakna","FC Brakna","6"
427281,"Casuarina FC","Casuarina FC","6"
669111,"FC Dar El Barka","FC Dar El Barka","6"
669247,"AS Armee","AS Armee","6"
21874,"Lindo FF","Lindo","6"
1240667,"CA Bucaramanga Srl",NULL,"6"
814078,"Dundee FC B","Dundee FC B","6"
814092,"Hibernian B","Hibernian B","6"
1185587,"Univap Apodi RN",NULL,"6"
814094,"Aberdeen FC B","Aberdeen FC B","6"
1103451,"FK Crvena Zvezda Belgrade Viareggio Team",NULL,"6"
39118,"Auchinleck Talbot","Auchinleck","6"
576321,"Quinns FC Reserve","Quinns FC Reserve","6"
682545,"Deportivo Maldonado Reserve","Deportivo Maldonado Reserve","6"
791870,"Quito FC","Quito FC","6"
814112,"St Mirren B","St Mirren B","6"
937709,"Pakistan","Pakistan","6"
937237,"Musselburgh Athletic FC","Musselburgh Athletic FC","6"
1335292,"FC Metso","FC Metso","6"
814114,"Motherwell B","Motherwell B","6"
1217661,"Santa Fe SP",NULL,"6"
939895,"Znk Hajduk Split","Znk Hajduk Split","6"
427283,"Mindil Aces","Mindil Aces","6"
1126619,"PFC Terdu","Terdu","6"
1283313,"San Marino","San Marino","6"
427285,"Palmerston Rovers","Palmerston Rovers","6"
1074302,"Rugby Borough Women","Rugby Borough Women","6"
776844,"New Lambton FC Reserves","New Lambton FC Reserves","6"
978925,"Star Arafat","Star Arafat","6"
776848,"Singleton Strikers FC Reserves","Singleton Strikers FC Reserves","6"
776850,"Wallsend FC Reserve","Wallsend FC Reserve","6"
776852,"Toronto Awaba FC Reserve","Toronto Awaba FC Reserve","6"
740567,"Lake Macquarie City FC Reserve","Lake Macquarie City FC Reserve","6"
776856,"West Wallsend SFC Reserve","West Wallsend SFC Reserve","6"
776860,"Cessnock City Hornets FC Reserve","Cessnock City Hornets FC Reserve","6"
498110,"Exeter City Lfc","Exeter City Lfc","6"
776864,"South Cardiff FC Reserve","South Cardiff FC Reserve","6"
770192,"Canberra White Eagles FC","Canberra White Eagles","6"
782290,"Ulverstone SC 2","Ulverstone SC 2","6"
427291,"Port Darwin FC","Port Darwin FC","6"
896921,"FC Tallinn","FC Tallinn","6"
206233,"Feyenoord Rotterdam",NULL,"6"
1285363,"Union Saint Gilloise","Union Saint Gilloise","6"
40172,"Sao Raimundo PA",NULL,"6"
203609,"Cerro Largo FC","Cerro Largo","6"
776894,"Maitland FC Reserve","Maitland FC Reserve","6"
776896,"Broadmeadow Magic FC Reserve","Broadmeadow Magic FC Reserve","6"
751227,"Omonia Nicosia Srl","Omonia Nicosia Srl","6"
21823,"Turks and Caicos Islands",NULL,"6"
777306,"Glenorchy Knights","Glenorchy Knights","6"
371276,"Subiaco AFC Reserve","Subiaco AFC Reserve","6"
391580,"Adelaide Hills","Adelaide Hills","6"
371260,"Gwelup Croatia SC Reserves","Gwelup Croatia SC Reserves","6"
22677,"China",NULL,"6"
1128871,"Shumbrat Saransk","Shumbrat Saransk","6"
565951,"Volsungur","Volsungur","6"
1159613,"Nsingizini Hotspurs FC Eswatini","Nsingizini Hotspurs FC Eswatini","6"
565758,"SP Falcons FC","SP Falcons FC","6"
22684,"Indonesia",NULL,"6"
22554,"San Marino","San Marino","6"
36503,"Germany","Germany","6"
1335284,"Pakkalan Palloseura","Pakkalan Palloseura","6"
559076,"Noarlunga United Reserve","Noarlunga United Reserve","6"
192250,"Lebanon",NULL,"6"
43223,"Japan","Japan","6"
86302,"MS Bnei Jaffo Ortodoxim","Ortodoxim","6"
22489,"Belarus","Belarus","6"
22715,"Syria",NULL,"6"
334223,"Comercial FC RP SP",NULL,"6"
1074324,"Bristol Rovers Women","Bristol Rovers Women","6"
73767,"BIIK Kazygurt Shymkent","BIIK Kazygurt","6"
586235,"Ispe FC","Ispe FC","6"
431309,"Chayka M Peschanokopskoe","Chayka M Peschanokopskoe","6"
191174,"Alecrim RN",NULL,"6"
21988,"Portuguesa Londrinense PR",NULL,"6"
982881,"HNK Krusevo","HNK Krusevo","6"
1236641,"Dhaka Rangers FC","Dhaka Rangers FC","6"
781168,"Pontian Eagles SC Reserve","Pontian Eagles SC Reserve","6"
781170,"Gawler Easgles SC","Gawler Easgles SC","6"
781172,"Mount Barker United SC Reserve","Mount Barker United SC Reserve","6"
781174,"Modbury Vista Reserve","Modbury Vista Reserve","6"
781176,"Port Adelaide Reserve","Port Adelaide Reserve","6"
781178,"Northern Demons Reserve","Northern Demons Reserve","6"
757242,"College of Asian Scholars","College of Asian Scholars","6"
1334252,"Sporting FC Teotonio AL","Sporting FC Teotonio AL","6"
1335328,"Dalian Yingbo B","Dalian Yingbo B","6"
1074292,"Mancunian Unity Women","Mancunian Unity Women","6"
754725,"RFC Union Luxembourg","Union Luxembourg","6"
561356,"Adelaide Titans FC","Adelaide Titans FC","6"
899359,"Pesqueira PE",NULL,"6"
1238427,"Zarya Lugansk","Zarya Lugansk","6"
1281319,"Borussia Dortmund","Dortmund","6"
1281309,"Real Madrid","Real Madrid","6"
957017,"Sa Merignac","Sa Merignac","6"
431585,"Morley Windmills SC Reserves","Morley Windmills SC Reserves","6"
32668,"Guarany SC CE","Guarany","6"
948019,"Nusantara United FC",NULL,"6"
366538,"Associacao Nova Prata de Esportes RS",NULL,"6"
44998,"JSM Bejaia","Bejaia","6"
1280243,"Clube de Regatas Brasil AL",NULL,"6"
414145,"Iskra Smolensk","Iskra Smolensk","6"
554522,"East Perth FC","East Perth","6"
36715,"FK Gintra Siauliai","Gintra Siauliai","6"
744835,"Chertanovo Moscow","Chertanovo Moscow","6"
1267360,"CE Guarani MG",NULL,"6"
1267358,"EC Cometa SC",NULL,"6"
4920,"Porthmadog FC","Porthmadog","6"
792872,"Ns Medimurje Cakovec","Ns Medimurje Cakovec","6"
35031,"Bradford Park Avenue AFC","Bradford Park","6"
353880,"FC Kyrgyzaltyn","Kyrgyzaltyn","6"
431597,"Mandurah City FC Reserves","Mandurah City FC Reserves","6"
930869,"CD Guiniguada Apolinario","CD Guiniguada Apolinario","6"
330857,"Pallokerho Keski-Uusimaa","Keski-Uusimaa","6"
415249,"IFK Umea","Umea","6"
1280201,"Campo Mourao PR",NULL,"6"
330359,"Kingborough Lions United FC","Kingborough Lions","6"
558866,"Garde","Garde","6"
431791,"West Canberra Wanderers FC","W Canberra Wanderers","6"
541601,"Pskc Kota Cimahi",NULL,"6"
36911,"China","China","6"
330025,"Taroona","Taroona","6"
8064,"Linlithgow Rose FC","Linlithgow Rose","6"
45372,"Coleshill Town",NULL,"6"
8053,"Chasetown FC",NULL,"6"
169724,"Dollingstown FC",NULL,"6"
8044,"Fiji",NULL,"6"
434104,"Esporte Clube Novo Horizonte RS",NULL,"6"
328347,"Tartu JK Welco II","Tartu Welco II","6"
283523,"Savon Pallo","Savon Pallo","6"
418085,"Gremio Atletico Farroupilha RS",NULL,"6"
736667,"South Africa",NULL,"6"
1163685,"CA Piauiense PI",NULL,"6"
694207,"IFK Goteborg","IFK Goteborg","6"
422875,"South Hobart FC","South Hobart","6"
424577,"Adelaide University SC","Adelaide Uni.","6"
327197,"Sundby BK","Sundby BK","6"
440792,"Sao Goncalo CE",NULL,"6"
441428,"Western Strikers Reserve","Western Strikers Reserve","6"
324419,"Gremio Esportivo Brasil",NULL,"6"
1252767,"Itaquaquecetuba AC SP",NULL,"6"
441436,"Riverside Olympic","Riverside Olympic","6"
690279,"Husqvarna FF","Husqvarna FF","6"
841584,"Tunisia SRL",NULL,"6"
424579,"Gawler Eagles SC","Gawler","6"
841572,"Senegal SRL",NULL,"6"
36913,"Japan","Japan","6"
442628,"CA  Paranaense PR",NULL,"6"
7943,"Hayes & Yeading United",NULL,"6"
460911,"American Samoa","American Samoa","6"
735123,"Adelaide Hills Reserves","Adelaide Hills Reserves","6"
735121,"Seaford Rangers FC Reserves","Seaford Rangers FC Reserves","6"
500050,"Lewes FC","Lewes FC","6"
443464,"Devonport City SC","Devonport City","6"
424589,"Mount Barker United SC","Mount Barker Unt.","6"
1314826,"Chile",NULL,"6"
464611,"AD Jequie BA",NULL,"6"
52906,"French Guiana",NULL,"6"
744321,"Cadiz CF SRL",NULL,"6"
424603,"Northern Demons","Northern Demons","6"
65336,"South Africa","South Africa","6"
551731,"Juventus FC Viareggio Team",NULL,"6"
424609,"Seaford Rangers","Seaford Rangers","6"
46995,"Faversham Town",NULL,"6"
928003,"Viborg FF","Viborg FF","6"
855165,"Fadep","Fadep","6"
424611,"Modbury Vista","Modbury Vista","6"
1183039,"Lincoln Red Imps","Lincoln Red Imps","6"
1195757,"Crato EC CE",NULL,"6"
47024,"Hadley FC","Hadley","6"
1253533,"Denmark",NULL,"5"
1280239,"Ubertec FC AL",NULL,"5"
33713,"Universitario de Sucre",NULL,"5"
397736,"Nacional Fast Clube AM",NULL,"5"
33756,"Bolivia",NULL,"5"
33758,"Ecuador",NULL,"5"
33759,"Peru",NULL,"5"
1029289,"North Beach SC Reserves","North Beach SC Reserves","5"
1114697,"Tips","Tips","5"
782336,"South East United 2","South East United 2","5"
1280191,"AA Juventus MG",NULL,"5"
35204,"Lapuan Virkia","Lapuan Virkia","5"
22472,"Switzerland","Switzerland","5"
1115005,"Cockburn City SC Reserves","Cockburn City SC Reserves","5"
890153,"FK Arys","FK Arys","5"
684113,"Deportes Antofagasta",NULL,"5"
355630,"Broxburn Athletic","Broxburn Athletic","5"
1277736,"Passos FC MG",NULL,"5"
36502,"France","France","5"
36505,"Sweden","Sweden","5"
36507,"England","England","5"
466309,"24 de Setiembre VP",NULL,"5"
1275782,"Real Santa Barbara","Real Santa Barbara","5"
788126,"Deportivo Tachira Srl",NULL,"5"
960487,"York City Ladies","York City Ladies","5"
788994,"Carramar Shamrock Rovers Reserves","Carramar Shamrock Rovers Reserves","5"
1237577,"Magic Stars FC Viareggio Team",NULL,"5"
53875,"USA","USA","5"
148,"Enfield FC",NULL,"5"
405789,"La Habana",NULL,"5"
791010,"Sportivo San Lorenzo","Sportivo San Lorenzo","5"
1121235,"Jaguar PE",NULL,"5"
597090,"Pure Swansea","Pure Swansea","5"
935417,"Vidal Pro RS",NULL,"5"
922017,"New Caledonia","New Caledonia","5"
55165,"Al Salibikhaet","Al Salibikhaet","5"
792196,"FC Western","FC Western","5"
556754,"FK Riteriai B","Riteriai B","5"
603288,"FC Marmande 47","FC Marmande 47","5"
850609,"Worthing Wfc","Worthing Wfc","5"
894017,"Afk Vilnius","Afk Vilnius","5"
412603,"Hafia FC","Hafia FC","5"
1022287,"Broadbridge Heath FC",NULL,"5"
412633,"Etoile Filante de Ouagadougou","Etoile Filante de Ouagadougou","5"
555192,"Deportes Colina","D. Colina","5"
935337,"Zumbi EC AL",NULL,"5"
332209,"Wfc Lanchkhuti","Wfc Lanchkhuti","5"
414453,"Senegal","Senegal","5"
139,"Sutton Coldfield",NULL,"5"
332039,"Molde FK","Molde FK","5"
332001,"Stabaek IF",NULL,"5"
552445,"Forrestfield United SC Reserve","Forrestfield United SC Reserve","5"
330113,"Ulfanir","Ulfanir","5"
416511,"Guantanamo",NULL,"5"
610664,"Rahimo FC","Rahimo FC","5"
319211,"Balga SC","Balga SC","5"
197328,"Burgan SC","Burgan","5"
125,"Margate FC",NULL,"5"
261,"Corby Town","Corby","5"
1201597,"Atletico Andahuaylas","Atletico Andahuaylas","5"
318643,"Kyrgyzstan",NULL,"5"
1147619,"Dundee North End FC","Dundee North End FC","5"
37993,"Flackwell Heath",NULL,"5"
308858,"Colchagua CD","Colchagua CD","5"
502240,"Huddersfield Town","Huddersfield Town","5"
301888,"Swindon Town","Swindon Town","5"
7479,"Sogndal 2","Sogndal 2","5"
7455,"Orkla","Orkla","5"
7397,"SK Herd","Herd","5"
550411,"Ternana Viareggio Team",NULL,"5"
7365,"Heming","Heming","5"
7327,"Austevoll","Austevoll","5"
731233,"Mindil Aces","Mindil Aces","5"
498150,"Leafield Athletic Lfc","Leafield Athletic Lfc","5"
550405,"Uyss New York Viareggio Team",NULL,"5"
730361,"Canberra Croatia FC","Canberra Croatia FC","5"
974843,"Al-Hilal Benghazi","Al-Hilal Benghazi","5"
806790,"Carramar Shamrock Rovers FC","Carramar Shamrock Rovers FC","5"
1235629,"AL Jazira FC (Kuwait)","AL Jazira FC (Kuwait)","5"
426861,"Rockingham City","Rockingham City","5"
290228,"Hapoel Hod Hasharon",NULL,"5"
978753,"C. Moulaye M Barek","C. Moulaye M Barek","5"
58135,"AFC Portchester","Portchester","5"
6071,"US Raonnaise","Raonnaise","5"
59249,"Sport Union Dives-Cabourg",NULL,"5"
427021,"Sierra Leone",NULL,"5"
38614,"FC Balzers","Balzers","5"
1340360,"FC Yaypan Fergana","FC Yaypan Fergana","5"
903531,"Saudi Arabia",NULL,"5"
39228,"Knockbreda FC","Knockbreda","5"
39401,"FCM Aubervilliers","Aubervilliers","5"
39518,"Beitar Kfar Saba Shlomi",NULL,"5"
40163,"AA Sao Mateus ES","Sao Mateus","5"
916053,"Etihad Club","Etihad Club","5"
40167,"SE Picos PI",NULL,"5"
427855,"ASC Kara","ASC Kara","5"
1299188,"Montreuil FC","Montreuil FC","5"
1159601,"Dadje FC Benin","Dadje FC Benin","5"
43217,"Korea Republic","Korea Republic","5"
43218,"DPR Korea","DPR Korea","5"
498186,"Peterborough United Lfc","Peterborough United Lfc","5"
43224,"Mexico",NULL,"5"
431543,"Launceston City","Launceston City","5"
44564,"Canada",NULL,"5"
5989,"12 de Octubre de Itaugua",NULL,"5"
498206,"Royston Town Lfc","Royston Town Lfc","5"
5376,"Hakoach Amidar Ramat Gan",NULL,"5"
1007069,"Fish United","Fish United","5"
431587,"Uwa Nedlands FC Reserves","Uwa Nedlands FC Reserves","5"
1048739,"Nacional FC Uberaba MG",NULL,"5"
5052,"FC Nitra","Nitra","5"
658793,"Wythenshawe Town",NULL,"5"
431593,"Ashfield SC Reserves","Ashfield SC Reserves","5"
1159645,"FC 15 de Agosto Guinea","FC 15 de Agosto Guinea","5"
431599,"Rockingham City FC Reserves","Rockingham City FC Reserves","5"
431785,"Canberra Croatia FC","Canberra Croatia","5"
431787,"Belconnen United","Belconnen United","5"
45341,"Hekari United FC",NULL,"5"
45367,"Harrow Borough","Harrow","5"
929457,"Coton Sport Benin","Coton Sport Benin","5"
431795,"Canberra Olympic","Canberra Olympic","5"
431863,"North Beach SC","North Beach","5"
432671,"Tallinna FC Zapoos","Tallinna FC Zapoos","5"
1333098,"Darwin Olympic SC","Darwin Olympic SC","5"
283679,"Jyty Turku","Jyty Turku","5"
717867,"NK Lokomotiva Zagreb Srl",NULL,"5"
46046,"Victoria Hotspurs FC","Victoria Hotspurs","5"
864609,"Golden Kicks FC",NULL,"5"
1092337,"Asec Mimosas",NULL,"5"
591699,"Gefle IF FF","Gefle IF FF","5"
46908,"Carlton Town",NULL,"5"
441430,"Launceston United","Launceston United","5"
1163843,"Sabah FC",NULL,"5"
824818,"Ibis PE",NULL,"5"
1252639,"EC Limoeiro CE",NULL,"5"
676731,"Danubio FC",NULL,"5"
1334656,"FC Jaiyq Uralsk","FC Jaiyq Uralsk","5"
714263,"FK Teplice (Srl)","FK Teplice (Srl)","5"
132954,"Panama",NULL,"5"
714261,"FK Mlada Boleslav (Srl)",NULL,"5"
1336060,"Soligorsk","Soligorsk","5"
1314840,"USA",NULL,"5"
1314844,"France",NULL,"5"
1333100,"Darwin Hearts FC","Darwin Hearts FC","5"
1314856,"Spain",NULL,"5"
1314862,"Mexico",NULL,"5"
46997,"Felixstowe & Walton United FC",NULL,"5"
1165619,"Juventude Dr Salome RS",NULL,"5"
188779,"Barra Mansa FC RJ",NULL,"5"
1089731,"City Club","City Club","5"
134304,"FC Nouadhibou","Nouadhibou","5"
500674,"Norwich City Lfc","Norwich City Lfc","5"
1247755,"Majura FC","Majura FC","5"
273733,"Union de Sunchales",NULL,"5"
2372,"Cowdenbeath FC","Cowdenbeath","5"
830434,"Caicara EC PI",NULL,"5"
1245132,"FC Real Elite",NULL,"5"
270917,"Tj Jasenov","Tj Jasenov","5"
186777,"Ahal FC","Ahal FC","5"
47105,"Maldon and Tiptree FC","Maldon and Tiptree","5"
1011271,"Gosnells City FC Reserves","Gosnells City FC Reserves","5"
1336104,"Port Darwin FC","Port Darwin FC","5"
841568,"Panama Srl",NULL,"5"
1170861,"SK Rapid Wien",NULL,"5"
47176,"Rugby Town FC",NULL,"5"
143854,"TPS","TPS","5"
833798,"Sheriff Tiraspol Srl","Sheriff Tiraspol Srl","5"
500670,"Luton Town Lfc","Luton Town Lfc","5"
1055099,"Gwalia United","Gwalia United","5"
702481,"Olimpia SRL",NULL,"5"
682503,"Sandvikens IF","Sandvikens IF","5"
52,"Bury FC",NULL,"5"
263641,"Weymouth Wales FC","Weymouth","5"
621856,"Kelen SC","Kelen SC","5"
1327706,"Sao Joao Del Rei EC MG","Sao Joao Del Rei EC MG","5"
859241,"Odisha FC",NULL,"5"
1329116,"Santiago Wanderers U20",NULL,"5"
47222,"Stanway Rovers","Stanway","5"
1180529,"Guarany EC PE",NULL,"5"
254831,"Ashfield SC","Ashfield","5"
640510,"Netherlands","Netherlands","5"
655507,"L Union Saint Jean FC","L Union Saint Jean","5"
1000,"Bossekop UL","Bossekop","5"
82685,"Bourgoin J",NULL,"5"
1181321,"Morriston Town FC","Morriston Town FC","5"
883,"Raelingen","Raelingen","5"
47562,"Whitstable Town",NULL,"5"
77881,"Sporting de Huelva","Sporting de Huelva","5"
702113,"KS Gornik Zabrze SRL",NULL,"5"
805,"Akra","Akra","5"
789,"Ntnui","Ntnui","5"
1332512,"One Touch Viareggio Team",NULL,"5"
48815,"Senegal",NULL,"5"
723,"Fauske/Sprint","Fauske/Sprint","5"
1183609,"Olaria AC RJ",NULL,"5"
48817,"Tunisia","Tunisia","5"
680665,"Tunisia","Tunisia","5"
841482,"Porto Vitoria FC ES",NULL,"5"
146786,"FK Salaspils",NULL,"5"
48819,"Ukraine",NULL,"5"
841514,"Congo DR SRL",NULL,"5"
896051,"Deportivo Santo Domingo De Los Tsachilas","Santo Domingo De Los Tsachilas","5"
76357,"Turriff United","Turriff","5"
520176,"Plymouth Argyle LFC","Plymouth Argyle LFC","5"
517046,"Jennings Grenades",NULL,"5"
48843,"Uganda",NULL,"5"
997993,"Imolese Calcio Viareggio Team",NULL,"5"
48860,"Mali",NULL,"5"
458257,"Ilbirs Bishkek FC","Ilbirs Bishkek","5"
216918,"Wembley Downs SC","Wembley Downs","5"
71904,"China PR","China","5"
1243349,"Balga SC Reserve","Balga SC Reserve","5"
1001329,"FA Tartu Kalev II","Tartu Kalev II","5"
48990,"Canada",NULL,"5"
684117,"Cobresal",NULL,"5"
671,"FK Mandalskameratene","Mandalskameratene","5"
1334198,"Rubio Nu","Rubio Nu","5"
103099,"Congo DR",NULL,"5"
663263,"Camelon Juniors","Camelon Juniors","5"
669097,"FC Oasis","FC Oasis","5"
1240671,"San Antonio Bulo Bulo Srl",NULL,"5"
1240669,"EC Bahia BA Srl",NULL,"5"
1074314,"AFC Portchester Ladies","AFC Portchester Ladies","5"
1240665,"CA Central Cordoba SE Srl",NULL,"5"
388086,"Hapoel Kiryat Ono",NULL,"5"
889059,"Carlos Renaux SC","Carlos Renaux SC","5"
494132,"Kidderminster Harriers Lfc","Kidderminster Harriers Lfc","5"
774706,"Boavista SC RJ",NULL,"5"
1335294,"FC Vaajakoski/2","FC Vaajakoski/2","5"
888013,"CA Talleres de Cordoba Srl",NULL,"5"
576345,"Minas Boca Futebol MG","Minas Boca Futebol MG","5"
579807,"Canaa EC DF U20",NULL,"5"
378472,"Malawi","Malawi","5"
378458,"Zambia","Zambia","5"
1061924,"Coruripe AL",NULL,"5"
878653,"Saudi Arabia",NULL,"5"
889603,"IF Gnistan M35","IF Gnistan M35","5"
770196,"Queanbeyan City FC","Queanbeyan City","5"
770194,"Brindabella Blues FC","Brindabella Blues","5"
770190,"O'Connor Knights SC","O'Connor Knights SC","5"
1240663,"Carabobo FC Srl",NULL,"5"
769022,"Nepal APF Club","Nepal APF Club","5"
22629,"Mexico",NULL,"5"
475544,"Paide Linnameeskond","Paide","5"
372800,"Watford LFC","Watford LFC","5"
762970,"Edo Queens FC",NULL,"5"
500626,"Sporting Khalsa Women","Sporting Khalsa Women","5"
22696,"Mexico",NULL,"5"
371150,"Olsa Brakel","Olsa Brakel","5"
562522,"EC Macapa AP U20",NULL,"5"
761072,"Veertien Mie FC","Veertien Mie FC","5"
585799,"France",NULL,"5"
22714,"Spain",NULL,"5"
585809,"Mexico",NULL,"5"
23471,"Solomon Islands",NULL,"5"
23473,"Samoa",NULL,"5"
1007757,"East Bengal FC","East Bengal FC","5"
780864,"Universidad de Chile Srl",NULL,"5"
945903,"Rtc FC","Rtc FC","5"
370864,"Wembley Downs SC Reserves","Wembley Downs SC Reserves","5"
756315,"AS Douanes Ouagadougou","AS Douanes Ouagadougou","5"
25495,"OSK Trencianske Stankovce","Trencianske St.","5"
25933,"Nantwich Town",NULL,"5"
26116,"Clachnacuddin FC","Clachnacuddin","5"
32863,"Jeanne d´Arc de Drancy","Drancy","5"
150070,"Jordan",NULL,"4"
140,"Thame United FC",NULL,"4"
230,"Belper Town FC",NULL,"4"
1754,"Vendee Fontenay Foot","Vendee Fontenay","4"
2174,"Annabichler SV",NULL,"4"
2309,"Union Minas","Union Minas","4"
2989,"VV Capelle","Capelle","4"
4913,"Cwmbran Town","Cwmbran","4"
6049,"Russia",NULL,"4"
7417,"Ghana","Ghana","4"
7537,"Ghana",NULL,"4"
7547,"Costa Rica",NULL,"4"
7554,"Zambia",NULL,"4"
7631,"Lohjan Pallo","Lohjan","4"
22183,"Kolding BK","Kolding BK","4"
22590,"Canada",NULL,"4"
22657,"Tunisia",NULL,"4"
22661,"USA",NULL,"4"
22685,"Iran",NULL,"4"
22686,"Iraq",NULL,"4"
22723,"Uzbekistan",NULL,"4"
23477,"Tahiti",NULL,"4"
23492,"Macau","Macau","4"
24063,"Verdes FC San Ignacio",NULL,"4"
33760,"Venezuela",NULL,"4"
35235,"Slavonija Pozega","Slavonija Pozega","4"
35317,"Mexico",NULL,"4"
36264,"Beitar Tel Aviv Bat Yam FC",NULL,"4"
36390,"ES Thaon Football",NULL,"4"
36508,"Norway","Norway","4"
36721,"FC NSA Sofia","NSA Sofia","4"
36914,"Republic of Korea","Korea Republic","4"
38530,"Luz i Vogel","Luz i Vogel","4"
39611,"Maccabi Ironi Amishav Petah Tikva",NULL,"4"
39614,"Maccabi Ironi Kfar Yona",NULL,"4"
42623,"Al-Ittihad Tripoli","Al-Ittihad","4"
43213,"Costa Rica",NULL,"4"
43225,"USA",NULL,"4"
43841,"Venta Kursenu","Venta","4"
44555,"Nigeria",NULL,"4"
44593,"SK Blava 1928 Jaslovske Bohunice","Blava Jaslovske","4"
45621,"Boness United","Boness","4"
46482,"FC Bayeux","Bayeux","4"
46850,"Barking FC",NULL,"4"
46949,"Deal Town",NULL,"4"
46993,"Fareham Town",NULL,"4"
47027,"Hallam FC",NULL,"4"
47084,"Laverstock & Ford",NULL,"4"
47113,"Melksham Town FC",NULL,"4"
47123,"Newmarket Town",NULL,"4"
47201,"Silsden AFC",NULL,"4"
47234,"Tavistock FC",NULL,"4"
48031,"IR Reykjavik","Reykjavik","4"
48836,"Egypt",NULL,"4"
48840,"Zambia",NULL,"4"
48848,"South Africa",NULL,"4"
48852,"Senegal",NULL,"4"
48960,"Colombia",NULL,"4"
48969,"Paraguay",NULL,"4"
48972,"USA",NULL,"4"
48979,"Uruguay",NULL,"4"
48982,"Peru",NULL,"4"
48989,"Chile",NULL,"4"
48991,"Bolivia",NULL,"4"
53421,"ZFK Spartak Subotica","Spartak Subotica","4"
55167,"Al Sahel","Al Sahel","4"
58113,"Bedfont Sports FC",NULL,"4"
58171,"AFC Dunstable",NULL,"4"
64117,"Sassuolo Calcio",NULL,"4"
73280,"Thailand",NULL,"4"
73286,"Malaysia",NULL,"4"
73288,"Philippines",NULL,"4"
73290,"Vietnam",NULL,"4"
76347,"Formartine United","Formartine","4"
81157,"Llanuwchllyn",NULL,"4"
81439,"Dersimspor","Dersimspor","4"
86064,"FC Ravshan",NULL,"4"
86072,"Maziya Sports & Rec","Maziya","4"
86348,"Tadaz Tursunzade","Tursunzade","4"
90142,"Rosenborg BK",NULL,"4"
99235,"Raufoss IL","Raufoss","4"
105797,"Sparta Prague",NULL,"4"
116253,"CSM Pascani","Pascani","4"
120848,"Manchester United FC",NULL,"4"
132952,"Palestine",NULL,"4"
133604,"Hapoel Mahane Yehuda",NULL,"4"
134184,"Zambia",NULL,"4"
134322,"Horoya AC","Horoya","4"
143856,"Ons Oulu","Ons Oulu","4"
155464,"FK Sarajevo",NULL,"4"
159830,"Saku Sporting","Saku Sporting","4"
162988,"ZFK Minsk","Minsk","4"
170866,"Qala St Joseph FC","Qala St Joseph FC","4"
174574,"NK Maribor",NULL,"4"
178950,"Jamaica",NULL,"4"
181748,"Stade Bethunois","Bethunois","4"
192252,"United Arab Emirates","United Arab Emirates","4"
194002,"Wanchai Sports",NULL,"4"
203583,"Sport Huancayo Reserve","Sport Huancayo Reserve","4"
219132,"SK Surany","Surany","4"
219294,"Khoromkhon FC","Khoromkhon","4"
225846,"KF Oriku","Oriku","4"
226242,"SC Maria da Fonte","Maria da Fonte","4"
233066,"Espaly St Marcel FC",NULL,"4"
267571,"UMF Selfoss","UMF Selfoss","4"
273495,"Australia","Australia","4"
273501,"Timor-Leste",NULL,"4"
276345,"Club Atletico Pantoja","Atletico Pantoja","4"
278043,"NK Kurilovec","Kurilovec","4"
295714,"CD de Pronunciamiento",NULL,"4"
298244,"Kenya","Kenya","4"
299164,"EC Vitoria Da Conquista BA",NULL,"4"
300212,"AS Holon Mor",NULL,"4"
306264,"Bhutan",NULL,"4"
310026,"FC Lokomotiv Kyiv","FC Lokomotiv Kyiv","4"
317849,"Assm Elgeco Plus","Assm Elgeco Plus","4"
318269,"Las Tunas",NULL,"4"
318273,"Villa Clara",NULL,"4"
318645,"Tajikistan","Tajikistan","4"
319363,"Cienfuegos",NULL,"4"
319365,"Santiago de Cuba",NULL,"4"
322485,"Iraq",NULL,"4"
330637,"Ouanaminthe FC",NULL,"4"
331539,"Khangarid","Khangarid","4"
331915,"Viking FK","Viking","4"
331997,"Lillestrom SK",NULL,"4"
332023,"Stroemsgodset TF","Stroemsgodset","4"
332093,"Aalesunds FK","Aalesunds","4"
335011,"CD Femarguin","CD Femarguin","4"
337915,"Juventus Des Cayes",NULL,"4"
348014,"Shelbourne","Shelbourne","4"
350858,"University College Dublin",NULL,"4"
352036,"FC Astana Reserve","FC Astana Reserve","4"
352044,"FC Kairat Almaty Reserve","FC Kairat Almaty Reserve","4"
352058,"FC Tobol Kostanay Reserve","FC Tobol Kostanay Reserve","4"
358952,"TJ Kostolne Kracany","Kostolne Kracany","4"
362730,"Paris Saint-Germain","PSG","4"
363982,"Stourbridge FC Ladies","Stourbridge FC Ladies","4"
364536,"Guam",NULL,"4"
369112,"CA Ferro Carril Oeste General Pico",NULL,"4"
369744,"Leppavaaran Pallo","Leppa","4"
370780,"ZFK Crvena Zvezda","Crvena Zvezda","4"
384666,"Real Sporting de Gijon Sad","R. Sporting Gijon","4"
388088,"Beitar Ramat Gan",NULL,"4"
388140,"Agarista-SS Anenii Noi","Agarista-SS Anenii Noi","4"
393328,"Canet Roussillon FC","Canet Roussillon","4"
393672,"AFC Fylde Women","Fylde Women","4"
396208,"Penydarren BGC","Penydarren BGC","4"
397690,"CS Sergipe SE",NULL,"4"
397766,"Uniao Mogi DC SP",NULL,"4"
412655,"ASAC Concorde","ASAC Concorde","4"
421741,"Morocco",NULL,"4"
427031,"Tanzania",NULL,"4"
432613,"GFC Friends",NULL,"4"
443162,"Cambodia",NULL,"4"
461767,"SK Badin Obcianske Zdruzenie","B. Obc. Zdruzenie","4"
474730,"IF Gnistan","IF Gnistan","4"
494150,"Saltdean United Women","Saltdean United Women","4"
495754,"FC Femina White Star Woluwe","FC Femina White Star Woluwe","4"
499132,"Mongolia",NULL,"4"
500602,"Chester Le Street Town Ladies","Chester Le Street Town Ladies","4"
502900,"Atletico Lanus","Atletico Lanus","4"
505150,"Papua New Guinea","Papua New Guinea","4"
520164,"Derby County Lfc","Derby County Lfc","4"
525801,"Citizen",NULL,"4"
526445,"Toyo University",NULL,"4"
528055,"Alianza Women FC","Alianza Women FC","4"
528697,"SK Nova Dedinka","Nova Dedinka","4"
538653,"Durham Cestria Lfc","Durham Cestria Lfc","4"
543921,"Italy","Italy","4"
550471,"Spezia Viareggio Team",NULL,"4"
550497,"Serie D Selection Viareggio Team",NULL,"4"
552355,"Alagoinhas AC BA",NULL,"4"
554398,"Znk Split",NULL,"4"
556934,"Litchfield FC","Litchfield FC","4"
559066,"Congo DR","Congo DR","4"
560718,"Union de Santa Fe","Union de Santa Fe","4"
561492,"Belgium","Belgium","4"
562520,"Independente EC AP",NULL,"4"
585789,"Japan",NULL,"4"
591997,"Jersey Bulls FC",NULL,"4"
594930,"Hibernian FC","Hibernian FC","4"
605968,"SV Robinhood",NULL,"4"
624486,"Ipojuca FC PE",NULL,"4"
625686,"Kahta 02 Spor","Kahta","4"
626948,"Serrano FC PE",NULL,"4"
632988,"Caledonian Braves FC","Caledonian Braves FC","4"
662785,"Denmark","Denmark","4"
662951,"Ballymacash Rangers","Ballymacash Rangers","4"
669103,"Asc Riadh","Asc Riadh","4"
685925,"SC Fotbal Club FCSB","FCSB","4"
694917,"Granada CF SRL",NULL,"4"
697625,"Smari","Smari","4"
714255,"FC Slovan Liberec SRL",NULL,"4"
717873,"NK Varazdin Srl",NULL,"4"
730355,"Canberra Olympic FC","Canberra Olympic FC","4"
730359,"Monaro Panthers FC","Monaro Panthers FC","4"
730569,"Litchfield FC","Litchfield FC","4"
731235,"Hellenic Athletic","Hellenic Athletic","4"
732739,"Casuarina FC","Casuarina FC","4"
746269,"Steyning Town FC",NULL,"4"
761708,"AS Simba","AS Simba","4"
764230,"Tranent Juniors","Tranent Juniors","4"
783102,"Kolos Kovalivka","Kolos Kovalivka","4"
793138,"FC Kaspiy Aktau Reserve","FC Kaspiy Aktau","4"
795820,"FC Talant","FC Talant","4"
796778,"Nacional AC Muriae MG","Nacional AC Muriae MG","4"
802998,"Uzbekistan","Uzbekistan","4"
821306,"TJ Sokol Zubrohlava","Sokol Zubrohlava","4"
829074,"Farul Constanta",NULL,"4"
831502,"Sauchie Juniors","Sauchie Juniors","4"
832416,"BFC Daugavpils Youth",NULL,"4"
832420,"FK Zalgiris Vilnius",NULL,"4"
839662,"Hong Kong",NULL,"4"
841592,"Zambia Srl",NULL,"4"
842360,"JK Tallinna Kalev",NULL,"4"
850601,"Cheadle Town Stingers Wfc","Cheadle Town Stingers Wfc","4"
850631,"Bridgwater United Women","Bridgwater United Women","4"
851177,"Ifira Black Bird",NULL,"4"
852417,"St Cyr Collonges Au Mont D Or","St Cyr Collonges Au Mont D Or","4"
854855,"Recanto Da Crianca AM",NULL,"4"
854859,"EC Taruma AM",NULL,"4"
859845,"Aguia De Maraba FC",NULL,"4"
861129,"Znk Gorica",NULL,"4"
861287,"Foresters FC","Foresters FC","4"
883079,"Jovenes Promesas Viareggio Team",NULL,"4"
883081,"US Pistoiese Viareggio Team",NULL,"4"
885967,"Portugal","Portugal","4"
903529,"Panama",NULL,"4"
909721,"East Perth FC Reserve","East Perth FC Reserve","4"
922085,"Tj Partizan Osrblie","Tj Partizan Osrblie","4"
934365,"Kinmel Bay","Kinmel Bay","4"
937715,"Racing FC Union Luxembourg","Racing FC Union Luxembourg","4"
944223,"CD Estudiantil Cni","CD Estudiantil Cni","4"
960489,"Worcester City Wfc","Worcester City Wfc","4"
962207,"Little Friends Club","Little Friends Club","4"
965639,"Scotland","Scotland","4"
988205,"Thailand","Thailand","4"
988209,"Vietnam","Vietnam","4"
993789,"Chorrillo FC","Chorrillo FC","4"
997885,"Ofc Thies Viareggio Team",NULL,"4"
997983,"Sampdoria Genoa Viareggio Team",NULL,"4"
998551,"FC Tamper","FC Tamper","4"
1002651,"AS Tiga Sport",NULL,"4"
1005309,"Iape MA",NULL,"4"
1006113,"Club 3 De Noviembre","Club 3 De Noviembre","4"
1010785,"HJK Akatemia","HJK Akatemia","4"
1015619,"FC Yelimay Reserve","FC Yelimay","4"
1023813,"Serra Branca EC PB",NULL,"4"
1045463,"Hertha BSC",NULL,"4"
1049161,"Woodford Town",NULL,"4"
1051021,"Municipal Puente Alto","Municipal Puente Alto","4"
1055629,"General Caballero JLM",NULL,"4"
1063716,"Juasal CE",NULL,"4"
1074316,"Brentford Women","Brentford Women","4"
1080932,"Dinamo Baki","Dinamo Baki","4"
1096171,"Cr Beni Thamou","Cr Beni Thamou","4"
1101991,"Santa Fe FC",NULL,"4"
1108987,"Namyangju Citizen",NULL,"4"
1110205,"Quanzhou Qinggong","Quanzhou Qinggong","4"
1114065,"MK United","MK United","4"
1122247,"Popiniemen Ponnistus","Popiniemen","4"
1133659,"Santa Cruz Acre EC AC",NULL,"4"
1138599,"Amersham Town FC",NULL,"4"
1147621,"Boness Athletic FC","Boness Athletic FC","4"
1153479,"Helsingborgs IF","Helsingborgs IF","4"
1154331,"FC Pyunik Yerevan","FC Pyunik Yerevan","4"
1175979,"Ajax Amsterdam U21",NULL,"4"
1175981,"PSV Eindhoven","Eindhoven","4"
1176883,"HJS","HJS","4"
1177075,"Frazsiers Whip FC",NULL,"4"
1181303,"Cpd Llannefydd FC","Cpd Llannefydd FC","4"
1183029,"FC Progres Niederkorn",NULL,"4"
1183043,"Valletta",NULL,"4"
1183069,"Sabah Masazir","Sabah Masazir","4"
1186735,"Manises CF","Manises CF","4"
1192725,"PSV Eindhoven U21",NULL,"4"
1201603,"Club Yanapuma","Club Yanapuma","4"
1203795,"FC Freyming","FC Freyming","4"
1203945,"Association Still Mutzig","Association Still Mutzig","4"
1217719,"Operario AC MS",NULL,"4"
1217721,"Mazagao AC AP",NULL,"4"
1217723,"Votoraty FC SP",NULL,"4"
1226271,"Bf 108","Bf 108","4"
1236639,"Brtc Sports Club","Brtc Sports Club","4"
1236995,"FC Asiagoal Bishkek","FC Asiagoal Bishkek","4"
1237571,"Ijele FC Viareggio Team",NULL,"4"
1237573,"Sport Club Internacional RS Viareggio Team",NULL,"4"
1237575,"Ssd Casarano Calcio Viareggio Team",NULL,"4"
1239385,"Ranheim","Ranheim","4"
1244768,"Canberra Juventus FC","Canberra Juventus","4"
1244990,"Psc FC Florida",NULL,"4"
1253523,"Vila Real FC CE",NULL,"4"
1253531,"Mali",NULL,"4"
1253535,"Congo Republic",NULL,"4"
1254113,"Primero de Mayo FC",NULL,"4"
1281325,"Juventus Turin","Juventus","4"
1285489,"Vikingur Gota","Vikingur Gota","4"
1285491,"Ka Akureyri","Ka Akureyri","4"
1285495,"KF Skenderbeu Korce","KF Skenderbeu Korce","4"
1289955,"Hiroos Cariri CE",NULL,"4"
1312954,"EC Meia Noite SP U20",NULL,"4"
1314832,"Netherlands",NULL,"4"
1314834,"Argentina",NULL,"4"
1314836,"Germany",NULL,"4"
1314846,"Italy",NULL,"4"
1314864,"Saudi Arabia",NULL,"4"
1319190,"Shuktara Jubo Sangsad","Shuktara Jubo Sangsad","4"
1319810,"FC Supra Du Quebec","FC Supra Du Quebec","4"
1327708,"Social FC MG","Social","4"
1327712,"AE Uberabinha MG","AE Uberabinha","4"
1327900,"Harju JK Laagri","Harju JK Laagri","4"
1332508,"AS Police Viareggio Team",NULL,"4"
1332526,"Rappresentativa Serie D Viareggio Team",NULL,"4"
1333556,"Colon FC Reserve","Colon FC Reserve","4"
1335926,"Tallinna FC Placet","Tallinna FC Placet","4"
1336072,"Paraguari AC","Paraguari AC","4"
1336098,"Azzurri United FC","Azzurri United FC","4"
1336100,"Garuda FC","Garuda FC","4"
1336102,"Palmerston Rovers","Palmerston Rovers","4"
1339844,"Casuarina FC Div 3","Casuarina FC Div 3","4"
1339850,"Mindil Aces FC Div 3","Mindil Aces FC Div 3","4"
1339864,"Garuda FC Reserves","Garuda FC Reserves","4"
1237561,"Spal Viareggio Team",NULL,"3"
373064,"Turks And Caicos Islands","Turks And Caicos Islands","3"
361132,"SK LR Crystal","LR Crystal","3"
1339842,"Azzurri United FC Div 3","Azzurri United FC Div 3","3"
45364,"Didcot Town",NULL,"3"
771566,"Central Coast Honiara",NULL,"3"
25557,"FC Nyva Vinnytsia","Nyva Vinnytsia","3"
264011,"Samut Sakhon City FC",NULL,"3"
25525,"NK Gaj Mace","Gaj Mace","3"
25499,"AFC Nove Mesto nad Vahom","Nove Mesto","3"
1339858,"Casuarina FC Reserves","Casuarina FC Reserves","3"
25498,"FK Cadca","Cadca","3"
935859,"West Didsbury And Chorlton",NULL,"3"
1237579,"Asteras Tripolis Viareggio Team",NULL,"3"
258511,"Miami United",NULL,"3"
929931,"SD Sparta TO",NULL,"3"
257421,"True Democracy FC",NULL,"3"
1222219,"Borussia Dortmund","Borussia Dortmund","3"
1035143,"Tj Malinovo","Tj Malinovo","3"
1002031,"Afghanistan",NULL,"3"
256569,"Prime Bangkok FC","Prime Bangkok","3"
115789,"Inter Allies FC","Inter Allies","3"
394726,"Independiente Medellin",NULL,"3"
51149,"Lettir","Lettir","3"
498058,"AFC Sudbury Ladies","AFC Sudbury Ladies","3"
51029,"KFR","KFR","3"
1114755,"Debre Birhan Ketema","Debre Birhan Ketema","3"
50000,"Cuba",NULL,"3"
606362,"PFK Piestany","Piestany","3"
1268062,"Strykers FC","Strykers FC","3"
1268064,"Sdyushor SI Asiagoal","Sdyushor SI Asiagoal","3"
23495,"Papua New Guinea",NULL,"3"
49107,"Turkmenistan",NULL,"3"
23476,"American Samoa",NULL,"3"
1268068,"Master FC","Master FC","3"
49103,"Timor-Leste",NULL,"3"
320191,"FC Olimpia Savyntsi","Olimpia Savyntsi","3"
497286,"Vila Caiz","Vila Caiz","3"
22725,"Yemen",NULL,"3"
243952,"Sri Lanka",NULL,"3"
22718,"Thailand",NULL,"3"
243948,"Maldives",NULL,"3"
49099,"Singapore",NULL,"3"
22709,"Qatar",NULL,"3"
22683,"India",NULL,"3"
22665,"Yemen","Yemen","3"
22663,"Vietnam","Vietnam","3"
22656,"Thailand","Thailand","3"
22644,"Qatar","Qatar","3"
22639,"Oman",NULL,"3"
22634,"New Zealand",NULL,"3"
22613,"Iran",NULL,"3"
22598,"El Salvador",NULL,"3"
22593,"Costa Rica",NULL,"3"
22578,"Australia","Australia","3"
1268284,"Kelana United FC","Kelana United FC","3"
1055049,"Paynesville FC",NULL,"3"
1239231,"Asd Viareggio Calcio",NULL,"3"
696877,"FC Shakhtar Donetsk SRL",NULL,"3"
496560,"Bitlis 1916 Futbol Spor Kulubu","Bitlis 1916 Futbol Spor Kulubu","3"
44561,"New Zealand",NULL,"3"
241256,"Independiente Del Valle",NULL,"3"
49083,"Palestine",NULL,"3"
241250,"Bolivar",NULL,"3"
405433,"Tupapa Maraerenga FC",NULL,"3"
1239381,"Lyngboe SK","Lyngboe SK","3"
937243,"Benburb","Benburb","3"
841470,"Forte FC ES",NULL,"3"
934317,"CD Sant Jordi","CD Sant Jordi","3"
131584,"Strabane Athletic FC","Strabane","3"
1268788,"CE Naviraiense MS",NULL,"3"
694847,"Norwich City SRL",NULL,"3"
1114917,"Stroemsgodset IF","Stroemsgodset IF","3"
765078,"FC San Nicolas","FC San Nicolas","3"
1114919,"Steinkjer FK","Steinkjer FK","3"
435700,"VGTU Vilkai","VGTU Vilkai","3"
942483,"Sport Extremadura CD","Sport Extremadura CD","3"
522862,"African Stars","African Stars","3"
232622,"UD Maracena","Maracena","3"
1284261,"Glynneath Town","Glynneath Town","3"
1284263,"Blaenavon Blues","Blaenavon Blues","3"
49082,"Pakistan",NULL,"3"
687995,"Jkt Queens Dar",NULL,"3"
1336662,"Azur",NULL,"3"
317815,"AS Fan","AS Fan","3"
226212,"Castrense","Castrense","3"
687383,"FC Twenty 11",NULL,"3"
1035149,"Tj Druzstevnik Latky","Tj Druzstevnik Latky","3"
49079,"Korea DPR","Korea DPR","3"
316707,"Rewa",NULL,"3"
49075,"Nepal",NULL,"3"
1148835,"Banos Ciudad de Fuego","Banos Ciudad de Fuego","3"
49074,"Myanmar",NULL,"3"
1339860,"Darwin Hearts FC Reserves","Darwin Hearts FC Reserves","3"
1339862,"Darwin Olympic SC Reserves","Darwin Olympic SC Reserves","3"
358982,"FK Gerlachov","Gerlachov","3"
943231,"Kyrgyzstan",NULL,"3"
49065,"Malaysia",NULL,"3"
358978,"SK Nacina Ves","SK Nacina Ves","3"
315749,"NK Polana","NK Polana","3"
1269646,"BV Oksboel","BV Oksboel","3"
224832,"Cumbernauld Colts FC","Cumbernauld Colts","3"
578155,"Myawady FC",NULL,"3"
49063,"Macao",NULL,"3"
223628,"NK Bednja Beletinec","Bednja Beletinec","3"
8063,"Huntly","Huntly","3"
8046,"Vanuatu",NULL,"3"
49060,"Laos",NULL,"3"
49048,"Hong Kong, China",NULL,"3"
108693,"Fortuna Cologne","Cologne","3"
7764,"Honduras",NULL,"3"
761858,"Boldmere St Michaels Women","Boldmere St Michaels Women","3"
520800,"Wari Club","Wari Club","3"
845702,"CE Forca E Luz RN",NULL,"3"
219348,"Nicaragua",NULL,"3"
49028,"Cambodia",NULL,"3"
7763,"Haiti",NULL,"3"
494104,"Sutton United Ladies","Sutton United Ladies","3"
219172,"MFK Rusovce","Rusovce","3"
844384,"CS Esportiva AL",NULL,"3"
49024,"Bangladesh",NULL,"3"
577965,"FC Ahrotekh Tyshkivka","FC Ahrotekh Tyshkivka","3"
42349,"Skallagrimur","Skallagrimur","3"
49018,"Afghanistan",NULL,"3"
683811,"Puerto Rico",NULL,"3"
1057017,"Ferro Carril FC",NULL,"3"
7552,"Panama",NULL,"3"
7551,"Korea DPR",NULL,"3"
744331,"Spezia Calcio SRL",NULL,"3"
1289833,"Jianlibao FC",NULL,"3"
1339866,"Hellenic AC Reserves","Hellenic AC Reserves","3"
426993,"Libya",NULL,"3"
7550,"New Zealand",NULL,"3"
935857,"Heaton Stannington",NULL,"3"
760558,"US Zilimadjou","US Zilimadjou","3"
744325,"SD Huesca",NULL,"3"
7381,"Ironi Ashkelon FC",NULL,"3"
728621,"Salthill Devon FC","Salthill Devon","3"
7352,"Medkila IL","Medkila","3"
391684,"Addis Ababa Ketema","Addis Ababa Ketema","3"
1153433,"FC Le Communal Sport Le Locle","FC Le Communal Sport Le Locle","3"
1290285,"Puerto de Vega CF","Puerto de Vega CF","3"
1198143,"FC St Helens","FC St Helens","3"
1290289,"Atletic Sant Just FC","Atletic Sant Just FC","3"
1035153,"SK Nitra-Dolne Krskany","SK Nitra-Dolne Krskany","3"
48963,"Ecuador",NULL,"3"
518444,"ESOF Vendee La Roche","ESOF Vendee La Roche","3"
7028,"Lota Schwager","Lota Schwager","3"
1243353,"Rae Spordikool","Rae Spordikool","3"
841598,"Nuevo Cliza",NULL,"3"
219134,"SK Tomasov","Tomasov","3"
1243365,"Sejong Sa FC",NULL,"3"
48961,"Costa Rica",NULL,"3"
1153477,"Lilla Torg FF","Lilla Torg FF","3"
48866,"Panama",NULL,"3"
1153481,"Skellefteaa FC","Skellefteaa FC","3"
517058,"Kasuka","Kasuka","3"
6923,"Pontivy GSI","Pontivy GSI","3"
6920,"Lyon La Duchere","Lyon La Duchere","3"
48863,"New Caledonia",NULL,"3"
635068,"St. Ambrose Fighting Bees",NULL,"3"
1153949,"Deportivo Minga Guazu",NULL,"3"
48857,"Ivory Coast",NULL,"3"
48837,"Fiji",NULL,"3"
1117401,"Addis Ketema","Addis Ketema","3"
48802,"Kenya",NULL,"3"
358936,"TJD Pribelce","Pribelce","3"
828780,"Royal Leopards FC","Royal Leopards FC","3"
38742,"Mossley AFC",NULL,"3"
616162,"Mauritania","Mauritania","3"
311996,"Brittons Hill United","Brittons Hill","3"
629878,"University of Western Cape",NULL,"3"
827076,"Always Ready",NULL,"3"
673367,"Sandefjord Fotball","Sandefjord Fotball","3"
1059722,"Sirnak Idmanyurdu","Sirnak Idmanyurdu","3"
1198211,"Hednesford Town Ladies","Hednesford Town Ladies","3"
1059796,"Sui Tung",NULL,"3"
841476,"Rio Branco SAF ES",NULL,"3"
38667,"Irvine Meadow XI",NULL,"3"
973337,"Porto Velho EC RO",NULL,"3"
132940,"Laos",NULL,"3"
1059914,"SK Slovan Bratislava Srl",NULL,"3"
1296941,"Algeria A",NULL,"3"
6155,"CD Olivais Moscavide","Olivais e Moscavide","3"
1022037,"Brixham AFC",NULL,"3"
6072,"SO Romorantin","Romorantin","3"
48030,"Fjolnir Reykjavik","Fjolnir","3"
1118483,"Cosmopolitano Sports SP",NULL,"3"
72014,"Cerro Porteno",NULL,"3"
1118533,"Paulinia Futebol Universitario SP",NULL,"3"
38371,"Nairn County","Nairn","3"
38370,"Civil Service Strollers FC","Civil Service Strollers","3"
72010,"Blooming",NULL,"3"
38352,"SV Saestum",NULL,"3"
775530,"RB Keflavik","Keflavik","3"
72000,"Sporting Cristal",NULL,"3"
1177079,"AC Renate U20",NULL,"3"
751819,"Sorriso FC MT","Sorriso FC MT","3"
71992,"Univ. de Deportes",NULL,"3"
1339846,"Darwin Olympic SC Div 3","Darwin Olympic SC Div 3","3"
307358,"Afghanistan",NULL,"3"
729915,"Tj Dvorniky - Vcelare","Dvorniky - Vcelare","3"
132936,"Hong Kong FC",NULL,"3"
1177089,"Brescia Calcio U20",NULL,"3"
431807,"SV Deportivo Nacional","SV Deportivo Nacional","3"
70544,"Sarpsborg 08 FF","Sarpsborg 08","3"
667653,"Wse",NULL,"3"
1302682,"FC 15 de Agosto de Akonibe",NULL,"3"
836542,"Hercilio Luz FC SC",NULL,"3"
934373,"Pill AFC","Pill AFC","3"
353920,"FK Neftchi Kochkor-Ata","FK Neftchi Kochkor-Ata","3"
301286,"Kaya FC",NULL,"3"
397774,"Clube do Remo PA",NULL,"3"
300590,"Club Nacional de Football",NULL,"3"
90834,"Jacksa Spears","J. Spears","3"
628370,"Hill of Beath Hawthorn FC","Hill of Beath Hawthorn FC","3"
1339848,"Hellenic AC Div 3","Hellenic AC Div 3","3"
389008,"Ironi Beit Dagan",NULL,"3"
37473,"Dolgellau Athletic A","Dolgellau Athletic A","3"
929475,"Milo FC",NULL,"3"
928747,"Commercial Bank Ethiopia FC",NULL,"3"
1335298,"KuPS Akatemia II","KuPS Akatemia II","3"
1155669,"Al Merriekh FC Bentiu","Al Merriekh FC Bentiu","3"
123526,"Llanrwst United",NULL,"3"
1177121,"Spezia Calcio U20",NULL,"3"
397770,"ABC FC RN",NULL,"3"
502708,"Keynsham Town LFC","Keynsham Town LFC","3"
962461,"Irb Sedrata","Irb Sedrata","3"
626408,"Altrincham Ladies","Altrincham Ladies","3"
299184,"SD Imperatriz MA",NULL,"3"
299178,"Americano MA",NULL,"3"
37259,"FC Minerva Lintgen",NULL,"3"
1177137,"US Salernitana U20-",NULL,"3"
352014,"Samford Rangers","Samford Rangers","3"
740645,"Maroochydore Swans FC","Maroochydore Swans FC","3"
37188,"Rayo Vallecano","Rayo Vallecano","3"
626362,"South Shields Lfc","South Shields Lfc","3"
973489,"O'Higgins",NULL,"3"
1304394,"Menge Belashangul","Menge Belashangul","3"
1120717,"Stapa de Royale","Stapa de Royale","3"
1304532,"Patriotas FC PR",NULL,"3"
1304534,"Novo Mundo FC PR",NULL,"3"
37142,"Sopoti Librazhd","Sopoti","3"
572993,"Storfors AIK","Storfors","3"
1305894,"AS Le Gosier","AS Le Gosier","3"
1068276,"Dv Bilzen United","Dv Bilzen United","3"
606348,"TJ Spartak Kvasov","Spartak Kvasov","3"
1110217,"Guangzhou Red Treasure","Guangzhou Red Treasure","3"
1306836,"Samoa","Samoa","3"
397746,"Rio Branco FC AC",NULL,"3"
1217429,"Js Hai Djebel",NULL,"3"
463357,"CS Limpeno",NULL,"3"
37096,"Caldicot Town","Caldicot Town","3"
738817,"US St Philbert de Grandlieu",NULL,"3"
47107,"Malvern Town",NULL,"3"
352008,"Ipswich Knights","Ipswich Knights","3"
197604,"Chinese Taipei",NULL,"3"
197560,"Sri Lanka",NULL,"3"
197536,"Yemen",NULL,"3"
197522,"Philippines",NULL,"3"
197520,"Mongolia",NULL,"3"
388076,"Beitar Petah Tikva",NULL,"3"
371120,"Yellow-Red KV Mechelen","KV Mechelen","3"
351654,"Brentford FC",NULL,"3"
47082,"Larkhall Athletic",NULL,"3"
287753,"Luverdense EC MT",NULL,"3"
1035201,"FK Koseca","FK Koseca","3"
60764,"Xewkija Tigers FC","Xewkija Tigers","3"
1159525,"FK Slovan Kendice","FK Slovan Kendice","3"
988207,"Chinese Taipei","Chinese Taipei","3"
1159607,"Jamus FC","Jamus FC","3"
1312952,"I9 FC SP U20",NULL,"3"
47048,"Herne Bay FC",NULL,"3"
1312956,"AE Real RR",NULL,"3"
1312958,"Gremio Saocarlense SP U20",NULL,"3"
1312960,"SE Uniao Cacoalense RO U20",NULL,"3"
1312962,"Real Soccer FC SP U20",NULL,"3"
1312968,"SE Juventude MA U20",NULL,"3"
350742,"Rksv Halsteren","Rksv Halsteren","3"
397738,"Rio Branco AC",NULL,"3"
192248,"Bahrain",NULL,"3"
36710,"Cardiff City fc","Cardiff","3"
841528,"Guinea Srl",NULL,"3"
996617,"Toukolan Teras/Tapio","Toukolan Teras/Tapio","3"
4919,"Port Talbot Town","Port Talbot","3"
1246627,"FK Pempininkai","FK Pempininkai","3"
3332,"Perlis Northern Lions FC","Perlis N. Lions","3"
1314828,"Colombia",NULL,"3"
1314830,"Morocco",NULL,"3"
1339870,"Palmerston Rovers FC Reserves","Palmerston Rovers FC Reserves","3"
397698,"Uniao EC Rondonopolis MT",NULL,"3"
728115,"FK Vysoke Tatry","FK Vysoke Tatry","3"
1314838,"Japan",NULL,"3"
1178389,"18 de Julio FB",NULL,"3"
1314842,"Algeria",NULL,"3"
839660,"Turkmenistan",NULL,"3"
1339876,"Darwin Olympic SC U23","Darwin Olympic SC U23","3"
1314848,"Poland",NULL,"3"
463251,"New Caledonia",NULL,"3"
1314852,"Peru",NULL,"3"
1314854,"Qatar",NULL,"3"
1031071,"America FC Pedrinhas SE",NULL,"3"
1314858,"India",NULL,"3"
1314860,"Indonesia",NULL,"3"
3029,"AD Ovarense","AD Ovarense","3"
609704,"Tartu Team Helm","Tartu Team Helm","3"
3020,"SG Sacavenense","Sacavenense","3"
3016,"SC Espinho","Espinho","3"
36388,"Les Sables Vendee Foot","Les Sables Vendee Foot","3"
47032,"Harefield United",NULL,"3"
118,"AFC Rushden And Diamonds","Rushden","3"
36351,"Olympique Marcquois Football","Olympique Marcquois","3"
626204,"Dartford Lfc","Dartford Lfc","3"
591933,"SM Caen","SM Caen","3"
665347,"Confianca EC PB",NULL,"3"
1159677,"AC Nitra - Futbal","AC Nitra - Futbal","3"
785284,"Kampong Speu",NULL,"3"
2405,"FK Spartak Dubnica Nad Vahom","Spartak","3"
1248725,"Sao Luis FC MA",NULL,"3"
384682,"CD Getafe","CD Getafe","3"
2392,"Deveronvale FC","Deveronvale","3"
2391,"Threave Rovers","Threave Rovers","3"
1319186,"Chattogram City Football Club","Chattogram City Football Club","3"
2390,"Wick Academy FC","Wick Academy","3"
1339882,"Palmerston Rovers FC U23","Palmerston Rovers FC U23","3"
665345,"Nacional FC AM",NULL,"3"
2381,"East Stirlingshire FC","East Stirlingshire","3"
2373,"Berwick Rangers","Berwick","3"
1277298,"Tj Druzstevnik Breznica","Tj Druzstevnik Breznica","3"
2245,"FC Jokerit Helsinki","Jokerit","3"
2166,"SC Landskron",NULL,"3"
815262,"CS Maruinense SE",NULL,"3"
1277302,"Tj Slovan Kosecke Podhradie","Tj Slovan Kosecke Podhradie","3"
665339,"Olimpico EC SE",NULL,"3"
626198,"Wroxham Lfc","Wroxham Lfc","3"
937817,"Mezoors Kse","Mezoors Kse","3"
1885,"Alvsjo AIK","Alvsjo","3"
1866,"Hjulsbro IK","Hjulsbro IK","3"
36281,"Newcastle Town",NULL,"3"
1745,"Seyssinet AC","Seyssinet","3"
383738,"Leeds United LFC","Leeds United","3"
383224,"Real Racing Club Santander","Real Racing Santander","3"
664081,"Bhutan",NULL,"3"
1740,"Torcy","Torcy","3"
625570,"Inter Valdemoro","Inter Valdemoro","3"
624538,"Mamelodi Sundowns",NULL,"3"
186783,"Hilal Al-Quds",NULL,"3"
1727,"Tours FC",NULL,"3"
186328,"Ivory Coast","Ivory Coast","3"
344380,"Annerley","Annerley","3"
500700,"Cambridge United Women","Cambridge United Women","3"
568389,"FC Ulaanbaatar","FC Ulaanbaatar","3"
500696,"Queens Park Rangers Ladies",NULL,"3"
500680,"Stevenage Lfc","Stevenage Lfc","3"
1694,"RCO Agde","Agde","3"
185584,"Al Wahda SC",NULL,"3"
185582,"Nizwa",NULL,"3"
185580,"Muscat",NULL,"3"
184713,"US Matoury","Matoury","3"
1217437,"A El Eulma",NULL,"3"
1277688,"Texas AM-San Antonio Jaguars",NULL,"3"
282115,"Cameroon",NULL,"3"
1103627,"Italy Selection",NULL,"3"
460925,"Fiji","Fiji","3"
725959,"Khovd FC","Khovd FC","3"
1163839,"Young Elephants FC",NULL,"3"
663265,"Jeanfield Swifts","Jeanfield Swifts","3"
58329,"SK Victoria Wanderers","Victoria W","3"
663259,"Dundonald Bluebell","Dundonald Bluebell","3"
1340260,"Mindil Aces Yellow U23","Mindil Aces Yellow U23","3"
280765,"Khon Kaen FC",NULL,"3"
100,"Stalybridge Celtic",NULL,"3"
810574,"SE Picos PI",NULL,"3"
342726,"UQ FC","UQ","3"
850617,"Loughborough Lightning Women","Loughborough Lightning Women","3"
1078050,"RC Calais",NULL,"3"
1200707,"Aigles de la Medina",NULL,"3"
276199,"CD Getxo","Getxo","3"
1329112,"Estudiantes de Merida U20",NULL,"3"
1329114,"CD Universidad Catolica Del Ecuador U20",NULL,"3"
500368,"Silves FC","Silves FC","3"
173474,"Brightlingsea Regent",NULL,"3"
568195,"Fortaleza",NULL,"3"
1224259,"Cr Vasco Da Gama (Rsa)","Cr Vasco Da Gama (Rsa)","3"
460917,"Vanuatu","Vanuatu","3"
460915,"Solomon Islands","Solomon Islands","3"
132512,"US Sarre Union","Sarre","3"
500086,"Walthamstow",NULL,"3"
776886,"Charlestown Azzurri FC Reserve","Charlestown Azzurri FC Reserve","3"
499070,"Cordoba CF","Cordoba CF","3"
659847,"Kvk Tienen","Kvk Tienen","3"
272337,"SD Negreira","SD Negreira","3"
848765,"Pyeongchang United",NULL,"3"
551739,"Fiorentina Women FC Viareggio Team",NULL,"3"
1181325,"Rogerstone AFC",NULL,"3"
498618,"America FC SP",NULL,"3"
35918,"Crumlin United FC","Crumlin Utd.","3"
736985,"FC Dynamo Kyiv SRL",NULL,"3"
1332282,"Fransta IK","Fransta IK","3"
550733,"Kampong Cham",NULL,"3"
1167653,"Gaborone United Ladies",NULL,"3"
585575,"Cristobal Colon JAS",NULL,"3"
270911,"FK Sobrance Sobranecko","Sobrance Sobranecko","3"
550485,"Perugia Viareggio Team",NULL,"3"
172042,"MFK Roznava","Roznava","3"
35465,"England","England","3"
35396,"FC Santa Claus","Santa Claus","3"
82805,"Yellow Boys Weiler-La-Tour","Yellow Boys","3"
1332510,"Vllaznia Shkoder Viareggio Team",NULL,"3"
1080924,"Sheki City","Sheki City","3"
1332520,"Academy Potey Keahson Viareggio Team",NULL,"3"
1332522,"Ssd Athletic Club Palermo Viareggio Team",NULL,"3"
1332524,"Futurepro Soccer Viareggio Team",NULL,"3"
46932,"Congleton Town",NULL,"3"
1332530,"Club Olympic Thiessois Viareggio Team",NULL,"3"
550409,"Viareggio Viareggio Team",NULL,"3"
1332544,"Rappresentativa Lnd Viareggio Cup",NULL,"3"
1080926,"Goygol","Goygol","3"
171900,"Tajikistan",NULL,"3"
618824,"CA Assisense SP",NULL,"3"
550397,"APIA Leichhardt Tigers Viareggio Team",NULL,"3"
585503,"Southside Eagles","Southside Eagles","3"
170620,"Gretna 2008","Gretna 2008","3"
270889,"FK Geca 73","FK Geca 73","3"
58011,"Barnoldswick Town",NULL,"3"
822526,"Fundacion CD Tenerife",NULL,"3"
1046407,"Lincoln (PA) Lions",NULL,"3"
250,"Shepshed Dynamo",NULL,"3"
1217703,"Capitao Poco PA",NULL,"3"
270869,"Osk Besenova","Osk Besenova","3"
120844,"Panama",NULL,"3"
1252637,"FK Union / Jfk Daugava",NULL,"3"
1080936,"Agdas","Agdas","3"
565959,"Einherji","Einherji","3"
334241,"Sao Carlos FC SP",NULL,"3"
1333930,"Renofa Yamaguchi FC Ladies","Renofa Yamaguchi FC Ladies","3"
1334078,"SS Signa Viarregio Team",NULL,"3"
228,"AFC Croydon Athletic",NULL,"3"
1252759,"AD Centro Olimpico SP",NULL,"3"
46912,"Chadderton FC",NULL,"3"
35026,"Keith FC","Keith","3"
747263,"Khovd Western","Khovd Western","3"
725951,"Khovd Western","Khovd Western","3"
334225,"EC Noroeste SP",NULL,"3"
214,"RC Warwick",NULL,"3"
58005,"Grimsby Borough",NULL,"3"
452619,"Marjamaa Kompanii","Marjamaa Kompanii","3"
1339852,"Palmerston Rovers FC Div 3","Palmerston Rovers FC Div 3","3"
46883,"Bottesford Town",NULL,"3"
168508,"TJ Slavoj Boleraz","Slavoj Boleraz","3"
1339854,"Port Darwin FC Div 3","Port Darwin FC Div 3","3"
830750,"Mulbarton Wanderers",NULL,"3"
1339856,"Azzurri United FC Reserves","Azzurri United FC Reserves","3"
270819,"SK Harichovce","SK Harichovce","3"
1235651,"Shanghai Zetian","Shanghai Zetian","3"
563324,"Chad",NULL,"3"
545339,"North Brisbane FC","North Brisbane","3"
416277,"Holland Park Hawks","Hawks","3"
822412,"Estac Troyes Srl",NULL,"3"
1203847,"Carnoux FC","Carnoux FC","3"
1235663,"Xiamen Chengyi","Xiamen Chengyi","3"
46880,"Bootle FC",NULL,"3"
270791,"NSK 1922 Bratislava","NSK 1922 Bratislava","3"
1334552,"Sorriso EC MT","Sorriso EC MT","3"
1334554,"Paulistano FC MT","Paulistano FC MT","3"
1184945,"FC Perigny","Perigny","3"
270777,"MFK Banik Velky Krtis","Banik Velky Krtis","3"
1235667,"Wuhan Lianzhen FC","Wuhan Lianzhen FC","3"
1086616,"Techiman Liberty Youth FC","Techiman Liberty Youth FC","3"
1256437,"Tocantinopolis EC TO U20",NULL,"3"
498230,"Stockport County Lfc","Stockport County Lfc","3"
1015823,"Dom Bosco MT",NULL,"3"
1335222,"Atlantis FC/2","Atlantis FC/2","3"
1217727,"SC Genus RO",NULL,"3"
1258107,"Northern Mariana Islands U23",NULL,"3"
1185513,"Tuen Mun",NULL,"3"
57451,"Fanja",NULL,"3"
449957,"Galvez EC AC",NULL,"3"
616582,"Atletico Palma Del Rio","Atletico Palma Del Rio","3"
1217729,"Dourados AC MS",NULL,"3"
906213,"EC de Patos PB",NULL,"3"
447543,"Sheppey United FC",NULL,"3"
607362,"Guyana",NULL,"3"
967265,"Mb Barika","Mb Barika","3"
821240,"La Cantera FC",NULL,"3"
397662,"Tupa FC SP",NULL,"3"
34742,"CMS Oissel","Oissel","3"
791604,"Usfas",NULL,"3"
119864,"Bucak Belediye Oguzhanspor","Oguzhanspor","3"
132336,"Croix IC","Croix","3"
330897,"Riga United",NULL,"3"
149162,"AS Pirae",NULL,"3"
896055,"Rio Aguarico FC","Rio Aguarico","3"
498176,"Northampton Town Lfc","Northampton Town Lfc","3"
366892,"UD Los Garres","Los Garres","3"
1196773,"Shamkir	PFC","Shamkir	PFC","3"
895711,"Sobradinho",NULL,"3"
894049,"FK Kazlu Ruda-Svyturys","FK Kazlu Ruda-Svyturys","3"
146782,"FK Plavinas DM",NULL,"3"
894023,"FK Ataka","FK Ataka","3"
1201615,"Sululta Ketema","Sululta Ketema","3"
142926,"Brunei Darussalam",NULL,"3"
1188469,"Adiffem",NULL,"3"
1188531,"FK Rigas Futbola Skola Srl",NULL,"3"
1188539,"IF Elfsborg Srl",NULL,"3"
1201621,"Soloda Adwa","Soloda Adwa","3"
976049,"East End Lions FC","East End Lions FC","3"
986281,"Bangladesh","Bangladesh","3"
889595,"Jyrkkalan Tykit","Jyrkkalan Tykit","3"
1171713,"SC Ferreira Zezere","SC Ferreira Zezere","3"
365966,"CD Yuncos","CD Yuncos","3"
364772,"UNFP Selection",NULL,"3"
1090835,"Ivinhema FC MS",NULL,"3"
883093,"Siena 1904 Viareggio Team",NULL,"3"
1261781,"Samoa",NULL,"3"
34739,"Usc Corte",NULL,"3"
1090871,"Aster Brasil SC SP",NULL,"3"
877873,"FK Famos Hrasnica","FK Famos Hrasnica","3"
1261783,"Ivory Coast",NULL,"3"
559178,"Shatin",NULL,"3"
397008,"Malaga CF","Malaga CF","3"
912501,"AA Durazno FC",NULL,"3"
407595,"AS Chatenoy Royal","AS Chatenoy Royal","3"
986283,"India","India","3"
973163,"Pac Academy",NULL,"3"
46818,"Bideford FC",NULL,"3"
1191145,"Efa Visoca","Efa Visoca","3"
1226273,"Neisti Djupivogur","Neisti Djupivogur","3"
915855,"Rio Negro de San Jose",NULL,"3"
134330,"Mbabane Swallows FC",NULL,"3"
1090887,"Canaa EC DF",NULL,"3"
915997,"Universitario Salto",NULL,"3"
46484,"US Chauvigny","Chauvigny","3"
773132,"Central African Republic",NULL,"3"
33814,"Llwydcoed AFC","Llwydcoed","3"
1172689,"Neftchi Baku PFC","Neftchi Baku PFC","3"
1265485,"Uirapuru MT","Uirapuru MT","3"
364206,"AFC Stoneham",NULL,"3"
363994,"Shrewsbury Town LFC",NULL,"3"
606278,"FK Brezno","Brezno","3"
866799,"LDU Quito",NULL,"3"
954101,"FC Sderot","FC Sderot","3"
1136537,"Hartpury University FC",NULL,"3"
838994,"Ciudad Nueva Santa Cruz",NULL,"3"
772372,"Foolad Hormozgan","Foolad Hormozgan","3"
32551,"FC Bassin D Arcachon","FC Bassin D Arcachon","3"
1280255,"CD Basconia U19","CD Basconia U19","3"
530421,"Porto Caravel","Porto Caravel","3"
863977,"RC Saint Joseph",NULL,"3"
79539,"University of Stirling","Stirling","3"
32486,"Russia",NULL,"3"
498084,"Bowers And Pitsea Lfc","Bowers And Pitsea Lfc","3"
26254,"Inverurie Loco Works","Inverurie LW","3"
917401,"Araguacema TO",NULL,"3"
1226279,"KTH Reykjavik","Reykjavik","3"
859815,"Metropolitanos FC",NULL,"3"
26117,"Lochee United JFC","Lochee","3"
917567,"Batalhao FC TO",NULL,"3"
1034631,"Kickers Offenbach","Kickers Offenbach","3"
134290,"KMKM","KMKM","3"
855659,"Uniao Araguainense TO",NULL,"3"
442330,"China","China","3"
25938,"Newcastle Blue Star",NULL,"3"
25932,"Ashford Town Middlesex FC",NULL,"3"
852443,"Saint Denis FC",NULL,"3"
841504,"Benin Srl",NULL,"3"
438958,"Asko",NULL,"3"
852405,"Esof Vendee La Roche Sur Yon",NULL,"3"
1017493,"Guam",NULL,"3"
1018035,"SC Lucena PB",NULL,"3"
850605,"Hashtag United Wfc","Hashtag United Wfc","3"
233036,"Rhostyllen FC","Rhostyllen","2"
1284265,"Penygraig United","Penygraig United","2"
957023,"FC Bondues","FC Bondues","2"
226224,"SC de Viana Do Alentejo","Viana Do Alentejo","2"
1285321,"Johnstone Burgh FC","Johnstone Burgh FC","2"
112,"Grays Athletic",NULL,"2"
1285331,"Partizani","Partizani","2"
802516,"SC Heerenveen","Heerenveen","2"
1285481,"FC Ordabasy","FC Ordabasy","2"
1285483,"FK Rabotnicki","FK Rabotnicki","2"
1285485,"Larne FC","Larne FC","2"
1285487,"Haverfordwest County AFC","Haverfordwest County AFC","2"
1285493,"Inter Club De Escaldes","Inter Club De Escaldes","2"
1055319,"Bney Jaljulya",NULL,"2"
1285497,"Naxxar Lions FC","Naxxar Lions FC","2"
1285499,"AEK Larnaca","AEK Larnaca","2"
22178,"FC Horsens","Horsens","2"
799386,"Trollhattans FK","Trollhattans FK","2"
21843,"Cacerense EC MT","Cacerense","2"
494166,"Portishead Town LFC","Portishead Town LFC","2"
8041,"Eritrea","Eritrea","2"
223422,"Kurtalan Spor","Kurtalan","2"
7796,"Marstal/Rise","Marstal/Rise","2"
957081,"FC Liancourt Clermont",NULL,"2"
494156,"Moneyfields Ladies",NULL,"2"
219292,"FC Alga","Alga","2"
219166,"Tj Sokol Medzibrod","Medzibrod","2"
7636,"Llangefni Town",NULL,"2"
7632,"Nykarleby IK","Nykarleby","2"
7590,"Tolka Rovers AFC","Tolka Rovers","2"
7589,"St Mochtas FC","St Mochtas","2"
1289959,"Les Aigles Du Congo","Les Aigles Du Congo","2"
7546,"Canada",NULL,"2"
7420,"Nigeria",NULL,"2"
494096,"Wythenshawe LFC","Wythenshawe LFC","2"
7347,"Amazon Grimstad FK","Amazon Grimstad","2"
219144,"TJ Lovca","Lovca","2"
1290287,"Betis CF Valladolid","Betis CF Valladolid","2"
1290291,"Atletico Calatayud","Atletico Calatayud","2"
1290293,"Sporting de Ceuta","Sporting de Ceuta","2"
7077,"Hudiksvalls FF","Hudiksvalls","2"
1290945,"Agstafa Pfk","Agstafa Pfk","2"
1290951,"Khankendi FK","Khankendi FK","2"
1175531,"Raal La Louviere","Raal La Louviere","2"
493704,"Club Deportivo Alberite","Club Deportivo Alberite","2"
1291807,"Ihud Tzeirey Abu Gosh",NULL,"2"
1292373,"Ebony FC",NULL,"2"
493692,"Union Bulldogs",NULL,"2"
1294159,"Ajeb FC","Ajeb FC","2"
6412,"Killester Donnycarney FC","Killester","2"
841586,"Uganda Srl",NULL,"2"
1296093,"Myanmar U17","Myanmar U17","2"
1296099,"Vietnam U17","Vietnam U17","2"
1296493,"Ponteland United","Ponteland United","2"
922127,"Tj Slovan Bystricka","Tj Slovan Bystricka","2"
1175693,"Mount Olive Trojans",NULL,"2"
493586,"Mississippi Valley State Delta Devils",NULL,"2"
959589,"Asc Le Geldar","Asc Le Geldar","2"
1059712,"Hakkari Zap Spor","Hakkari Zap Spor","2"
219128,"OSK Slovensky Grob","Slovensky Grob","2"
1337702,"Havoqand",NULL,"2"
1338810,"Masters FC","Masters FC","2"
492980,"Viterbo V-Hawks",NULL,"2"
219124,"SK Javornik Makov","Javornik Makov","2"
1059990,"Blackman Warriors FC","Blackman Warriors FC","2"
629120,"FC Honka",NULL,"2"
1298630,"Mexico U23",NULL,"2"
1007111,"SP San Pedro de San Pedro Del Parana",NULL,"2"
6056,"USA",NULL,"2"
162,"Kingstonian FC",NULL,"2"
216750,"ASAS Djibouti Telecom","Djibouti Telecom","2"
5990,"CA 3 de Febrero CDE",NULL,"2"
1300022,"Akersberga FC",NULL,"2"
492564,"Bob Jones Bruins",NULL,"2"
1177077,"AC Feralpisalo U20",NULL,"2"
216368,"FSK Radviliskis","Radviliskis","2"
1177083,"AS Cittadella U20",NULL,"2"
1301000,"AL Shamiya FC",NULL,"2"
1177085,"Ascoli Calcio 1898 FC U20",NULL,"2"
476034,"Elche CF SAD","Elche","2"
1301040,"Asanska FC",NULL,"2"
1301688,"Jennings United FC",NULL,"2"
475496,"Bizkerre FT","Bizkerre FT","2"
1302514,"Red Star FC",NULL,"2"
1335286,"Vjs/Akatemia","Vjs/Akatemia","2"
470905,"KSV Bredene","KSV Bredene","2"
1177099,"FC Sudtirol Bolzano U20",NULL,"2"
795716,"CD Miguel Iturralde",NULL,"2"
824424,"Sayana Haskovo",NULL,"2"
1303110,"FC Bogny Sur Meuse","Bogny Sur Meuse","2"
627066,"CF Campanario","CF Campanario","2"
215518,"FK AP Brera Strumica",NULL,"2"
743469,"Bangor Celtic FC","Bangor Celtic","2"
1177113,"Pescara Calcio U20",NULL,"2"
1303126,"Amicale Villeneuve-Garenne","Amicale Villeneuve-Garenne","2"
1177119,"Spal U20",NULL,"2"
626422,"Port Vale Women","Port Vale Women","2"
1303134,"US Ecotay Moingt","Ecotay Moingt","2"
1177129,"Ternana Calcio U20",NULL,"2"
464095,"TJ Velke Lovce","Velke Lovce","2"
794682,"Emd Statyba-Sendvaris","Emd Statyba-Sendvaris","2"
1177139,"Venezia FC U20-",NULL,"2"
1303158,"SC Abbeville","Abbeville","2"
1177163,"Harleston Town",NULL,"2"
1304488,"Florida Badgers FC","Florida Badgers FC","2"
1305890,"Espoir Ste Luce","Espoir Ste Luce","2"
463809,"SK Libchany","SK Libchany","2"
626262,"Dulwich Hamlet Lfc","Dulwich Hamlet Lfc","2"
1010413,"Oshmu-Aldiyer",NULL,"2"
463685,"Ayamonte CF",NULL,"2"
210378,"Torstorps IF","Torstorps","2"
1308782,"Saint Didier Esperance Pernoise","Saint Didier Esperance Pernoise","2"
1309244,"Nifas Silk Lafto SC","Nifas Silk Lafto SC","2"
626238,"Sherborne Town Lfc","Sherborne Town Lfc","2"
194968,"Turun Pallokerho",NULL,"2"
194964,"SAPA Helsinki",NULL,"2"
1309804,"Wb Aiin Benian","Wb Aiin Benian","2"
194904,"Real de Banjul","Real de Banjul","2"
1310210,"True Life","True Life","2"
5259,"CD Olmedo",NULL,"2"
194314,"AS Mangasport","Mangasport","2"
1312354,"Stade Rennais FC","Stade Rennais FC","2"
1312820,"KKS Lech Poznan Uam","Lech Poznan Uam","2"
1312950,"AE Aracatuba SP U20",NULL,"2"
1339868,"Mindil Aces FC Reserves","Mindil Aces FC Reserves","2"
962989,"Tiller","Tiller","2"
5223,"Shkumbini Peqin","Shkumbini Peqin","2"
1178379,"Melo Wanderers",NULL,"2"
1178385,"Rincon FC",NULL,"2"
4492,"Racing Besancon","Besancon","2"
1339872,"Port Darwin FC Reserves","Port Darwin FC Reserves","2"
1339874,"Casuarina FC U23","Casuarina FC U23","2"
3226,"CA Bella Vista",NULL,"2"
3195,"Fairview Rangers AFC","Fairview Rangers","2"
1339878,"Hellenic AC U23","Hellenic AC U23","2"
2920,"KMSK Deinze",NULL,"2"
1178401,"FK Jeni Maale","Jeni Maale","2"
2500,"FC Altstatten","Altstatten","2"
793358,"NFA BE1","NFA BE1","2"
2429,"NK MALECNIK","Tisina","2"
2426,"NK Bela Krajina",NULL,"2"
1074286,"Halifax Women","Halifax Women","2"
2407,"FK Cana","Cana","2"
2395,"Forres Mechanics FC","Forres","2"
2394,"Gala Fairydean Rovers","Gala Fairydean","2"
2383,"Albion Rovers FC","Albion Rovers","2"
1178435,"Atletico Villalonga FF","Atletico Villalonga FF","2"
462455,"Launsdorf",NULL,"2"
2160,"GAK 1902 Amateure",NULL,"2"
190998,"SC Mannsworth",NULL,"2"
2043,"NK Belisce","Belisce","2"
1746,"FC Montceau Bourgogne","Montceau","2"
1743,"Jura Sud Foot",NULL,"2"
1339982,"FC Baranovichi  2","FC Baranovichi  2","2"
189858,"NK Maksimir Zagreb","Maksimir Zagreb","2"
624284,"SD Huesca","SD Huesca","2"
624278,"CD Atletico Baleares","Atletico Baleares","2"
185998,"SC Shikun Hamizrah",NULL,"2"
461823,"TJ Imel","Imel","2"
185592,"Jaalan",NULL,"2"
622160,"CD Lourdes","CD Lourdes","2"
184699,"Sarreguemines FC","Sarreguemines","2"
461819,"Tj Vinohrad Cebovce","Tj Vinohrad Cebovce","2"
461803,"SK Olympia Bobrov",NULL,"2"
1326948,"AD Izalco","AD Izalco","2"
179142,"Chita-M","Chita-M","2"
178948,"Haiti",NULL,"2"
178938,"GC Lucciana",NULL,"2"
178920,"St Asaph City","St Asaph City","2"
178314,"Vieira SC",NULL,"2"
177964,"Vaalerenga IF","Vaalerenga","2"
1077884,"Neuilly Marne SFC",NULL,"2"
174566,"PFC Ludogorets Razgrad","Ludogorets Razgrad","2"
174116,"Sinopspor","Sinopspor","2"
174110,"Serhat Ardahan Spor","Serhat Ardahan Spor","2"
1358,"NB Bornholm","NB Bornholm","2"
737441,"NK Krsko Posavje",NULL,"2"
621320,"NK Pitomaca","NK Pitomaca","2"
1329716,"Happy Boys FC Kagaba","Happy Boys FC Kagaba","2"
964891,"Veroskronos Tsuno",NULL,"2"
1181315,"Cardiff Bay Warriors FC",NULL,"2"
458727,"Hannover 96","Hannover 96","2"
1181319,"Clwb Cymric",NULL,"2"
172066,"Teplicka Nad Vahom","Teplicka Nad Vahom","2"
1181323,"New Inn AFC",NULL,"2"
619982,"NK Dinamo Predavac","NK Dinamo Predavac","2"
172060,"Nova Bana","Nova Bana","2"
823302,"Aber Valley",NULL,"2"
1332370,"Ylojarven Ilves",NULL,"2"
1335300,"Kumu","Kumu","2"
1332374,"Ace/2",NULL,"2"
1332376,"Mouma",NULL,"2"
735519,"AS Quetigny Football","AS Quetigny Football","2"
1332382,"TPV/3",NULL,"2"
1340394,"Tiangua EC CE U20","Tiangua EC CE U20","2"
1340396,"Vila Real FC CE U20","Vila Real FC CE U20","2"
1182821,"Carluke Rovers FC","Carluke Rovers FC","2"
170872,"Ghajnsielem FC","Ghajnsielem FC","2"
1080930,"Kur-Araz","Kur-Araz","2"
256,"Barton Rovers FC",NULL,"2"
1183019,"HB Torshavn",NULL,"2"
1183031,"KF Bylis",NULL,"2"
241,"Epsom & Ewell",NULL,"2"
170618,"Strathspey Thistle","Strathspey Thistle","2"
1183037,"The New Saints FC",NULL,"2"
618556,"Mogadishu City","Mogadishu City","2"
1183049,"Cliftonville FC",NULL,"2"
1183051,"FC Santa Coloma",NULL,"2"
1183067,"Aberdeen FC",NULL,"2"
452703,"Red Lions","Red Lions","2"
1183139,"Academia Rebeja Chisinau",NULL,"2"
1334244,"Qingdao Fuli","Qingdao Fuli","2"
169166,"Myresjo/Vetlanda FK","Myresjo/Vetlanda FK","2"
168834,"Mauritania","Mauritania","2"
1015453,"FK Rsu",NULL,"2"
1334260,"Beijing Pengrui","Beijing Pengrui","2"
1334262,"Yulin Mobei Miners FC","Yulin Mobei Miners FC","2"
200,"Hertford Town FC",NULL,"2"
618536,"AS Tempete Mocaf","AS Tempete Mocaf","2"
1334270,"Chongqing Han Da","Chongqing Han Da","2"
452601,"KFF Mitrovica","KFF Mitrovica","2"
1334274,"Liaocheng Legend","Liaocheng Legend","2"
967029,"FC Sion","FC Sion","2"
1334278,"Yunnan Cuanhe","Yunnan Cuanhe","2"
194,"Grantham Town",NULL,"2"
1085296,"Team FC Cairo",NULL,"2"
452517,"CD Juan Grande","CD Juan Grande","2"
841510,"Cape Verde Srl",NULL,"2"
164548,"1. FFC Montabaur","Montabaur","2"
160266,"Geleinis Vilkas","G. Vilkas","2"
1086612,"Karela United FC",NULL,"2"
1185207,"Beaumont St Cyr ES",NULL,"2"
175,"Stafford Rangers",NULL,"2"
1185421,"AS Mazeres Uzos Rontignon","AS Mazeres Uzos Rontignon","2"
1185457,"Use Couzeix Chaptelat",NULL,"2"
159826,"JK Tallina Kalev Juunior","JK Tallina ","2"
157324,"FC Krumkachy Minsk","Krumkachy Minsk","2"
154016,"Al-Mudhaibi",NULL,"2"
153372,"Ucc United","Ucc United","2"
1186731,"Astur CF",NULL,"2"
899699,"Jrfpc Upesciema Warriors",NULL,"2"
1016983,"Larkfield And New Hythe FC",NULL,"2"
899691,"FK Kekava / Auda",NULL,"2"
1186737,"Ontinena CF",NULL,"2"
1017235,"Hackney Wick FC",NULL,"2"
967317,"Usf Constantine","Usf Constantine","2"
1186745,"Unio Esportiva Vic",NULL,"2"
1186747,"CD Villamuriel",NULL,"2"
894019,"FK Nemunas Prienai","FK Nemunas Prienai","2"
1188629,"CF Barsa Ungheni",NULL,"2"
889651,"FK Arendal","FK Arendal","2"
142798,"Sportivo Iteno",NULL,"2"
1090789,"RC Roubaix Wervicq","Roubaix Wervicq","2"
888005,"CD Tolima Srl","CD Tolima Srl","2"
888001,"Corinthians Srl","Corinthians Srl","2"
882119,"Sportive Mansouria",NULL,"2"
443776,"FC Nania",NULL,"2"
137704,"Ljungskile SK","Ljungskile","2"
134988,"USM Setif",NULL,"2"
877099,"AS Port","AS Port","2"
1190895,"FC Chalon","FC Chalon","2"
1191141,"FC Steaua Nordului","FC Steaua Nordului","2"
134332,"Lioli FC","Lioli","2"
876629,"Phnom Penh Galaxy FC",NULL,"2"
915163,"Cefn Cribwr FC","Cefn Cribwr FC","2"
916033,"Porongos",NULL,"2"
916037,"Paso de la Arena",NULL,"2"
916047,"Piriapolis",NULL,"2"
443028,"Sogndal","Sogndal","2"
1339478,"Cusco FC Srl","Cusco FC Srl","2"
868761,"Club Olympia Las Rozas","Club Olympia Las Rozas","2"
1092005,"Food Corp of India",NULL,"2"
1193597,"KF Kelcyra","KF Kelcyra","2"
1193607,"Hypers FK",NULL,"2"
916653,"Farsoe/Ullits IK","Farsoe/Ullits IK","2"
916669,"Tune IF","Tune IF","2"
134324,"Cote Dor FC","Cote Dor","2"
732767,"Stop Out SC",NULL,"2"
864171,"FC Lorient","FC Lorient","2"
1194009,"Olympique Charleville Prix Ardenne Metropole","Olympique Charleville Prix Ardenne Metropole","2"
863525,"Djabal FC","Djabal FC","2"
862183,"AS Fanalamanga","AS Fanalamanga","2"
861749,"Kyoto Sangyo University",NULL,"2"
861289,"Real Maldives FC",NULL,"2"
861285,"Bazar Brothers FC",NULL,"2"
858231,"Diosa Izumo FC","Diosa Izumo FC","2"
858219,"Diavorosso Hiroshima","Diavorosso Hiroshima","2"
134278,"AS Vita Club",NULL,"2"
854771,"Deportivo Metalurgico",NULL,"2"
1196215,"FC Bastendorf 47",NULL,"2"
1196207,"Vares",NULL,"2"
1198145,"Handsworth Lfc",NULL,"2"
437466,"FK Saned Joniskis","Saned Joniskis","2"
432669,"FC Hell Hunt","FC Hell Hunt","2"
1198209,"Long Itchington Ladies",NULL,"2"
432593,"FC Tallinna Wolves","FC Tallinna Wolves","2"
1198255,"Farnham Town","Farnham Town","2"
1198257,"South London","South London","2"
430507,"Cuba",NULL,"2"
1198275,"Accrington Stanley Women",NULL,"2"
430273,"Tallinna FC Maksatransport","Tallinna FC Maksatransport","2"
133460,"NRB Tougourt",NULL,"2"
133434,"Amal Bou Saada","Bou Saada","2"
133430,"ORB Oued Fodda","Oued Fodda","2"
132944,"Mali","Mali","2"
974505,"AS Cannes",NULL,"2"
1200237,"US Monnaie",NULL,"2"
1339480,"Coquimbo Unido Srl","Coquimbo Unido Srl","2"
1021921,"CS Sinandrei Carani","CS Sinandrei Carani","2"
1339482,"Independiente Rivadavia de Mendoza Srl","Independiente Rivadavia de Mendoza Srl","2"
427001,"Tanzania","Tanzania","2"
1203803,"US Noyelles Sous Lens",NULL,"2"
426991,"Uganda",NULL,"2"
606358,"TJ Pokrok Stara Bystrica","Pokrok S. Bystrica","2"
929443,"Broendby Strand IK","Broendby Strand IK","2"
425093,"UMF Einherji","UMF Einherji","2"
1203813,"Amiens Portugais FCP","Amiens Portugais","2"
1203815,"Calais Beau Marais",NULL,"2"
419003,"FK Rigas Futbola Skola",NULL,"2"
1203825,"AS Ginglin Cesson",NULL,"2"
1203827,"US Bolbec",NULL,"2"
418287,"Young Elephants FC",NULL,"2"
606344,"FK Junior Kanianka","Junior Kanianka","2"
731687,"SK Zavod","Zavod","2"
414379,"Burkina Faso","Burkina Faso","2"
414237,"Neman 2","Neman 2","2"
730115,"SK Sasova","Sasova","2"
1024273,"Lower Breck FC",NULL,"2"
1203857,"Valence FC",NULL,"2"
730113,"OFK Trebatice","Trebatice","2"
407141,"Swieqi United","Swieqi United","2"
1339484,"Cruzeiro EC MG Srl","Cruzeiro EC MG Srl","2"
1206581,"Diables Noirs de Combani",NULL,"2"
788146,"Fluminense FC RJ Srl","Fluminense FC RJ Srl","2"
402051,"Esf Bir El Ater","Bir El Ater","2"
129322,"AG Plouvorn","Plouvorn","2"
936465,"Aylesbury Vale Dynamos FC",NULL,"2"
401751,"Fukien",NULL,"2"
128000,"FA Illkirch Graffenstaden",NULL,"2"
1099077,"Ockero IF","Ockero IF","2"
606240,"MFk Gelnica","Gelnica","2"
922281,"FC Topolcany","FC Topolcany","2"
1213273,"TOP Football","TOP Football","2"
1100107,"Bhantal FC","Bhantal FC","2"
599930,"Integration Del Norte San Juan FC",NULL,"2"
1102831,"CD Imperial Unido",NULL,"2"
1217435,"CA Sidi Abdelmoumen","CA Sidi Abdelmoumen","2"
597402,"Real Koyari","Real Koyari","2"
120864,"FK Austria Wien","Austria Wien","2"
1339486,"CA Platense Srl","CA Platense Srl","2"
1339488,"Mirassol FC SP Srl","Mirassol FC SP Srl","2"
1339490,"CA Lanus Srl","CA Lanus Srl","2"
120470,"Al-Ittihad Club (OMN)",NULL,"2"
119766,"Pilisi Lk-Legea","Pilisi","2"
119358,"Bartinspor","Bartinspor","2"
1105773,"Lucchese Libertas 1905 Viareggio Team",NULL,"2"
118840,"Tas Tihad Casablanca",NULL,"2"
597398,"Sporting Aruba","Sporting Aruba","2"
116129,"FM Vilniaus Vytis","Vilniaus Vytis","2"
1219767,"Tsl FC",NULL,"2"
595238,"Cashmere Technical FC",NULL,"2"
729885,"OFK Vikartovce","Vikartovce","2"
114641,"KF Veleciku Koplik","Koplik","2"
112705,"Lidkopings FK",NULL,"2"
393798,"FC Morbio","FC Morbio","2"
594938,"Avro FC",NULL,"2"
594872,"Juazeiro Ee CE","Juazeiro Ee CE","2"
108691,"Karlsruher SC","Karlsruhe","2"
393256,"Leicester Celtic FC","Leicester Celtic FC","2"
106285,"Bramming BK","Bramming","2"
106279,"Mejrup Gu","Mejrup","2"
105765,"FK Trivartis","Trivartis","2"
592888,"JK Narva Trans","Narva Trans","2"
103135,"FK Tekstilac Derventa","Tekstilac","2"
102029,"IK Rosso Uddevalla","Rosso","2"
99233,"Fana IL","Fana","2"
99231,"Oevrevoll Hosle IL","Oevrevoll","2"
788132,"Deportivo La Guaira Srl","Deportivo La Guaira Srl","2"
92685,"VaKP","VaKP","2"
90964,"Martin Ledesma",NULL,"2"
388594,"Brazil Juniors","Brazil Juniors","2"
89462,"IK Sirius","Sirius","2"
89458,"Varbergs BoIS","Varbergs","2"
788122,"Always Ready Srl","Always Ready Srl","2"
929479,"AL Akhdar SC","AL Akhdar SC","2"
87002,"FK Guliston",NULL,"2"
86734,"AS Dragon",NULL,"2"
85355,"Drumaness Mills","Drumaness","2"
85315,"Reims Sainte-Anne","Sainte-Anne","2"
84765,"St Pauloise FC","Pauloise","2"
84073,"Cesson OC",NULL,"2"
726157,"FC Faakersee",NULL,"2"
83373,"SC Beaucouze","Beaucouze","2"
1224269,"Atletico Tembetary Reserve",NULL,"2"
1107853,"Dalvik/Reynir","Dalvik/Reynir","2"
725953,"Central Stallions FC","Central Stallions","2"
378094,"Tiquipaya",NULL,"2"
725021,"TPS II","TPS II","2"
724775,"NK Granicar Kotoriba","NK Granicar Kotoriba","2"
81419,"FC Ruggell II",NULL,"2"
81175,"Pontyclun FC","Pontyclun","2"
377198,"CD Pradejon","CD Pradejon","2"
584563,"Brew Saga",NULL,"2"
584553,"Fukui United",NULL,"2"
80809,"Xaghra United FC","Xaghra","2"
584549,"Club Silvio Pettirossi",NULL,"2"
79905,"Arterivo Wakayama",NULL,"2"
373484,"Glenafton Athletic","Glenafton Athletic","2"
79823,"NK Libertas Novska","Libertas","2"
373232,"SV St Jakob im Rosental",NULL,"2"
79567,"USM Bel Abbes",NULL,"2"
1339492,"Ucv FC Srl","Ucv FC Srl","2"
1226275,"Falkar","Falkar","2"
372798,"Sheffield FC",NULL,"2"
77887,"Zaragoza Cff",NULL,"2"
77275,"OFK Dunajska Luzna","D. Luzna","2"
76359,"B. Shipyard","B. Shipyard","2"
1229175,"CD Faialense","CD Faialense","2"
584539,"Sport Colonial",NULL,"2"
822410,"Clermont Foot 63 Srl",NULL,"2"
76343,"Rothes FC","Rothes","2"
581595,"FC Fassell","FC Fassell","2"
372124,"1874 Northwich FC",NULL,"2"
577063,"Polissya Stavky","Polissya Stavky","2"
1109881,"Js Manouba",NULL,"2"
982901,"Mpheni Home Defenders FC",NULL,"2"
575985,"Vierzon FC",NULL,"2"
575837,"Jfa Academy Fukushima","Jfa Academy Fukushima","2"
1110193,"Ningxia Pingluo Hengli","Ningxia Pingluo Hengli","2"
73282,"Myanmar",NULL,"2"
73278,"Laos",NULL,"2"
73266,"Timor-Leste",NULL,"2"
73264,"Singapore",NULL,"2"
73258,"Indonesia",NULL,"2"
1110195,"Chongqing Chunlei",NULL,"2"
982905,"Mkhambathi FC","Mkhambathi FC","2"
70550,"Tynset","Tynset","2"
70542,"Kongsvinger IL Toppfotball","Kongsvinger","2"
722519,"Zfk Buducnost","Zfk Buducnost","2"
70530,"Alta","Alta","2"
70412,"KS Naftetari","Naftetari","2"
721989,"FC Fujizakura","FC Fujizakura","2"
1110207,"Shenzhen Jixiang",NULL,"2"
69218,"Cameroon",NULL,"2"
1110211,"Guizhou Xufengtang","Guizhou Xufengtang","2"
60966,"Deportes Naval","D. Naval","2"
371164,"Voetbalclub Moldavo","VC Moldavo","2"
850607,"London Seaward Women",NULL,"2"
717865,"NK Istra 1961 Srl",NULL,"2"
59814,"UF Maconnais",NULL,"2"
59812,"Sable FC","Sable","2"
59674,"FC Triesen","Triesen","2"
59588,"Rathfriland Rangers",NULL,"2"
370430,"NK Bravo Ljubljana","Bravo Ljubljana","2"
715581,"NSI Runavik","NSI Runavik","2"
59253,"Orvault SF","Orvault","2"
59251,"Olympique Ales",NULL,"2"
59243,"C´Chartres Football",NULL,"2"
369670,"Olimpico Montijo","Olimpico Montijo","2"
369662,"Fornos de Algodres","Fornos de Algodres","2"
58333,"Nadur Youngsters FC","Nadur Youngsters","2"
58323,"Qrendi FC",NULL,"2"
58315,"Telephonat Beni Suef SC","Beni Suef","2"
58129,"Corinthian FC",NULL,"2"
1234223,"Gijang United FC",NULL,"2"
369254,"Cp Parla Escuela",NULL,"2"
58115,"Ascot United",NULL,"2"
369170,"SD Textil Escudo","Textil Escudo","2"
1234893,"Keika",NULL,"2"
776014,"Asn Nigelec","Asn Nigelec","2"
1111451,"Atlantico Deportivo","Atlantico Deportivo","2"
1235657,"Shaanxi Northwest Youth",NULL,"2"
57777,"Hanworth Villa",NULL,"2"
57453,"Salalah SC",NULL,"2"
57447,"AL Musannah SC",NULL,"2"
57445,"Al Ahli Sedab",NULL,"2"
1111475,"FC America Cfl Spurs","FC America Cfl Spurs","2"
367104,"FC Queens Park","FC Queens Park","2"
1236405,"FC Bishkek City",NULL,"2"
821316,"OFK Slovenska Lupca","Slovenska Lupca","2"
1112411,"Thailand","Thailand","2"
1112621,"FC Germania Helsinki","FC Germania Helsinki","2"
1112623,"IF Gnistan/3",NULL,"2"
56481,"University of Tsukuba",NULL,"2"
1113277,"Halaba Ketema","Halaba Ketema","2"
558820,"FC Dinamo Brest II","FC Dinamo Brest II","2"
364218,"Hamarkameratene NAC",NULL,"2"
558814,"Asc Snim","Asc Snim","2"
53803,"Kristiine JK","Kristiine","2"
1114443,"Tote/Keparoi",NULL,"2"
361570,"Atlantida SC Asuncion",NULL,"2"
1114687,"FC Pohu/CJ United","FC Pohu/CJ United","2"
53063,"Butrinti Sarande","Butrinti Sarande","2"
52885,"SV Waldhof Mannheim 07","SV Waldhof Mannheim 07","2"
1114751,"Bishoftu FC Ketema","Bishoftu FC Ketema","2"
1114753,"Boditi Ketema","Boditi Ketema","2"
1114757,"Dessie Ketema","Dessie Ketema","2"
1239379,"Pors Fotball",NULL,"2"
358996,"FK Kosicka Nova Ves","Kosicka Nova Ves","2"
1239387,"Rana IL","Rana IL","2"
1114921,"Krokelvdalen","Krokelvdalen","2"
1240617,"SS Mornag","Mornag","2"
358964,"SK Cierne","Cierne","2"
49036,"DR Congo","Congo DR","2"
49019,"Algeria","Algeria","2"
49014,"USA","USA","2"
1035151,"Tj Horny Hricov","Tj Horny Hricov","2"
358956,"TJ Zahoran Jakubov","TJ Zahoran Jakubov","2"
358942,"TJ Spartak Vysoka Nad Kysucou","Spartak Vysoka","2"
48999,"Finland",NULL,"2"
48212,"Harpenden Town FC",NULL,"2"
48208,"Long Eaton United",NULL,"2"
1243533,"FC Kangasala","FC Kangasala","2"
1035163,"TFK Opatova","TFK Opatova","2"
358930,"FK FILJO Ladomerska Vieska","Ladomerska Vieska","2"
358898,"FK 09 Bacuch","FK 09 Bacuch","2"
48028,"Alftanes","Alftanes","2"
48024,"UMF Grindavik","Grindavik","2"
988005,"Tennessee Tempo FC","Tennessee Tempo FC","2"
937713,"FC Pyunik Yerevan",NULL,"2"
47252,"VCD Athletic FC",NULL,"2"
47246,"Torpoint Athletic",NULL,"2"
47242,"Three Bridges",NULL,"2"
1035173,"Otj Jamnik","Otj Jamnik","2"
47219,"St Neots Town",NULL,"2"
47206,"South Park",NULL,"2"
988201,"Jordan","Jordan","2"
1335302,"Lautp/2","Lautp/2","2"
1035187,"Tj Spissky Stiavnik","Tj Spissky Stiavnik","2"
1120675,"Isloch 2","Isloch 2","2"
47165,"Raynes Park Vale",NULL,"2"
47156,"Pontefract Collieries",NULL,"2"
47154,"Pickering Town",NULL,"2"
47122,"Newcastle Benfield",NULL,"2"
47114,"Merstham FC",NULL,"2"
352010,"Moggill FC","Moggill FC","2"
47098,"Lordswood",NULL,"2"
1120813,"CA Rosario Central Srl","CA Rosario Central Srl","2"
47072,"Ipswich Wanderers",NULL,"2"
1246625,"FK Cementininkas","FK Cementininkas","2"
348488,"FC Vitebsk 2","Vitebsk 2","2"
344744,"HZVV","HZVV","2"
1122243,"FC Pohu/Hurjin","FC Pohu/Hurjin","2"
1035209,"SK Svodin","SK Svodin","2"
1035211,"MSK Zeliezovce","MSK Zeliezovce","2"
937721,"FK Jelgava","FK Jelgava","2"
344396,"Rajpracha FC",NULL,"2"
46992,"Falmouth Town AFC",NULL,"2"
1122853,"FK Utenos Utena","FK Utenos Utena","2"
344394,"Uttaradit Saksiam FC","Uttaradit","2"
344150,"Guarani de Palhoca SC","Palhoca","2"
343540,"Ahli Madani","Ahli Madani","2"
343188,"FK Aliance",NULL,"2"
1251011,"Huaquillas FC","Huaquillas FC","2"
342732,"SWQ Thunder FC","SWQ Thunder","2"
341646,"Bagatelle","Bagatelle","2"
46989,"Exmouth Town",NULL,"2"
341562,"Alafoss","Alafoss","2"
46973,"Egham Town",NULL,"2"
340552,"Campion AFC",NULL,"2"
46940,"Crook Town",NULL,"2"
337897,"FK Tera Vilnius","FK Tera Vilnius","2"
1252575,"IF Centern","IF Centern","2"
832474,"Raec Mons","Raec Mons","2"
1252579,"FK Dienvidkurzeme",NULL,"2"
1129263,"Tallinna FC Smsraha","Tallinna FC Smsraha","2"
708343,"Jinju Citizen FC",NULL,"2"
46888,"Brantham Athletic",NULL,"2"
703399,"IK Zenith","IK Zenith","2"
46882,"Boston Town",NULL,"2"
331943,"Haugesund FK","Haugesund","2"
331901,"Odd BK","Odd","2"
331881,"IK Start",NULL,"2"
1255865,"Club Primero de Enero Nueva Colombia",NULL,"2"
1255867,"Sportivo Oliveno",NULL,"2"
1256357,"Mitundu Baptist","Mitundu Baptist","2"
702477,"Independiente Medellin SRL","Ind. Medellin SRL","2"
331541,"Deren",NULL,"2"
991063,"River EC RR","River EC RR","2"
702469,"Boca Juniors SRL","Boca Juniors SRL","2"
539067,"Deportivo Humaita FC",NULL,"2"
1134017,"Laguna United FC","Laguna United FC","2"
46862,"Tower Hamlets",NULL,"2"
1134057,"NY Renegades FC","NY Renegades FC","2"
1134119,"Southern Indiana FC","Southern Indiana FC","2"
1134171,"Valley 559 FC","Valley 559 FC","2"
330119,"Stokkseyri","Stokkseyri","2"
539039,"KF Devolli","Devolli","2"
1261649,"CD Aguara de la Reina",NULL,"2"
1135151,"Ulaangom City","Ulaangom City","2"
46847,"Atherton LR",NULL,"2"
330109,"FC Afrika","FC Afrika","2"
330099,"SR Reykjavik","Sr. Reykjavik","2"
1262853,"LKS Goczalkowice-Zdroj II","LKS Goczalkowice-Zdroj II","2"
46819,"Bridlington Town",NULL,"2"
773496,"Norrby IF","Norrby","2"
702105,"KGHM Zaglebie Lubin SRL",NULL,"2"
1265635,"Campo Novo MT","Campo Novo MT","2"
702087,"CD Universidad Catolica SRL","Uni. Catolica SRL","2"
702055,"CD Junior FC SRL","Junior FC SRL","2"
1265677,"Tierps IF","Tierps IF","2"
1136739,"CD Rio San Juan Humi",NULL,"2"
1266686,"Bsg Chemie Leipzig","Bsg Chemie Leipzig","2"
1137243,"Athletic Newham FC",NULL,"2"
1266690,"SC Victoria Hamburg","SC Victoria Hamburg","2"
530415,"La Fama","La Fama","2"
1266694,"SpVgg Greuther Furth","SpVgg Greuther Furth","2"
1266744,"Riga FC Women","Riga FC Women","2"
821238,"Deportivo Ibarra","Deportivo Ibarra","2"
529763,"AFC Wimbledon Ladies","AFC Wimbledon Ladies","2"
529757,"Billericay Town Lfc","Billericay Town Lfc","2"
1139771,"FC Maxline-2 Vitebsk","FC Maxline-2 Vitebsk","2"
326319,"Chachoengsao FC",NULL,"2"
45014,"West Auckland Town",NULL,"2"
45013,"Beckenham Town FC",NULL,"2"
45012,"Kidsgrove Athletic FC",NULL,"2"
529731,"Sparta Rotterdam","Sparta Rotterdam","2"
529425,"Mlandege FC","Mlandege FC","2"
44981,"NK Koprivnica","Koprivnica","2"
322945,"Pyeongtaek Citizen FC",NULL,"2"
528701,"FC Jelka","Jelka","2"
44702,"Llanrhaedr-ym-Mochnant FC",NULL,"2"
44700,"Goytre AFC",NULL,"2"
1141811,"Nailsea And Tickenham FC",NULL,"2"
44694,"Monmouth Town FC",NULL,"2"
1143415,"Balatonalmadi SE",NULL,"2"
318483,"Kamphaeng Phet FC",NULL,"2"
831506,"Newtongrange Star","Newtongrange Star","2"
765180,"Asyut Cement",NULL,"2"
44345,"SV Alphense Racing Club","Alphense","2"
527145,"Young African FC","Young African","2"
765150,"VRN Muangnont FC",NULL,"2"
44317,"Raasiku FC Joker","Raasiku","2"
318481,"Phitsanulok FC","Phitsanulok FC","2"
317867,"Pamplemousses","Pamplemousses","2"
317863,"AS Sonabel Ouagadougou","AS Sonabel Ouagadougou","2"
316837,"Hamilton Wanderers AFC",NULL,"2"
522842,"Asf Bobo Dioulasso","Asf Bobo Dioulasso","2"
1148833,"Ecuagenera SC",NULL,"2"
43399,"Uzbekistan",NULL,"2"
43201,"Dergview FC",NULL,"2"
42745,"Terbuni Puke","Terbuni Puke","2"
1269612,"ACS Viitorul Livezile","ACS Viitorul Livezile","2"
42616,"Sekondi Eleven Wise",NULL,"2"
1149627,"Abbey Hulton United",NULL,"2"
764696,"Cercle de Joachim","Cercle de Joachim","2"
684497,"IBU Uppsveitir","Uppsveitir","2"
522756,"Salitas FC","Salitas","2"
520156,"Bradford City AFC",NULL,"2"
42466,"ACF Fiorentina","Fiorentina","2"
1151799,"1. FC Magdeburg","1. FC Magdeburg","2"
42342,"Spyrnir","Spyrnir","2"
519024,"Olympique de Valence",NULL,"2"
682505,"Sollentuna FK","Sollentuna FK","2"
932327,"RFS Women",NULL,"2"
1270080,"FV Biebrich U19","FV Biebrich U19","2"
758890,"Foro SC",NULL,"2"
518704,"Kwong Wah",NULL,"2"
1270094,"Jfv Aobhh U19","Jfv Aobhh U19","2"
1153471,"IK Sturehov","IK Sturehov","2"
1153473,"Varbergs BOIS FC",NULL,"2"
818810,"SV 07 Elversberg","SV 07 Elversberg","2"
517086,"US Ajim Djerba","US Ajim Djerba","2"
993045,"KFUM Oslo","KFUM Oslo","2"
831504,"Darvel FC","Darvel FC","2"
1154003,"FC Bosna Neuchatel","FC Bosna Neuchatel","2"
39121,"US Feurs","Feurs","2"
673431,"New York Pancyprian Freedoms",NULL,"2"
831500,"Cumnock Juniors FC","Cumnock Juniors","2"
1154011,"Newport Corinthians AFC",NULL,"2"
1041305,"San Tirso SD",NULL,"2"
1271828,"Atletico Florida",NULL,"2"
38621,"Usv Eschen-Mauren II","Eschen-Mauren II","2"
817698,"FC Kalundborg","Kalundborg","2"
38616,"FC Ruggell","Ruggell","2"
38531,"Tomori Berat","Tomori Berat","2"
38478,"Mellieha SC",NULL,"2"
755093,"Hunters FC","Hunters FC","2"
848763,"Geoje Citizen",NULL,"2"
1154297,"Sporting Club Inkberrow FC",NULL,"2"
947145,"Real Du Faso","Real Du Faso","2"
38000,"Mildenhall Town",NULL,"2"
37987,"Bourne Town",NULL,"2"
37985,"Willand Rovers FC",NULL,"2"
37940,"Llanrug United","Llanrug Utd","2"
1042341,"Regent Royals",NULL,"2"
667727,"Mj Arzew",NULL,"2"
305254,"Alianca FC Gandra",NULL,"2"
1154881,"Tj Sokol Pencin","Tj Sokol Pencin","2"
514618,"St Andrew Lions","St Andrew Lions","2"
37494,"FK Karbinci","Karbinci","2"
667359,"Kowloon Cricket Club",NULL,"2"
505820,"Gbohloesu","Gbohloesu","2"
37474,"Llanberis","Llanberis","2"
300432,"FCB Frenda","Frenda","2"
505148,"Cook Islands","Cook Islands","2"
751817,"Acao Futebol MT","Acao Futebol MT","2"
37195,"FC Metalist 1925 Kharkiv","Metalist Kharkiv","2"
298536,"Luneville FC",NULL,"2"
1043351,"Gd Portel","Gd Portel","2"
37136,"KS Beselidhja","Beselidhja","2"
298528,"AM Du Personnel Muncipal Metz","AM Du Personnel Muncipal Metz","2"
298520,"Cluses Scionzier",NULL,"2"
37099,"Dinas Powys FC","Dinas Powys","2"
37098,"Cardiff Corinthians",NULL,"2"
996461,"Cffeb","Cffeb","2"
37091,"Llangollen Town",NULL,"2"
37039,"FC Skanderborg","Skanderborg","2"
298506,"Steenvoorde AS","Steenvoorde","2"
751815,"Santa Cruz EC MT","Santa Cruz EC MT","2"
290372,"Jaragua SC","Jaragua SC","2"
501682,"Southampton Womens FC","Southampton","2"
817588,"FK Livani",NULL,"2"
285835,"Rabo de Peixe","Rabo de Peixe","2"
36738,"FK Slavia Orlova",NULL,"2"
36719,"Birkirkara FC",NULL,"2"
36713,"KI Klaksvik",NULL,"2"
285705,"Zrinjski Mostar","Zrinjski Mostar","2"
36622,"ATS Buntentor","Buntentor","2"
1159641,"Futbalova Akad. Matusova Zem Horne Saliby/Tomasikovo","Futbalova Akad. Matusova Zem Horne Saliby/Tomasikovo","2"
36469,"Shildon AFC",NULL,"2"
36391,"Chambery SF",NULL,"2"
1276612,"Adr Cobano","Adr Cobano","2"
817586,"SK Speks",NULL,"2"
1159665,"Tj Partizan Lubela",NULL,"2"
36349,"USSA Vertou",NULL,"2"
36348,"US Colomiers Football","Colomiers","2"
1159679,"FC Nadszeg","FC Nadszeg","2"
1043583,"St. Marys (TX) Rattlers",NULL,"2"
284557,"WA Boufarik","Boufarik","2"
815230,"FC Unterstrass","FC Unterstrass","2"
663887,"UF Touraine","Touraine","2"
282899,"Eynesbury Rovers",NULL,"2"
500672,"Actonians Lfc","Actonians Lfc","2"
500664,"Leyton Orient Wfc","Leyton Orient Wfc","2"
1277694,"Shepherd Rams",NULL,"2"
751813,"Club Atletico Matogrossense MT","Club Atletico Matogrossense MT","2"
1044717,"Atletico Melilla CF","Atletico Melilla CF","2"
751717,"Adc Rebordelo","Adc Rebordelo","2"
275833,"Peto/Mjk",NULL,"2"
660295,"RC Bobo-Dioulasso","RC Bobo-Dioulasso","2"
500288,"FC Vinhais","FC Vinhais","2"
273941,"ZFK Breznica Pljevlja",NULL,"2"
271077,"St Andra/Lav",NULL,"2"
270947,"Tj Visnove","Tj Visnove","2"
659785,"Jb Ain Kercha","Jb Ain Kercha","2"
270923,"SK Pramen Kovacova","Pramen Kovacova","2"
35490,"Castlebar Celtic","Castlebar","2"
807226,"Rada BK","Rada BK","2"
270899,"Tj Druzstevnik Jacovce","Druzstevnik Jacovce","2"
270895,"FK Salkova","FK Salkova","2"
169,"Trafford FC",NULL,"2"
35220,"NK Neretva Metkovic","Neretva","2"
830758,"Easington Sports",NULL,"2"
951101,"CD Ceuta 6 de Junio",NULL,"2"
1167979,"AD Rosario","AD Rosario","2"
270867,"Oravan Oravska Jasenica","O. Oravska Jasenica","2"
35036,"Leighton Town",NULL,"2"
1278247,"Salcedo FC",NULL,"2"
658443,"FC Amkal Moscow","FC Amkal Moscow","2"
270849,"OFK 1950 Priechod","OFK 1950 Priechod","2"
1278705,"FC Lisne","FC Lisne","2"
498244,"Wallsend Boys Club Lfc","Wallsend Boys Club Lfc","2"
951109,"Universitario FC","Universitario","2"
1278739,"Kolos Polonne","Kolos Polonne","2"
746739,"Vitesse FC","Vitesse FC","2"
35017,"Raklev Gi","Raklev Gi","2"
655509,"Cormontreuil FC","Cormontreuil FC","2"
498236,"Torquay United Lfc","Torquay United Lfc","2"
270813,"FC Pata","FC Pata","2"
746275,"Tadley Calleva",NULL,"2"
270805,"SK Dynamo Diviaky","Dynamo Diviaky","2"
1278893,"Trinity College of Jacksonville Eagles",NULL,"2"
270803,"Attack Vrutky","Attack Vrutky","2"
270799,"Osk Svaty Peter","Osk Svaty Peter","2"
270797,"FC Novy Zivot","FC Novy Zivot","2"
498232,"Sutton Coldfield Town Ladies","Sutton Coldfield Town Ladies","2"
270551,"SV Frauental",NULL,"2"
498182,"Penrith AFC Ladies","Penrith AFC Ladies","2"
1048889,"Araz Saatli","Araz Saatli","2"
655477,"Le Touquet",NULL,"2"
802538,"Amsterdamsche FC","Amsterdamsche FC","2"
1048919,"Cpd Cerrigydrudion",NULL,"2"
1048921,"Nfa FC","Nfa FC","2"
952433,"Kui Tan SC",NULL,"2"
653611,"Stjarnan",NULL,"2"
1048947,"CD El Roble de Ilobasco","CD El Roble de Ilobasco","2"
498180,"Oxford City Lfc","Oxford City Lfc","2"
1049133,"Darlaston Town 1984 FC",NULL,"2"
1279515,"Adc Correlha","Adc Correlha","2"
1171681,"Gd de Valpacos","Gd de Valpacos","2"
802532,"Sbv Excelsior","Sbv Excelsior","2"
1279523,"Gd Nazarenos","Gd Nazarenos","2"
108,"Cambridge City",NULL,"2"
1279529,"Charneca Caparica FC","Charneca Caparica FC","2"
1171715,"CA Fundao","CA Fundao","2"
1279535,"Uniao Nogueirense","Uniao Nogueirense","2"
802518,"NEC Nijmegen","Nijmegen","2"
1171719,"C. Futebol Benfica",NULL,"2"
1279843,"Alzamala Umr","Alzamala Umr","2"
1279845,"FC 105 Libreville","FC 105 Libreville","2"
1279849,"Fundacion Bata","Fundacion Bata","2"
34738,"FC Rhone Vallees","Rhone Vallees","2"
34737,"FC Mulhouse","Mulhouse","2"
34735,"Stade Plabennecois","Plabennecois","2"
34723,"Lossiemouth FC","Lossiemouth","2"
1171769,"CD Lajense","CD Lajense","2"
265419,"Whitchurch Alport FC",NULL,"2"
651848,"Majestic FC","Majestic FC","2"
1172833,"Hawaii Pacific Sharks",NULL,"2"
643506,"Ancienne Chateau Gontier","Ancienne Chateau Gontier","2"
746181,"Baleine Shimonoseki",NULL,"2"
32929,"US Alencon 61",NULL,"2"
32552,"IS-Selongey Football","IS-Selongey Football","2"
746179,"Fukuyama City FC",NULL,"2"
32488,"AS Vitre","Vitre","2"
26122,"Garden Village","Garden Village","2"
26000,"Sheffield FC",NULL,"2"
25930,"NK Oriolik","NK Oriolik","2"
25864,"Bow Street","Bow Street","2"
1172957,"FC Kolos Kovalivka 2",NULL,"2"
265417,"CEFN Albion","Albion","2"
498082,"Bournemouth Sports Lfc","Bournemouth Sports Lfc","2"
25620,"Sarvar FC","Sarvar","2"
264013,"Surin City",NULL,"2"
639488,"Anca FC","Anca FC","2"
1053111,"Tayport FC","Tayport FC","2"
498072,"Aylesford Lfc",NULL,"2"
24939,"FC Nakskov","Nakskov","2"
24756,"Kars 36 Spor","Kars Spor","2"
255235,"Sinop MT","Sinop MT","2"
252165,"Zimbabwe",NULL,"2"
957015,"Af Biars Bretenoux","Af Biars Bretenoux","2"
250817,"CSKA Sofia",NULL,"2"
1281909,"SC T Zand","SC T Zand","2"
497680,"CA Vega Real",NULL,"2"
1002181,"Chimbarongo","Chimbarongo","2"
245407,"Toolon Vesa",NULL,"2"
23496,"Mongolia","Mongolia","2"
23493,"Guam",NULL,"2"
245401,"FC Korso/United",NULL,"2"
23474,"Tonga",NULL,"2"
22798,"Wayside Celtic FC","Wayside Celtic","2"
496618,"Marine Academy Plymouth Lfc",NULL,"2"
22523,"Japan",NULL,"2"
22352,"Savedalens IF",NULL,"2"
22318,"Nassjo FF","Nassjo","2"
241580,"AL Ahli Nabatiya","Nabatiya","2"
1282469,"Siran Yildiz Spor Kulubu","Siran Yildiz Spor Kulubu","2"
22278,"IF Lodde","IF Lodde","2"
1283231,"Eendracht Aalst Lede","Eendracht Aalst Lede","2"
240864,"TiPS Vantaa","TiPS","2"
238970,"Al Salam",NULL,"2"
238140,"IRB El Kerma",NULL,"2"
496010,"San Ignacio de Loyola",NULL,"2"
1283283,"Vk Ninove","Vk Ninove","2"
236612,"FK Oktepa Tashkent",NULL,"2"
235858,"Yvetot AC","Yvetot","2"
636546,"Winchester City Flyers Lfc","Winchester City Flyers Lfc","2"
1284247,"Broughton United","Broughton United","2"
1175155,"Phnom Penh Crown","Phnom Penh Crown","2"
1284193,"FC National Ialoveni","FC National Ialoveni","1"
1284255,"Forden United","Forden United","1"
1284257,"Pentwynmawr Athletic","Pentwynmawr Athletic","1"
1284259,"Tredegar Town","Tredegar Town","1"
1284267,"Cwm Welfare AFC","Cwm Welfare AFC","1"
1284361,"Clydach FC","Clydach FC","1"
1285323,"Bonnyton Thistle","Bonnyton Thistle","1"
1285325,"Invergordon FC","Invergordon FC","1"
22205,"Solroed FC",NULL,"1"
1344938,"Mighty Avengers","Mighty Avengers","1"
1285601,"VV Dvo","VV Dvo","1"
21885,"Camacari BA","Camacari","1"
21801,"Vendee Poire-Sur-Vie Football",NULL,"1"
21800,"Thonon Evian GG FC","Evian","1"
7924,"Gazelec FC Ajaccio","Gazelec Ajaccio","1"
1287277,"Shabab Talbieh SSC","Shabab Talbieh SSC","1"
1287283,"Moab Club","Moab Club","1"
1287535,"Sahl Horan SC","Sahl Horan SC","1"
1287719,"Dean Bulldogs",NULL,"1"
1287847,"FC Atletico Balti","FC Atletico Balti","1"
7728,"Fanad United FC","Fanad Utd.","1"
7721,"AC Arles Avignon",NULL,"1"
7716,"FC Gossau","Gossau","1"
7659,"Royal AM FC",NULL,"1"
7586,"Douglas Hall AFC","Douglas Hall","1"
1289543,"Iganga United FC",NULL,"1"
7400,"Rollon",NULL,"1"
7353,"Sola",NULL,"1"
7341,"Elnesvagen OG Omegn IL",NULL,"1"
1290947,"Shirvan","Shirvan","1"
1290949,"Quba","Quba","1"
1291115,"Rolim de Moura RO U20",NULL,"1"
1291643,"FC Hapoel Yarka","FC Hapoel Yarka","1"
6928,"AC Cambrai","Cambrai","1"
6415,"Cankiri Bld Spor","Cankiri Bld","1"
1296087,"Lebanon U17","Lebanon U17","1"
1296495,"Manchester Laces","Manchester Laces","1"
1296497,"I2I International Soccer Academy","I2I International Soccer Academy","1"
1296499,"Sjr Worksop","Sjr Worksop","1"
1296501,"University of Nottingham","University of Nottingham","1"
1296503,"Redditch Borough Ladies","Redditch Borough Ladies","1"
1296505,"Corsham Town","Corsham Town","1"
1296507,"Barking FC","Barking FC","1"
1296509,"Gloucester City","Gloucester City","1"
1296511,"Maidstone United FC","Maidstone United FC","1"
1296513,"Wimborne Town","Wimborne Town","1"
1296515,"Forest Green Rovers Lfc","Forest Green Rovers Lfc","1"
1296517,"Millbrook","Millbrook","1"
1296591,"FK Majevica Lopare","FK Majevica Lopare","1"
1296775,"FK Crni Vrh","FK Crni Vrh","1"
1296779,"SD Napredak Matici","SD Napredak Matici","1"
1296781,"NK Slatina","NK Slatina","1"
6148,"NK Zepce Limorad",NULL,"1"
1298600,"KF Shiroka","KF Shiroka","1"
6066,"TJ Tatran Jakubcovice NAD Odrou","TJ Tatran Jakubcovice NAD Odrou","1"
6034,"Japan",NULL,"1"
1299946,"AS Garchizy",NULL,"1"
1300082,"Betinase Stars",NULL,"1"
1300190,"FC Groningen","FC Groningen","1"
1300194,"de Graafschap","de Graafschap","1"
1300270,"Veszprem FC USE","Veszprem FC USE","1"
1300848,"Berekum Raja Casablanca",NULL,"1"
1301034,"Right TO Dream Academy",NULL,"1"
1301036,"Thought FC",NULL,"1"
1301298,"Romania",NULL,"1"
1302230,"Kolbadinejad Galugah",NULL,"1"
1302776,"FC Toktogu","FC Toktogu","1"
1303100,"AA Lapalisse","Lapalisse","1"
1303102,"US Le Poinconnet","US Le Poinconnet","1"
1303104,"US Premonte St Gobain","US Premonte St Gobain","1"
1303106,"US Auby","Auby","1"
1303108,"AS St Brice Courcelles","St Brice Courcelles","1"
1303112,"ES Capelle Grande","Capelle Grande","1"
1303114,"Olympique de Villefontaine","Olympique de Villefontaine","1"
1303116,"Atom Sports Pierrelatte","Atom Sports Pierrelatte","1"
1303118,"SS Allinges","Allinges","1"
1303120,"US Chateau-Malo","US Chateau-Malo","1"
1303122,"Bandrele FC",NULL,"1"
1303124,"Etoile de Bobigny","Etoile de Bobigny","1"
1303128,"US Mauguio Carnon","US Mauguio Carnon","1"
1303130,"Montpellier Atlas Paillade","Montpellier Atlas Paillade","1"
1303132,"Entente Nord Lozere","Entente Nord Lozere","1"
1303136,"AS Montreal-La Cluse","Montreal-La Cluse","1"
1303138,"FC Pen Hir Camaret","Pen Hir Camaret","1"
1303140,"Stade Quimperlois","Stade Quimperlois","1"
1303142,"Le Cellier Mauves FC",NULL,"1"
1303144,"FC 2 Rives 82","Rives 82","1"
1303148,"FC Villars L Isle SMB","FC Villars L Isle SMB","1"
1303150,"Wittenheim US","Wittenheim","1"
1303152,"GSA Tomblaine","Tomblaine","1"
1303170,"Les Bleuets Le Pertre Brielles","Les Bleuets Le Pertre Brielles","1"
1303718,"Cascada SC",NULL,"1"
1305892,"Lavaur FC","Lavaur FC","1"
1305896,"ES Dominicaine","ES Dominicaine","1"
1305898,"AO L Eveil","AO L Eveil","1"
1306698,"Egypt A",NULL,"1"
1307706,"Sporty",NULL,"1"
5544,"MSV Duisburg",NULL,"1"
5275,"Lisburn Distillery FC","Lisburn","1"
1308784,"Guc Football Feminin",NULL,"1"
1309326,"Shkolla E Futbollit Istogu 03","Shkolla E Futbollit Istogu 03","1"
1309790,"Asb Metlili Chaamba","Asb Metlili Chaamba","1"
1309792,"US El Hemaiissa","US El Hemaiissa","1"
1309794,"US Naama","US Naama","1"
1309796,"Drb Kadiria","Drb Kadiria","1"
1309798,"Om Mesr El Hadjadj","Om Mesr El Hadjadj","1"
1309800,"MC Sidi Ali Boussidi","MC Sidi Ali Boussidi","1"
1309802,"Crb Tessala","Crb Tessala","1"
1309824,"Ra Ain Defla","Ra Ain Defla","1"
5253,"SD Quito","Quito","1"
5227,"Kilikia Yerevan FC","Kilikia","1"
1313256,"Ghana B",NULL,"1"
1313630,"ES Molsheim Ernolsheim","ES Molsheim Ernolsheim","1"
5126,"Rakospalotai EAC","REAC","1"
4922,"Welshpool Town","Welshpool Town","1"
3239,"CD Villa Espanola",NULL,"1"
3197,"Midleton FC","Midleton","1"
2911,"KFC VW Hamme",NULL,"1"
2485,"FC Breitenbach","Breitenbach","1"
2434,"NK Stojnci","Stojnci","1"
2423,"NK Odranci","Odranci","1"
2257,"PP-70",NULL,"1"
2163,"Maria Gail",NULL,"1"
2141,"ASKO Donau Linz",NULL,"1"
2133,"RW Rankweil",NULL,"1"
1742,"Saint-Lo Manche",NULL,"1"
1738,"US Forbach","Forbach","1"
1735,"Trelissac APFC","Trelissac","1"
1733,"Stade Beaucairois 30",NULL,"1"
1722,"Maladrerie",NULL,"1"
1721,"Vesoul FC",NULL,"1"
1710,"Blagnac FC","Blagnac","1"
1707,"Vannes OC",NULL,"1"
1703,"Racing Club De France 92","Racing","1"
1697,"CS Avion","Avion","1"
1692,"US Montagnarde",NULL,"1"
1322134,"Luthuli Brigades","Luthuli Brigades","1"
1322136,"Army Rocket","Army Rocket","1"
1322164,"Cardinals","Cardinals","1"
1324658,"Knattspyrnufélag Rangaeing","Knattspyrnufélag Rangaeing","1"
1687,"AS Montferrandaise",NULL,"1"
1670,"FC Gueugnon",NULL,"1"
1665,"Chamois Niort FC",NULL,"1"
1391,"Husum BK","Husum","1"
1327198,"Ltu 2",NULL,"1"
1327674,"Bandari Tanzania",NULL,"1"
1384,"Kastrup","Kastrup","1"
1340258,"Mindil Aces Black U23","Mindil Aces Black U23","1"
1366,"Stenlose BK","Stenlose BK","1"
1327990,"UKS Sms Lodz","Sms Lodz","1"
1328254,"Malvik","Malvik","1"
1328256,"Melbo","Melbo","1"
1328472,"SC Vistula Garfield","SC Vistula Garfield","1"
1328474,"BOHFS St. Louis","BOHFS","1"
1329106,"Helsinki Stars",NULL,"1"
1365,"Saedding/Guldager IF",NULL,"1"
1363,"Billund IF","Billund IF","1"
1352,"Tved BK","Tved","1"
1329660,"Tote/Arabia",NULL,"1"
1329712,"Helsinki United",NULL,"1"
1329714,"Helsingin Ponnistus 2",NULL,"1"
1329718,"Tapo United",NULL,"1"
1325,"B. Frem Sakskoebing","Sakskoebing","1"
1329764,"FC Kiffen III","FC Kiffen III","1"
978,"Innstrandens IL",NULL,"1"
1331274,"Kasinolla",NULL,"1"
1331664,"FC Ruskon Pallo",NULL,"1"
1331846,"FS Sahline","FS Sahline","1"
852,"Mosjoen IL",NULL,"1"
850,"Hana",NULL,"1"
837,"Vestfossen","Vestfossen","1"
1332368,"Tampere United/4",NULL,"1"
1332372,"FC Helmi Jatka",NULL,"1"
1332378,"FC Hapo",NULL,"1"
1332380,"Apassit",NULL,"1"
780,"Vigoer FK","Vigoer","1"
777,"Sarpsborg FK",NULL,"1"
1332804,"FC Eagles",NULL,"1"
1332808,"FC Germania/Akademie",NULL,"1"
1332812,"Mando United","Mando United","1"
728,"Sprint/Jeloey SK",NULL,"1"
710,"Nord",NULL,"1"
697,"Verdal",NULL,"1"
1333008,"Colo Colo Helsinki",NULL,"1"
1333016,"Japs United",NULL,"1"
1333018,"Ristifemma",NULL,"1"
240,"Fleet Town FC",NULL,"1"
1341084,"Karhu Futis","Karhu Futis","1"
1333672,"Ylojarvi United FC/Marjastajat",NULL,"1"
1333674,"Gmestarit",NULL,"1"
235,"Arlesey Town FC",NULL,"1"
1333754,"Olympiakos Lefkosias Wfc",NULL,"1"
1334236,"Huzhou Changxing Jintown FC","Huzhou Changxing Jintown FC","1"
1334238,"Shenzhen Keysida","Shenzhen Keysida","1"
1334240,"Dongxing Greenery","Dongxing Greenery","1"
1334246,"Nantong Home Textile City","Nantong Home Textile City","1"
1334248,"Guizhou Feiying","Guizhou Feiying","1"
1334254,"Guangzhou Rock Goal","Guangzhou Rock Goal","1"
1334256,"Wuhua Huajing","Wuhua Huajing","1"
1334264,"Tianjin Kaiser","Tianjin Kaiser","1"
1334268,"Shenzhen Xingjun","Shenzhen Xingjun","1"
1334272,"Hainan Shuangyu","Hainan Shuangyu","1"
1334276,"Shanxi Tyut Yida","Shanxi Tyut Yida","1"
1334282,"Shandong Scout FC","Shandong Scout FC","1"
1334284,"Beijing Smart Sky","Beijing Smart Sky","1"
1334470,"Ace",NULL,"1"
1334540,"Tamfu",NULL,"1"
1334542,"Messukyla United",NULL,"1"
1334594,"Pofu United",NULL,"1"
192,"Mangotsfield Utd",NULL,"1"
188,"Bedworth United",NULL,"1"
186,"Burnham FC",NULL,"1"
1334664,"Kopse/Vi.",NULL,"1"
1334812,"Ponnistus/2",NULL,"1"
1335268,"FK Ansat","FK Ansat","1"
1335270,"FK Bks","FK Bks","1"
1335272,"FK Karshiga","FK Karshiga","1"
1335274,"FK Hromtau","FK Hromtau","1"
1335276,"Zhelaev Nan","Zhelaev Nan","1"
909975,"SE Tiradentes PI",NULL,"1"
909747,"IFK Simrishamn",NULL,"1"
905507,"Vana Hea Puur FC","Vana Hea Puur FC","1"
903677,"Neman-Belkard","Neman-Belkard","1"
903517,"Mutual FC",NULL,"1"
899771,"JFC Viola",NULL,"1"
911601,"AC Ajaccio Srl",NULL,"1"
899693,"Futbola Parks Academy",NULL,"1"
898345,"North Asia University",NULL,"1"
896907,"Servolyuks Mezhisetki","Servolyuks Mezhisetki","1"
896901,"Niva (Chausy)","Niva (Chausy)","1"
896053,"CD Primero de Mayo","CD Primero de Mayo","1"
896049,"Quito FC","Quito FC","1"
896045,"CD Dunamis 04 Carchi","CD Dunamis 04 Carchi","1"
894027,"FK Nadruvis Kaunas","FK Nadruvis Kaunas","1"
893913,"Fakel Novogrudok","Fakel Novogrudok","1"
892203,"Bfso Dinamo","Bfso Dinamo","1"
889965,"PK-35/2",NULL,"1"
889659,"Sogndal FK",NULL,"1"
889653,"Storhamar","Storhamar","1"
889597,"FC Eurajoki",NULL,"1"
888049,"Colon Santa Fe Srl","Colon Santa Fe Srl","1"
885773,"JK Kuusalu Kalev","JK Kuusalu Kalev","1"
878757,"FC Torpedo Belaz 2",NULL,"1"
878717,"Asc Gendrim","Asc Gendrim","1"
877587,"Seogot SM",NULL,"1"
877585,"Tnt FC",NULL,"1"
913643,"India","India","1"
913901,"Nacional Yvy Yau",NULL,"1"
877095,"Seychelles",NULL,"1"
876625,"Ih Hafnarfjordur",NULL,"1"
915945,"Milton Keynes Irish FC",NULL,"1"
876127,"Tahiti","Tahiti","1"
875023,"Rine SS Wfc","Rine SS Wfc","1"
872841,"Rivervalley Rangers","Rivervalley Rangers","1"
867223,"US Zriba-Hammam",NULL,"1"
867045,"Estudiantes Aruba","Estudiantes Aruba","1"
865055,"Alize Fort de Salimani FC",NULL,"1"
864683,"First Klass FC",NULL,"1"
864505,"Rondoniense SC RO",NULL,"1"
916855,"Saalfeld Titans","Saalfeld Titans","1"
858007,"Greater Tomorrow FC","Greater Tomorrow FC","1"
855635,"British Virgin Islands",NULL,"1"
855031,"Anguilla",NULL,"1"
852435,"CS Pledran","CS Pledran","1"
852407,"ES Cannet Rocheville",NULL,"1"
852401,"Cergy Pontoise FC",NULL,"1"
852385,"FC Raismes",NULL,"1"
850625,"Dorking Wanderers FC Ladies",NULL,"1"
850845,"Uhamiaji",NULL,"1"
850623,"Bromley Ladies","Bromley Ladies","1"
922065,"Tj Slovan Nitra-Chrenova","Tj Slovan Nitra-Chrenova","1"
922079,"Osk Spissky Stvrtok","Osk Spissky Stvrtok","1"
922111,"OFK Hlinik Nad Hronom",NULL,"1"
922113,"OFK Perin","OFK Perin","1"
922115,"OFK Branc",NULL,"1"
922117,"Osk Renop Liptovska Tepla","Osk Renop Liptovska Tepla","1"
850615,"Lincoln United Ladies","Lincoln United Ladies","1"
922121,"Tj Kopcany",NULL,"1"
922129,"Tj Spartak Radostka","Tj Spartak Radostka","1"
846038,"Deportivo Shalon",NULL,"1"
923657,"SK Besenov","SK Besenov","1"
841524,"Gabon Srl",NULL,"1"
840784,"Phichit United","Phichit United","1"
840440,"Maccabi Bnei Jadeidi-Makr","Maccabi Bnei Jadeidi-Makr","1"
838208,"CD Colonia",NULL,"1"
833678,"Sport Club Ramla",NULL,"1"
831498,"Dunbar United",NULL,"1"
831496,"Dalkeith Thistle FC",NULL,"1"
830746,"Sherwood Colliery",NULL,"1"
830716,"Abrantes E Benfica",NULL,"1"
830700,"Deportivo Santa Elena",NULL,"1"
830030,"Club La Union","Club La Union","1"
829634,"FC Congaz","FC Congaz","1"
823328,"Saltney Town","Saltney Town","1"
823310,"Pencoed Athletic",NULL,"1"
929115,"Life Pacific Warriors",NULL,"1"
929131,"Texas A&M International Dust Devils",NULL,"1"
822522,"CD Orientacion Maritima","CD Orientacion Maritima","1"
929459,"CD Mongomo",NULL,"1"
929461,"BO Rangers FC",NULL,"1"
822288,"Znk Ljubljana",NULL,"1"
821328,"TJ Jarovce Bratislava","Jarovce Bratislava","1"
821314,"TJ Slovan Dudince","Slovan Dudince","1"
821304,"TJ Druzstevnik Bitarova","Druzstevnik Bitarova","1"
821244,"Independiente Azogues","Independiente Azogues","1"
931677,"FC Madalena",NULL,"1"
931679,"Pedrogao SP",NULL,"1"
818828,"General Caballero Campo Grande",NULL,"1"
818702,"29 de Setiembre de Luque",NULL,"1"
817708,"Give Fremad",NULL,"1"
817618,"FK Cesis",NULL,"1"
806078,"FK Ural Urfa Yekaterinburg",NULL,"1"
803594,"Panamericana",NULL,"1"
802930,"AS Samaritaine",NULL,"1"
798848,"NK Bilogora 91",NULL,"1"
798578,"NK Zadrugar Oprisavci","NK Zadrugar Oprisavci","1"
934345,"Cpd Llansannan",NULL,"1"
934349,"Llandudno Amateurs",NULL,"1"
934353,"Talysarn Celts",NULL,"1"
798254,"Soda City FC",NULL,"1"
796302,"Club Khnis",NULL,"1"
795000,"FC Estham United","FC Estham United","1"
794696,"Yssc Stolin","Yssc Stolin","1"
934779,"Lopburi City",NULL,"1"
793354,"Kalonji Pro-Profile","Kalonji Pro-Profile","1"
793140,"Jas Qyran","Qyran","1"
792306,"Franklin United FC",NULL,"1"
792252,"Waiheke Utd AFC",NULL,"1"
935719,"Metalurg Pernik","Metalurg Pernik","1"
790076,"NK Dosk Drnis","NK Dosk Drnis","1"
788358,"Independiente Santa Fe Srl","Independiente Santa Fe Srl","1"
935865,"Worcester Raiders",NULL,"1"
935875,"Sheringham",NULL,"1"
936467,"Baffins Milton Rovers FC",NULL,"1"
788134,"Atletico Mineiro MG Srl",NULL,"1"
787762,"New Jersey Alliance FC",NULL,"1"
784442,"Vjfm Fortuna Kaunas",NULL,"1"
783404,"FC Samtskhe",NULL,"1"
781816,"Taringa Rovers",NULL,"1"
781392,"Cringila Lions FC","Cringila Lions FC","1"
775540,"KH Hlidarendi","KH Hlidarendi","1"
775532,"Reynir Hellissandur","Reynir Hellissandur","1"
937241,"Pollok","Pollok","1"
1335290,"Hercules-J","Hercules-J","1"
773898,"FC Saint-Meziery","FC Saint-Meziery","1"
773896,"FCO Strasbourg Koenigshoffen 06","FCO Strasbourg Koenigshoffen 06","1"
773770,"Averett Cougars",NULL,"1"
772006,"CS-Dfc",NULL,"1"
766064,"Wydad Serghini",NULL,"1"
164,"Lincoln United FC",NULL,"1"
758486,"CD Coca",NULL,"1"
758008,"Academia Deportiva Fancesa",NULL,"1"
946255,"Khust FC",NULL,"1"
755981,"KF Maliqi","Maliqi","1"
752807,"AD Destroyer FC","AD Destroyer FC","1"
949937,"A5 Rences FC",NULL,"1"
949945,"Na God FC",NULL,"1"
949949,"Sefwi All Stars FC",NULL,"1"
949953,"Future Stars FC",NULL,"1"
949971,"Debibi United FC",NULL,"1"
751327,"FC Kaerch","FC Kaerch","1"
750905,"AD Fazendense","AD Fazendense","1"
750187,"We United","We United","1"
746515,"Dunavarsanyi TE",NULL,"1"
746273,"Cribbs FC",NULL,"1"
746271,"Southall FC",NULL,"1"
746257,"Risborough Rangers",NULL,"1"
746161,"Oyama SC",NULL,"1"
957037,"Entente Boe Bon Encontre","Entente Boe Bon Encontre","1"
957065,"US Pays de Cassel",NULL,"1"
957083,"AC Paris 15",NULL,"1"
744529,"TUS Koblenz","TUS Koblenz","1"
959499,"W27",NULL,"1"
959503,"W28",NULL,"1"
959513,"W29",NULL,"1"
959515,"W30",NULL,"1"
743973,"Ccdr Vila Cortez",NULL,"1"
960491,"Asfordby Amateurs Ladies",NULL,"1"
961073,"Warin FC",NULL,"1"
961729,"Nrb Bethioua","Nrb Bethioua","1"
743901,"Vidago FC","Vidago FC","1"
741213,"FC Ajoie-Monterri","FC Ajoie-Monterri","1"
740673,"FC ESPM","ESPM","1"
737509,"Cccul Dublanc FC","Cccul Dublanc FC","1"
737507,"Bombers FC","Bombers FC","1"
964271,"Btop Hokkaido",NULL,"1"
736257,"SV Juliana 31 Malden","SV Juliana 31 Malden","1"
735159,"FC Kohvile","FC Kohvile","1"
734437,"Udon United",NULL,"1"
967313,"IRB Nezla",NULL,"1"
972971,"Magereza FC",NULL,"1"
973159,"Fijai Soccer Academy",NULL,"1"
973169,"Dormaa Unity SC",NULL,"1"
973943,"Huasamrong Gateway FC",NULL,"1"
732329,"NK Hodos",NULL,"1"
730117,"TJ Iskra Holic","Iskra Holic","1"
977595,"Bst Galaxy","Bst Galaxy","1"
977601,"Real Aviles CF","Real Aviles CF","1"
730105,"TJ Lokomotiva Banov",NULL,"1"
978745,"Hart FC","Hart FC","1"
729897,"TJ Busov Gaboltov","Busov Gaboltov","1"
728391,"KSV Diksmuide",NULL,"1"
728367,"Wqf1","Wqf1","1"
728361,"WQF2","WQF2","1"
726751,"Rakow II Czestochowa",NULL,"1"
724765,"NK Bsk Belica","NK Bsk Belica","1"
722937,"FK Nizny Hrusov","Nizny Hrusov","1"
719133,"Denhoff Denykhivka","Denhoff Denykhivka","1"
716397,"Russia",NULL,"1"
714269,"SK Dynamo Ceske Budejovice (Srl)",NULL,"1"
985935,"Jong PSV Eindhoven",NULL,"1"
985949,"Alo Egypt","Alo Egypt","1"
714265,"MFk Karvina (Srl)",NULL,"1"
986665,"FC Laval",NULL,"1"
714253,"FC Zlin (SRL)",NULL,"1"
714243,"1 FC Slovacko (Srl)",NULL,"1"
988007,"Inter San Francisco",NULL,"1"
988009,"Js Boujdour",NULL,"1"
158,"Kendall Town",NULL,"1"
714183,"Busan I Park SRL",NULL,"1"
708379,"Hyochang FC",NULL,"1"
708371,"Gimhae Jaemics",NULL,"1"
991559,"Smari","Smari","1"
702135,"FC Emmen SRL",NULL,"1"
702101,"GKS Piast Gliwice SRL",NULL,"1"
700165,"FC BGU Minsk","BGU Minsk","1"
697191,"MKE Ankaragucu SRL",NULL,"1"
697121,"UC Sampdoria SRL",NULL,"1"
695853,"Gotaholms BK",NULL,"1"
694933,"SD Eibar SRL",NULL,"1"
690285,"IFK Lidingo",NULL,"1"
690225,"Urozhaynaya","Urozhaynaya","1"
689385,"Green Warriors FC",NULL,"1"
685205,"Tboung Khmum FC",NULL,"1"
685201,"Kampot",NULL,"1"
684273,"NK Jaska Vinogradar Jastrebarsko",NULL,"1"
681771,"Battambang",NULL,"1"
992415,"Port Layola FC",NULL,"1"
680275,"FC Staffanstorp","FC Staffanstorp","1"
676877,"Wotton FC","Wotton FC","1"
673437,"FC Boulder Harpos",NULL,"1"
993055,"Bjoernevatn",NULL,"1"
671611,"Six O Clock FC",NULL,"1"
669749,"WS El Hamma","El Hamma","1"
149,"Histon FC",NULL,"1"
669561,"Tsuen Wan",NULL,"1"
668039,"Liga MX All Stars",NULL,"1"
667223,"Borussia Dortmund Legends","Borussia Dortmund Legends","1"
666823,"FC Strani",NULL,"1"
665375,"CE Uniao Abc MS",NULL,"1"
143,"Bishop Auckland",NULL,"1"
998249,"Sibbo-Vargarna","Sibbo-Vargarna","1"
998373,"Bunyaruguru United FC",NULL,"1"
663261,"Tynecastle",NULL,"1"
662897,"Cb Mila","Cb Mila","1"
661983,"FC Do Stlik",NULL,"1"
1335848,"Tamfu",NULL,"1"
659777,"Bourges 18",NULL,"1"
659761,"Syra Mensdorf",NULL,"1"
659307,"Quevilly Rm",NULL,"1"
658233,"Shahid Ghandi Yazd",NULL,"1"
655529,"La St Pierre de Milizac",NULL,"1"
655527,"ESA Linas-Monthlery",NULL,"1"
655525,"C A Boulay",NULL,"1"
999813,"Jizzax Pfk",NULL,"1"
655435,"Js Saint-Pierroise",NULL,"1"
655351,"Jeunesse Evolution FC",NULL,"1"
653607,"All Saints Utd FC",NULL,"1"
653439,"Ottos Rangers FC",NULL,"1"
643502,"Beaumont Sa","Beaumont Sa","1"
643242,"Dekernes SC","Dekernes","1"
1001985,"Tolkis Bollklubb 1956",NULL,"1"
637942,"AD Portomosense","AD Portomosense","1"
1341164,"FC Asia Talas","FC Asia Talas","1"
636486,"Szajol Klk","Szajol Klk","1"
1005461,"Scrosoppi FC",NULL,"1"
635448,"Westmont Warriors",NULL,"1"
635400,"Our Lady of The Lake Saints",NULL,"1"
635136,"Texas Lutheran Bulldogs",NULL,"1"
1005849,"FC Iuji 35",NULL,"1"
1006103,"Libertad de San Patricio",NULL,"1"
1341538,"Ggs United","Ggs United","1"
1006989,"Fankom Kirov","Fankom Kirov","1"
1007049,"Polin Pallo",NULL,"1"
635026,"Mars Hill Mountain Lions",NULL,"1"
632580,"Japs Akatemia",NULL,"1"
630014,"Hythe And Dibden FC",NULL,"1"
629374,"Zalaegerszeg TE","Zalaegerszeg TE","1"
1007115,"14 de Mayo de Fulgencio Yegros",NULL,"1"
1007133,"Capitan Figari de Lambare",NULL,"1"
628772,"Farmingdale State Rams",NULL,"1"
628728,"Cal State La Golden Eagles",NULL,"1"
1007259,"Agro-Pelishche","Agro-Pelishche","1"
626450,"Coventry Sphinx Lfc","Coventry Sphinx Lfc","1"
1008327,"Arukula FC Vigri","Arukula FC Vigri","1"
626426,"Knowle Lfc",NULL,"1"
626414,"Dronfield Town Lfc","Dronfield Town Lfc","1"
626400,"Curzon Ashton Lfc",NULL,"1"
1009463,"Nups","Nups","1"
1336074,"Pita/II",NULL,"1"
626216,"Real Bedford Ladies","Real Bedford Ladies","1"
626208,"Haringey Borough Wfc","Haringey Borough Wfc","1"
626206,"Hackney",NULL,"1"
621588,"Horseed",NULL,"1"
1011251,"Fuzhou Changle Jingangtui","Fuzhou Changle Jingangtui","1"
1011261,"Qingdao May Wind",NULL,"1"
1011859,"Belugarosso Iwami",NULL,"1"
1011861,"Mitsubishi Nagasaki SC",NULL,"1"
1012575,"Tampere United",NULL,"1"
1012835,"Harju JK Laagri III","Harju JK Laagri III","1"
1013765,"Sena Madureira EC AC U20",NULL,"1"
1341540,"FC Maximus Minsk","FC Maximus Minsk","1"
617754,"VfR Wormatia Worms","VfR Wormatia Worms","1"
616232,"Comoros","Comoros","1"
1017013,"Punjab United FC",NULL,"1"
1017281,"AFC Whyteleafe",NULL,"1"
1017465,"Valtti",NULL,"1"
1017481,"CD Municipal Tarija",NULL,"1"
1019677,"Club 1 de Marzo Fdm",NULL,"1"
613124,"Bergerac Perigord FC","Bergerac Perigord FC","1"
612950,"AD Castro Daire","AD Castro Daire","1"
612946,"Ginasio Figueirense",NULL,"1"
610876,"CS Victoria Cumpana","CS Victoria Cumpana","1"
609944,"Melilla CD",NULL,"1"
609934,"Concordia Elblag",NULL,"1"
1022035,"Skegness Town AFC",NULL,"1"
606342,"TJ Nafta Gbely",NULL,"1"
606338,"SK Gbelany","Gbelany","1"
1341542,"FC Minskoye","FC Minskoye","1"
1024647,"Tote/Betoni",NULL,"1"
1025295,"Evans And Williams AFC","Evans And Williams AFC","1"
606270,"SK Soporna","Soporna","1"
606260,"SK Bab","Bab","1"
606242,"OSK Rudnany","Rudnany","1"
606108,"SC Borgfeld","SC Borgfeld","1"
603282,"Fce Merignac Arlac",NULL,"1"
602294,"Presidente Hayes",NULL,"1"
594946,"FC Belshina 2","FC Belshina 2","1"
594644,"Kilwinning Rangers","Kilwinning Rangers","1"
1030589,"1. FC Leibnitz",NULL,"1"
592381,"US Orleans Loiret",NULL,"1"
592315,"Orvault SF",NULL,"1"
592291,"ASKO Mittlern",NULL,"1"
591877,"Croix Blanche Angers Football",NULL,"1"
589321,"SV Wanheim",NULL,"1"
586911,"UE Cornella","Cornella","1"
585369,"Otago University AFC",NULL,"1"
585351,"FK Kuivizu Spartaks",NULL,"1"
585347,"Kypa","Kypa","1"
584923,"International Pacific University",NULL,"1"
584543,"12 de Octubre de San Domingo",NULL,"1"
583571,"Watanga FC",NULL,"1"
576161,"FK Metta",NULL,"1"
575835,"Hosei Football Lab",NULL,"1"
575681,"Roi Et Pb United FC","Roi Et Pb United FC","1"
575605,"Dinamo-M Barnaul","Dinamo-M Barnaul","1"
570391,"SK Ave.Ko.",NULL,"1"
570373,"FK Futboliukas","FK Futboliukas","1"
569343,"Team Rhino","Team Rhino","1"
569309,"Dinamo Batumi 2","Dinamo Batumi 2","1"
567101,"Arsunda IF",NULL,"1"
563864,"Cartagena FC",NULL,"1"
560370,"Tartu JK Welco X","Tartu JK Welco X","1"
559222,"San Ramon FC","San Ramon FC","1"
559158,"Tulsa Athletics",NULL,"1"
558164,"Teie",NULL,"1"
557444,"Yamato Sylphid","Yamato","1"
1035145,"FK Iskra Novaky","FK Iskra Novaky","1"
1035165,"Tj Druzstevnik Topolniky","Tj Druzstevnik Topolniky","1"
1035169,"Tj Slovan Sastin-Straze","Tj Slovan Sastin-Straze","1"
1035171,"Tj Solvan Dubovce",NULL,"1"
1035175,"FK Kamenica",NULL,"1"
1035177,"Tj Sokol Brezovicka","Tj Sokol Brezovicka","1"
1035181,"Osk Zaluzice","Osk Zaluzice","1"
1035207,"Tj Druzstevnik Hlboke","Tj Druzstevnik Hlboke","1"
1035213,"SK Tvrdosovce","SK Tvrdosovce","1"
1035215,"SK Sokol Stary Tekov","SK Sokol Stary Tekov","1"
555274,"Tevragh Zeina","Tevragh Zeina","1"
549693,"FC Lachen/Altendorf","FC Lachen/Altendorf","1"
549219,"WSG Radenthein",NULL,"1"
546837,"Fleet FC","Fleet","1"
1036075,"Fazenda Chernivtsi","Fazenda Chernivtsi","1"
543651,"Fortune","Fortune","1"
539985,"Samger FC","Samger FC","1"
1036745,"FC Lahti",NULL,"1"
537951,"SC Neupack Hirschwang","SC Neupack Hirschwang","1"
537589,"Grom Nowy Staw",NULL,"1"
535857,"Umvoti FC",NULL,"1"
531363,"FC Tbilisi 2025",NULL,"1"
530431,"Dakota Aruba","Dakota Aruba","1"
530427,"Jong Aruba","Jong Aruba","1"
529775,"Bolton Wanderers Lfc","Bolton Wanderers Lfc","1"
529771,"Milton Keynes Dons",NULL,"1"
528699,"SK Igram","SK Igram","1"
527313,"RC Bougaa",NULL,"1"
527295,"Ics Tlemcen",NULL,"1"
526441,"Sendai University",NULL,"1"
525933,"Mahaut Soca Strikers","Mahaut Soca Strikers","1"
525931,"Bath Estate","Bath Estate","1"
525711,"Middleham United FC","Middleham United FC","1"
522844,"Elect-Sport FC",NULL,"1"
1038239,"Sail Football Academy",NULL,"1"
522840,"Al-Nasr SC Benghazi",NULL,"1"
522774,"AS Gnn",NULL,"1"
522768,"AS Arta Solar",NULL,"1"
522238,"Harlem United FC","Harlem United FC","1"
519200,"Melun FC",NULL,"1"
518880,"Mineros Sporting Club",NULL,"1"
518868,"Anaconda FC","Anaconda FC","1"
518858,"FC Insutec","FC Insutec","1"
518708,"Fu Moon",NULL,"1"
517088,"OS Kebili","Kebili","1"
516032,"Cayman Islands",NULL,"1"
516030,"Barbados",NULL,"1"
516028,"Martinique",NULL,"1"
516026,"Dominica",NULL,"1"
1041231,"CD Quintanar",NULL,"1"
516012,"Sint Maarten",NULL,"1"
516006,"Belize",NULL,"1"
516002,"Saint-Martin",NULL,"1"
516000,"Grenada",NULL,"1"
515998,"Virgin Islands, U.S.",NULL,"1"
515996,"Saint Vincent and the Grenadines",NULL,"1"
1042361,"Adrian Bulldogs",NULL,"1"
507266,"Brikama United","Brikama United","1"
505146,"Tonga","Tonga","1"
501768,"1908 Szac Budapest",NULL,"1"
1043359,"UD Tocha",NULL,"1"
500966,"Turks And Caicos Islands",NULL,"1"
1043415,"Allen Yellow Jackets",NULL,"1"
1043473,"Emory & Henry Wasps",NULL,"1"
500964,"Saint Lucia",NULL,"1"
1043513,"Minnesota State Moorhead Dragons",NULL,"1"
1043515,"Montana State Billings Yellowjackets",NULL,"1"
1043543,"Morningside Mustangs",NULL,"1"
1043577,"Southern Wesleyan Warriors",NULL,"1"
500836,"Polisportiva Sarnese",NULL,"1"
1043981,"Kampong","Kampong","1"
500716,"Poole Town Lfc",NULL,"1"
500660,"Solihull Moors Ladies","Solihull Moors Ladies","1"
500658,"Chesham United Lfc",NULL,"1"
500608,"Norton & Stockton Ancients LFC",NULL,"1"
500604,"Crewe Alexandra Lfc","Crewe Alexandra Lfc","1"
500372,"CD Praia Milfontes",NULL,"1"
500358,"CD Portalegrense 1925","CD Portalegrense 1925","1"
1342640,"Odishi 1919 II","Odishi 1919 II","1"
498264,"Wycombe Wanderers Lfc","Wycombe Wanderers Lfc","1"
1046209,"Virginia State Trojans",NULL,"1"
498254,"Washington AFC Ladies",NULL,"1"
1046405,"Lyon Scots",NULL,"1"
1046647,"SC Emmen",NULL,"1"
1046649,"FC Perlen-Buchrain","FC Perlen-Buchrain","1"
1046871,"FC Triesenberg II",NULL,"1"
1047187,"NK Anton Kamnik","NK Anton Kamnik","1"
1047209,"Preddvor",NULL,"1"
1047215,"NK Velesovo Cerklje",NULL,"1"
498238,"Tranmere Rovers Lfc","Tranmere Rovers Lfc","1"
1047827,"NK Makole Bar Miha","NK Makole Bar Miha","1"
1048905,"Menai Bridge Tigers FC",NULL,"1"
1048907,"Abercarn United AFC","Abercarn United AFC","1"
1048925,"Caerphilly Athletic FC","Caerphilly Athletic FC","1"
1048929,"Afan United FC","Afan United FC","1"
1049153,"North Ferriby",NULL,"1"
498164,"Mansfield Town Lfc","Mansfield Town Lfc","1"
498162,"Lye Town Lfc","Lye Town Lfc","1"
1336286,"Barreiras FC BA","Barreiras FC BA","1"
1051279,"AS Ptt Dijon","AS Ptt Dijon","1"
498102,"Crusaders Lfc","Crusaders Lfc","1"
498092,"Cambridge City Lfc",NULL,"1"
1052107,"Sporting Cascades","Sporting Cascades","1"
498068,"Ascot United Lfc",NULL,"1"
498060,"AFC Telford United Ladies",NULL,"1"
497526,"CD Torre Fuerte",NULL,"1"
496220,"Royal Stade Brainois","Royal Stade Brainois","1"
494582,"Chooka Talesh FC","Chooka Talesh","1"
1055127,"Forsempronese 1949 SD Arl",NULL,"1"
494568,"Shahin Sazeh Tehran",NULL,"1"
1055291,"Macabi Beer Yaakov Amit",NULL,"1"
494458,"North Greenville Crusaders",NULL,"1"
1336294,"Feira FC BA","Feira FC BA","1"
494146,"Abingdon United Women","Abingdon United Women","1"
1057015,"CA Wanderers Durazno",NULL,"1"
1057023,"Libertad",NULL,"1"
1057025,"Nacional Nueva Helvecia",NULL,"1"
1057521,"Kristall Mez Borisoglebsk","Kristall Mez Borisoglebsk","1"
493658,"South Carolina Beaufort Sand Sharks",NULL,"1"
493616,"Atlet Kyiv","Atlet Kyiv","1"
493614,"SK Vilkhivtsi Zakarpattya","SK Vilkhivtsi Zakarpattya","1"
1058887,"SV Awc","SV Awc","1"
493042,"Madonna Crusaders",NULL,"1"
492984,"Saint Thomas Houston Celts",NULL,"1"
492982,"South Carolina Aiken Pacers",NULL,"1"
1060046,"FC Vaduz III","FC Vaduz III","1"
492978,"Webber International Warriors",NULL,"1"
492976,"Westminster College Griffins",NULL,"1"
470925,"Union Viera CF",NULL,"1"
1336296,"Redencao FC BA","Redencao FC BA","1"
1064284,"Aktobe","Aktobe","1"
1064652,"Romklao United",NULL,"1"
466739,"SFS Borac Paracin",NULL,"1"
1065476,"Rospak FC",NULL,"1"
466737,"Maia Lidador",NULL,"1"
1066960,"KF Adriatiku 2012",NULL,"1"
1066962,"Kks Albanet",NULL,"1"
464209,"FC Rudersdal","Rudersdal","1"
464207,"FC BIH Odense","FC BIH Odense","1"
1067454,"Nyumbu FC",NULL,"1"
1067536,"Kia Academy",NULL,"1"
1067706,"FC Yasa",NULL,"1"
463965,"FK Studentski Grad",NULL,"1"
1068278,"Patro Eisden Maasmechelen","Patro Eisden Maasmechelen","1"
1068282,"Kve Drongen","Kve Drongen","1"
463351,"CA Juventud Loma Pyta",NULL,"1"
463349,"Club Pilcomayo FBC",NULL,"1"
1072694,"Northern City FC",NULL,"1"
463347,"CA Colegiales",NULL,"1"
462987,"FC Ferreiras",NULL,"1"
1074284,"Spennymoor Town Ladies",NULL,"1"
1074294,"Leeds Modernians Women","Leeds Modernians Women","1"
461879,"Tj Druzstevnik Odorin","Tj Druzstevnik Odorin","1"
461865,"FK Bestrent Horna Krupa","Bestrent Horna Krupa","1"
1336356,"Tuisku",NULL,"1"
461863,"TJ Iskra-Horne Oresany","Iskra-Horne Oresany","1"
1075658,"Aas Sarcelles","Aas Sarcelles","1"
1078000,"Etoile Maritime FC",NULL,"1"
1078054,"Chaumont FC",NULL,"1"
1079220,"FC Rouen Plateau Est",NULL,"1"
460077,"FC Uzhgorod","Uzhgorod","1"
458719,"FK Alfa Modrica",NULL,"1"
458475,"DSG Ledenitzen",NULL,"1"
458347,"KFC Herent",NULL,"1"
458269,"Tsv Kirchberg-Raab",NULL,"1"
1080922,"Qusar",NULL,"1"
1080928,"Fuzuli",NULL,"1"
1336358,"Apassit",NULL,"1"
1080934,"Lerik",NULL,"1"
1080946,"Gambian Dutch Lions","Gambian Dutch Lions","1"
1081698,"Medina United FC","Medina United FC","1"
1085278,"Port Fouad SC","Port Fouad SC","1"
450413,"IFK Ostersund","IFK Ostersund","1"
1086990,"Green City",NULL,"1"
448289,"Longridge Town",NULL,"1"
1089615,"KF Dardania",NULL,"1"
447319,"Belfast Celtic FC",NULL,"1"
444843,"FC Trostianets","FC Trostianets","1"
443820,"Tamale City FC","Tamale City FC","1"
443786,"BIS Paradise FC",NULL,"1"
442726,"Ossett United",NULL,"1"
439410,"Ledec Nad Sazavou","Ledec Nad Sazavou","1"
1336434,"Jyske",NULL,"1"
437890,"FC Arizona",NULL,"1"
437876,"Red Force FC","Red Force","1"
1096551,"Kia Tehran","Kia Tehran","1"
435886,"SV Caiquetio","SV Caiquetio","1"
432675,"Viimsi Lovid","Viimsi Lovid","1"
431861,"Kalamunda United","Kalamunda United","1"
431233,"FK Lokomotiv BFK Tashkent",NULL,"1"
431231,"Eiger",NULL,"1"
429661,"Pendle Hill FC","Pendle Hill FC","1"
429011,"SK Herd",NULL,"1"
428265,"Thiella Kamariou",NULL,"1"
428165,"FK Sherdor Samarqand",NULL,"1"
427157,"Ubonkids City Academy FC","Ubonkids City Academy FC","1"
425699,"Asko Gurnitz","Asko Gurnitz","1"
425661,"Podbeskidzie Bielsko-Biala II",NULL,"1"
425091,"Hordur Isafjordur",NULL,"1"
418573,"FC Naftovyk Dolyna","Naftovyk Dolyna","1"
418113,"Seoul United FC",NULL,"1"
416509,"SV Estrella","SV Estrella","1"
414843,"SV Britannia","SV Britannia","1"
412663,"JKU SC",NULL,"1"
412657,"Saint Louis Suns United FC",NULL,"1"
407615,"Clermont Foot",NULL,"1"
407593,"ESTAC Troyes","ESTAC Troyes","1"
407287,"AS Cheminots","AS Cheminots","1"
403163,"Spartak Hluk","Spartak Hluk","1"
402059,"Cr Zaouia",NULL,"1"
402037,"Cssw Illizi","Cssw Illizi","1"
401063,"Baldoyle United","Baldoyle United","1"
400141,"Bombada","Bombada","1"
399475,"Girnyk Novoyavorivsk","Girnyk Novoyavorivsk","1"
1100303,"FC Cilicia",NULL,"1"
1336518,"Znk Lio",NULL,"1"
397668,"Lagarto FC SE",NULL,"1"
397432,"Mayak Sarny","Mayak Sarny","1"
397000,"FC Shakhta Raspadskaya Mezhdurechensk","R. Mezhdurechensk","1"
396516,"HFC Penuel Kriviy Rih","Penuel Kriviy Rih","1"
393340,"AC Houilles",NULL,"1"
393332,"SC Anduzien",NULL,"1"
391732,"Kasem Bundit University FC",NULL,"1"
391622,"Nantes 2",NULL,"1"
389036,"Bubali","Bubali","1"
388304,"Shahrdari Bandar Abbas",NULL,"1"
388092,"KF Delvina","Delvina","1"
385158,"Beitar Ironi Kiryat Gat",NULL,"1"
384712,"FF La Solana",NULL,"1"
384708,"Cff Albacete",NULL,"1"
384686,"CF Pozuelo de Alarcon","Pozuelo Alarcon","1"
380912,"Guangxi Pingguo","Guangxi Pingguo","1"
380894,"Sichuan WFC","Sichuan WFC","1"
380474,"Salgotarjani BTC","Salgotarjani","1"
1107807,"Thorlakur","Thorlakur","1"
379130,"Szarvaskend SE","Szarvaskend SE","1"
378476,"Botswana",NULL,"1"
377498,"CD Almodovar","CD Almodovar","1"
377456,"NK Svatovac Poljice",NULL,"1"
377004,"Foolad Khuzestan B FC",NULL,"1"
376276,"El Shams",NULL,"1"
374588,"Rijnvogels","Rijnvogels","1"
372794,"Millwall Lionesses LFC","Millwall Lionesses LFC","1"
1108967,"Jeonbuk Jeonju Ofc",NULL,"1"
1108971,"Daegu Dalseo Cheongsol FC",NULL,"1"
1108977,"Gyeongnam Yangsan Eogok FC",NULL,"1"
372416,"Tollygunje Agragami",NULL,"1"
372120,"Haywards Heath Town FC",NULL,"1"
372082,"City Of Liverpool",NULL,"1"
371538,"NK Bedem Ivankovo","Bedem Ivankovo","1"
371512,"Point Michel","Point Michel","1"
371510,"South East","South East","1"
371198,"Viitorul Pandurii Targu Jiu",NULL,"1"
1110203,"Shanghai MH Klions",NULL,"1"
1336664,"Barkamol",NULL,"1"
1110209,"Shanxi Xiangyu","Shanxi Xiangyu","1"
371154,"Famkes WDM","Famkes","1"
371102,"FC Alken",NULL,"1"
370490,"Sindri",NULL,"1"
370330,"Bozuyuk Vitraspor",NULL,"1"
369718,"Bargh Shiraz FC","Bargh Shiraz FC","1"
369402,"Royal Aywaille FC",NULL,"1"
369340,"CD Baztan",NULL,"1"
368604,"Usv Hengsberg",NULL,"1"
368026,"CCNY Beavers",NULL,"1"
367946,"Dusv Loipersdorf",NULL,"1"
1112409,"Philippines","Philippines","1"
1112637,"Burapha United",NULL,"1"
364604,"Yarraville FC","Yarraville","1"
364302,"1. FK Buzitka","Buzitka","1"
1337144,"FK Inter Nemencine","FK Inter Nemencine","1"
1114409,"Uganda Martyrs Lubaga Junior Team","Uganda Martyrs Lubaga Junior Team","1"
363986,"Coundon Court Lfc","Coundon Court Lfc","1"
362766,"UD Playas de Sotavento",NULL,"1"
1114585,"Soweto Super United FC","Soweto Super United FC","1"
359020,"Usv Gabersdorf",NULL,"1"
359002,"Slovan Sahy","Slovan Sahy","1"
358988,"TJ Salka",NULL,"1"
358958,"SK Kmetovo","Kmetovo","1"
1116405,"Ittihad Riadi Fkih Ben Salah",NULL,"1"
1118001,"Kauklahden Pyrinto","Kauklahden Pyrinto","1"
355262,"Pohja-Tallinn JK Volta","Pohja-Tallinn JK Volta","1"
355182,"FK Robstav Prestice",NULL,"1"
1118911,"Koips",NULL,"1"
354978,"Onduparaka FC",NULL,"1"
354112,"FC Gambarogno-Contone",NULL,"1"
1120411,"Ridabu",NULL,"1"
353238,"SV Feldbach",NULL,"1"
1120669,"Vitebsk 2",NULL,"1"
350872,"Akademiya Futbola Tambov",NULL,"1"
350798,"Eastwood Community",NULL,"1"
344634,"Pobeda Valandovo","Pobeda Valandovo","1"
1337146,"FK Sumskas","FK Sumskas","1"
1122249,"Poxyt/Tnt",NULL,"1"
1122849,"FK Euforija",NULL,"1"
1127111,"Revenirosso NC",NULL,"1"
1127193,"Kuldigas FS / Goldingen United",NULL,"1"
338975,"Energetik Minsk","Energetik Minsk","1"
1127801,"FC Lootus Jarve Jalgpallikool","FC Lootus Jarve Jalgpallikool","1"
334505,"Vancouver TSS FC Rovers",NULL,"1"
1128927,"FC Gagra II",NULL,"1"
334267,"Bauskas Bjss / SC Memele",NULL,"1"
1129265,"Marilia AC SP",NULL,"1"
334167,"Azteca FC","Azteca FC","1"
331909,"Tromsoe IL",NULL,"1"
1131489,"Salto Del Guaira",NULL,"1"
331443,"Cementas Akemene",NULL,"1"
1337148,"FK Jurbarko Imsre","FK Jurbarko Imsre","1"
1133665,"Kohtla-Jarve Linnameeskond","Kohtla-Jarve Linnameeskond","1"
1133967,"Harbor City FC",NULL,"1"
1135101,"Tallinna FC Starmedia",NULL,"1"
1135701,"D-Media Minsk","D-Media Minsk","1"
1136193,"Virginia Water FC",NULL,"1"
328997,"Yeovil Town",NULL,"1"
327573,"FC Maardu Aliens","Maardu Aliens","1"
1136501,"Newark And Sherwood United FC",NULL,"1"
1136555,"Redcar Athletic FC",NULL,"1"
1136573,"Wombwell Town FC",NULL,"1"
1137319,"FC Master Saturn",NULL,"1"
1337150,"FK Ketera","FK Ketera","1"
1139245,"Melton Town FC",NULL,"1"
1139597,"Presidente Ibanez",NULL,"1"
327499,"Sirnitz",NULL,"1"
326309,"Muang Loei United FC",NULL,"1"
1140457,"Turkspor","Turkspor","1"
1141123,"Abertillery Excelsiors AFC","Abertillery Excelsiors AFC","1"
1143389,"Moriyama Samurai",NULL,"1"
1143553,"Wallingford And Crowmarsh FC",NULL,"1"
1144757,"Tartu FC Inter",NULL,"1"
1144779,"FC Kubik","FC Kubik","1"
1144787,"Sport Union de Cordillera",NULL,"1"
1145095,"Tallinna FC Zealot Sporting","Tallinna FC Zealot Sporting","1"
1145097,"FC Kose II","FC Kose II","1"
1146937,"FC Basara Hyogo",NULL,"1"
317873,"St Michel United",NULL,"1"
1337152,"Kaunas City FA","Kaunas City FA","1"
317573,"Rail Club de Kadiogo","Club de Kadiogo","1"
1148581,"Frontera Rivera Renegades",NULL,"1"
1149037,"Barycz Sulow",NULL,"1"
315613,"Olympic Club Alexandria",NULL,"1"
315537,"Bankhai United","Bankhai United","1"
1151789,"Hertha BSC",NULL,"1"
1151793,"DJK Wacker Mecklenbeck",NULL,"1"
315535,"Pattaya City FC","Pattaya City FC","1"
1151797,"Kieler MTV",NULL,"1"
1151823,"Guarani (Paraguari)",NULL,"1"
1152521,"Wokingham Town",NULL,"1"
1152785,"Cpd Sychdyn United","Cpd Sychdyn United","1"
1152863,"Andover New Street FC",NULL,"1"
1153425,"FC Aemme",NULL,"1"
313137,"Western Spirit",NULL,"1"
1153453,"FC Besa SG",NULL,"1"
1153461,"IK Brage","IK Brage","1"
1153475,"Utsiktens BK",NULL,"1"
1337156,"Og Kaisiadorys","Og Kaisiadorys","1"
313093,"Sepahan Novin Isfahan FC",NULL,"1"
312618,"Saint Kitts and Nevis",NULL,"1"
312616,"Antigua and Barbuda",NULL,"1"
1154005,"FC Lommiswil","FC Lommiswil","1"
1154007,"Lliswerry AFC","Lliswerry AFC","1"
1154017,"Cwmbach Royal Stars SC","Cwmbach Royal Stars SC","1"
311992,"Ellerton FC","Ellerton","1"
311984,"Uwi Blackbirds",NULL,"1"
311632,"Paradise SC","Paradise","1"
310316,"Olympia Rajecko","Olympia Rajecko","1"
1337234,"HJK Akatemia",NULL,"1"
307788,"Lucan United FC","Lucan United FC","1"
306528,"AA Coimbra SF",NULL,"1"
305514,"Augnablik Kopavogur","Augnablik","1"
302316,"CS Bembla",NULL,"1"
301740,"CD Laguna Sad",NULL,"1"
1154891,"Nerashte Ballerup","Nerashte Ballerup","1"
1154901,"Acfc 1994",NULL,"1"
300424,"JS Azazga",NULL,"1"
1157093,"Czechia",NULL,"1"
300412,"NSR El Fedjoudj",NULL,"1"
1157437,"IF Vestri",NULL,"1"
1158803,"SK Austria Klagenfurt","SK Austria Klagenfurt","1"
290832,"Hawks FC","Hawks FC","1"
285837,"Gavionenses",NULL,"1"
1159523,"Red Star FC Bangui",NULL,"1"
1159611,"Tj Kysucan Korna","Tj Kysucan Korna","1"
1159643,"Tj Tatran Huncovce","Tj Tatran Huncovce","1"
284567,"Polet Ljubic",NULL,"1"
1159669,"FK 1928 Jasenie","FK 1928 Jasenie","1"
1159681,"SK Cifer 1929","SK Cifer 1929","1"
1159685,"Osk Kolinany","Osk Kolinany","1"
1159687,"FK Vechec",NULL,"1"
1159689,"Osk Klusov","Osk Klusov","1"
283727,"Koips",NULL,"1"
283693,"Tuwe",NULL,"1"
1159919,"AS Psi",NULL,"1"
1160087,"FK Tj Sokol Brezovica",NULL,"1"
282893,"Ashby Ivanhoe",NULL,"1"
282537,"Yamanashi Gakuin University",NULL,"1"
282373,"NK Neretvanac Opuzen",NULL,"1"
281403,"FC Tokushima",NULL,"1"
281395,"Niigata University HW",NULL,"1"
281231,"AC Virtus Bolzano",NULL,"1"
1164523,"Broke Boys","Broke Boys","1"
280205,"Real Union de Tenerife Santa Cruz",NULL,"1"
278889,"OSK Rosina","Rosina","1"
276683,"Tshakhuma Tsha Madzivhandila","Tshakhuma Tsha Madzivhandila","1"
275991,"Ludmannsdorf",NULL,"1"
275105,"AFC Emley",NULL,"1"
274865,"IFK Tidaholm","Tidaholm","1"
1166787,"Egc Wirges U19",NULL,"1"
273593,"Asko Wolfnitz",NULL,"1"
273509,"Malapanew Ozimek","Malapanew Ozimek","1"
270943,"Tj Tatran Chlebnice",NULL,"1"
270933,"Tj Slovan Skalite","Tj Slovan Skalite","1"
270901,"Tj Druzstevnik Mala Ida",NULL,"1"
270891,"TJ Slovan Brvniste","Slovan Brvniste","1"
270887,"SK Velke Zaluzie","SK Velke Zaluzie","1"
270881,"FC Slovan Hlohovec","FC Slovan Hlohovec","1"
270873,"SK Bela",NULL,"1"
270861,"OFK Olovary","OFK Olovary","1"
1168465,"FC Kulykiv-Bilka","Kulykiv-Bilka","1"
270847,"FK Velka Lomnica","Velka Lomnica","1"
270837,"Dr. Dvory Nad Zitavou","D. Dvory Nad Zitavou","1"
270827,"FK Kechnec","FK Kechnec","1"
270825,"FK Iskra Hnusta","FK Iskra Hnusta","1"
270823,"FK Mesta Tornala","FK Mesta Tornala","1"
270817,"FK 05 Levoca","FK 05 Levoca","1"
270809,"Liptovsky Mikulas-Paludzka","L. Mikulas-Paludzka","1"
270769,"Tj Velke Levare","Tj Velke Levare","1"
269743,"Widnes FC",NULL,"1"
269345,"SC Unterpremstatten",NULL,"1"
268619,"FC Klingnau","FC Klingnau","1"
1170681,"NK Banjole",NULL,"1"
268351,"Dongen","Dongen","1"
268323,"KSC Dikkelvenne",NULL,"1"
266831,"Eendracht Termien","Eendracht Termien","1"
266525,"Rumori Calcio","Rumori Calcio","1"
266127,"Tallinna FC Transferwise","Tallinna Transfer","1"
266123,"Raplamaa JK","Raplamaa","1"
1170893,"Spartak Kbely","Spartak Kbely","1"
265425,"Liverpool FC Xi","Liverpool FC Xi","1"
1171679,"Su Cardielense",NULL,"1"
1171683,"CS Juventude Gaula",NULL,"1"
1171685,"Gd Velense",NULL,"1"
1171717,"Id Vieirense",NULL,"1"
1172831,"Mobile Rams",NULL,"1"
1172863,"Asbury Eagles",NULL,"1"
1172865,"Friends Falcons",NULL,"1"
1172873,"Ashland Eagles",NULL,"1"
1172885,"Colorado Springs Mountain Lions",NULL,"1"
1172903,"Jamestown Jimmies",NULL,"1"
265415,"Ynysygerwn FC",NULL,"1"
263623,"Union Sportive Sidi Kacem",NULL,"1"
260743,"AD Centro Olimpico",NULL,"1"
257423,"Elmina Sharks",NULL,"1"
257419,"Mighty Royals FC",NULL,"1"
251345,"Janesboro","Janesboro","1"
251343,"Ringmahon Rangers","Ringmahon R.","1"
247557,"Fulgencio Yegros",NULL,"1"
247219,"Reading FC",NULL,"1"
243978,"Sibanye Golden Stars",NULL,"1"
243642,"Puerto Rico",NULL,"1"
242964,"TUS Heiligenkreuz",NULL,"1"
242412,"SK Babite",NULL,"1"
238158,"CR Kais","Kais","1"
238134,"WAB Tissemessilt",NULL,"1"
233158,"Stade Paimpolais FC",NULL,"1"
232368,"SV River Plate Aruba","SV River Plate Aruba","1"
226204,"GD Sao Roque",NULL,"1"
1175221,"Saint Mary-of-The-Woods Pomeroys",NULL,"1"
226196,"GD Aguias Moradal","Aguias Moradal","1"
224974,"Customs United FC","Customs United","1"
224830,"Broomhill FC",NULL,"1"
222976,"OJC Rosmalen",NULL,"1"
222932,"USV Hoome Mooskirchen",NULL,"1"
221162,"SV Racing Club Aruba","SV Racing Club Aruba","1"
219192,"FC Prut Leova","Prut Leova","1"
219170,"Svaty Jur","Svaty Jur","1"
219152,"FK Fatran Varin","Varin","1"
219150,"TJ Druzstevnik Liptovska Stiavnica",NULL,"1"
219146,"SK Vinica","Vinica","1"
1175479,"North American Stallions",NULL,"1"
219142,"Lokomotiva Devinska Nova Ves","Devinska Nova Ves","1"
219130,"SK Nevidzany",NULL,"1"
1175575,"Samwest Blackboots","Samwest Blackboots","1"
1175657,"Johnson And Wales Charlotte Wildcats",NULL,"1"
1175659,"Seton Hill Griffins",NULL,"1"
1175661,"Neumann Knights",NULL,"1"
1175671,"Edgewood Eagles",NULL,"1"
1175695,"Rose Hulman Fightin Engineers",NULL,"1"
1175697,"Westminster (MO) Blue Jays",NULL,"1"
1175699,"Quincy Hawks",NULL,"1"
1175703,"Emory And Henry Wasps",NULL,"1"
1175705,"Warren Wilson Owls",NULL,"1"
1175711,"St. Cloud State Huskies",NULL,"1"
1175809,"Vayk FC 2020",NULL,"1"
219126,"MFK Detva","Detva","1"
219116,"FK Jesenske","Jesenske","1"
219110,"SK Senkvice","Senkvice","1"
219098,"FK Kolarovo","Kolarovo","1"
218352,"FC Vilafranca",NULL,"1"
1338920,"Africando SC","Africando SC","1"
1338922,"Astillero FC (Ecu)","Astillero FC (Ecu)","1"
1177087,"Benevento Calcio U20",NULL,"1"
1177091,"Calcio Padova U20",NULL,"1"
1177093,"Como 1907 U20",NULL,"1"
1177095,"Cosenza Calcio U20",NULL,"1"
1177097,"FC Crotone U20",NULL,"1"
215672,"VGA Saint-Maur",NULL,"1"
1177103,"LR Vicenza U20",NULL,"1"
1177105,"Modena FC U20",NULL,"1"
1177107,"Palermo FC U20",NULL,"1"
1177111,"Perugia U20",NULL,"1"
1177115,"Pisa SC U20",NULL,"1"
1177117,"Pro Vercelli 1892 U20",NULL,"1"
1177123,"SS Monopoli U20",NULL,"1"
1177125,"SSC Bari U20",NULL,"1"
215184,"SC Siegelbach","Siegelbach","1"
1177133,"US Albinoleffe U20-",NULL,"1"
1177135,"US Avellino U20-",NULL,"1"
1177141,"Virtus Entella U20-",NULL,"1"
215182,"SV Hegnach 1947",NULL,"1"
215176,"FSV Babelsberg 74","Babelsberg","1"
213218,"Vastseliina FC","Vastseliina","1"
213068,"FC Dardania Lausanne","Dardania Lausanne","1"
210812,"Kwai Tsing",NULL,"1"
210382,"Ursvik IK","Ursvik IK","1"
203529,"North End United","North End Utd.","1"
200839,"FK Mjoelner",NULL,"1"
199923,"Sverresborg IF",NULL,"1"
193606,"Yau Tsim Mong",NULL,"1"
1178383,"CA San Carlos",NULL,"1"
1178395,"FC Xhepcishti",NULL,"1"
1178411,"FK Sloboden Skopje",NULL,"1"
191892,"NK Spansko","Spansko","1"
191810,"FS Ksar Gafsa","Ksar Gafsa","1"
1178941,"Florida Futbol Club",NULL,"1"
189990,"Navy FC",NULL,"1"
188583,"AL Sed Bil Mahala",NULL,"1"
187305,"Catalonia",NULL,"1"
186136,"ES Guelma",NULL,"1"
186120,"MB Hassi Messaoud","Hassi Messaoud","1"
185594,"Bosher Club",NULL,"1"
184709,"FC Loon-Plage","Loon Plage","1"
180410,"Union Remich/Bous",NULL,"1"
180404,"Orania Vianden",NULL,"1"
180402,"FC Munsbach","Munsbach","1"
175866,"Canton FC","Canton FC","1"
175004,"Alaab Damanhour",NULL,"1"
174990,"FC Mosteirense","Mosteirense","1"
173472,"Knaphill FC",NULL,"1"
1338924,"Daquilema FC","Daquilema FC","1"
1181307,"Cpd Gaerwen FC",NULL,"1"
1181311,"Penmaenmawr Phoenix FC",NULL,"1"
1181313,"St Josephs AFC",NULL,"1"
1181317,"Treherbert Bgc",NULL,"1"
1181457,"Yeni Canspor",NULL,"1"
172052,"FO SK Lozorno",NULL,"1"
172050,"FC Rohoznik","FC Rohoznik","1"
172044,"MAJ Ruzomberok Cernova","Ruzomberok Cernova","1"
172040,"SK Tvrdosin","SK Tvrdosin","1"
1182819,"Cupar Hearts FC",NULL,"1"
1182839,"Rutherglen Glencairn FC",NULL,"1"
171492,"Wong Tai Sin",NULL,"1"
170870,"Oratory Youths FC",NULL,"1"
1338926,"Guaranda FC","Guaranda FC","1"
169274,"RJ Entente Binchoise",NULL,"1"
1338930,"Cde Juventud Italiana","Cde Juventud Italiana","1"
1338932,"Nazareno SC","Nazareno","1"
168808,"Albi ASPTT","Albi","1"
168516,"Partizan Domaniza","Domaniza","1"
168500,"Karpaty Limbach","Karpaty","1"
168490,"Slovan Poproc","Slovan Poproc","1"
168450,"Testveriseg SE",NULL,"1"
167742,"Real Pharma Odessa","Pharma Odessa","1"
165786,"Ceska Trebova","Ceska Trebova","1"
1184827,"Seignosse Capbreton Soustons","Seignosse Capbreton Soustons","1"
1184953,"Gouzon Avenir","Gouzon Avenir","1"
1185237,"UES Montmorillon","Montmorillon","1"
1185453,"Mourenxois Avenir",NULL,"1"
157198,"FK Lielupe",NULL,"1"
1185605,"NK Doklezovje",NULL,"1"
153374,"St Michaels","St Michaels","1"
151968,"Seoul Jungnang FC",NULL,"1"
1186733,"ES Dolorense",NULL,"1"
1338934,"Udj de Quinindé","Udj de Quinindé","1"
1186739,"CD Promesas Edf",NULL,"1"
1186743,"Sporting de Mahon",NULL,"1"
142656,"Notts County LFC",NULL,"1"
1189281,"Lion King FC",NULL,"1"
138964,"FC Alay",NULL,"1"
1190219,"Ucc Youngsters FC",NULL,"1"
1191911,"FC Winterswijk",NULL,"1"
1191915,"Kolping Boys",NULL,"1"
1193595,"Basania FC","Basania FC","1"
134302,"Steve Biko FC","Steve Biko","1"
134282,"ASFA Yennega","Yennega","1"
134270,"Al-Ahli Benghzi",NULL,"1"
134188,"Minya SC",NULL,"1"
1196203,"L Etrat La Tour Sportif","L Etrat La Tour Sportif","1"
1196205,"FK Mladost Solina",NULL,"1"
1196283,"Padyab Khalkhal","Padyab Khalkhal","1"
1198161,"Thornaby",NULL,"1"
1198163,"Preston North End",NULL,"1"
1198165,"Nantwich Town Ladies",NULL,"1"
1198167,"Rossington Main",NULL,"1"
1198191,"Stamford AFC",NULL,"1"
1198207,"River City Women And Girls",NULL,"1"
1198213,"Newport Pagnell Town",NULL,"1"
1198215,"Hutton Lfc",NULL,"1"
1198251,"Penn And Tylers Green Lfc",NULL,"1"
1198253,"Comets Wfc",NULL,"1"
1198259,"Saltash United Women",NULL,"1"
1198265,"Bursledon Ladies",NULL,"1"
1198827,"Free Agents FC",NULL,"1"
132934,"Guatemala",NULL,"1"
132932,"El Salvador",NULL,"1"
132340,"FC Bressuire",NULL,"1"
1203793,"Fcsr Obernai",NULL,"1"
1203797,"US Nousseviller",NULL,"1"
1203799,"FC Hettange Grande",NULL,"1"
1203801,"CS Blenod",NULL,"1"
1203805,"RC Roubaix",NULL,"1"
1203807,"ETC Anstaing Chereng",NULL,"1"
1203809,"Gymnastique Haubourdinois",NULL,"1"
1203811,"RC Labourse",NULL,"1"
1203817,"Ruffiac Malestroit Foot 56",NULL,"1"
1203819,"Le Fief Geste FC",NULL,"1"
1203829,"FC Serquigny Nassandres",NULL,"1"
1203835,"Thouars Foot 79",NULL,"1"
1203837,"Olympique Cazaux",NULL,"1"
1203841,"St Philbert La Reorthe La Jaudonniere",NULL,"1"
1203843,"FC Comtal",NULL,"1"
1203845,"Sauventeurs Brivois",NULL,"1"
1203849,"Le Grau Du Roi",NULL,"1"
1203851,"FC Allobroges Asafia",NULL,"1"
1203853,"Lempdes SP",NULL,"1"
1203855,"AS St Just St Rambert",NULL,"1"
1203863,"Grandvillars FC",NULL,"1"
1203867,"FC Valdahon Vercel",NULL,"1"
1203869,"FC Du Foron",NULL,"1"
1203871,"AS Guereins Genouilleux",NULL,"1"
1203909,"US Crepy En Valois",NULL,"1"
1203957,"Cobsp St Brieuc",NULL,"1"
131588,"Lisburn Rangers","Lisburn","1"
129328,"ES Bressane Marboz",NULL,"1"
1208017,"KF Lepenci","KF Lepenci","1"
1208211,"Aigles D Or de Mana",NULL,"1"
1208621,"Jeonnam Dragons (Srl)",NULL,"1"
127974,"FC Challans","Challans","1"
1212807,"Black Six FC",NULL,"1"
127302,"Llanfair United","Llanfair Utd","1"
1212877,"Nsuopun Fidelity FC",NULL,"1"
125972,"CO Les Ulis",NULL,"1"
125970,"La Baule Le Pouliguen",NULL,"1"
124190,"CR Grandolense",NULL,"1"
122052,"Pedras Salgadas",NULL,"1"
1217423,"ES Teniet El Abed",NULL,"1"
1217425,"Crb Ain Yagout",NULL,"1"
1217427,"Crb Sendjas",NULL,"1"
1217431,"McH El Abiodh Sidi Cheikh",NULL,"1"
1217433,"Usb Hassi R Mel",NULL,"1"
1217439,"Nr Bouakeul",NULL,"1"
120878,"FK Svyturys","Svyturys","1"
120202,"Ermionidas",NULL,"1"
119070,"HNK Grude","Grude","1"
117438,"Akragas",NULL,"1"
117324,"ASD SC Palazzolo",NULL,"1"
115877,"FC Sapovnela","Sapovnela","1"
1221387,"Red Devo FC",NULL,"1"
115151,"FC Gullegem","Gullegem","1"
111967,"NK Turnisce",NULL,"1"
111055,"Kalinkovo","Kalinkovo","1"
108719,"VFB Lubeck",NULL,"1"
106707,"FC Veyrier Sports","Veyrier","1"
106313,"FK Litomericko","Litomericko","1"
106293,"DSVK Traktors",NULL,"1"
103267,"Sport Boys Warnes",NULL,"1"
97167,"College Corinthians FC","Corinthians","1"
90244,"A.C. Reggiana",NULL,"1"
89906,"FC Pohu",NULL,"1"
88098,"Fovu Club de Baham",NULL,"1"
87472,"General Diaz Luque",NULL,"1"
86368,"AS Savigneux Montbrison","Montbrison","1"
85305,"En Avt de St Renan","St Renan","1"
85297,"Puerto Rico",NULL,"1"
84093,"Saint Amand FC","St. Amand","1"
1223741,"Ptc Pabianice",NULL,"1"
1223743,"Muks Kostrzyn Nad Odra",NULL,"1"
1223745,"Mosir Lubartow",NULL,"1"
84091,"US Camon","Camon","1"
1223769,"Mighty Eagles",NULL,"1"
84071,"Bretigny FCS",NULL,"1"
83371,"La France D Aizenay","Aizenay","1"
82687,"AS PTT Caen","AS Caen","1"
81955,"Real Tamale United","Real Tamale","1"
81953,"New Edubiase FC",NULL,"1"
81949,"King Faisal",NULL,"1"
81945,"FC AshantiGold 04",NULL,"1"
81667,"Risca United",NULL,"1"
81421,"FC Vaduz II",NULL,"1"
81163,"Cwmamman United",NULL,"1"
81149,"Corwen",NULL,"1"
81145,"FC Chepstow Town",NULL,"1"
80507,"Kercem Ajax FC","Ajax","1"
79901,"CD de Estarreja",NULL,"1"
79715,"Csornai SE",NULL,"1"
79031,"SDM Domino Bratislava",NULL,"1"
78461,"Shabab Al-Hussein SC","Shabab Al-Hussein","1"
1228795,"Rksv Mierlo-Hout","Rksv Mierlo-Hout","1"
1229177,"Washington Athletic Club",NULL,"1"
76349,"Coldstream FC","Coldstream","1"
1230143,"Nacional Asuncion Srl",NULL,"1"
75925,"Real Succes",NULL,"1"
1232199,"Mlhf FC",NULL,"1"
1232201,"PK-35 Aijat",NULL,"1"
1232205,"HJK/Toolon Ihme",NULL,"1"
74675,"NK Troglav Livno",NULL,"1"
1232471,"Edmonton Scottish SC",NULL,"1"
73756,"Vallensbaek IF","Vallensbaek","1"
73752,"Morud IF",NULL,"1"
73738,"BK Chang","Chang","1"
73676,"FK Alberts Riga",NULL,"1"
71554,"Guangdong Wuchuan","Guangdong","1"
70590,"KB Breidholt","Breidholt","1"
70538,"Hoedd","Hoedd","1"
69754,"Smedby Ais","Smedby","1"
69738,"IFK Kalmar",NULL,"1"
66772,"Lincoln LFC",NULL,"1"
66770,"Doncaster Rovers Belles LFC",NULL,"1"
61698,"Hapoel Kfar Casem Shua",NULL,"1"
60790,"US Ivry","US Ivry","1"
60778,"FC Chamalieres","Chamalieres","1"
60766,"Pembroke Athleta FC","Pembroke","1"
59826,"Auch Football","Auch","1"
59800,"Feytiat",NULL,"1"
59586,"Wellington Rec",NULL,"1"
59578,"Banbridge Rangers",NULL,"1"
1232925,"Hps/Jagers",NULL,"1"
59241,"CA Pontarlier","Pontarlier","1"
58497,"Tata Steel FC","Tata Steel","1"
58321,"Attard FC",NULL,"1"
1234221,"Yeoncheon FC",NULL,"1"
1234225,"Geonyung FC",NULL,"1"
1234873,"FC St4Y",NULL,"1"
1235263,"FC Snaabit",NULL,"1"
1235617,"FC Pohu/Kova Kamppi",NULL,"1"
1235653,"Ningbo Ukang",NULL,"1"
57859,"CF Esperanca de Lagos",NULL,"1"
1235887,"FC Bars Issyk-Kul","FC Bars Issyk-Kul","1"
1236303,"Sumu",NULL,"1"
1236407,"FC Ozgon",NULL,"1"
1236433,"Torre Calcio",NULL,"1"
57441,"Al Taleea",NULL,"1"
1339532,"Lappfjards BK","Lappfjards BK","1"
57233,"Builth Wells",NULL,"1"
57231,"Abertillery Bluebirds",NULL,"1"
56559,"GD Sourense","Sourense","1"
1339534,"Heinapaan Hanhet","Heinapaan Hanhet","1"
56555,"Quarteirense","Quarteirense","1"
56039,"Leaper",NULL,"1"
56015,"FK Trepca",NULL,"1"
55045,"Ittihad Khemisset",NULL,"1"
54797,"Sulori Vani","Sulori","1"
54791,"FK Ljuboten","Ljuboten","1"
54727,"Tallinna FC Soccernet","Soccernet","1"
54133,"FC Skala Stryi","Skala Stryi","1"
53859,"FC Soenderborg","Soenderborg","1"
53351,"1 FC Neubrandenburg 04","Neubrandenburg","1"
1237461,"Nankatsu SC","Nankatsu SC","1"
1237519,"FC Honka III",NULL,"1"
1339734,"Tampereen Ilves 3","Tampereen Ilves 3","1"
1339736,"TPV/2","TPV/2","1"
53091,"Slavoj Kolovec",NULL,"1"
1238001,"Kela/Akatemia",NULL,"1"
52221,"FK Iecava",NULL,"1"
51499,"Basque Country",NULL,"1"
50380,"Harma",NULL,"1"
49365,"Sumu/Sob","Sumu/Sob","1"
1239383,"Kristiansund BK",NULL,"1"
1342642,"West Georgia","West Georgia","1"
1240245,"HJK/3",NULL,"1"
1240313,"Attacking Saints FC",NULL,"1"
1240375,"Potters Tigers FC",NULL,"1"
1240643,"GS Om Laarayes",NULL,"1"
49067,"Mali",NULL,"1"
1240673,"Association Jeunesse Sportive",NULL,"1"
1240675,"Hilal Athletic Nador",NULL,"1"
1243099,"Nhhi",NULL,"1"
1243101,"Hamna IL",NULL,"1"
1243103,"Rindal IL",NULL,"1"
48976,"USA",NULL,"1"
48820,"Suriname",NULL,"1"
48792,"Bermuda",NULL,"1"
1243535,"Tampere United 3",NULL,"1"
1243537,"Soho Jyvaskyla",NULL,"1"
1243539,"Muury Miehet",NULL,"1"
1243825,"FK Narjanta Kupiskio",NULL,"1"
1243945,"Tuisku",NULL,"1"
47287,"Royal Wootton Bassett Town",NULL,"1"
47269,"Welwyn Garden City",NULL,"1"
47265,"Wellingborough Town",NULL,"1"
47237,"Thackley",NULL,"1"
47233,"Tadcaster Albion",NULL,"1"
47228,"Stotfold",NULL,"1"
47204,"Slimbridge",NULL,"1"
47190,"Sevenoaks Town FC",NULL,"1"
47173,"Rossington Main",NULL,"1"
47168,"Redhill",NULL,"1"
47167,"Redbridge FC",NULL,"1"
47157,"Portishead Town FC",NULL,"1"
47108,"March Town United",NULL,"1"
47099,"Loughborough Students FC",NULL,"1"
47091,"Littlehampton Town",NULL,"1"
47088,"Leverstock Green",NULL,"1"
47080,"Lancing FC",NULL,"1"
47069,"Ilford",NULL,"1"
1246114,"Taltech Jalgpalliklubi","Taltech Jalgpalliklubi","1"
1246629,"Vilnius FA",NULL,"1"
47047,"Hanley Town",NULL,"1"
47041,"Heanor Town FC",NULL,"1"
1248185,"FC Spartak Minsk","FC Spartak Minsk","1"
47040,"Haverhill Rovers FC",NULL,"1"
47018,"Great Yarmouth Town",NULL,"1"
47004,"Garforth Town",NULL,"1"
1250729,"FC Torpedo Kutaisi II","FC Torpedo Kutaisi II","1"
1250999,"La Troncal",NULL,"1"
1251001,"Sportivo Loja",NULL,"1"
1251003,"Montufar FC",NULL,"1"
1251005,"Luz Valdivia FC",NULL,"1"
1251007,"CD Sembrando Buenos Campeones",NULL,"1"
1251009,"Club Sport Patria",NULL,"1"
46990,"Fairford Town FC",NULL,"1"
1251015,"Club Liga de Macas",NULL,"1"
1251117,"Cscd San Camilo",NULL,"1"
46986,"Erith Town",NULL,"1"
46968,"East Grinstead Town",NULL,"1"
1251961,"Sjostaden Dff Karlskrona","Sjostaden Dff Karlskrona","1"
46962,"Dudley Town",NULL,"1"
46941,"Crowborough Athletic",NULL,"1"
46934,"Cornard United",NULL,"1"
46933,"Consett AFC",NULL,"1"
1252571,"Dvarsatts BK","Dvarsatts BK","1"
1252573,"Jonkoping Torpa BK","Jonkoping Torpa BK","1"
1252577,"Vastboaas Goif","Vastboaas Goif","1"
1252581,"FK Namejs",NULL,"1"
46927,"Cockfosters",NULL,"1"
46926,"Cobham FC",NULL,"1"
1253037,"Olympic FC Cochabamba",NULL,"1"
1344650,"Azzurri United FC B Div 3","Azzurri United FC B Div 3","1"
1255155,"FC Diaspora","FC Diaspora","1"
1255315,"FC Azzurri Bienne","FC Azzurri Bienne","1"
1255811,"Hirondelle Kumamoto",NULL,"1"
1255857,"Guadalajara Qaqachaca",NULL,"1"
1257505,"VV Heino","VV Heino","1"
1258135,"Torres Cue - Paso Yobai",NULL,"1"
1258139,"Deportivo Union de Vh",NULL,"1"
1258141,"Deportivo Union de Fortin Nanawa – Me",NULL,"1"
1258145,"Gral Artigas – Curuguaty",NULL,"1"
46871,"Birtley Town",NULL,"1"
46870,"Binfield",NULL,"1"
46857,"Basildon United",NULL,"1"
1258967,"FC Kallaste United","FC Kallaste United","1"
1259173,"Tallinna FC Flora U18","Tallinna FC Flora U18","1"
46856,"Barton Town",NULL,"1"
46852,"Barnstaple Town",NULL,"1"
46849,"Badshot Lea",NULL,"1"
1261765,"Samui United FC","Samui United FC","1"
46846,"Atherton Collieries",NULL,"1"
46845,"Atherstone Town",NULL,"1"
1263843,"Abu Muslim Farah","Abu Muslim Farah","1"
46491,"AS Magenta","Magenta","1"
46351,"Jeunesse Junglinster",NULL,"1"
1265671,"Varmdo IF","Varmdo IF","1"
1265673,"Skepplanda Btk","Skepplanda Btk","1"
1265675,"Gimonas Umeaa IF","Gimonas Umeaa IF","1"
1265679,"Stafsinge IF","Stafsinge IF","1"
1266636,"Borussia Pankow","Borussia Pankow","1"
1266684,"TSV Solingen-Aufderhohe","TSV Solingen-Aufderhohe","1"
1266688,"VfL Herrenberg","VfL Herrenberg","1"
1266692,"FC Freiburg-St. Georgen","FC Freiburg-St. Georgen","1"
46150,"Girvan FC",NULL,"1"
45360,"Ashington",NULL,"1"
1267094,"Volketswil","Volketswil","1"
1267096,"FC Romanshorn","FC Romanshorn","1"
1267098,"Walenstadt","Walenstadt","1"
1267100,"FC Nebikon","FC Nebikon","1"
45004,"Bristol Manor Farm",NULL,"1"
44999,"MC EL Eulma",NULL,"1"
44880,"GD de Oliveira de Frades",NULL,"1"
44875,"Nefyn United","Nefyn","1"
44697,"Carno FC",NULL,"1"
1268230,"Nsk Zemunik","Nsk Zemunik","1"
44592,"PSC Pezinok",NULL,"1"
44526,"Toyama Shinjo Club",NULL,"1"
1268570,"Palmerston North United FC",NULL,"1"
44521,"Tokyo International University",NULL,"1"
44520,"Chukyo University",NULL,"1"
44335,"FK Mokra Gora Zubin Potok","Zubin Potok","1"
1268854,"NK Jedinstvo Donji Miholjac","NK Jedinstvo Donji Miholjac","1"
1268856,"NK Radnicki Dalj","NK Radnicki Dalj","1"
44323,"Portstewart FC",NULL,"1"
44219,"Algeti Marneuli",NULL,"1"
44031,"SP Petegem",NULL,"1"
44025,"ET.Elsautoise",NULL,"1"
44015,"KFUM BK Odense","KFUM Odense","1"
43982,"Rhayader Town FC","Rhayader Town","1"
43952,"NK Tromejnik","NK Tromejnik","1"
43875,"Hirnyk-Sport Horishni Plavni","Horishni Plavni","1"
43844,"FK Granitas Vilnius","Granitas Vilnius","1"
43737,"FC Puuma",NULL,"1"
43712,"Bonner SC","Bonn","1"
43696,"Hertha 03 Zehlendorf","Zehlendorf","1"
43678,"FC Ararat",NULL,"1"
43559,"Misr Lel Makkasa",NULL,"1"
43089,"Arminia Bielefeld",NULL,"1"
1269644,"Aalholm IF","Aalholm IF","1"
1269650,"Skibsby-Hoejene IF","Skibsby-Hoejene IF","1"
1269652,"Noerager BK","Noerager BK","1"
1269654,"Snejbjerg Sgi","Snejbjerg Sgi","1"
1269656,"Skovsgaard BK","Skovsgaard BK","1"
1269658,"Trif","Trif","1"
1269660,"Skoedstrup SF","Skoedstrup SF","1"
42609,"Accra Great Olympics",NULL,"1"
42359,"Africa Sports National",NULL,"1"
41752,"USM Blida",NULL,"1"
40592,"Sporting Mertzig",NULL,"1"
40590,"Daring Echternach",NULL,"1"
1270076,"Germania Halberstadt U19","Germania Halberstadt U19","1"
1270078,"1. FC Lok Leipzig U19","1. FC Lok Leipzig U19","1"
1270082,"TSV Grossbardorf U19","TSV Grossbardorf U19","1"
1270084,"1. FC Eichsfeld U19","1. FC Eichsfeld U19","1"
1270086,"FC 08 Villingen U19","FC 08 Villingen U19","1"
39541,"Hapoel Dalit El Carmel",NULL,"1"
1270420,"Tj Priehrada Nitrianske Rudno","Tj Priehrada Nitrianske Rudno","1"
1270422,"Tj Slovan Dolne Kockovce","Tj Slovan Dolne Kockovce","1"
1270426,"Tj Start Nitrianske Hrnciarovce","Tj Start Nitrianske Hrnciarovce","1"
1270430,"ZFC 1939 Trencin","ZFC 1939 Trencin","1"
1270492,"Chynorany Sports Centre","Chynorany Sports Centre","1"
1270494,"FC Komoca","FC Komoca","1"
39520,"Maccabi Ironi Netivot",NULL,"1"
39480,"Tyreso FF","Tyreso","1"
39420,"Sport Colombia",NULL,"1"
39400,"Catalonia",NULL,"1"
39124,"TA Rennes",NULL,"1"
38853,"FK Valka",NULL,"1"
38759,"Jura Dolois Football",NULL,"1"
1271670,"Paysandu Futbol Club",NULL,"1"
38712,"AKS Beskid Andrychow","Beskid Andrychow","1"
1271824,"Arsenal Salto",NULL,"1"
1271826,"Atenas Tala",NULL,"1"
38618,"FC Triesenberg","Triesenberg","1"
38397,"SC Valenciano","SC Valenciano","1"
38382,"Tallinna FC Eston Villa","Eston Villa","1"
38353,"Ter Leede",NULL,"1"
38238,"Paulton Rovers",NULL,"1"
37994,"Coventry Sphinx",NULL,"1"
37943,"Rhydymwyn FC",NULL,"1"
37938,"Pwllhelli FC","Pwllhelli","1"
37830,"Harta SE",NULL,"1"
37802,"RKVV Westlandia","Westlandia","1"
37571,"Tallinna FC Olympic","FC Olympic","1"
37566,"Polva FC Lootus","Polva Lootus","1"
37533,"FC Kose","Kose","1"
37531,"FC Jarva-Jaani","Jarva-Jaani","1"
37481,"Seven Sisters FC","Seven Sisters","1"
37480,"Porthcawl Town AFC",NULL,"1"
1274212,"Newbridge Town",NULL,"1"
37471,"Hawarden Rangers","Hawarden Rangers","1"
37392,"FC Vernier","Vernier","1"
37386,"FC La Tour-Le Paquier","Tour-Le Paquier","1"
37384,"FC Harkingen","Harkingen","1"
37315,"Imereti Khoni","Imereti Khoni","1"
37308,"FC Magaroeli Chiatura","Magaroeli Chiatura","1"
37262,"Union 05 Kayl-Tetange",NULL,"1"
37167,"Berriew FC","Berriew","1"
37143,"Turbina Cerrik",NULL,"1"
37133,"KF Gramshi",NULL,"1"
37102,"West End",NULL,"1"
37095,"Ely Rangers",NULL,"1"
37027,"FC Oeresund","Oeresund","1"
36970,"ARF Locomotiva Ocnita",NULL,"1"
36912,"Chinese Taipei U17","Chinese Taipei U17","1"
1275646,"FC Rebel Kyiv","Rebel Kyiv","1"
36910,"Australia","Australia","1"
36889,"MFK Vrbove","Vrbove","1"
36888,"SK Bernolakovo",NULL,"1"
36855,"MFC Mykolaiv",NULL,"1"
36784,"Coagh United FC",NULL,"1"
36634,"Holstein Kiel","Holstein Kiel","1"
1276034,"Vasarosnameny SE","Vasarosnameny SE","1"
36615,"FFV Erfurt",NULL,"1"
36367,"Macedo Cavaleiros",NULL,"1"
36366,"AD Pontassolense","Pontassolense","1"
1277104,"FK Evrotip Online","FK Evrotip Online","1"
1277114,"FK Pcinja 2015","FK Pcinja 2015","1"
1277118,"KF Bashkimi GJ","KF Bashkimi GJ","1"
36347,"CS Moulien","Moulien","1"
1277296,"SK V Obci Chmelov","SK V Obci Chmelov","1"
1277300,"Tj Internacional Hran","Tj Internacional Hran","1"
1277330,"SK Slavia Lackovce","SK Slavia Lackovce","1"
36333,"FK Senica","Senica","1"
1277666,"Rio Grande Redstorm",NULL,"1"
1277668,"West Florida Argonauts",NULL,"1"
1277670,"Auburn Montgomery Warhawks",NULL,"1"
1277672,"Harding Bisons",NULL,"1"
1277678,"Brandeis Judges",NULL,"1"
1277680,"Truett McConnell Bears",NULL,"1"
1277682,"Simon Fraser Red Leafs",NULL,"1"
1277684,"Bluefield State Big Blue",NULL,"1"
1277686,"Rockhurst Hawks",NULL,"1"
1277690,"Glenville State Pioneers",NULL,"1"
1277692,"Fairmont State Fighting Falcons",NULL,"1"
1277696,"Marywood Pacers",NULL,"1"
1277698,"Southern Maine Huskies",NULL,"1"
1277700,"Concordia-St. Paul Golden Bears",NULL,"1"
1277702,"Clarke Pride",NULL,"1"
1277704,"Embry-Riddle (AZ) Eagles",NULL,"1"
1277708,"Mount St. Joseph Lions",NULL,"1"
1277710,"Northwest Missouri State Bearcats",NULL,"1"
1277712,"Western Oregon Wolves",NULL,"1"
1277714,"Indiana Tech Warriors",NULL,"1"
1277716,"Schreiner Mountaineers",NULL,"1"
1277718,"Our Lady of The Lake Saints",NULL,"1"
1277720,"Spring Hill Badgers",NULL,"1"
1277722,"Southern Nazarene Crimson Storm",NULL,"1"
1277724,"Post Eagles",NULL,"1"
36273,"Maccabi Beer Sheva",NULL,"1"
36262,"FC Olimpia Balti",NULL,"1"
1277742,"VV D Olde Veste 54","VV D Olde Veste 54","1"
36206,"St. Stefan Lavanttal","St. Stefan","1"
36138,"MB Midvagur","MB Midvagur","1"
36075,"Tallinna FC Levadia",NULL,"1"
1278014,"Southwest Minnesota State Mustangs",NULL,"1"
35617,"Melbo",NULL,"1"
1278064,"Edward Waters Tigers",NULL,"1"
1278070,"Regis Rangers",NULL,"1"
1278072,"Colorado Mesa Mavericks",NULL,"1"
35308,"Juntendo University",NULL,"1"
35250,"SK Cesky Brod",NULL,"1"
35236,"NK Samobor",NULL,"1"
35229,"NK Tomislav Donji Andrijevci",NULL,"1"
35217,"NK Nehaj Senj","Nehaj Senj","1"
35121,"Signal FC Bernex-Confignon","Signal FC Bernex-Con","1"
35062,"FC Mantois 78",NULL,"1"
35058,"Aire Sur La Lys","Aire","1"
35057,"RC Epernay","Epernay","1"
35049,"Quick ´20",NULL,"1"
35042,"Vvog","Vvog","1"
1278277,"Paris 15 AC",NULL,"1"
35027,"Glasgow University","Glasgow University","1"
35025,"Whitehill Welfare",NULL,"1"
1278707,"Iron Zaporizhia","Iron Zaporizhia","1"
1278737,"Karbon Cherkasy","Karbon Cherkasy","1"
1278741,"Korosten Ahro/Nyva","Korosten Ahro/Nyva","1"
35003,"BK Viktoria","Viktoria","1"
1278881,"Arcadia Knights",NULL,"1"
1278883,"Holy Cross (In) Saints",NULL,"1"
1278885,"Baldwin Wallace Yellow Jackets",NULL,"1"
1278887,"Aic Yellow Jackets",NULL,"1"
1278889,"Spalding Golden Eagles",NULL,"1"
1278891,"Florida Memorial Lions",NULL,"1"
1278895,"Warner Royals",NULL,"1"
1278897,"Holy Family Tigers",NULL,"1"
1278899,"Hanover College Panthers",NULL,"1"
1278903,"Methodist Monarchs",NULL,"1"
1278905,"Manchester Spartans",NULL,"1"
1278907,"Njcu Gothic Knights",NULL,"1"
1278909,"Graceland Yellowjackets",NULL,"1"
1278913,"Virginia State Trojans",NULL,"1"
1278915,"Anna Maria Amcats",NULL,"1"
1278917,"Oglethorpe Stormy Petrels",NULL,"1"
1278919,"Ferrum College Panthers",NULL,"1"
1278921,"Oregon Tech Owls",NULL,"1"
1278923,"Lewis And Clark Pioneers",NULL,"1"
1278925,"South Dakota Mines Hardrockers",NULL,"1"
35001,"Listrup U And IF","Luif","1"
1279409,"Hope Dutch",NULL,"1"
1279429,"Kings Monarchs",NULL,"1"
1279431,"Millikin Big Blue",NULL,"1"
1279487,"FC Talas Karatau","FC Talas Karatau","1"
1279513,"CD Celeiros","CD Celeiros","1"
1279517,"CF Carregal Sal","CF Carregal Sal","1"
1279521,"SC Celoricense","SC Celoricense","1"
1279525,"FC Urzelinense","FC Urzelinense","1"
1279527,"Fayal SC","Fayal SC","1"
1279531,"Estrela Calheta FC","Estrela Calheta FC","1"
1279839,"William Penn Statesmen",NULL,"1"
1279841,"Union Commonwealth Bulldogs",NULL,"1"
34371,"Trinidad and Tobago",NULL,"1"
33765,"Marignane Gignac FC",NULL,"1"
33763,"Longuenesse JS","Longuenesse","1"
1280231,"FC Kormil Yavoriv","FC Kormil Yavoriv","1"
1280233,"FC Avanhard Lozova","FC Avanhard Lozova","1"
33581,"Qormi FC","Qormi","1"
33573,"Mqabba FC","Mqabba","1"
32933,"Arras FA",NULL,"1"
32495,"US Pays de Saint Omer",NULL,"1"
26255,"Vale of Leithen FC",NULL,"1"
25781,"SC Angrense","Angrense","1"
25727,"RFK Novi Sad 1921",NULL,"1"
25627,"Szolnoki MAV FC","Szolnoki MAV","1"
25609,"Mori SE","Mori SE","1"
25534,"Moslavina Kutina","Moslavina","1"
25385,"HVV Hollandia Hoorn","Hollandia","1"
25208,"FC Saxon Sports","Saxon Sports","1"
25131,"RFC Wetteren","RFC Wetteren","1"
25127,"KSV Oudenaarde","Oudenaarde","1"
25126,"K Londerzeel SK","Londerzeel","1"
24000,"MLS All Stars",NULL,"1"
23621,"Asc New Stars","Asc New Stars","1"
1281899,"Dzoh","Dzoh","1"
1281901,"Erp","Erp","1"
1281903,"FC Aalsmeer","FC Aalsmeer","1"
1281905,"de Foresters","de Foresters","1"
1281907,"SV Poortugaal","SV Poortugaal","1"
1281911,"Sportclub 25","Sportclub 25","1"
1281913,"Velocitas 1897","Velocitas 1897","1"
1281915,"Walcheren","Walcheren","1"
23475,"Cook Islands",NULL,"1"
22796,"Liffeys Pearse FC","Liffeys Pearse","1"
22719,"Turkiye",NULL,"1"
22712,"Slovakia",NULL,"1"
22710,"Scotland",NULL,"1"
22466,"Bjoernevatn",NULL,"1"
22294,"IK Gauthiod","Gauthiod","1"
1282463,"Ezinespor","Ezinespor","1"
1282467,"Sogut Spor","Sogut Spor","1"
22280,"IF Viken","Viken","1"
1283233,"Arquet FC","Arquet FC","1"
1283235,"Borsbeke","Borsbeke","1"
1283275,"FC Diepenbeek","FC Diepenbeek","1"
1283277,"RWDM Brussels","Brussels","1"
1283281,"K Lyra Lierse","K Lyra Lierse","1"
22267,"Gimo IF FK","Gimo IF","1"
22235,"Eslovs BK","Eslovs","1"
